order_id,customer_id,order_date,status,payment_method,shipping_country,shipping_city
1,1125,2021-07-13 22:05:14,refunded,apple_pay,Netherlands,New York
2,1112,2020-06-28 13:31:56,paid,paypal,Australia,Bangalore
3,227,2021-09-16 04:16:38,shipped,bank_transfer,India,Vancouver
4,1799,2022-09-27 10:55:05,cancelled,google_pay,United Kingdom,Sydney
5,437,2023-12-14 10:39:35,cancelled,paypal,Australia,Amsterdam
6,1382,2020-02-23 04:43:08,cancelled,google_pay,Spain,New York
7,653,2020-11-05 20:49:45,paid,credit_card,United Kingdom,Chicago
8,152,2020-11-07 03:08:17,shipped,credit_card,Italy,Los Angeles
9,215,2023-01-20 15:02:10,paid,bank_transfer,India,Los Angeles
10,1660,2023-07-10 11:24:21,shipped,credit_card,United Kingdom,Amsterdam
11,555,2021-02-05 01:28:14,shipped,paypal,Netherlands,Madrid
12,852,2024-01-27 01:39:51,shipped,bank_transfer,United States,Toronto
13,829,2021-07-01 10:50:08,shipped,apple_pay,United Kingdom,Berlin
14,533,2024-07-30 20:47:15,paid,credit_card,Italy,Los Angeles
15,1378,2023-05-07 07:52:21,shipped,paypal,Italy,New York
16,372,2020-12-08 09:43:58,shipped,google_pay,Germany,Sydney
17,1351,2020-11-16 15:58:37,refunded,bank_transfer,Australia,Paris
18,1343,2020-08-19 22:10:09,refunded,google_pay,France,Paris
19,1488,2020-06-20 20:33:23,paid,google_pay,France,Mumbai
20,1231,2022-08-24 12:38:38,shipped,credit_card,Germany,Amsterdam
21,977,2021-05-06 18:38:01,paid,apple_pay,India,Vancouver
22,63,2020-06-02 09:23:57,cancelled,apple_pay,United Kingdom,Madrid
23,595,2022-03-12 04:45:46,paid,apple_pay,Spain,London
24,470,2022-06-07 15:52:04,shipped,paypal,Australia,Toronto
25,1886,2021-05-11 08:00:21,paid,apple_pay,Italy,Rome
26,1633,2021-01-05 17:54:04,cancelled,google_pay,United Kingdom,Vancouver
27,1050,2021-06-04 23:31:45,shipped,google_pay,France,Chicago
28,648,2021-12-17 23:18:27,shipped,paypal,Spain,New York
29,1287,2022-01-09 00:42:47,shipped,paypal,United Kingdom,Vancouver
30,1954,2022-04-22 02:00:33,paid,paypal,Netherlands,Sydney
31,703,2022-09-02 08:31:22,shipped,credit_card,Italy,Melbourne
32,942,2021-06-07 20:24:09,refunded,apple_pay,France,London
33,1910,2023-07-11 17:26:12,shipped,google_pay,United States,New York
34,440,2023-05-07 02:13:42,paid,paypal,Netherlands,Sydney
35,1313,2024-01-11 16:29:32,shipped,paypal,France,Chicago
36,1431,2022-06-01 01:17:07,cancelled,paypal,Australia,Melbourne
37,309,2020-06-02 02:04:47,paid,bank_transfer,Germany,Madrid
38,1613,2020-01-04 15:07:12,shipped,paypal,Spain,Madrid
39,154,2021-11-08 15:18:25,shipped,paypal,France,Berlin
40,1188,2020-07-05 14:12:26,pending,credit_card,Canada,Madrid
41,693,2021-12-23 17:12:37,shipped,paypal,United Kingdom,Los Angeles
42,1357,2024-11-06 04:29:20,shipped,credit_card,India,New York
43,225,2020-09-14 18:52:04,shipped,credit_card,Australia,Rome
44,1657,2021-11-11 17:26:31,paid,credit_card,France,Madrid
45,477,2020-11-21 18:51:48,paid,paypal,Netherlands,Toronto
46,449,2022-06-14 19:38:21,paid,credit_card,Italy,Vancouver
47,1990,2023-07-24 19:58:03,shipped,paypal,Spain,Rome
48,153,2021-08-01 21:25:41,pending,bank_transfer,Australia,Paris
49,1340,2021-06-11 22:41:14,cancelled,apple_pay,India,Toronto
50,1462,2021-06-09 18:47:55,shipped,paypal,Australia,Mumbai
51,1095,2023-01-16 10:25:22,shipped,apple_pay,France,Sydney
52,24,2023-05-05 08:06:39,shipped,paypal,Spain,Mumbai
53,424,2024-01-20 06:51:02,paid,paypal,India,Sydney
54,832,2024-11-06 03:54:03,shipped,credit_card,Spain,Berlin
55,845,2023-07-09 13:57:57,shipped,paypal,Italy,Vancouver
56,1151,2024-11-06 20:37:21,paid,google_pay,United States,New York
57,1922,2022-05-05 05:52:02,paid,paypal,Spain,Melbourne
58,683,2020-07-22 12:54:57,paid,apple_pay,United States,Mumbai
59,584,2022-05-04 00:33:03,paid,credit_card,Netherlands,Los Angeles
60,710,2023-01-17 05:13:21,shipped,paypal,Italy,Los Angeles
61,1704,2021-11-27 07:37:25,paid,paypal,Canada,Madrid
62,278,2021-08-02 21:01:34,shipped,apple_pay,Australia,Toronto
63,68,2021-08-02 13:19:24,shipped,paypal,Italy,Vancouver
64,1650,2020-08-18 20:23:21,refunded,bank_transfer,Australia,Berlin
65,1623,2021-09-30 11:17:47,refunded,credit_card,France,Melbourne
66,113,2020-02-26 11:06:16,shipped,google_pay,United States,Bangalore
67,178,2022-02-27 18:17:06,paid,paypal,United Kingdom,London
68,1771,2022-03-24 23:37:47,refunded,apple_pay,France,Madrid
69,198,2021-11-20 18:36:59,cancelled,google_pay,Canada,Amsterdam
70,1878,2021-10-19 20:52:29,shipped,apple_pay,France,London
71,1340,2022-04-04 11:30:26,paid,credit_card,United States,Madrid
72,514,2023-10-05 21:50:20,refunded,bank_transfer,Canada,Toronto
73,341,2022-01-09 22:05:50,paid,paypal,India,Melbourne
74,1128,2024-07-03 04:45:16,pending,credit_card,Canada,Bangalore
75,1556,2022-03-29 00:50:34,paid,paypal,United Kingdom,Vancouver
76,344,2023-06-21 02:37:38,cancelled,credit_card,Australia,Mumbai
77,1664,2024-12-16 05:39:17,shipped,bank_transfer,Germany,Amsterdam
78,1360,2024-04-24 17:45:52,paid,apple_pay,Italy,New York
79,462,2020-10-12 18:30:51,shipped,google_pay,India,Los Angeles
80,1250,2022-08-03 20:40:28,paid,google_pay,Canada,London
81,620,2021-04-12 19:47:56,paid,paypal,Australia,Berlin
82,576,2021-02-06 07:51:01,shipped,credit_card,India,Mumbai
83,976,2020-02-13 16:24:17,paid,bank_transfer,United States,Sydney
84,341,2021-04-12 07:17:16,paid,bank_transfer,India,Vancouver
85,531,2021-09-28 17:16:47,paid,bank_transfer,Australia,Madrid
86,1552,2024-08-31 22:15:16,shipped,google_pay,Canada,Toronto
87,1595,2021-12-09 22:59:45,shipped,credit_card,United Kingdom,Paris
88,537,2023-05-13 11:59:32,pending,bank_transfer,Spain,Rome
89,815,2020-05-15 06:30:04,paid,credit_card,France,Rome
90,1337,2024-01-25 06:10:00,refunded,credit_card,France,Berlin
91,1966,2022-05-29 05:17:41,shipped,bank_transfer,Netherlands,Melbourne
92,797,2020-03-04 11:08:33,paid,bank_transfer,Canada,Toronto
93,668,2024-03-04 22:53:45,shipped,bank_transfer,United States,Los Angeles
94,1435,2022-01-06 07:31:14,paid,google_pay,Germany,Amsterdam
95,1977,2020-11-23 22:01:47,paid,paypal,France,Chicago
96,1056,2021-06-09 06:07:54,paid,credit_card,Netherlands,New York
97,1662,2021-05-28 07:09:42,cancelled,paypal,Canada,Chicago
98,1558,2024-11-04 13:33:34,cancelled,bank_transfer,India,Los Angeles
99,122,2024-03-30 06:29:12,paid,google_pay,India,Toronto
100,1905,2023-04-23 09:20:05,refunded,google_pay,Italy,Chicago
101,1905,2023-07-06 11:28:30,refunded,credit_card,Germany,London
102,837,2020-04-25 17:59:54,shipped,apple_pay,Germany,Mumbai
103,732,2024-05-16 20:18:42,shipped,google_pay,Australia,Melbourne
104,384,2023-01-25 06:27:40,paid,apple_pay,Canada,Melbourne
105,1207,2023-11-24 23:46:49,shipped,bank_transfer,Italy,Melbourne
106,1157,2020-11-24 12:00:41,shipped,google_pay,Canada,Amsterdam
107,1159,2020-12-28 16:14:31,shipped,bank_transfer,Italy,Bangalore
108,1891,2022-09-16 13:32:15,paid,credit_card,Spain,Chicago
109,912,2021-06-21 17:12:08,paid,credit_card,United Kingdom,Chicago
110,265,2021-01-08 20:30:00,shipped,credit_card,Germany,Chicago
111,1712,2020-09-18 21:35:51,shipped,paypal,United States,Toronto
112,937,2024-01-14 14:41:07,cancelled,bank_transfer,Italy,Mumbai
113,1533,2022-07-07 00:12:39,shipped,credit_card,Canada,Paris
114,164,2023-07-04 20:37:57,pending,google_pay,Italy,Berlin
115,245,2022-10-13 15:07:33,paid,bank_transfer,Netherlands,Rome
116,1469,2020-03-17 18:32:03,refunded,credit_card,Australia,Vancouver
117,130,2020-04-28 18:36:32,paid,bank_transfer,United Kingdom,Madrid
118,44,2022-08-13 08:16:37,pending,credit_card,Germany,Amsterdam
119,1790,2021-09-10 12:15:35,pending,bank_transfer,Spain,Vancouver
120,1473,2024-07-26 18:40:25,pending,apple_pay,Italy,Melbourne
121,1753,2022-07-21 05:36:47,pending,paypal,United Kingdom,Sydney
122,1682,2024-12-17 22:40:16,shipped,bank_transfer,Spain,Chicago
123,1786,2021-03-10 18:33:31,pending,bank_transfer,Italy,Vancouver
124,1740,2020-08-09 03:48:57,pending,bank_transfer,Italy,Melbourne
125,1733,2024-03-12 18:57:44,shipped,apple_pay,Germany,Mumbai
126,1805,2022-03-28 00:30:35,paid,apple_pay,United Kingdom,Mumbai
127,233,2020-07-06 14:16:19,paid,credit_card,Canada,Rome
128,1253,2023-08-03 10:55:38,pending,paypal,United Kingdom,Chicago
129,625,2020-09-20 02:03:15,shipped,credit_card,Canada,Vancouver
130,522,2020-07-19 15:21:23,paid,credit_card,Australia,Rome
131,20,2021-01-21 01:44:35,refunded,google_pay,Germany,Los Angeles
132,1693,2022-09-17 02:46:15,shipped,bank_transfer,United States,London
133,1893,2020-10-25 00:00:42,refunded,credit_card,France,Madrid
134,401,2023-04-24 09:07:55,shipped,google_pay,Netherlands,Toronto
135,385,2020-12-27 15:34:12,shipped,credit_card,Spain,Toronto
136,291,2021-05-18 03:46:40,paid,google_pay,Germany,London
137,1356,2020-04-21 16:55:19,cancelled,apple_pay,United Kingdom,Sydney
138,1695,2024-07-10 10:00:19,shipped,credit_card,France,London
139,166,2022-02-24 09:32:55,shipped,google_pay,United Kingdom,Chicago
140,1568,2020-04-26 02:24:17,paid,credit_card,Spain,Toronto
141,188,2023-03-06 16:54:17,paid,credit_card,France,London
142,1156,2023-04-29 14:57:49,refunded,bank_transfer,Spain,Rome
143,790,2023-05-16 20:14:47,shipped,apple_pay,Germany,Paris
144,1938,2024-07-12 18:58:57,paid,credit_card,Spain,Mumbai
145,1231,2023-03-10 18:26:29,shipped,apple_pay,Australia,London
146,662,2021-06-04 12:56:17,shipped,bank_transfer,United States,Rome
147,1040,2024-07-10 02:20:50,shipped,paypal,Netherlands,Rome
148,633,2024-01-16 00:34:42,refunded,paypal,Australia,Mumbai
149,5,2021-12-18 14:55:17,refunded,bank_transfer,India,New York
150,986,2023-09-11 08:59:26,shipped,paypal,Canada,Toronto
151,1023,2024-02-13 23:47:52,paid,google_pay,Germany,Sydney
152,793,2024-07-31 01:41:07,pending,google_pay,France,Paris
153,1192,2024-05-05 22:16:37,paid,bank_transfer,United States,Madrid
154,1768,2021-11-10 18:50:31,pending,apple_pay,United Kingdom,London
155,1853,2020-04-22 10:00:09,shipped,paypal,Canada,Amsterdam
156,987,2023-07-14 14:07:39,shipped,bank_transfer,Netherlands,Madrid
157,1118,2021-11-01 18:38:50,shipped,google_pay,Germany,London
158,247,2021-03-28 13:44:08,pending,apple_pay,Canada,Los Angeles
159,874,2024-05-13 14:00:30,shipped,credit_card,France,London
160,1436,2022-06-21 12:19:56,paid,bank_transfer,Australia,Melbourne
161,843,2022-12-17 20:24:20,refunded,apple_pay,United States,Sydney
162,1747,2022-03-02 10:32:47,paid,google_pay,Spain,Paris
163,1644,2021-03-28 20:38:08,pending,credit_card,Australia,Vancouver
164,188,2023-11-30 03:02:11,paid,bank_transfer,United States,Rome
165,1071,2021-11-02 15:58:47,shipped,google_pay,Germany,Vancouver
166,1328,2020-01-26 05:50:43,refunded,google_pay,Canada,New York
167,1090,2022-05-17 07:04:42,shipped,paypal,United Kingdom,Sydney
168,37,2024-09-01 07:36:03,pending,paypal,India,Rome
169,1988,2023-11-27 18:05:17,shipped,credit_card,Netherlands,New York
170,1366,2021-11-28 03:31:40,paid,paypal,Canada,Rome
171,1791,2020-11-25 15:32:42,paid,paypal,India,Los Angeles
172,431,2024-05-21 23:02:24,shipped,apple_pay,Netherlands,Mumbai
173,1590,2024-09-10 23:18:08,refunded,google_pay,Spain,Madrid
174,879,2023-08-21 13:04:45,cancelled,credit_card,United Kingdom,Los Angeles
175,1493,2021-06-11 23:30:04,shipped,bank_transfer,Italy,Toronto
176,193,2024-11-10 09:13:35,shipped,google_pay,Australia,Madrid
177,1172,2022-02-09 18:37:12,refunded,apple_pay,Australia,Madrid
178,883,2021-06-21 16:22:44,paid,google_pay,United Kingdom,Madrid
179,1235,2024-02-02 22:20:50,paid,bank_transfer,Spain,Mumbai
180,406,2021-12-06 01:30:08,paid,paypal,India,Sydney
181,1804,2023-11-04 03:52:41,pending,apple_pay,Italy,London
182,1745,2022-12-25 13:04:35,cancelled,google_pay,Netherlands,Madrid
183,1212,2020-10-18 12:53:28,paid,bank_transfer,France,Madrid
184,1453,2020-09-12 14:55:46,paid,bank_transfer,Germany,Los Angeles
185,1209,2021-12-22 20:45:42,shipped,bank_transfer,France,Madrid
186,1664,2023-12-23 08:16:03,pending,bank_transfer,Australia,London
187,62,2024-01-10 17:38:01,paid,bank_transfer,Canada,Amsterdam
188,270,2023-02-14 12:36:45,shipped,credit_card,Canada,Paris
189,1199,2020-06-13 14:09:33,shipped,paypal,France,Toronto
190,1005,2022-08-26 21:32:56,refunded,bank_transfer,Spain,Vancouver
191,1789,2024-08-19 10:39:10,shipped,credit_card,Australia,Los Angeles
192,365,2022-06-18 11:22:50,paid,paypal,Australia,New York
193,867,2024-08-02 11:24:04,shipped,apple_pay,Australia,Madrid
194,1300,2020-02-08 16:00:08,paid,bank_transfer,Spain,Amsterdam
195,1474,2020-09-28 23:42:23,cancelled,bank_transfer,Netherlands,Chicago
196,470,2022-08-10 12:52:08,paid,credit_card,Australia,Chicago
197,982,2023-04-27 08:15:36,refunded,bank_transfer,Germany,Melbourne
198,773,2022-06-17 01:21:23,shipped,bank_transfer,United Kingdom,Mumbai
199,986,2024-12-27 13:31:46,paid,bank_transfer,Netherlands,Madrid
200,123,2023-08-17 17:35:49,shipped,google_pay,India,Amsterdam
201,342,2022-02-26 07:15:26,shipped,apple_pay,Spain,Chicago
202,640,2024-12-30 07:43:12,paid,bank_transfer,France,Berlin
203,1603,2023-08-23 21:42:22,shipped,bank_transfer,Australia,Berlin
204,1628,2024-12-03 15:03:34,shipped,apple_pay,France,Melbourne
205,685,2020-11-02 13:35:55,paid,apple_pay,Netherlands,New York
206,1530,2021-08-03 20:58:15,paid,apple_pay,United States,Melbourne
207,1351,2021-12-21 08:59:58,paid,paypal,Italy,Los Angeles
208,1989,2021-06-10 07:08:03,cancelled,bank_transfer,Canada,Chicago
209,1103,2024-03-15 13:54:33,shipped,google_pay,Canada,Chicago
210,1149,2022-02-26 06:50:06,paid,google_pay,Netherlands,Los Angeles
211,552,2022-06-11 04:02:26,shipped,bank_transfer,United Kingdom,Madrid
212,1190,2020-02-01 23:32:35,pending,credit_card,France,Melbourne
213,1313,2023-08-05 09:34:17,paid,google_pay,United Kingdom,Madrid
214,897,2023-12-08 21:09:12,cancelled,credit_card,United Kingdom,Sydney
215,1109,2021-05-07 00:41:23,paid,google_pay,Canada,Madrid
216,513,2023-03-31 01:45:50,paid,apple_pay,Spain,Amsterdam
217,1131,2024-11-26 21:05:58,cancelled,google_pay,Spain,Amsterdam
218,45,2020-05-23 19:49:33,shipped,google_pay,Australia,Paris
219,1145,2024-12-30 14:51:57,paid,apple_pay,Germany,Amsterdam
220,643,2022-03-04 19:56:55,shipped,google_pay,United States,Rome
221,612,2020-11-19 09:48:13,shipped,credit_card,United States,Mumbai
222,1195,2022-03-14 07:53:25,paid,apple_pay,Italy,London
223,575,2023-02-14 05:57:55,cancelled,credit_card,Spain,London
224,994,2021-09-02 04:31:00,refunded,apple_pay,Australia,Amsterdam
225,1864,2020-06-14 10:24:57,pending,credit_card,India,Paris
226,477,2023-03-26 01:26:29,pending,google_pay,United Kingdom,Paris
227,239,2020-09-14 10:04:17,paid,google_pay,Spain,New York
228,1775,2021-10-29 20:53:30,paid,credit_card,India,Berlin
229,481,2023-12-06 06:16:30,shipped,credit_card,Spain,Mumbai
230,1372,2024-11-02 14:57:30,cancelled,google_pay,Netherlands,New York
231,1780,2023-06-21 14:27:34,paid,bank_transfer,United Kingdom,Toronto
232,1265,2021-02-05 10:53:56,paid,paypal,Italy,Sydney
233,861,2020-10-01 03:21:00,shipped,paypal,Italy,Melbourne
234,264,2024-04-13 20:46:28,paid,paypal,Netherlands,Bangalore
235,797,2024-05-02 21:01:00,shipped,bank_transfer,Australia,Rome
236,953,2023-03-16 05:55:31,paid,credit_card,Canada,Chicago
237,875,2021-08-06 12:36:43,paid,credit_card,Germany,London
238,668,2022-05-19 13:44:48,shipped,paypal,Netherlands,Vancouver
239,1739,2023-02-02 10:37:26,pending,google_pay,Australia,Los Angeles
240,869,2024-12-09 09:49:18,refunded,bank_transfer,Canada,Bangalore
241,719,2020-05-04 09:57:55,shipped,paypal,Spain,Sydney
242,1570,2023-05-01 08:11:37,refunded,paypal,Spain,Mumbai
243,92,2023-11-08 14:17:31,shipped,paypal,United Kingdom,Bangalore
244,659,2020-08-04 16:50:57,paid,credit_card,Australia,Toronto
245,454,2020-01-31 10:19:29,shipped,google_pay,Canada,Berlin
246,757,2023-04-18 01:06:37,paid,bank_transfer,Spain,Chicago
247,1892,2023-01-14 05:55:00,shipped,paypal,Spain,Los Angeles
248,639,2021-01-15 19:27:22,paid,paypal,United States,London
249,1945,2022-11-14 11:52:04,shipped,paypal,Spain,Berlin
250,531,2023-11-23 19:50:53,shipped,credit_card,United States,Madrid
251,308,2022-08-02 00:07:36,pending,paypal,Australia,Rome
252,1633,2021-12-06 09:10:09,shipped,paypal,France,Melbourne
253,997,2020-09-22 16:24:52,paid,paypal,Germany,Sydney
254,1592,2022-01-16 10:37:17,shipped,google_pay,United States,Bangalore
255,1123,2020-05-30 02:36:46,refunded,credit_card,United States,Chicago
256,559,2021-06-11 03:30:32,cancelled,bank_transfer,Netherlands,Berlin
257,1513,2023-11-19 11:23:15,shipped,credit_card,United States,Bangalore
258,437,2023-05-02 10:22:44,paid,credit_card,Italy,Sydney
259,1260,2022-12-01 01:24:05,pending,apple_pay,Australia,Chicago
260,176,2023-07-10 14:10:28,refunded,paypal,United Kingdom,London
261,1906,2022-10-31 16:01:56,paid,credit_card,Spain,Sydney
262,384,2024-09-30 21:52:59,paid,apple_pay,France,Madrid
263,844,2021-01-04 18:31:26,paid,paypal,United Kingdom,Vancouver
264,572,2023-08-27 16:08:28,paid,google_pay,Netherlands,Vancouver
265,1717,2020-12-23 15:29:50,shipped,paypal,Spain,Berlin
266,1680,2020-01-24 23:39:52,shipped,bank_transfer,United States,Bangalore
267,280,2023-02-21 09:15:38,cancelled,apple_pay,Germany,Paris
268,208,2023-03-10 12:13:34,paid,apple_pay,Netherlands,Amsterdam
269,764,2020-07-06 16:28:14,cancelled,bank_transfer,India,New York
270,1233,2021-10-03 00:00:15,paid,paypal,France,Vancouver
271,1040,2021-08-12 08:40:41,paid,bank_transfer,Italy,Vancouver
272,669,2020-09-28 02:30:48,paid,google_pay,Australia,Vancouver
273,1899,2024-06-14 21:46:06,shipped,bank_transfer,Canada,Mumbai
274,341,2021-10-05 17:21:14,refunded,paypal,India,Rome
275,1238,2022-05-02 07:42:46,cancelled,google_pay,Spain,Melbourne
276,1104,2023-07-25 15:27:42,pending,paypal,Spain,Bangalore
277,1810,2024-06-13 22:59:25,refunded,apple_pay,India,Mumbai
278,1016,2023-07-13 17:44:24,shipped,credit_card,Australia,Sydney
279,832,2024-03-03 08:49:12,pending,paypal,France,Sydney
280,1547,2022-03-15 08:45:22,paid,paypal,United States,Bangalore
281,718,2020-10-15 21:48:19,pending,credit_card,India,Rome
282,946,2022-05-13 07:31:18,shipped,credit_card,United States,Los Angeles
283,1941,2020-10-21 10:13:23,paid,apple_pay,Italy,Rome
284,952,2021-02-26 02:11:42,refunded,credit_card,Germany,Vancouver
285,881,2024-11-15 05:49:41,pending,credit_card,Germany,Madrid
286,1536,2020-07-15 05:19:13,paid,bank_transfer,India,Chicago
287,1335,2022-11-13 23:31:55,shipped,paypal,India,Los Angeles
288,1683,2023-09-18 10:14:19,pending,bank_transfer,Netherlands,Vancouver
289,1720,2024-06-03 19:19:29,paid,credit_card,United States,Los Angeles
290,1880,2023-01-16 15:21:32,refunded,bank_transfer,France,Paris
291,479,2022-01-25 22:07:25,paid,google_pay,India,Rome
292,378,2021-01-08 21:35:47,cancelled,google_pay,United Kingdom,Amsterdam
293,1339,2024-01-06 10:25:03,paid,bank_transfer,Canada,Vancouver
294,1478,2024-08-05 08:41:12,paid,bank_transfer,Italy,Sydney
295,218,2024-10-06 18:16:52,shipped,bank_transfer,Spain,Bangalore
296,1624,2021-04-30 11:30:39,shipped,apple_pay,Italy,Toronto
297,1298,2023-07-24 08:49:41,paid,google_pay,Italy,Madrid
298,1387,2020-05-17 10:43:54,cancelled,bank_transfer,Germany,Madrid
299,798,2023-06-19 03:37:10,shipped,apple_pay,Netherlands,Amsterdam
300,920,2021-01-23 21:18:29,paid,apple_pay,United States,Melbourne
301,1840,2023-08-08 01:56:12,paid,bank_transfer,Germany,Amsterdam
302,1251,2024-07-30 02:44:15,shipped,apple_pay,Netherlands,Madrid
303,588,2022-11-08 15:13:52,pending,bank_transfer,United States,Rome
304,511,2021-04-10 08:24:33,cancelled,paypal,Netherlands,Melbourne
305,1335,2022-07-24 06:35:27,shipped,credit_card,United Kingdom,Sydney
306,740,2022-02-09 17:49:56,paid,credit_card,United Kingdom,Chicago
307,355,2020-08-28 16:54:26,paid,google_pay,Italy,Berlin
308,98,2022-08-09 13:28:27,cancelled,google_pay,Spain,Vancouver
309,150,2022-03-21 18:32:27,pending,apple_pay,United Kingdom,Chicago
310,1347,2020-11-06 17:07:36,paid,google_pay,Netherlands,Paris
311,1100,2020-09-09 03:37:46,paid,paypal,India,Sydney
312,1486,2022-06-21 23:28:12,paid,paypal,United States,London
313,1372,2023-08-18 01:09:37,paid,google_pay,United States,Madrid
314,1336,2024-09-21 19:00:51,pending,credit_card,Germany,Rome
315,1500,2020-09-05 21:10:34,cancelled,google_pay,Italy,Sydney
316,371,2021-06-07 09:08:40,pending,apple_pay,Italy,Vancouver
317,1991,2022-03-25 19:41:36,cancelled,paypal,Germany,Sydney
318,1560,2020-08-27 16:24:01,paid,google_pay,United States,Melbourne
319,1654,2024-01-07 15:41:11,cancelled,paypal,France,Sydney
320,1657,2023-04-24 10:22:23,cancelled,paypal,United States,Toronto
321,713,2023-06-07 03:28:19,paid,credit_card,Netherlands,Sydney
322,563,2022-05-29 02:46:55,pending,bank_transfer,Netherlands,Los Angeles
323,870,2022-09-22 17:47:00,paid,google_pay,United States,London
324,327,2024-12-30 08:35:36,refunded,credit_card,Spain,Chicago
325,1933,2021-10-08 13:48:07,shipped,credit_card,France,Paris
326,564,2021-05-28 20:07:42,paid,paypal,Canada,Rome
327,1174,2023-08-06 09:38:55,paid,paypal,Netherlands,Paris
328,773,2022-11-30 15:17:49,refunded,bank_transfer,Italy,Los Angeles
329,763,2020-02-14 09:02:14,paid,google_pay,France,Mumbai
330,512,2020-11-18 06:45:21,paid,paypal,United Kingdom,Bangalore
331,478,2022-08-03 20:11:38,paid,google_pay,Italy,London
332,1504,2020-06-29 10:41:36,paid,bank_transfer,United States,Mumbai
333,1640,2024-08-02 20:45:47,shipped,paypal,Italy,Los Angeles
334,1149,2024-08-01 06:03:26,paid,bank_transfer,United Kingdom,Amsterdam
335,1529,2023-10-07 18:02:14,paid,paypal,Italy,Chicago
336,923,2021-03-06 01:00:58,refunded,bank_transfer,Spain,Rome
337,185,2022-08-10 08:55:00,paid,credit_card,United States,London
338,762,2023-11-29 05:11:15,shipped,credit_card,United Kingdom,Toronto
339,1053,2024-01-13 16:29:05,paid,google_pay,Australia,Amsterdam
340,1496,2024-06-17 13:45:11,paid,apple_pay,Australia,Sydney
341,1101,2024-09-22 18:17:42,paid,paypal,France,Chicago
342,431,2023-09-11 08:31:54,shipped,bank_transfer,Australia,Paris
343,1367,2024-11-16 13:03:13,paid,bank_transfer,India,Rome
344,204,2022-01-03 10:50:11,shipped,credit_card,Italy,Los Angeles
345,1434,2023-01-22 13:02:06,paid,bank_transfer,Canada,Chicago
346,72,2021-10-10 15:48:07,cancelled,paypal,Spain,Madrid
347,644,2024-12-21 19:58:58,pending,google_pay,India,Rome
348,932,2020-08-25 09:17:58,pending,google_pay,Canada,Bangalore
349,1982,2022-11-05 17:33:43,refunded,google_pay,Italy,Madrid
350,1059,2024-12-10 13:27:50,shipped,paypal,France,Mumbai
351,1234,2022-08-11 13:28:30,paid,apple_pay,Spain,Paris
352,940,2024-08-11 06:41:33,shipped,paypal,United States,Los Angeles
353,693,2020-08-22 19:01:36,paid,apple_pay,Canada,Vancouver
354,523,2024-06-14 22:15:42,pending,google_pay,France,Berlin
355,456,2020-09-29 11:40:14,refunded,bank_transfer,United Kingdom,Mumbai
356,1867,2020-03-03 22:23:22,pending,paypal,United States,Berlin
357,327,2021-11-10 01:14:03,pending,paypal,Australia,Toronto
358,1689,2022-05-19 22:25:20,paid,apple_pay,Australia,Chicago
359,753,2023-02-09 01:04:07,paid,credit_card,France,Rome
360,1532,2023-06-10 15:48:06,shipped,credit_card,India,Los Angeles
361,307,2024-06-09 16:25:32,refunded,paypal,Canada,Melbourne
362,1298,2020-04-18 12:40:27,paid,credit_card,Germany,Madrid
363,895,2020-12-04 13:31:14,shipped,bank_transfer,Spain,Los Angeles
364,604,2020-11-25 23:04:02,refunded,apple_pay,Netherlands,Mumbai
365,1086,2020-09-20 20:00:03,cancelled,google_pay,Netherlands,Melbourne
366,1489,2022-02-03 05:14:34,cancelled,paypal,Netherlands,Chicago
367,835,2022-08-16 03:07:35,refunded,credit_card,Italy,Madrid
368,751,2024-03-21 09:13:32,paid,bank_transfer,India,Madrid
369,1928,2022-10-07 12:34:58,shipped,paypal,Australia,Madrid
370,144,2021-10-26 02:22:25,cancelled,apple_pay,Germany,Sydney
371,789,2024-10-27 19:19:06,paid,paypal,Spain,London
372,1477,2023-11-13 08:15:44,shipped,google_pay,United Kingdom,Mumbai
373,1299,2024-11-19 12:53:58,refunded,credit_card,Netherlands,Sydney
374,632,2023-04-16 01:10:42,paid,credit_card,France,Los Angeles
375,806,2021-07-12 11:25:39,paid,google_pay,Canada,Los Angeles
376,1771,2021-05-19 14:17:37,paid,apple_pay,Italy,Madrid
377,1769,2020-10-26 11:36:34,paid,google_pay,Australia,Bangalore
378,1733,2020-04-19 00:34:44,paid,bank_transfer,United States,Berlin
379,626,2021-04-09 13:24:28,shipped,paypal,United States,Sydney
380,1124,2021-01-08 06:35:16,refunded,apple_pay,Germany,Los Angeles
381,662,2022-02-28 02:45:44,shipped,apple_pay,Netherlands,Bangalore
382,390,2023-09-02 04:45:20,paid,paypal,Germany,Berlin
383,1756,2022-05-01 09:51:38,pending,apple_pay,France,Rome
384,174,2022-06-05 05:15:10,shipped,credit_card,United Kingdom,Chicago
385,1391,2022-10-18 11:11:57,refunded,google_pay,France,Los Angeles
386,1320,2021-08-24 20:23:00,pending,bank_transfer,Australia,Mumbai
387,1842,2022-07-29 00:49:05,paid,bank_transfer,United States,Rome
388,842,2023-03-09 07:18:55,pending,bank_transfer,Australia,Chicago
389,1807,2021-01-04 18:19:32,pending,credit_card,India,Paris
390,891,2021-10-31 11:27:34,paid,bank_transfer,Germany,Toronto
391,1700,2020-12-23 05:06:55,refunded,bank_transfer,India,London
392,345,2023-07-23 02:14:41,paid,google_pay,Spain,Mumbai
393,823,2022-11-19 14:48:29,refunded,google_pay,France,Chicago
394,98,2023-10-20 09:16:10,refunded,apple_pay,Italy,New York
395,1134,2022-08-31 00:41:42,shipped,apple_pay,Italy,Sydney
396,1547,2023-05-09 13:41:51,shipped,credit_card,Australia,Los Angeles
397,267,2024-10-25 01:07:39,refunded,bank_transfer,United Kingdom,Berlin
398,1055,2020-06-05 06:41:36,refunded,apple_pay,United States,Sydney
399,1408,2021-01-06 19:08:35,paid,apple_pay,United Kingdom,London
400,715,2020-03-27 10:37:33,shipped,bank_transfer,Canada,London
401,321,2021-09-26 10:45:47,pending,paypal,Spain,Sydney
402,1880,2023-11-19 00:27:47,shipped,apple_pay,India,Vancouver
403,1632,2022-05-30 14:53:59,cancelled,paypal,India,New York
404,1333,2024-02-07 08:25:26,shipped,apple_pay,France,Vancouver
405,1566,2021-09-09 14:16:16,pending,apple_pay,United States,Rome
406,298,2020-10-09 13:35:34,shipped,bank_transfer,Netherlands,Rome
407,324,2022-04-30 15:49:37,shipped,google_pay,India,Sydney
408,1227,2020-12-03 22:35:59,shipped,google_pay,United Kingdom,Bangalore
409,1689,2022-01-31 00:22:51,shipped,google_pay,France,Chicago
410,99,2021-09-15 15:46:21,shipped,paypal,United States,Chicago
411,675,2021-11-14 07:26:51,pending,apple_pay,Spain,Toronto
412,281,2023-08-19 08:45:42,paid,apple_pay,United States,Rome
413,1770,2023-05-04 09:16:25,paid,google_pay,Canada,Vancouver
414,1472,2023-04-20 01:49:35,paid,bank_transfer,Canada,Sydney
415,634,2022-07-17 06:06:47,shipped,credit_card,France,Los Angeles
416,1041,2021-02-23 08:02:40,pending,credit_card,Netherlands,Madrid
417,570,2023-01-08 16:09:11,shipped,apple_pay,Australia,Rome
418,7,2020-10-26 14:02:46,paid,apple_pay,Canada,Sydney
419,139,2020-08-04 06:13:13,paid,google_pay,Spain,Toronto
420,150,2022-09-15 01:23:02,paid,credit_card,Canada,Sydney
421,393,2024-08-06 06:08:57,pending,paypal,Netherlands,Bangalore
422,565,2020-07-18 04:24:32,refunded,paypal,India,London
423,197,2020-11-12 22:44:49,paid,apple_pay,United Kingdom,Rome
424,359,2022-04-14 16:41:30,shipped,bank_transfer,Australia,Bangalore
425,1865,2024-11-14 02:31:01,paid,google_pay,France,Berlin
426,64,2024-08-24 02:42:09,cancelled,credit_card,India,Amsterdam
427,1069,2022-05-13 12:06:31,shipped,google_pay,India,New York
428,479,2024-05-20 20:24:56,cancelled,apple_pay,Netherlands,Rome
429,1046,2021-02-09 05:03:23,paid,paypal,Italy,Vancouver
430,664,2021-05-31 13:40:33,refunded,apple_pay,Australia,Rome
431,1279,2022-06-12 08:47:02,refunded,paypal,France,Bangalore
432,1863,2024-04-17 12:44:22,paid,apple_pay,United States,Bangalore
433,169,2021-12-10 09:35:13,shipped,paypal,Germany,Mumbai
434,1014,2021-02-09 04:50:31,paid,apple_pay,France,Mumbai
435,843,2020-12-12 09:07:18,shipped,credit_card,Netherlands,Melbourne
436,310,2021-08-22 10:10:50,pending,bank_transfer,Canada,New York
437,1079,2023-08-04 08:51:23,pending,apple_pay,Italy,Toronto
438,582,2022-11-01 10:04:42,refunded,credit_card,Italy,Bangalore
439,1524,2022-06-15 18:46:44,shipped,apple_pay,Italy,New York
440,1434,2024-02-28 17:48:40,paid,google_pay,United Kingdom,Berlin
441,467,2023-04-04 23:18:56,shipped,credit_card,Spain,Bangalore
442,1675,2021-12-09 23:06:32,paid,apple_pay,Australia,New York
443,464,2021-12-31 23:13:49,paid,credit_card,Australia,Mumbai
444,577,2022-11-25 23:42:45,paid,paypal,Canada,Amsterdam
445,1349,2022-07-27 00:19:20,shipped,bank_transfer,Italy,Toronto
446,282,2020-03-08 04:32:07,pending,bank_transfer,India,Berlin
447,679,2024-12-14 17:26:44,paid,credit_card,Germany,Melbourne
448,1107,2023-11-25 11:32:29,paid,bank_transfer,India,Amsterdam
449,57,2024-12-18 12:43:33,shipped,google_pay,United States,Chicago
450,1539,2022-05-18 04:05:17,paid,apple_pay,Italy,Sydney
451,1255,2024-03-03 09:24:00,refunded,paypal,Australia,Melbourne
452,1911,2023-05-18 01:49:09,cancelled,google_pay,United Kingdom,Los Angeles
453,628,2020-07-22 01:54:58,shipped,paypal,United Kingdom,Paris
454,13,2020-01-22 05:50:30,paid,credit_card,Spain,Paris
455,1457,2024-02-23 18:02:56,refunded,google_pay,Germany,New York
456,1057,2023-02-17 09:05:30,refunded,paypal,Italy,Rome
457,1057,2020-09-03 17:05:24,pending,credit_card,Canada,Chicago
458,196,2023-07-23 22:15:07,shipped,apple_pay,United Kingdom,Berlin
459,1766,2020-12-12 20:23:24,shipped,credit_card,Australia,Chicago
460,524,2020-01-10 05:43:04,pending,paypal,France,Berlin
461,278,2021-11-03 18:15:28,paid,apple_pay,France,New York
462,983,2021-09-23 22:42:06,paid,apple_pay,Australia,New York
463,1383,2021-12-25 15:57:05,paid,apple_pay,Netherlands,Mumbai
464,1882,2020-06-04 19:09:37,pending,credit_card,Australia,Rome
465,1082,2022-03-06 15:04:40,shipped,credit_card,India,Sydney
466,525,2022-12-28 12:07:33,pending,credit_card,Italy,Rome
467,1035,2021-11-24 03:38:29,shipped,credit_card,India,Vancouver
468,507,2022-04-08 03:47:53,shipped,credit_card,India,Paris
469,1165,2020-07-17 09:27:42,paid,paypal,Italy,Los Angeles
470,1006,2020-09-14 09:57:02,paid,google_pay,Canada,Melbourne
471,502,2022-01-14 18:21:01,pending,apple_pay,United States,Rome
472,37,2024-01-19 06:45:33,shipped,apple_pay,Netherlands,Sydney
473,1752,2024-08-01 01:27:31,pending,paypal,Spain,Sydney
474,607,2024-01-03 22:14:40,pending,apple_pay,Netherlands,Melbourne
475,618,2022-02-05 16:32:19,paid,credit_card,United States,Madrid
476,722,2020-08-01 16:48:11,shipped,credit_card,Australia,Rome
477,1077,2023-11-21 10:20:08,paid,credit_card,France,Berlin
478,1962,2021-10-07 22:54:45,paid,apple_pay,Netherlands,London
479,1299,2024-07-01 12:32:47,shipped,bank_transfer,Germany,Sydney
480,680,2022-12-28 13:11:23,paid,credit_card,India,Berlin
481,1985,2022-06-27 08:38:24,paid,bank_transfer,United Kingdom,Paris
482,1243,2024-05-21 08:33:49,pending,apple_pay,Spain,Madrid
483,1545,2020-11-12 20:21:12,cancelled,apple_pay,France,Toronto
484,1072,2024-08-01 09:51:06,refunded,paypal,India,Madrid
485,886,2024-02-29 14:36:19,refunded,apple_pay,India,Mumbai
486,278,2020-05-05 18:59:40,cancelled,paypal,Netherlands,New York
487,191,2022-07-26 18:53:07,paid,apple_pay,United Kingdom,Amsterdam
488,1606,2023-09-06 18:08:20,paid,paypal,India,Melbourne
489,1883,2024-07-28 13:48:07,cancelled,bank_transfer,Germany,Bangalore
490,1126,2021-05-21 08:20:25,paid,paypal,Australia,New York
491,1539,2022-12-12 01:27:31,pending,paypal,Spain,Sydney
492,59,2021-10-26 17:26:44,paid,paypal,France,Vancouver
493,583,2020-08-24 16:10:19,cancelled,paypal,France,Mumbai
494,1275,2020-02-18 18:06:55,paid,apple_pay,United Kingdom,Paris
495,1463,2023-08-15 21:38:49,refunded,bank_transfer,Australia,Mumbai
496,909,2021-10-23 21:36:47,paid,credit_card,United Kingdom,Amsterdam
497,1875,2024-09-03 12:23:38,cancelled,bank_transfer,France,Vancouver
498,480,2023-02-24 12:15:33,paid,bank_transfer,Italy,Vancouver
499,1668,2021-05-21 11:54:02,paid,credit_card,United Kingdom,Chicago
500,1427,2022-08-15 01:49:28,paid,credit_card,Italy,Los Angeles
501,572,2023-09-03 20:19:13,paid,google_pay,Australia,Vancouver
502,223,2024-09-18 13:50:13,cancelled,paypal,Italy,Toronto
503,1288,2020-01-25 17:45:38,shipped,paypal,India,Melbourne
504,436,2021-08-09 13:12:27,cancelled,paypal,United Kingdom,Melbourne
505,44,2022-08-09 09:00:57,paid,apple_pay,United Kingdom,Berlin
506,416,2022-07-22 14:32:50,refunded,apple_pay,United States,Sydney
507,1051,2021-09-15 02:43:35,refunded,google_pay,Spain,Bangalore
508,1773,2022-01-13 03:30:47,refunded,credit_card,United Kingdom,Los Angeles
509,1614,2023-09-22 04:15:00,refunded,apple_pay,Netherlands,Amsterdam
510,397,2021-09-23 05:10:58,shipped,credit_card,Spain,New York
511,1002,2020-01-22 07:41:07,paid,paypal,Italy,Madrid
512,368,2023-06-25 21:18:35,shipped,google_pay,United Kingdom,Amsterdam
513,1590,2023-06-08 18:18:35,refunded,paypal,Canada,Bangalore
514,105,2022-10-30 21:14:06,shipped,credit_card,United Kingdom,Madrid
515,1503,2024-01-05 06:31:04,shipped,credit_card,Netherlands,Madrid
516,359,2023-03-25 12:22:35,cancelled,google_pay,Germany,Bangalore
517,41,2023-05-05 22:26:30,cancelled,bank_transfer,Italy,London
518,529,2023-03-09 16:13:52,refunded,apple_pay,Canada,New York
519,1964,2021-10-26 16:48:16,shipped,bank_transfer,France,Chicago
520,1854,2022-03-30 23:40:34,shipped,apple_pay,India,Paris
521,1670,2020-11-21 03:24:21,cancelled,bank_transfer,Germany,Vancouver
522,1630,2023-04-28 10:56:25,refunded,google_pay,France,Los Angeles
523,821,2022-04-29 17:06:32,cancelled,apple_pay,Italy,Madrid
524,1809,2024-07-20 16:27:35,paid,bank_transfer,Italy,Mumbai
525,1427,2021-09-12 21:32:18,paid,bank_transfer,India,Rome
526,349,2021-08-27 21:30:16,shipped,bank_transfer,Australia,Amsterdam
527,1162,2024-09-28 15:39:53,shipped,paypal,France,Madrid
528,1548,2022-07-16 22:35:08,shipped,credit_card,Germany,New York
529,618,2021-01-21 04:36:45,paid,credit_card,Italy,Berlin
530,87,2024-05-06 17:38:06,paid,credit_card,United Kingdom,Chicago
531,74,2022-07-13 05:05:24,paid,credit_card,France,Amsterdam
532,608,2022-08-13 14:57:26,paid,google_pay,Canada,Sydney
533,1661,2024-03-15 07:45:21,shipped,apple_pay,Germany,Los Angeles
534,1449,2023-11-17 20:21:44,paid,google_pay,Netherlands,Madrid
535,851,2020-02-07 02:09:04,refunded,paypal,United States,Paris
536,1270,2024-06-08 17:52:18,refunded,paypal,Spain,Berlin
537,1431,2024-09-21 02:31:25,paid,bank_transfer,France,Paris
538,1458,2022-12-17 19:18:32,shipped,apple_pay,Spain,Rome
539,981,2022-03-06 01:03:49,paid,google_pay,France,Sydney
540,1237,2024-06-09 02:45:04,paid,bank_transfer,India,Vancouver
541,617,2021-11-30 22:04:27,paid,credit_card,Australia,London
542,1717,2023-08-21 12:30:24,paid,paypal,Germany,Toronto
543,1076,2020-02-29 15:01:13,refunded,paypal,Netherlands,Melbourne
544,1204,2024-03-27 03:53:35,paid,credit_card,United States,New York
545,140,2023-04-02 03:02:22,shipped,google_pay,United States,Chicago
546,1848,2024-06-11 00:04:20,cancelled,credit_card,Canada,Mumbai
547,337,2021-04-17 01:44:05,pending,apple_pay,Italy,Toronto
548,1439,2023-02-02 18:06:44,paid,google_pay,United States,Amsterdam
549,619,2022-01-11 06:31:18,paid,paypal,France,Paris
550,1200,2020-04-08 10:58:33,shipped,credit_card,France,Mumbai
551,1668,2023-02-01 23:39:51,shipped,paypal,Netherlands,Paris
552,409,2023-08-10 07:24:27,paid,bank_transfer,Netherlands,Mumbai
553,12,2023-01-10 10:47:06,shipped,credit_card,India,Paris
554,579,2024-03-19 02:52:25,shipped,bank_transfer,Italy,Amsterdam
555,1657,2021-05-10 11:07:01,shipped,google_pay,Spain,Melbourne
556,1442,2023-06-11 03:57:02,refunded,credit_card,Italy,New York
557,1032,2022-11-28 11:17:42,paid,bank_transfer,Netherlands,Bangalore
558,1249,2020-09-26 04:08:39,shipped,apple_pay,Germany,Melbourne
559,87,2024-07-05 01:03:22,paid,bank_transfer,France,Vancouver
560,140,2023-08-11 06:58:58,paid,google_pay,Netherlands,Bangalore
561,881,2020-12-03 16:10:58,paid,google_pay,United Kingdom,Chicago
562,327,2021-07-22 21:07:09,refunded,paypal,Canada,Paris
563,642,2022-07-10 06:09:41,refunded,google_pay,United States,Toronto
564,1635,2020-10-03 13:38:58,cancelled,bank_transfer,Australia,Chicago
565,405,2024-03-03 01:51:39,paid,paypal,Spain,London
566,466,2024-11-24 22:40:28,shipped,credit_card,Netherlands,Mumbai
567,399,2023-11-13 12:28:40,cancelled,bank_transfer,Spain,Toronto
568,1010,2023-10-01 06:02:53,cancelled,google_pay,Australia,Mumbai
569,1698,2024-03-27 11:06:36,paid,paypal,Germany,Los Angeles
570,119,2020-11-25 21:21:16,paid,apple_pay,Italy,Sydney
571,1325,2022-08-24 12:46:36,cancelled,apple_pay,Australia,Mumbai
572,229,2022-09-06 01:28:53,shipped,apple_pay,Italy,Amsterdam
573,1132,2023-05-12 22:42:57,shipped,credit_card,India,Bangalore
574,1161,2024-10-03 01:38:20,paid,google_pay,Netherlands,Melbourne
575,1620,2023-06-16 01:18:36,refunded,bank_transfer,India,London
576,962,2023-01-19 10:26:32,refunded,credit_card,Australia,London
577,406,2024-11-03 09:53:04,shipped,paypal,Netherlands,Bangalore
578,1059,2022-05-05 21:48:58,refunded,paypal,Australia,Los Angeles
579,1408,2021-10-27 06:24:57,paid,paypal,Netherlands,New York
580,250,2020-11-24 11:07:58,refunded,credit_card,United Kingdom,Rome
581,261,2020-05-16 21:48:54,refunded,google_pay,Italy,Madrid
582,1267,2022-02-21 07:29:11,shipped,bank_transfer,Italy,Chicago
583,824,2023-09-21 06:39:05,shipped,google_pay,Italy,Bangalore
584,1227,2022-05-03 10:32:10,refunded,apple_pay,Australia,Amsterdam
585,1392,2021-02-14 03:50:51,shipped,paypal,Australia,Amsterdam
586,45,2021-08-09 08:19:41,shipped,google_pay,Netherlands,Sydney
587,464,2021-09-03 23:27:50,pending,credit_card,Netherlands,Rome
588,133,2023-01-30 03:56:13,shipped,bank_transfer,Germany,Bangalore
589,1567,2020-11-26 14:27:05,cancelled,apple_pay,Australia,New York
590,461,2021-05-15 16:35:11,paid,google_pay,United Kingdom,Sydney
591,1760,2021-12-16 20:22:22,refunded,apple_pay,Germany,Paris
592,194,2020-04-02 04:52:18,paid,credit_card,Spain,Melbourne
593,199,2024-04-27 18:34:19,shipped,apple_pay,Canada,Paris
594,425,2023-03-28 12:50:44,refunded,apple_pay,India,Rome
595,1720,2024-07-26 18:13:24,paid,credit_card,India,Chicago
596,1740,2024-12-08 12:34:09,refunded,paypal,India,Rome
597,1553,2020-08-06 05:52:01,paid,credit_card,Germany,Madrid
598,1384,2020-09-01 13:32:51,shipped,credit_card,Germany,New York
599,854,2020-02-24 18:20:39,paid,credit_card,Canada,Mumbai
600,818,2023-10-03 05:04:15,paid,bank_transfer,United Kingdom,Amsterdam
601,318,2024-02-24 22:47:46,paid,google_pay,United States,Bangalore
602,1923,2023-06-24 11:13:57,paid,credit_card,United States,Paris
603,1176,2024-01-06 01:25:21,paid,paypal,United Kingdom,Rome
604,1937,2022-11-07 10:55:05,cancelled,bank_transfer,Australia,Toronto
605,1554,2020-04-13 06:06:03,shipped,credit_card,Germany,Bangalore
606,357,2024-09-28 04:41:27,pending,google_pay,India,Madrid
607,1842,2024-11-03 04:11:57,shipped,paypal,France,Bangalore
608,1503,2021-01-13 10:35:39,shipped,paypal,Canada,Los Angeles
609,1169,2022-09-18 03:03:22,shipped,google_pay,Italy,Madrid
610,789,2020-09-27 00:22:57,paid,bank_transfer,India,Sydney
611,103,2024-03-17 11:45:37,shipped,google_pay,Spain,Amsterdam
612,15,2023-04-28 08:32:06,shipped,credit_card,Australia,Paris
613,367,2023-10-11 21:44:13,paid,google_pay,Netherlands,Berlin
614,1734,2020-05-18 23:53:38,shipped,credit_card,India,Chicago
615,543,2020-06-10 23:47:24,refunded,paypal,India,London
616,1961,2024-04-07 20:25:00,shipped,bank_transfer,Spain,New York
617,638,2021-06-12 14:21:05,paid,credit_card,India,Paris
618,1515,2021-10-06 12:25:53,refunded,bank_transfer,Netherlands,Vancouver
619,657,2024-01-03 11:41:36,paid,apple_pay,France,Rome
620,498,2023-09-27 10:04:45,shipped,apple_pay,Italy,London
621,364,2023-08-11 13:14:21,paid,credit_card,Spain,Toronto
622,181,2020-07-08 23:16:33,pending,bank_transfer,Netherlands,Sydney
623,1854,2023-11-03 15:56:51,paid,paypal,India,Mumbai
624,1321,2024-08-14 19:52:01,paid,bank_transfer,United States,Chicago
625,1234,2021-03-24 23:24:11,shipped,paypal,United Kingdom,Rome
626,1465,2020-11-12 08:51:08,pending,paypal,India,New York
627,660,2020-05-01 08:40:14,shipped,apple_pay,United Kingdom,Mumbai
628,923,2024-09-21 17:26:37,shipped,google_pay,Germany,Madrid
629,737,2023-04-10 15:54:03,refunded,paypal,Netherlands,Rome
630,610,2021-02-21 22:54:37,refunded,paypal,Canada,Sydney
631,1931,2023-06-14 17:28:20,shipped,google_pay,France,Melbourne
632,1060,2021-04-02 14:27:27,refunded,apple_pay,Spain,Chicago
633,1486,2024-05-06 11:56:56,refunded,paypal,Australia,Bangalore
634,1715,2023-07-04 07:20:24,paid,credit_card,United States,London
635,451,2024-04-04 05:25:41,shipped,bank_transfer,France,Los Angeles
636,1871,2020-05-31 09:07:01,pending,google_pay,Netherlands,Amsterdam
637,1083,2023-12-16 16:54:55,paid,bank_transfer,United Kingdom,Mumbai
638,1251,2022-02-02 17:54:37,paid,bank_transfer,France,Los Angeles
639,1288,2022-02-11 20:22:21,shipped,credit_card,Spain,Berlin
640,1943,2022-08-02 06:58:54,paid,bank_transfer,Australia,Bangalore
641,283,2024-08-18 20:39:00,paid,paypal,Italy,London
642,1139,2020-06-02 23:48:08,shipped,google_pay,Italy,Rome
643,1229,2021-06-14 15:00:21,paid,google_pay,Spain,Madrid
644,1855,2024-08-01 21:43:45,shipped,bank_transfer,United States,Bangalore
645,29,2022-01-20 23:01:25,paid,apple_pay,Italy,Toronto
646,878,2020-04-24 16:51:20,paid,google_pay,France,Bangalore
647,647,2024-03-23 05:21:26,cancelled,bank_transfer,United States,Rome
648,16,2023-12-17 07:00:56,paid,google_pay,Netherlands,Vancouver
649,313,2020-01-07 18:49:57,refunded,bank_transfer,France,Toronto
650,547,2023-11-07 20:00:26,paid,credit_card,Italy,Vancouver
651,475,2022-04-20 19:53:21,shipped,google_pay,United States,Paris
652,836,2021-02-08 07:03:06,pending,paypal,Canada,Berlin
653,521,2021-10-18 19:02:14,paid,google_pay,Canada,Paris
654,1807,2022-04-20 07:24:17,paid,bank_transfer,Spain,Berlin
655,1257,2024-03-23 12:00:31,paid,bank_transfer,Germany,Chicago
656,849,2022-10-10 13:47:23,shipped,credit_card,Italy,Mumbai
657,720,2022-05-09 00:49:42,paid,credit_card,France,Paris
658,1810,2021-09-09 20:58:17,shipped,credit_card,United States,Los Angeles
659,297,2022-04-17 00:55:08,pending,bank_transfer,Canada,Bangalore
660,384,2020-10-03 06:48:19,paid,paypal,Germany,London
661,1730,2023-05-16 05:03:41,paid,bank_transfer,Netherlands,Paris
662,1320,2022-10-20 03:46:04,pending,credit_card,Spain,Mumbai
663,736,2020-09-29 05:26:22,shipped,bank_transfer,Italy,Paris
664,869,2021-04-24 14:29:57,paid,google_pay,Spain,Rome
665,1173,2023-06-09 08:37:09,paid,google_pay,Spain,London
666,169,2024-03-25 14:02:00,paid,google_pay,India,Mumbai
667,1718,2021-06-03 20:13:00,shipped,google_pay,India,Vancouver
668,958,2021-03-28 11:04:42,refunded,paypal,Canada,Paris
669,1709,2021-12-16 06:02:36,paid,apple_pay,Netherlands,Sydney
670,171,2020-05-25 22:57:47,shipped,credit_card,United States,Berlin
671,1703,2022-11-08 09:43:03,cancelled,credit_card,Australia,Mumbai
672,34,2024-11-09 01:56:39,paid,bank_transfer,United Kingdom,Vancouver
673,859,2021-01-02 19:21:04,refunded,apple_pay,Netherlands,New York
674,1384,2024-11-05 12:44:15,shipped,bank_transfer,United States,Melbourne
675,179,2022-04-13 00:54:06,paid,bank_transfer,France,Chicago
676,1958,2023-05-22 01:22:17,shipped,paypal,India,Paris
677,267,2020-01-22 00:22:07,pending,paypal,India,Vancouver
678,1239,2021-03-14 14:09:45,paid,paypal,United Kingdom,Toronto
679,735,2022-11-04 18:36:18,paid,paypal,France,Amsterdam
680,1996,2021-04-25 02:25:07,shipped,google_pay,Italy,Chicago
681,821,2023-08-07 00:03:29,paid,bank_transfer,Italy,Chicago
682,1151,2023-10-23 09:15:48,shipped,google_pay,India,Mumbai
683,1949,2020-12-13 20:03:36,shipped,paypal,Australia,Mumbai
684,1360,2020-01-26 03:42:33,refunded,bank_transfer,Australia,Berlin
685,1280,2022-01-25 01:39:49,shipped,apple_pay,India,Melbourne
686,1347,2022-08-09 23:53:32,shipped,google_pay,Australia,Sydney
687,752,2022-08-04 09:23:29,refunded,apple_pay,Netherlands,Paris
688,1076,2020-02-12 08:25:20,paid,google_pay,Spain,Bangalore
689,863,2021-05-23 04:27:45,paid,bank_transfer,Germany,Madrid
690,920,2020-04-06 19:51:02,paid,bank_transfer,Australia,Toronto
691,263,2021-10-23 13:25:34,refunded,bank_transfer,Netherlands,Sydney
692,1038,2022-09-27 03:40:32,cancelled,google_pay,France,Berlin
693,1268,2021-09-11 23:42:32,paid,bank_transfer,Germany,Toronto
694,1723,2023-02-25 06:43:55,paid,paypal,Germany,Bangalore
695,1029,2023-06-20 06:15:08,paid,paypal,Netherlands,Rome
696,1911,2023-08-08 08:14:49,paid,google_pay,France,Los Angeles
697,909,2023-05-22 15:30:02,cancelled,google_pay,Australia,Madrid
698,95,2022-08-01 18:55:52,paid,google_pay,Spain,Los Angeles
699,81,2020-10-16 19:24:04,shipped,apple_pay,United States,London
700,1735,2022-02-26 06:38:37,paid,google_pay,Italy,Chicago
701,994,2023-01-15 13:54:10,paid,bank_transfer,Australia,Vancouver
702,301,2022-08-31 09:20:07,paid,paypal,France,Melbourne
703,1482,2023-06-14 02:01:38,paid,apple_pay,Netherlands,Bangalore
704,800,2023-12-13 06:53:52,refunded,google_pay,India,Rome
705,774,2024-02-16 20:44:48,pending,credit_card,Australia,Los Angeles
706,710,2022-03-14 12:11:57,paid,apple_pay,Netherlands,Chicago
707,1921,2020-11-09 04:16:56,paid,apple_pay,Spain,Rome
708,1194,2020-03-17 17:32:54,cancelled,paypal,Australia,Sydney
709,1776,2022-06-21 09:10:51,paid,google_pay,Netherlands,Toronto
710,640,2024-07-29 10:46:38,pending,bank_transfer,Canada,Toronto
711,599,2024-07-02 20:49:23,paid,google_pay,Italy,Bangalore
712,299,2022-03-24 00:19:08,paid,credit_card,United Kingdom,Mumbai
713,1534,2023-11-26 03:28:24,paid,credit_card,Australia,Mumbai
714,1472,2021-11-15 15:20:18,pending,apple_pay,Germany,Mumbai
715,1513,2021-01-18 04:41:40,paid,apple_pay,Netherlands,Madrid
716,1102,2023-01-08 01:20:26,shipped,paypal,Italy,New York
717,1246,2023-11-21 07:43:19,paid,google_pay,Italy,London
718,1324,2021-07-23 15:02:52,paid,paypal,United States,Sydney
719,1431,2021-08-11 08:10:10,refunded,apple_pay,Australia,Los Angeles
720,1428,2020-01-01 23:43:17,shipped,google_pay,Germany,Chicago
721,1096,2023-08-28 09:26:02,shipped,apple_pay,Canada,Los Angeles
722,572,2022-08-17 20:45:50,cancelled,bank_transfer,Canada,Sydney
723,1215,2020-04-20 21:23:28,pending,bank_transfer,India,Amsterdam
724,421,2020-05-21 15:23:06,refunded,paypal,Italy,Toronto
725,77,2021-07-22 15:21:44,paid,bank_transfer,Germany,Paris
726,969,2024-06-04 17:49:21,paid,apple_pay,India,Chicago
727,1772,2023-07-18 09:38:18,refunded,google_pay,France,Chicago
728,644,2020-08-04 10:26:51,paid,google_pay,France,Melbourne
729,535,2024-02-12 08:30:58,cancelled,google_pay,Italy,Chicago
730,1415,2023-03-06 11:34:47,paid,bank_transfer,Australia,Bangalore
731,450,2021-06-13 11:25:10,shipped,credit_card,France,Rome
732,199,2020-08-10 17:34:47,paid,apple_pay,Australia,Melbourne
733,476,2021-03-08 03:36:15,pending,bank_transfer,Canada,Madrid
734,897,2022-02-09 06:52:54,shipped,google_pay,Australia,Toronto
735,517,2023-10-13 23:22:50,paid,google_pay,India,New York
736,1544,2021-03-18 11:21:47,paid,google_pay,Netherlands,Paris
737,135,2022-03-03 05:49:44,paid,apple_pay,Canada,Bangalore
738,1625,2023-07-10 08:46:07,paid,google_pay,Germany,Madrid
739,892,2024-04-12 02:23:48,shipped,bank_transfer,United States,Berlin
740,1532,2024-11-28 22:44:49,shipped,credit_card,India,Sydney
741,1807,2021-02-05 22:13:40,paid,google_pay,India,Sydney
742,1906,2023-06-13 20:16:25,shipped,credit_card,France,Rome
743,1554,2023-03-28 03:45:33,refunded,credit_card,Spain,London
744,431,2024-03-26 13:08:06,paid,credit_card,India,Mumbai
745,1844,2024-06-24 16:38:45,refunded,credit_card,Germany,Madrid
746,226,2023-02-02 17:51:55,pending,credit_card,India,Madrid
747,1353,2024-12-09 12:18:30,shipped,credit_card,United States,Rome
748,1798,2023-04-08 03:33:29,paid,bank_transfer,United Kingdom,London
749,1449,2021-06-06 00:01:21,paid,paypal,Canada,Los Angeles
750,1973,2023-09-18 15:04:24,shipped,apple_pay,Italy,Berlin
751,935,2022-04-20 20:35:43,shipped,google_pay,United States,Chicago
752,1597,2023-05-27 11:42:02,paid,bank_transfer,India,Toronto
753,1233,2024-08-05 02:59:26,shipped,google_pay,Netherlands,New York
754,210,2023-08-25 00:52:37,shipped,credit_card,India,Toronto
755,1620,2024-01-14 02:13:48,shipped,google_pay,Spain,Los Angeles
756,1635,2021-04-15 00:19:19,paid,credit_card,Spain,London
757,487,2024-07-02 22:14:49,paid,paypal,United States,Sydney
758,1449,2024-07-02 09:09:06,paid,paypal,United Kingdom,Bangalore
759,301,2023-12-10 12:31:35,pending,apple_pay,Italy,Vancouver
760,1549,2024-12-13 16:34:08,paid,bank_transfer,India,London
761,1880,2020-06-25 16:27:55,shipped,google_pay,Australia,Amsterdam
762,1058,2024-05-11 02:04:24,shipped,credit_card,Spain,Madrid
763,1101,2021-04-06 00:14:14,paid,bank_transfer,United Kingdom,Toronto
764,432,2022-04-20 08:56:08,shipped,paypal,United Kingdom,Rome
765,418,2024-02-22 07:43:26,shipped,google_pay,Italy,New York
766,1458,2022-03-08 17:37:42,paid,credit_card,Netherlands,Paris
767,205,2024-01-02 22:13:21,shipped,paypal,United States,Melbourne
768,1159,2021-02-05 19:24:25,shipped,paypal,Australia,Berlin
769,1548,2022-01-08 17:53:11,refunded,google_pay,Italy,Vancouver
770,1505,2022-07-02 22:35:38,shipped,paypal,Netherlands,Amsterdam
771,1822,2023-02-06 08:15:05,shipped,apple_pay,France,Vancouver
772,62,2022-06-02 08:06:54,pending,paypal,United Kingdom,Melbourne
773,341,2021-02-14 17:54:05,pending,bank_transfer,Canada,Rome
774,1054,2024-11-30 05:36:22,shipped,apple_pay,Germany,Berlin
775,1278,2021-09-19 05:34:21,paid,credit_card,Netherlands,Melbourne
776,1869,2021-12-22 15:52:01,pending,google_pay,Canada,Berlin
777,1301,2022-11-10 01:53:42,paid,bank_transfer,United States,Paris
778,1343,2022-11-20 05:05:45,shipped,paypal,France,Vancouver
779,381,2023-12-05 18:48:55,paid,bank_transfer,Netherlands,Paris
780,530,2023-10-06 04:19:44,pending,credit_card,Australia,Paris
781,1518,2024-10-14 19:23:23,paid,credit_card,France,Madrid
782,1588,2021-02-04 19:52:56,pending,paypal,Netherlands,Melbourne
783,974,2020-01-31 00:59:52,refunded,credit_card,Germany,Melbourne
784,845,2020-04-12 20:12:13,paid,paypal,Netherlands,New York
785,319,2021-03-01 05:16:51,cancelled,paypal,Germany,London
786,1250,2024-09-09 18:24:52,shipped,credit_card,Australia,Madrid
787,700,2020-09-17 19:11:35,paid,credit_card,United States,Rome
788,1331,2020-06-23 19:39:34,shipped,google_pay,Italy,Vancouver
789,1196,2024-03-20 05:51:10,paid,paypal,Canada,Melbourne
790,1785,2022-05-24 12:54:23,shipped,bank_transfer,Italy,New York
791,1719,2022-08-07 20:39:41,pending,google_pay,India,London
792,670,2020-08-30 08:34:04,paid,credit_card,Netherlands,Mumbai
793,26,2024-05-16 17:32:34,shipped,apple_pay,United States,Amsterdam
794,387,2023-04-23 21:16:56,refunded,paypal,Germany,Bangalore
795,865,2023-10-23 04:10:04,shipped,paypal,Spain,Rome
796,573,2020-02-26 01:22:54,paid,paypal,Germany,Melbourne
797,181,2024-02-12 18:30:43,shipped,bank_transfer,United States,Berlin
798,494,2021-01-04 23:05:01,paid,credit_card,Netherlands,Los Angeles
799,578,2022-04-03 17:20:13,paid,google_pay,Netherlands,Paris
800,237,2022-02-14 01:19:14,shipped,apple_pay,Italy,Bangalore
801,734,2023-02-28 14:38:39,refunded,bank_transfer,United Kingdom,Paris
802,851,2020-05-30 08:14:15,shipped,google_pay,United Kingdom,London
803,985,2021-10-10 07:19:16,cancelled,google_pay,Canada,New York
804,998,2020-09-29 13:54:23,shipped,paypal,United States,Berlin
805,1003,2020-02-27 03:51:10,paid,google_pay,Australia,Toronto
806,126,2023-12-18 22:47:28,shipped,paypal,Germany,Paris
807,1103,2021-08-30 12:06:34,paid,paypal,Australia,Rome
808,871,2022-03-22 19:41:28,paid,credit_card,Italy,Chicago
809,1473,2021-05-26 21:32:48,paid,bank_transfer,Australia,Mumbai
810,1261,2021-12-16 11:14:58,cancelled,google_pay,United States,New York
811,889,2022-12-07 06:26:13,paid,apple_pay,United States,Sydney
812,1486,2020-09-07 09:59:08,shipped,credit_card,United States,Madrid
813,1821,2021-10-16 16:43:04,paid,apple_pay,France,Melbourne
814,1355,2024-08-21 06:39:37,shipped,paypal,Canada,Madrid
815,1559,2024-03-16 16:25:19,paid,credit_card,Spain,Paris
816,1347,2020-10-23 06:38:59,paid,paypal,Netherlands,Paris
817,1445,2022-08-01 19:43:50,cancelled,apple_pay,France,Amsterdam
818,15,2022-01-16 07:46:12,paid,apple_pay,Italy,Berlin
819,1142,2024-01-07 03:24:18,cancelled,paypal,Italy,Madrid
820,908,2020-02-26 00:23:26,pending,credit_card,United Kingdom,Madrid
821,1595,2023-03-13 13:13:55,paid,google_pay,Canada,Los Angeles
822,1876,2021-10-06 21:27:44,shipped,credit_card,France,Amsterdam
823,1936,2024-07-05 11:10:48,shipped,paypal,Germany,Sydney
824,1442,2021-05-05 02:06:00,cancelled,bank_transfer,United Kingdom,Berlin
825,1511,2023-03-12 05:54:19,paid,apple_pay,Spain,Madrid
826,54,2023-11-20 08:31:13,pending,bank_transfer,Netherlands,Los Angeles
827,1596,2024-04-28 19:02:43,refunded,credit_card,Germany,New York
828,1455,2022-08-31 22:15:48,paid,bank_transfer,United Kingdom,Toronto
829,195,2020-12-08 22:29:39,paid,apple_pay,France,Amsterdam
830,1947,2024-11-10 20:48:21,paid,google_pay,France,Mumbai
831,1962,2020-12-06 03:11:50,paid,google_pay,United States,Paris
832,1354,2023-09-07 22:13:23,paid,paypal,United Kingdom,Chicago
833,1588,2024-04-20 02:21:26,paid,google_pay,Canada,Bangalore
834,209,2023-12-11 21:23:57,pending,apple_pay,Italy,New York
835,695,2020-09-26 06:51:19,shipped,bank_transfer,Germany,Melbourne
836,45,2023-11-13 18:23:00,paid,credit_card,Germany,New York
837,1897,2022-08-14 18:08:05,pending,paypal,United Kingdom,Mumbai
838,1317,2024-02-24 08:58:07,paid,credit_card,Australia,Melbourne
839,1046,2022-08-20 23:08:02,paid,credit_card,Germany,New York
840,186,2020-05-05 21:12:21,paid,apple_pay,Spain,Melbourne
841,1042,2021-11-25 11:28:55,shipped,google_pay,Australia,Los Angeles
842,1170,2021-01-20 12:47:49,shipped,paypal,United Kingdom,Bangalore
843,19,2020-07-12 21:55:07,shipped,apple_pay,France,New York
844,461,2024-11-01 05:09:20,paid,credit_card,Germany,Sydney
845,1469,2023-12-22 04:41:28,paid,paypal,United States,Paris
846,1030,2024-12-07 16:35:56,paid,google_pay,Canada,Rome
847,722,2020-01-31 03:40:58,shipped,credit_card,India,Rome
848,1267,2024-09-03 15:56:41,paid,google_pay,Italy,Toronto
849,1408,2020-10-21 18:36:38,shipped,bank_transfer,Australia,Toronto
850,525,2022-06-26 10:02:28,shipped,bank_transfer,India,Toronto
851,413,2021-09-20 11:30:51,cancelled,google_pay,Spain,Toronto
852,1972,2024-10-02 18:20:34,pending,google_pay,Netherlands,Toronto
853,684,2022-09-02 04:12:33,paid,credit_card,United Kingdom,Chicago
854,389,2021-12-25 17:06:45,shipped,credit_card,Australia,Sydney
855,118,2024-08-10 23:47:38,shipped,apple_pay,Italy,New York
856,513,2024-02-16 22:45:59,cancelled,credit_card,United Kingdom,Bangalore
857,540,2021-12-12 23:03:00,paid,apple_pay,Germany,London
858,767,2024-03-22 13:33:59,paid,credit_card,Australia,Melbourne
859,1181,2023-10-13 06:35:55,paid,bank_transfer,France,Rome
860,1918,2024-02-09 01:37:27,shipped,apple_pay,United Kingdom,Sydney
861,721,2021-10-21 15:04:21,paid,bank_transfer,United Kingdom,Madrid
862,1173,2020-10-02 12:14:24,paid,apple_pay,United Kingdom,Amsterdam
863,1175,2020-08-17 14:27:45,shipped,bank_transfer,Italy,Toronto
864,122,2023-06-20 00:50:06,paid,apple_pay,Germany,Amsterdam
865,1251,2020-03-28 09:57:07,cancelled,apple_pay,Spain,Vancouver
866,1627,2024-10-15 09:49:24,cancelled,bank_transfer,Germany,Paris
867,887,2024-10-06 18:03:04,paid,google_pay,Australia,Sydney
868,854,2022-11-23 18:01:47,refunded,credit_card,France,Paris
869,866,2020-09-17 18:47:36,pending,paypal,Canada,Mumbai
870,1565,2023-09-19 14:49:18,paid,bank_transfer,Germany,Rome
871,397,2024-08-23 01:22:35,refunded,bank_transfer,Germany,Amsterdam
872,209,2022-10-24 22:08:56,pending,apple_pay,Netherlands,Rome
873,910,2023-07-21 17:15:29,cancelled,apple_pay,France,New York
874,173,2022-06-11 01:40:07,shipped,google_pay,Spain,Berlin
875,689,2023-05-30 21:08:41,paid,google_pay,Australia,Chicago
876,1009,2024-08-27 11:25:09,paid,paypal,Canada,New York
877,803,2023-05-16 12:28:52,paid,paypal,Canada,Chicago
878,373,2022-11-18 02:56:27,cancelled,paypal,Canada,Chicago
879,529,2023-08-21 15:13:27,paid,paypal,United Kingdom,Melbourne
880,1743,2024-10-15 02:50:10,paid,google_pay,United States,Toronto
881,1106,2020-10-16 18:48:37,refunded,credit_card,Canada,Rome
882,367,2020-02-09 16:09:54,refunded,bank_transfer,Netherlands,Rome
883,1452,2024-02-16 03:03:46,shipped,credit_card,Canada,Vancouver
884,140,2020-02-22 16:56:05,cancelled,bank_transfer,Spain,Paris
885,1494,2021-09-23 08:54:58,shipped,google_pay,Spain,Melbourne
886,1181,2020-07-12 07:36:46,refunded,google_pay,France,Vancouver
887,300,2021-02-14 20:45:04,paid,bank_transfer,Italy,Berlin
888,1813,2024-12-12 04:41:09,refunded,google_pay,United Kingdom,New York
889,307,2021-11-05 11:25:08,cancelled,bank_transfer,Spain,Berlin
890,1733,2021-07-13 06:33:12,pending,google_pay,India,Berlin
891,1570,2022-06-20 03:49:03,paid,apple_pay,Italy,Bangalore
892,787,2021-10-08 01:18:35,paid,google_pay,Netherlands,Madrid
893,1214,2024-09-16 10:31:28,paid,apple_pay,Germany,Berlin
894,644,2022-10-13 05:56:40,paid,bank_transfer,Canada,Berlin
895,745,2024-02-24 15:35:12,paid,bank_transfer,United Kingdom,Paris
896,425,2024-12-04 10:38:23,paid,credit_card,Germany,Chicago
897,751,2024-09-16 10:31:52,cancelled,paypal,France,London
898,887,2024-12-22 10:05:50,paid,bank_transfer,Canada,Madrid
899,832,2024-06-05 16:15:22,pending,paypal,Italy,Chicago
900,435,2024-03-22 02:56:11,paid,apple_pay,Italy,Berlin
901,1065,2021-02-26 11:38:07,paid,paypal,Italy,Rome
902,1186,2021-03-14 06:15:24,shipped,paypal,Spain,London
903,1695,2020-04-22 15:09:16,refunded,google_pay,Netherlands,Mumbai
904,819,2020-11-15 21:00:41,cancelled,paypal,United States,Paris
905,514,2020-01-27 03:56:39,paid,apple_pay,Netherlands,Los Angeles
906,177,2024-11-15 23:42:16,shipped,google_pay,United States,Berlin
907,347,2022-08-16 03:50:19,pending,bank_transfer,Canada,London
908,196,2024-07-15 09:56:19,paid,paypal,United States,Mumbai
909,1248,2023-03-04 10:43:20,shipped,paypal,Canada,London
910,1143,2020-06-16 00:31:43,paid,credit_card,Germany,Sydney
911,570,2020-08-01 15:03:28,paid,bank_transfer,United Kingdom,Amsterdam
912,1338,2023-02-18 20:49:30,cancelled,bank_transfer,Australia,Vancouver
913,1842,2020-07-31 16:18:36,paid,bank_transfer,Spain,Toronto
914,913,2022-07-13 20:26:50,paid,bank_transfer,Canada,Melbourne
915,1833,2023-05-02 06:25:19,paid,credit_card,Canada,Mumbai
916,1997,2023-12-03 07:09:37,pending,credit_card,Germany,Amsterdam
917,1639,2021-06-12 19:46:42,paid,apple_pay,United States,Sydney
918,289,2022-09-23 23:36:53,shipped,google_pay,France,Sydney
919,1695,2024-05-21 23:49:39,paid,credit_card,Italy,Madrid
920,1995,2023-06-29 10:50:57,shipped,paypal,Netherlands,Bangalore
921,1029,2022-06-20 12:22:59,paid,google_pay,Netherlands,Amsterdam
922,737,2020-07-10 12:18:21,cancelled,credit_card,Germany,Berlin
923,108,2021-01-09 06:25:51,paid,credit_card,France,Madrid
924,485,2022-03-04 19:59:57,shipped,paypal,India,New York
925,754,2022-05-13 22:38:11,paid,apple_pay,United States,Toronto
926,998,2023-08-12 23:26:19,paid,paypal,India,Chicago
927,1189,2022-06-24 19:17:43,pending,apple_pay,Canada,Mumbai
928,397,2023-05-13 21:10:54,shipped,bank_transfer,France,Sydney
929,1793,2020-10-13 04:37:07,shipped,google_pay,Germany,Sydney
930,611,2023-02-15 01:28:09,paid,paypal,Spain,Chicago
931,547,2022-07-10 12:54:05,refunded,paypal,Netherlands,Toronto
932,388,2020-08-11 18:47:49,paid,bank_transfer,United States,Melbourne
933,7,2023-02-06 01:56:38,paid,bank_transfer,Australia,New York
934,1505,2023-03-26 19:40:58,shipped,google_pay,Netherlands,Rome
935,887,2023-03-20 11:31:13,refunded,credit_card,Germany,Paris
936,1520,2021-12-20 21:55:33,shipped,paypal,United Kingdom,Paris
937,1776,2023-02-17 03:48:08,paid,google_pay,Spain,Toronto
938,1001,2024-02-18 09:04:27,paid,bank_transfer,Canada,Toronto
939,1714,2022-03-14 16:59:22,shipped,credit_card,Italy,Toronto
940,1664,2020-10-25 19:29:29,shipped,apple_pay,Germany,Paris
941,448,2021-03-18 12:36:34,shipped,bank_transfer,Spain,Los Angeles
942,238,2023-04-24 12:09:22,refunded,google_pay,United States,Mumbai
943,996,2024-01-22 09:13:30,pending,paypal,France,Los Angeles
944,1594,2022-02-04 14:49:01,pending,google_pay,France,Melbourne
945,505,2023-04-09 23:49:07,shipped,google_pay,France,Amsterdam
946,1192,2022-10-28 11:36:54,shipped,google_pay,Spain,Bangalore
947,487,2024-06-10 04:44:08,paid,credit_card,India,Bangalore
948,1957,2023-08-30 21:07:45,paid,apple_pay,Canada,Amsterdam
949,663,2023-07-14 12:16:23,cancelled,paypal,France,Chicago
950,1992,2022-08-31 00:13:43,shipped,credit_card,Spain,Los Angeles
951,47,2021-02-01 12:40:54,paid,credit_card,United Kingdom,Bangalore
952,117,2021-03-26 00:13:40,paid,bank_transfer,Australia,Paris
953,1603,2023-03-07 02:40:41,paid,paypal,Spain,Los Angeles
954,9,2021-10-22 09:09:10,shipped,credit_card,United States,London
955,1674,2021-03-27 17:22:35,shipped,bank_transfer,Spain,Vancouver
956,1841,2023-11-27 00:19:36,pending,google_pay,Canada,Rome
957,753,2022-08-25 19:13:04,pending,google_pay,Canada,Mumbai
958,1515,2020-12-15 19:29:02,paid,credit_card,Canada,New York
959,605,2020-05-14 16:32:04,shipped,bank_transfer,Germany,Amsterdam
960,384,2021-03-28 18:50:06,pending,credit_card,Spain,Rome
961,796,2021-09-04 12:58:27,pending,paypal,Australia,Mumbai
962,1042,2021-08-23 23:30:13,paid,bank_transfer,United Kingdom,Bangalore
963,1191,2020-04-14 12:41:16,paid,bank_transfer,France,Sydney
964,1716,2021-09-24 04:11:41,refunded,paypal,India,Los Angeles
965,340,2023-03-10 19:25:20,pending,google_pay,India,Rome
966,1987,2024-06-03 12:37:50,paid,paypal,Spain,Madrid
967,1487,2024-10-30 18:06:07,pending,paypal,United States,Berlin
968,912,2021-05-03 05:54:49,shipped,paypal,France,Paris
969,716,2021-12-06 21:15:26,shipped,google_pay,United Kingdom,Bangalore
970,57,2023-02-23 03:46:42,shipped,paypal,Netherlands,Berlin
971,811,2020-11-22 00:33:30,cancelled,credit_card,United Kingdom,Melbourne
972,1521,2024-10-10 16:45:03,shipped,bank_transfer,Netherlands,Vancouver
973,488,2021-01-31 08:08:40,shipped,google_pay,United Kingdom,Los Angeles
974,1717,2021-08-13 03:03:02,paid,apple_pay,Canada,Vancouver
975,1654,2020-06-08 14:12:23,paid,credit_card,Spain,Toronto
976,1157,2024-04-23 11:05:56,paid,paypal,Canada,Rome
977,1441,2020-07-22 07:17:39,paid,bank_transfer,Canada,Vancouver
978,1504,2023-04-30 13:12:43,pending,paypal,France,Toronto
979,517,2024-11-17 07:03:41,cancelled,apple_pay,France,Vancouver
980,1412,2021-02-07 18:14:23,paid,apple_pay,Spain,Chicago
981,966,2020-07-21 21:42:23,cancelled,bank_transfer,Netherlands,Chicago
982,1567,2022-01-04 22:44:20,pending,bank_transfer,Netherlands,Paris
983,2,2023-01-04 22:11:08,cancelled,paypal,Spain,Mumbai
984,1894,2021-06-17 01:20:19,paid,credit_card,Italy,Los Angeles
985,595,2021-11-10 21:07:54,paid,google_pay,United Kingdom,Chicago
986,1357,2024-04-23 17:09:37,cancelled,apple_pay,Australia,New York
987,838,2021-08-12 03:37:36,paid,apple_pay,United States,Rome
988,1942,2020-10-23 18:41:02,paid,bank_transfer,Italy,Vancouver
989,1447,2023-08-07 21:15:36,paid,bank_transfer,United Kingdom,Amsterdam
990,1348,2024-08-31 09:37:30,pending,bank_transfer,Italy,Berlin
991,449,2024-01-30 14:06:56,paid,apple_pay,Canada,Toronto
992,1145,2024-11-22 04:02:05,cancelled,apple_pay,India,Los Angeles
993,992,2020-05-26 01:12:12,cancelled,bank_transfer,Netherlands,Mumbai
994,482,2020-08-30 05:32:49,cancelled,google_pay,Canada,Madrid
995,797,2020-03-04 05:41:50,refunded,bank_transfer,United States,Los Angeles
996,90,2023-10-26 19:42:18,paid,google_pay,Italy,Chicago
997,1487,2020-05-14 15:24:40,shipped,google_pay,Germany,Sydney
998,1498,2020-07-04 07:46:54,paid,credit_card,Canada,Bangalore
999,139,2024-07-31 04:13:41,paid,apple_pay,Netherlands,Vancouver
1000,197,2022-04-12 04:55:25,refunded,paypal,Spain,London
1001,25,2023-02-19 01:57:28,paid,bank_transfer,Netherlands,Los Angeles
1002,29,2021-01-13 21:18:05,cancelled,google_pay,Canada,Rome
1003,1831,2021-07-15 21:57:29,pending,apple_pay,Spain,Sydney
1004,1484,2023-08-23 14:15:54,paid,apple_pay,Australia,Vancouver
1005,1953,2021-05-31 07:58:19,paid,google_pay,Netherlands,Vancouver
1006,1267,2024-04-06 05:43:02,paid,google_pay,Canada,Los Angeles
1007,1417,2020-06-19 17:39:18,paid,bank_transfer,United States,Chicago
1008,405,2024-04-26 20:34:36,paid,credit_card,United Kingdom,Vancouver
1009,264,2021-12-01 08:27:50,pending,google_pay,France,Amsterdam
1010,1562,2024-04-22 13:26:26,shipped,paypal,Italy,Toronto
1011,348,2020-02-18 22:35:38,paid,credit_card,Australia,Vancouver
1012,1380,2024-09-12 03:33:04,refunded,credit_card,United Kingdom,New York
1013,307,2023-12-05 11:30:16,cancelled,google_pay,India,Madrid
1014,1794,2020-04-16 08:58:18,shipped,bank_transfer,Italy,Vancouver
1015,1060,2024-03-22 09:59:02,paid,apple_pay,United Kingdom,Toronto
1016,203,2021-05-13 23:56:03,paid,credit_card,United Kingdom,Sydney
1017,289,2024-10-23 11:47:15,paid,google_pay,Netherlands,Bangalore
1018,843,2021-06-24 10:24:12,paid,apple_pay,United States,Rome
1019,67,2022-05-10 13:56:41,shipped,bank_transfer,Netherlands,Madrid
1020,1096,2024-07-14 07:00:49,shipped,google_pay,Australia,Sydney
1021,600,2020-07-01 18:55:50,paid,google_pay,United States,Berlin
1022,1385,2022-10-04 15:13:41,pending,google_pay,Netherlands,Vancouver
1023,242,2020-10-06 10:48:54,cancelled,credit_card,Spain,Madrid
1024,1359,2020-09-23 08:24:19,shipped,credit_card,Germany,Toronto
1025,1220,2023-07-14 09:17:58,shipped,apple_pay,Germany,Vancouver
1026,1885,2020-01-04 15:32:09,paid,bank_transfer,France,Madrid
1027,1059,2021-11-24 22:40:50,shipped,bank_transfer,Australia,Berlin
1028,1291,2022-06-24 08:35:27,paid,paypal,United States,Los Angeles
1029,1853,2024-01-08 17:33:10,cancelled,apple_pay,Spain,Bangalore
1030,927,2024-10-21 03:55:20,refunded,credit_card,France,Melbourne
1031,1332,2022-08-22 12:04:13,paid,paypal,Netherlands,Berlin
1032,1514,2022-06-02 06:12:31,paid,paypal,Australia,Chicago
1033,198,2024-07-24 01:48:13,paid,google_pay,Netherlands,Berlin
1034,262,2024-04-23 08:18:07,paid,google_pay,Canada,Bangalore
1035,196,2024-03-15 18:30:45,paid,google_pay,India,Melbourne
1036,417,2024-10-23 15:28:27,pending,google_pay,Canada,Chicago
1037,1917,2020-01-07 05:41:11,refunded,apple_pay,Germany,Chicago
1038,1835,2023-01-22 06:04:49,paid,apple_pay,Spain,New York
1039,1510,2023-09-02 09:16:33,cancelled,credit_card,Netherlands,London
1040,1141,2021-01-04 18:17:35,pending,apple_pay,Italy,Madrid
1041,1939,2024-06-23 21:06:19,paid,bank_transfer,Spain,Vancouver
1042,1169,2021-11-07 12:50:04,paid,google_pay,Canada,Sydney
1043,1898,2022-06-18 12:09:00,pending,bank_transfer,Netherlands,New York
1044,546,2021-03-06 02:04:56,paid,paypal,United Kingdom,Vancouver
1045,1551,2022-07-27 08:48:54,pending,paypal,Italy,Berlin
1046,1888,2020-01-05 01:50:18,cancelled,bank_transfer,Netherlands,Los Angeles
1047,669,2023-03-21 16:43:27,shipped,paypal,Spain,Toronto
1048,206,2024-11-20 11:17:21,paid,credit_card,France,Bangalore
1049,1946,2022-09-27 20:36:10,shipped,credit_card,United Kingdom,New York
1050,795,2020-01-21 08:44:07,cancelled,google_pay,India,Berlin
1051,1990,2021-03-02 08:18:48,paid,apple_pay,France,Amsterdam
1052,1619,2021-11-01 00:51:15,refunded,bank_transfer,United Kingdom,Mumbai
1053,996,2023-03-18 00:56:16,paid,paypal,Australia,Chicago
1054,146,2022-05-20 13:11:12,shipped,apple_pay,Spain,Berlin
1055,666,2020-04-14 08:09:46,paid,apple_pay,Canada,Rome
1056,1117,2022-12-05 00:28:36,shipped,bank_transfer,Germany,Toronto
1057,1763,2021-12-28 19:28:55,shipped,paypal,United Kingdom,Sydney
1058,1077,2020-08-12 20:44:36,refunded,google_pay,Canada,Berlin
1059,2000,2020-05-12 12:33:27,cancelled,apple_pay,Netherlands,Vancouver
1060,257,2023-11-26 15:49:45,shipped,paypal,Australia,Amsterdam
1061,1663,2023-11-25 12:45:30,shipped,apple_pay,United Kingdom,Madrid
1062,789,2022-04-17 08:46:00,refunded,credit_card,Netherlands,Chicago
1063,868,2024-03-03 05:33:45,cancelled,paypal,Italy,Vancouver
1064,703,2024-04-30 15:47:27,paid,google_pay,United States,Bangalore
1065,903,2022-06-29 17:31:07,refunded,credit_card,Netherlands,Toronto
1066,796,2024-01-23 07:54:06,shipped,google_pay,Canada,Vancouver
1067,855,2020-02-07 15:57:03,refunded,google_pay,France,Rome
1068,159,2022-09-23 06:29:51,refunded,credit_card,Australia,London
1069,1831,2024-09-18 11:22:26,shipped,credit_card,United States,Los Angeles
1070,1619,2024-12-01 01:58:37,refunded,credit_card,Australia,Paris
1071,1294,2023-10-08 11:23:57,shipped,google_pay,Spain,Melbourne
1072,1747,2022-11-11 19:37:42,paid,bank_transfer,India,Vancouver
1073,1681,2022-10-22 22:05:31,refunded,paypal,Italy,Rome
1074,1331,2021-06-25 17:31:46,paid,paypal,India,Berlin
1075,551,2020-02-15 07:07:02,paid,google_pay,Canada,Berlin
1076,745,2023-08-07 10:03:19,paid,paypal,United States,New York
1077,375,2023-07-19 22:46:59,cancelled,paypal,France,Los Angeles
1078,386,2021-05-16 06:37:28,paid,paypal,Canada,Sydney
1079,919,2023-12-16 03:16:07,shipped,credit_card,Australia,Berlin
1080,5,2023-06-12 02:19:02,refunded,credit_card,Australia,Madrid
1081,1533,2021-08-28 17:29:19,refunded,paypal,Canada,Rome
1082,1115,2024-02-06 12:02:27,paid,paypal,United Kingdom,Melbourne
1083,810,2021-03-30 19:56:36,cancelled,google_pay,United Kingdom,Paris
1084,242,2020-07-21 20:46:02,cancelled,bank_transfer,Spain,Toronto
1085,1507,2021-10-23 06:15:03,shipped,credit_card,France,Amsterdam
1086,128,2020-03-07 05:21:06,cancelled,paypal,Australia,New York
1087,1258,2021-09-18 07:29:59,refunded,apple_pay,Germany,Mumbai
1088,939,2022-05-30 22:28:58,cancelled,paypal,Spain,Los Angeles
1089,1697,2020-11-28 21:28:29,paid,credit_card,Australia,Bangalore
1090,156,2022-08-12 13:05:49,paid,apple_pay,Germany,Amsterdam
1091,1345,2021-03-06 16:02:29,paid,paypal,India,Bangalore
1092,309,2024-06-15 21:10:00,paid,paypal,Netherlands,Sydney
1093,638,2020-08-30 15:51:03,paid,bank_transfer,Canada,Paris
1094,1594,2024-09-06 05:13:40,paid,credit_card,France,Vancouver
1095,1925,2021-12-05 09:56:24,paid,paypal,United States,New York
1096,434,2023-06-05 19:42:39,shipped,paypal,France,London
1097,1642,2022-08-01 10:16:49,shipped,credit_card,France,Sydney
1098,1203,2021-03-24 04:40:21,cancelled,google_pay,United States,Sydney
1099,895,2023-10-04 00:54:04,paid,paypal,Australia,Sydney
1100,338,2020-07-25 03:58:35,paid,google_pay,Italy,Vancouver
1101,1077,2024-04-20 12:52:45,paid,bank_transfer,Germany,Amsterdam
1102,908,2024-12-29 05:22:26,shipped,google_pay,Italy,Mumbai
1103,630,2023-05-12 04:07:09,paid,paypal,Spain,Rome
1104,1895,2020-04-25 06:28:09,refunded,paypal,United Kingdom,London
1105,285,2024-08-05 14:59:40,paid,google_pay,United Kingdom,Melbourne
1106,634,2024-05-09 16:14:12,paid,apple_pay,Netherlands,Rome
1107,1452,2021-10-13 20:41:46,shipped,credit_card,Canada,Toronto
1108,42,2020-06-09 04:51:04,paid,credit_card,Australia,Chicago
1109,91,2021-05-26 22:38:32,pending,google_pay,United States,Vancouver
1110,1237,2021-01-19 13:48:07,shipped,bank_transfer,Spain,Paris
1111,1522,2021-04-12 05:11:08,cancelled,credit_card,Canada,Bangalore
1112,23,2021-12-28 18:10:32,pending,credit_card,France,Amsterdam
1113,586,2024-09-02 17:06:18,shipped,bank_transfer,Spain,Madrid
1114,1543,2022-10-20 05:29:27,shipped,apple_pay,India,London
1115,799,2023-07-15 13:28:13,cancelled,credit_card,Australia,Madrid
1116,966,2020-05-16 04:48:27,refunded,google_pay,United States,Berlin
1117,1478,2024-01-17 22:36:43,paid,credit_card,Australia,London
1118,1130,2021-05-07 20:43:44,shipped,bank_transfer,Australia,Berlin
1119,457,2023-11-22 03:47:52,shipped,google_pay,India,Chicago
1120,1630,2023-07-03 18:56:28,cancelled,credit_card,Australia,New York
1121,1117,2022-04-09 23:28:06,paid,apple_pay,Germany,Chicago
1122,513,2023-02-13 13:58:46,paid,apple_pay,India,Paris
1123,1728,2023-11-24 15:52:11,paid,apple_pay,Germany,Chicago
1124,228,2024-06-16 02:00:58,paid,credit_card,Spain,Chicago
1125,1529,2022-12-12 16:53:41,pending,apple_pay,India,Mumbai
1126,630,2021-12-22 04:13:45,cancelled,google_pay,Netherlands,Bangalore
1127,120,2024-09-26 23:57:04,pending,apple_pay,United Kingdom,Amsterdam
1128,586,2022-11-30 01:30:34,cancelled,bank_transfer,United States,Bangalore
1129,1203,2020-01-05 05:07:38,shipped,bank_transfer,India,Melbourne
1130,402,2020-05-14 07:02:34,paid,paypal,United States,Amsterdam
1131,1469,2020-10-10 17:51:49,refunded,credit_card,Italy,Mumbai
1132,1020,2021-06-30 08:37:26,cancelled,google_pay,Canada,Bangalore
1133,110,2024-05-01 01:55:11,cancelled,bank_transfer,Spain,Vancouver
1134,1285,2023-12-11 02:55:05,paid,apple_pay,Italy,Melbourne
1135,1938,2023-10-06 00:23:54,cancelled,credit_card,France,London
1136,1646,2021-04-06 16:30:36,shipped,google_pay,Canada,Bangalore
1137,671,2024-10-31 17:10:44,paid,google_pay,Italy,New York
1138,1295,2024-04-30 15:17:48,shipped,google_pay,India,Melbourne
1139,329,2022-12-24 08:59:43,shipped,google_pay,Netherlands,Los Angeles
1140,1509,2023-12-25 10:45:13,pending,credit_card,Spain,London
1141,132,2020-09-07 00:36:59,paid,credit_card,United States,Sydney
1142,1362,2021-05-22 09:04:13,pending,paypal,Netherlands,Mumbai
1143,1760,2022-02-23 15:43:36,pending,paypal,Netherlands,Toronto
1144,1797,2020-09-22 21:06:07,cancelled,apple_pay,India,Amsterdam
1145,1826,2024-03-07 14:51:15,shipped,paypal,Canada,Mumbai
1146,919,2022-05-21 14:41:01,shipped,credit_card,Germany,Mumbai
1147,1577,2022-05-22 01:00:15,paid,credit_card,Italy,Sydney
1148,838,2021-11-28 17:10:43,paid,google_pay,Spain,Sydney
1149,555,2021-09-20 19:14:20,paid,credit_card,United States,Madrid
1150,1151,2022-04-14 09:27:19,refunded,bank_transfer,France,Rome
1151,1627,2024-04-26 18:35:36,paid,paypal,United Kingdom,Madrid
1152,30,2023-01-25 15:41:59,refunded,google_pay,France,Los Angeles
1153,296,2022-07-16 18:38:39,shipped,paypal,Germany,Vancouver
1154,176,2020-08-11 15:37:52,paid,google_pay,India,Mumbai
1155,1094,2021-06-16 14:56:33,paid,bank_transfer,France,Amsterdam
1156,599,2022-08-04 05:36:48,paid,credit_card,Australia,Melbourne
1157,841,2022-06-26 14:36:49,paid,bank_transfer,Spain,Melbourne
1158,16,2024-01-28 11:18:09,pending,google_pay,Spain,Berlin
1159,1378,2020-09-28 19:45:04,shipped,google_pay,India,London
1160,126,2021-09-01 15:14:59,shipped,credit_card,France,Chicago
1161,1204,2023-05-19 23:56:34,cancelled,paypal,United Kingdom,Amsterdam
1162,774,2024-02-03 11:59:43,cancelled,paypal,Italy,Melbourne
1163,931,2020-01-08 14:21:15,paid,google_pay,Italy,New York
1164,1686,2024-12-29 16:32:51,shipped,paypal,United Kingdom,Sydney
1165,860,2021-08-16 12:13:45,paid,apple_pay,Netherlands,Bangalore
1166,1417,2024-03-04 16:02:33,paid,bank_transfer,Spain,Amsterdam
1167,1423,2022-03-09 18:05:18,cancelled,google_pay,Australia,Paris
1168,1952,2021-03-25 16:15:41,refunded,paypal,Australia,Bangalore
1169,1816,2023-06-21 21:38:05,cancelled,apple_pay,France,Vancouver
1170,1542,2022-08-24 07:48:34,paid,apple_pay,Canada,Los Angeles
1171,1472,2021-10-20 07:07:01,paid,google_pay,Netherlands,Vancouver
1172,1753,2022-08-02 12:35:48,shipped,credit_card,United Kingdom,Los Angeles
1173,1863,2024-12-02 00:59:00,shipped,paypal,Australia,Rome
1174,213,2024-07-06 05:31:48,cancelled,apple_pay,Spain,Rome
1175,838,2023-08-04 16:31:45,paid,apple_pay,Italy,Melbourne
1176,1050,2024-02-09 03:31:56,paid,bank_transfer,India,Bangalore
1177,320,2023-01-02 07:25:26,shipped,paypal,France,Toronto
1178,1366,2024-10-25 02:23:59,pending,credit_card,Germany,Toronto
1179,1855,2024-12-02 20:40:27,paid,credit_card,France,Paris
1180,1846,2024-06-19 04:21:35,refunded,credit_card,United States,Mumbai
1181,1836,2022-01-06 18:48:18,paid,paypal,India,New York
1182,1150,2021-09-24 18:13:17,paid,google_pay,France,Los Angeles
1183,996,2024-11-27 18:50:49,shipped,google_pay,United Kingdom,Rome
1184,1470,2021-08-12 12:16:00,refunded,credit_card,Australia,Los Angeles
1185,1098,2020-08-29 22:46:32,paid,paypal,United Kingdom,Melbourne
1186,132,2020-07-13 21:12:06,paid,bank_transfer,Canada,Toronto
1187,489,2024-06-19 22:31:53,cancelled,google_pay,Italy,Sydney
1188,993,2024-02-19 09:08:41,pending,google_pay,Australia,Mumbai
1189,1873,2020-01-08 18:09:34,shipped,bank_transfer,Australia,Sydney
1190,492,2021-05-02 21:31:55,cancelled,apple_pay,United Kingdom,London
1191,1872,2024-09-08 22:15:40,paid,google_pay,Spain,Los Angeles
1192,1077,2020-04-04 14:35:33,refunded,apple_pay,India,Bangalore
1193,1485,2021-03-28 01:57:58,shipped,paypal,Germany,Paris
1194,637,2021-03-09 09:41:12,paid,credit_card,Italy,Paris
1195,1944,2020-10-28 01:55:25,shipped,paypal,Italy,Mumbai
1196,368,2024-04-25 08:40:50,shipped,google_pay,Spain,Vancouver
1197,61,2024-04-18 17:13:28,pending,credit_card,Italy,Toronto
1198,369,2021-08-09 10:47:16,cancelled,credit_card,India,Bangalore
1199,1902,2021-03-16 12:04:58,paid,paypal,Canada,Madrid
1200,1658,2021-09-16 17:58:48,shipped,bank_transfer,France,Sydney
1201,1241,2023-01-22 06:03:20,shipped,google_pay,India,Paris
1202,1109,2023-07-14 16:13:48,cancelled,bank_transfer,Australia,Amsterdam
1203,1138,2023-12-03 19:43:03,paid,google_pay,Germany,Amsterdam
1204,866,2020-09-09 22:53:31,cancelled,google_pay,Canada,New York
1205,1264,2024-02-26 07:06:25,shipped,google_pay,Spain,Vancouver
1206,1921,2024-02-23 01:25:25,shipped,google_pay,United Kingdom,Rome
1207,1321,2020-09-29 18:19:51,shipped,google_pay,Spain,Madrid
1208,415,2020-11-09 04:15:41,paid,google_pay,Australia,Paris
1209,1934,2022-12-06 04:08:57,paid,bank_transfer,United States,Madrid
1210,917,2020-08-14 09:08:00,refunded,paypal,France,Los Angeles
1211,54,2022-03-13 02:36:38,refunded,apple_pay,Spain,Sydney
1212,1271,2023-07-21 18:21:05,shipped,google_pay,Australia,Melbourne
1213,585,2024-02-02 12:54:30,paid,paypal,Canada,Chicago
1214,1303,2020-01-02 06:15:31,shipped,apple_pay,Italy,Chicago
1215,1396,2024-02-27 12:00:14,paid,credit_card,Netherlands,Mumbai
1216,1336,2022-12-14 13:19:16,paid,paypal,Netherlands,Mumbai
1217,1924,2022-06-09 06:25:50,pending,apple_pay,Germany,Paris
1218,145,2022-11-18 08:59:43,cancelled,bank_transfer,Germany,Paris
1219,646,2021-02-18 13:08:13,cancelled,paypal,Germany,Sydney
1220,1318,2022-01-25 16:50:31,paid,bank_transfer,Italy,Amsterdam
1221,1842,2024-05-31 05:54:05,pending,credit_card,Canada,Bangalore
1222,380,2020-06-08 02:32:29,shipped,credit_card,Italy,Bangalore
1223,432,2021-11-09 21:43:45,paid,google_pay,Italy,London
1224,616,2022-02-09 21:31:41,refunded,bank_transfer,United States,Rome
1225,1631,2024-11-05 08:55:56,shipped,credit_card,Canada,Amsterdam
1226,1581,2024-10-13 16:31:46,paid,credit_card,Germany,Chicago
1227,527,2023-07-06 10:02:38,paid,google_pay,Spain,Melbourne
1228,387,2023-01-18 02:46:11,paid,bank_transfer,Canada,Chicago
1229,484,2022-01-09 07:46:54,shipped,paypal,Australia,New York
1230,840,2020-06-20 05:45:07,paid,google_pay,Australia,Sydney
1231,1221,2021-03-28 04:45:14,shipped,credit_card,Italy,Sydney
1232,313,2020-11-01 20:54:11,paid,paypal,France,Bangalore
1233,664,2022-01-27 08:30:33,pending,credit_card,Canada,London
1234,1028,2021-07-10 06:39:53,cancelled,apple_pay,United States,Melbourne
1235,1227,2022-04-07 07:09:31,shipped,apple_pay,United States,Sydney
1236,1575,2022-11-10 23:04:43,pending,google_pay,United States,Berlin
1237,1,2024-09-24 16:55:26,shipped,paypal,Australia,Mumbai
1238,1507,2024-11-23 20:56:47,refunded,bank_transfer,Germany,Madrid
1239,270,2020-07-27 08:04:41,pending,paypal,India,Paris
1240,1547,2020-01-16 18:48:54,shipped,google_pay,Netherlands,Berlin
1241,11,2023-09-14 18:20:45,paid,credit_card,United Kingdom,Los Angeles
1242,162,2021-06-03 21:12:46,shipped,bank_transfer,Germany,Chicago
1243,1501,2022-05-29 16:23:55,paid,bank_transfer,Australia,Melbourne
1244,1459,2023-09-13 14:15:15,shipped,apple_pay,Germany,Bangalore
1245,1646,2020-01-22 04:07:20,shipped,paypal,Australia,Rome
1246,283,2021-02-20 19:11:38,cancelled,credit_card,United States,Chicago
1247,1334,2022-04-08 00:51:43,paid,apple_pay,United Kingdom,Los Angeles
1248,382,2022-10-01 23:25:57,shipped,bank_transfer,Italy,Paris
1249,725,2022-05-30 05:51:41,paid,credit_card,Germany,Amsterdam
1250,1499,2021-10-03 21:41:09,pending,paypal,Netherlands,London
1251,943,2021-04-06 14:49:39,refunded,paypal,Canada,Sydney
1252,46,2023-10-19 04:18:04,refunded,paypal,Australia,Bangalore
1253,207,2020-01-16 18:54:12,cancelled,bank_transfer,United Kingdom,Amsterdam
1254,1318,2023-01-11 03:04:26,shipped,apple_pay,Germany,Berlin
1255,1008,2022-07-25 20:31:30,shipped,bank_transfer,United Kingdom,Vancouver
1256,290,2024-09-12 22:36:00,shipped,credit_card,Italy,Bangalore
1257,1789,2021-08-18 23:42:16,pending,paypal,Italy,Amsterdam
1258,1888,2024-01-06 15:07:10,paid,credit_card,Netherlands,Paris
1259,1425,2024-08-15 06:52:39,cancelled,paypal,United Kingdom,Sydney
1260,1165,2020-09-05 12:44:07,paid,bank_transfer,Australia,Mumbai
1261,190,2022-04-24 04:32:55,shipped,credit_card,United Kingdom,London
1262,1285,2023-11-21 02:00:36,shipped,apple_pay,India,Rome
1263,1914,2020-01-02 19:15:33,paid,bank_transfer,India,Melbourne
1264,1989,2024-10-11 13:45:02,paid,credit_card,Canada,Mumbai
1265,1787,2020-10-03 13:34:26,paid,paypal,United Kingdom,Madrid
1266,1585,2024-01-27 23:07:53,paid,google_pay,United States,Madrid
1267,694,2020-11-16 15:02:33,paid,apple_pay,Australia,Rome
1268,559,2023-04-26 04:23:58,cancelled,paypal,Australia,Mumbai
1269,1355,2023-05-16 15:08:21,shipped,paypal,India,Vancouver
1270,1206,2022-11-24 16:53:25,paid,credit_card,India,Bangalore
1271,1279,2024-04-25 18:48:17,shipped,apple_pay,Italy,Vancouver
1272,878,2022-07-05 00:58:26,paid,bank_transfer,United Kingdom,Madrid
1273,237,2023-09-23 11:37:08,paid,google_pay,Canada,Berlin
1274,1957,2024-06-22 01:37:52,pending,bank_transfer,Canada,Berlin
1275,800,2021-04-27 09:24:40,paid,bank_transfer,Netherlands,Madrid
1276,1366,2021-06-26 03:34:26,paid,bank_transfer,United States,Bangalore
1277,1795,2020-07-05 23:04:29,pending,google_pay,United Kingdom,London
1278,729,2023-01-10 07:08:35,cancelled,paypal,United States,New York
1279,1758,2024-08-16 01:13:23,pending,credit_card,Spain,Vancouver
1280,529,2020-03-16 08:00:46,shipped,apple_pay,Germany,Bangalore
1281,28,2022-10-01 09:02:24,shipped,google_pay,Spain,Berlin
1282,906,2021-07-06 06:45:19,shipped,bank_transfer,Italy,Rome
1283,571,2022-03-11 15:48:29,shipped,apple_pay,Canada,London
1284,1795,2021-09-16 05:14:34,paid,credit_card,Spain,Melbourne
1285,1205,2024-06-13 12:38:55,paid,apple_pay,United States,Chicago
1286,137,2024-01-11 23:46:52,paid,paypal,Netherlands,Vancouver
1287,1382,2022-01-16 19:46:10,cancelled,credit_card,United Kingdom,Madrid
1288,242,2023-06-25 05:47:40,pending,credit_card,Canada,Rome
1289,1160,2022-11-27 16:08:29,cancelled,google_pay,Netherlands,Los Angeles
1290,69,2021-07-03 23:23:03,paid,google_pay,United Kingdom,Sydney
1291,1556,2022-05-19 12:01:37,shipped,credit_card,Spain,Paris
1292,1414,2023-12-18 07:20:54,shipped,google_pay,United Kingdom,Chicago
1293,342,2024-05-15 14:23:26,paid,bank_transfer,Spain,Toronto
1294,605,2024-04-02 05:55:18,refunded,google_pay,Italy,Mumbai
1295,609,2024-12-06 03:46:53,cancelled,bank_transfer,Germany,Bangalore
1296,1403,2021-02-05 23:30:55,paid,bank_transfer,France,Melbourne
1297,442,2020-08-29 09:41:01,paid,google_pay,United States,Bangalore
1298,18,2024-04-24 09:20:13,paid,apple_pay,United Kingdom,Sydney
1299,1568,2024-10-07 08:28:14,shipped,paypal,Germany,Paris
1300,1834,2020-04-30 13:51:38,refunded,bank_transfer,Germany,New York
1301,1294,2024-09-28 21:00:36,refunded,credit_card,Spain,New York
1302,121,2021-04-08 04:21:50,cancelled,apple_pay,United States,Chicago
1303,1769,2023-07-30 06:19:04,shipped,credit_card,United Kingdom,Melbourne
1304,1622,2021-03-12 16:02:29,shipped,apple_pay,Canada,Rome
1305,227,2023-02-06 03:27:24,paid,apple_pay,United States,Rome
1306,92,2021-12-26 13:41:10,paid,credit_card,Australia,Bangalore
1307,419,2022-12-07 11:59:44,paid,bank_transfer,Canada,New York
1308,575,2023-02-09 02:29:36,paid,google_pay,Germany,Sydney
1309,349,2022-03-11 05:01:14,shipped,paypal,Australia,Mumbai
1310,476,2020-03-15 20:29:19,paid,credit_card,Italy,Toronto
1311,662,2021-12-12 12:57:09,cancelled,google_pay,United States,Chicago
1312,1126,2021-02-06 21:57:24,paid,credit_card,France,Toronto
1313,811,2021-05-13 10:22:12,paid,paypal,Australia,London
1314,1096,2023-11-08 04:47:14,cancelled,apple_pay,Germany,Rome
1315,1318,2024-06-23 00:00:05,cancelled,credit_card,Netherlands,Vancouver
1316,435,2022-09-04 01:10:59,paid,paypal,Spain,Madrid
1317,911,2021-10-25 17:06:29,shipped,google_pay,United Kingdom,Vancouver
1318,623,2021-04-28 20:47:39,refunded,credit_card,India,Bangalore
1319,363,2023-01-11 03:46:21,paid,bank_transfer,Australia,Bangalore
1320,1427,2021-02-17 16:50:03,pending,paypal,Germany,Madrid
1321,1061,2023-10-19 21:20:05,cancelled,bank_transfer,Italy,New York
1322,340,2023-09-08 20:02:42,paid,credit_card,France,Sydney
1323,1780,2022-04-20 01:00:54,paid,credit_card,France,Melbourne
1324,49,2021-01-18 02:19:09,paid,paypal,Germany,Paris
1325,1837,2024-05-21 21:41:02,paid,credit_card,Netherlands,New York
1326,1390,2023-09-17 15:40:32,paid,credit_card,Germany,Amsterdam
1327,739,2021-11-08 05:24:06,paid,credit_card,United Kingdom,Rome
1328,1905,2020-09-30 06:06:23,shipped,google_pay,France,Mumbai
1329,1595,2023-10-09 07:20:31,paid,apple_pay,Canada,London
1330,1834,2022-09-23 18:11:55,shipped,google_pay,France,London
1331,1899,2023-07-09 02:15:34,paid,apple_pay,Italy,Bangalore
1332,1147,2023-02-01 18:32:50,shipped,apple_pay,France,Chicago
1333,152,2022-12-21 15:57:15,pending,apple_pay,Germany,Bangalore
1334,1605,2022-09-16 03:19:06,paid,google_pay,Germany,Rome
1335,918,2024-04-03 00:23:42,paid,apple_pay,France,Berlin
1336,1799,2022-05-25 04:50:24,shipped,google_pay,United Kingdom,London
1337,520,2023-10-02 21:54:13,paid,google_pay,France,London
1338,692,2022-03-07 01:46:42,paid,credit_card,France,Amsterdam
1339,240,2022-03-31 12:03:26,paid,google_pay,Canada,London
1340,1103,2024-10-11 23:09:55,shipped,bank_transfer,Spain,Berlin
1341,1160,2021-09-13 10:43:37,shipped,credit_card,Spain,Amsterdam
1342,914,2021-11-02 16:44:34,shipped,credit_card,Italy,Bangalore
1343,270,2022-02-16 16:00:52,cancelled,bank_transfer,United Kingdom,Vancouver
1344,663,2022-10-09 20:40:19,paid,credit_card,France,Rome
1345,1003,2021-11-12 16:40:16,refunded,bank_transfer,France,London
1346,990,2020-06-20 04:38:47,refunded,credit_card,United States,Toronto
1347,615,2023-05-24 23:05:09,shipped,paypal,India,Toronto
1348,908,2023-11-21 22:30:40,paid,credit_card,France,Vancouver
1349,1381,2024-11-10 09:21:01,refunded,bank_transfer,Germany,Amsterdam
1350,1331,2023-06-23 17:35:18,shipped,paypal,Netherlands,Madrid
1351,1881,2024-11-12 01:35:59,shipped,google_pay,United Kingdom,Paris
1352,122,2023-08-17 13:33:40,paid,bank_transfer,United Kingdom,Bangalore
1353,814,2024-04-22 17:42:44,paid,credit_card,United States,Bangalore
1354,1732,2020-10-16 18:26:01,shipped,bank_transfer,Spain,Paris
1355,1485,2024-08-27 12:51:43,cancelled,apple_pay,Italy,London
1356,1233,2023-09-18 17:41:17,shipped,credit_card,India,Paris
1357,1233,2020-02-14 21:48:35,shipped,paypal,Netherlands,New York
1358,549,2021-02-20 13:20:31,paid,bank_transfer,India,New York
1359,997,2020-10-04 01:49:03,paid,credit_card,Spain,Sydney
1360,1777,2024-11-05 20:25:40,paid,bank_transfer,Spain,Sydney
1361,219,2020-11-22 03:50:16,refunded,bank_transfer,Canada,Vancouver
1362,1621,2022-08-01 16:05:12,cancelled,apple_pay,Canada,London
1363,1639,2020-05-13 23:14:53,paid,paypal,Germany,Chicago
1364,1470,2022-09-01 02:57:14,paid,paypal,United Kingdom,Chicago
1365,1779,2024-11-13 13:29:26,paid,apple_pay,Canada,Melbourne
1366,1480,2020-08-13 16:47:05,cancelled,paypal,Spain,London
1367,1557,2024-10-10 09:36:15,cancelled,bank_transfer,Australia,Paris
1368,997,2021-02-17 07:47:03,cancelled,apple_pay,Canada,London
1369,618,2024-07-27 08:10:26,pending,credit_card,United Kingdom,Bangalore
1370,177,2023-04-23 21:44:59,shipped,credit_card,Italy,Toronto
1371,996,2023-11-11 04:55:36,paid,paypal,United Kingdom,Bangalore
1372,1186,2024-09-13 19:13:33,cancelled,bank_transfer,Italy,Chicago
1373,1981,2020-02-29 19:18:16,paid,paypal,India,Berlin
1374,60,2020-09-28 06:09:26,paid,credit_card,Germany,Madrid
1375,1727,2021-11-17 13:01:51,paid,apple_pay,Australia,Sydney
1376,1751,2022-05-23 01:06:37,paid,apple_pay,United States,Toronto
1377,1991,2022-10-25 00:07:00,refunded,bank_transfer,India,Paris
1378,1004,2020-08-30 08:03:07,paid,credit_card,Canada,Rome
1379,1721,2020-03-05 10:42:10,refunded,credit_card,Spain,Vancouver
1380,91,2024-02-28 00:04:39,pending,paypal,United Kingdom,Los Angeles
1381,1320,2023-04-30 04:11:09,paid,google_pay,Netherlands,Bangalore
1382,861,2020-12-24 06:11:20,refunded,google_pay,United Kingdom,Vancouver
1383,1673,2023-12-10 18:33:41,shipped,google_pay,France,Mumbai
1384,954,2024-01-16 20:30:31,paid,google_pay,Italy,Mumbai
1385,265,2022-04-02 15:00:11,shipped,bank_transfer,Germany,Chicago
1386,1152,2024-11-28 18:30:32,paid,paypal,Italy,Madrid
1387,299,2023-02-06 11:22:55,cancelled,google_pay,Australia,Toronto
1388,1726,2021-03-10 04:05:33,paid,bank_transfer,Australia,Amsterdam
1389,1977,2020-08-13 09:18:34,paid,bank_transfer,Spain,London
1390,1916,2024-11-12 20:41:38,paid,paypal,United Kingdom,Vancouver
1391,495,2022-11-08 07:48:26,shipped,credit_card,United Kingdom,Madrid
1392,1166,2021-01-09 20:53:48,paid,apple_pay,Canada,Bangalore
1393,547,2022-06-23 18:35:52,paid,google_pay,Australia,London
1394,1508,2022-05-04 09:43:23,paid,google_pay,Germany,Berlin
1395,1067,2023-12-06 18:22:19,shipped,paypal,Spain,Berlin
1396,1235,2021-06-13 05:01:59,shipped,apple_pay,Germany,Amsterdam
1397,645,2021-01-28 18:26:29,cancelled,bank_transfer,Netherlands,Chicago
1398,1200,2021-08-14 04:13:00,paid,credit_card,United Kingdom,Madrid
1399,1249,2022-06-01 16:02:11,pending,credit_card,Netherlands,New York
1400,790,2024-09-08 10:54:40,paid,paypal,Germany,London
1401,88,2024-12-27 01:47:54,paid,google_pay,United Kingdom,Amsterdam
1402,204,2020-07-09 21:16:04,paid,bank_transfer,Italy,Rome
1403,1469,2024-12-19 10:35:24,pending,paypal,United Kingdom,Melbourne
1404,1645,2024-11-14 13:24:13,shipped,credit_card,Canada,Bangalore
1405,1071,2020-05-02 18:51:53,paid,credit_card,Spain,London
1406,536,2020-05-24 10:34:09,paid,google_pay,Australia,Mumbai
1407,708,2022-09-06 08:48:06,paid,google_pay,India,Paris
1408,600,2023-06-18 22:01:51,cancelled,paypal,Netherlands,Sydney
1409,77,2024-11-09 14:47:55,paid,credit_card,Australia,Rome
1410,1139,2021-03-27 13:32:29,paid,bank_transfer,Spain,Berlin
1411,1435,2022-04-18 01:13:00,refunded,google_pay,Spain,Paris
1412,1283,2022-02-07 09:11:17,shipped,paypal,United States,Vancouver
1413,643,2022-05-19 22:42:08,shipped,credit_card,India,Los Angeles
1414,258,2024-01-04 18:53:16,pending,bank_transfer,India,Melbourne
1415,1310,2022-03-18 16:57:56,cancelled,bank_transfer,Germany,Mumbai
1416,1416,2021-03-24 01:30:08,cancelled,google_pay,United States,Mumbai
1417,40,2022-01-24 02:40:13,shipped,credit_card,India,Toronto
1418,1954,2020-10-30 05:23:08,paid,bank_transfer,Spain,Mumbai
1419,826,2024-06-17 15:53:53,refunded,apple_pay,United States,Bangalore
1420,1039,2020-10-31 08:30:11,shipped,google_pay,France,Chicago
1421,694,2020-10-20 18:58:31,pending,bank_transfer,Canada,Paris
1422,160,2024-01-30 18:28:27,shipped,apple_pay,United States,Madrid
1423,1918,2021-04-23 12:06:12,paid,apple_pay,France,Madrid
1424,1616,2023-03-19 07:28:50,pending,credit_card,France,Bangalore
1425,1664,2022-05-23 19:20:18,paid,apple_pay,France,London
1426,687,2024-01-24 20:46:22,paid,paypal,Canada,Berlin
1427,597,2021-08-29 23:09:50,paid,paypal,United States,Sydney
1428,1199,2020-11-18 01:42:25,paid,credit_card,Spain,Bangalore
1429,1879,2022-01-04 18:56:07,shipped,credit_card,United Kingdom,Sydney
1430,1739,2024-09-01 11:41:22,paid,credit_card,Australia,Bangalore
1431,1925,2024-04-28 08:29:00,paid,google_pay,United States,Rome
1432,490,2020-08-12 00:54:16,shipped,apple_pay,Germany,Los Angeles
1433,1939,2024-02-09 04:32:22,paid,credit_card,India,Rome
1434,1389,2020-05-01 09:25:08,paid,apple_pay,Canada,Sydney
1435,408,2021-09-03 03:19:12,cancelled,bank_transfer,Netherlands,Sydney
1436,1732,2024-01-11 18:32:39,refunded,credit_card,Netherlands,Madrid
1437,1416,2022-12-22 20:37:25,pending,google_pay,Netherlands,Mumbai
1438,619,2021-07-05 11:22:08,paid,paypal,Netherlands,New York
1439,39,2021-04-14 19:10:38,refunded,credit_card,Italy,Toronto
1440,1584,2022-12-27 11:48:44,paid,bank_transfer,United States,Bangalore
1441,1463,2024-02-18 15:07:30,pending,google_pay,United Kingdom,Paris
1442,770,2021-02-27 07:24:42,pending,credit_card,Netherlands,Los Angeles
1443,1449,2021-05-13 13:34:22,shipped,apple_pay,Australia,London
1444,121,2021-04-22 05:23:02,shipped,google_pay,Germany,Melbourne
1445,1163,2023-08-08 12:53:24,cancelled,paypal,Canada,London
1446,1278,2021-03-25 16:49:38,cancelled,credit_card,Canada,Mumbai
1447,1960,2020-05-08 22:52:01,paid,paypal,Italy,Sydney
1448,1242,2020-06-15 10:55:26,paid,bank_transfer,Australia,Mumbai
1449,47,2024-11-04 15:25:50,pending,credit_card,Spain,London
1450,619,2024-08-20 05:15:16,shipped,bank_transfer,United Kingdom,Paris
1451,315,2021-07-06 23:23:28,shipped,apple_pay,Spain,Melbourne
1452,1910,2022-08-19 22:18:51,cancelled,google_pay,Australia,Vancouver
1453,407,2020-07-10 08:23:12,shipped,google_pay,Netherlands,Melbourne
1454,249,2023-09-30 13:17:45,shipped,google_pay,United Kingdom,Sydney
1455,1047,2021-09-03 04:58:37,shipped,apple_pay,United States,Sydney
1456,1290,2022-12-22 08:54:28,paid,credit_card,Spain,Berlin
1457,1950,2024-09-02 10:05:36,shipped,bank_transfer,France,Mumbai
1458,1125,2023-03-23 20:56:38,shipped,bank_transfer,India,Madrid
1459,872,2024-07-13 13:21:54,cancelled,apple_pay,United States,Berlin
1460,1231,2023-09-04 03:07:46,paid,apple_pay,Italy,London
1461,597,2024-02-10 20:12:21,shipped,google_pay,Canada,London
1462,1758,2022-05-16 07:52:19,shipped,credit_card,Netherlands,Rome
1463,901,2023-07-15 12:15:16,paid,google_pay,United States,Bangalore
1464,1871,2023-06-25 08:36:38,cancelled,credit_card,Canada,London
1465,1104,2022-11-05 06:38:51,pending,bank_transfer,Germany,Los Angeles
1466,1607,2020-10-13 07:55:48,paid,google_pay,United States,Vancouver
1467,1527,2021-08-23 21:28:05,shipped,apple_pay,India,Toronto
1468,1005,2021-10-08 23:58:20,shipped,credit_card,Australia,Paris
1469,1868,2022-01-28 15:05:58,cancelled,google_pay,Germany,Berlin
1470,1865,2021-04-14 12:29:06,pending,google_pay,Australia,Vancouver
1471,863,2024-02-26 17:51:55,cancelled,google_pay,Germany,Toronto
1472,1103,2021-04-02 14:38:38,paid,bank_transfer,Canada,Mumbai
1473,1879,2022-03-08 18:25:38,shipped,bank_transfer,Australia,London
1474,1452,2023-02-25 12:20:40,paid,paypal,India,Paris
1475,1499,2020-07-09 19:29:20,shipped,bank_transfer,Netherlands,Chicago
1476,828,2020-10-14 03:26:48,shipped,bank_transfer,United Kingdom,Chicago
1477,1364,2020-09-30 21:02:25,paid,paypal,Australia,Madrid
1478,225,2020-04-29 12:18:47,shipped,apple_pay,Australia,Los Angeles
1479,612,2021-04-26 05:31:39,paid,paypal,Canada,Los Angeles
1480,1045,2022-05-14 19:54:33,refunded,google_pay,India,Bangalore
1481,4,2021-04-04 08:46:02,shipped,bank_transfer,Netherlands,London
1482,1295,2022-09-15 17:37:18,cancelled,google_pay,Germany,New York
1483,1808,2021-08-05 17:56:16,shipped,apple_pay,India,Amsterdam
1484,1797,2024-10-14 04:13:40,paid,credit_card,Canada,Vancouver
1485,1738,2021-11-26 22:47:00,shipped,bank_transfer,United States,Sydney
1486,549,2024-02-14 21:15:52,refunded,google_pay,Australia,Sydney
1487,400,2024-09-05 07:33:45,shipped,bank_transfer,United States,Chicago
1488,1384,2024-11-05 10:55:52,paid,google_pay,India,Madrid
1489,1248,2024-11-27 10:22:26,paid,google_pay,Italy,Paris
1490,1310,2022-08-11 21:46:27,paid,bank_transfer,India,London
1491,1163,2024-07-24 00:26:35,pending,credit_card,Australia,Berlin
1492,579,2022-12-14 20:13:35,paid,bank_transfer,Italy,London
1493,308,2024-10-22 21:52:32,shipped,google_pay,Spain,London
1494,194,2021-12-05 14:11:14,paid,paypal,United States,Sydney
1495,1838,2020-12-06 02:20:25,refunded,google_pay,Netherlands,Bangalore
1496,717,2021-07-24 21:03:43,refunded,google_pay,United Kingdom,New York
1497,1472,2021-01-23 01:06:05,paid,paypal,United Kingdom,Berlin
1498,1005,2021-04-20 12:56:41,paid,google_pay,Australia,Toronto
1499,734,2023-07-24 01:23:41,paid,bank_transfer,United Kingdom,Amsterdam
1500,369,2024-08-31 11:59:58,paid,bank_transfer,India,Berlin
1501,1504,2020-10-16 11:08:27,refunded,bank_transfer,Germany,Berlin
1502,58,2022-10-15 11:02:26,paid,google_pay,Spain,Paris
1503,291,2020-02-13 06:58:45,refunded,bank_transfer,Australia,London
1504,350,2023-12-09 04:49:55,cancelled,google_pay,Canada,Madrid
1505,1469,2020-01-27 14:23:31,cancelled,credit_card,France,Bangalore
1506,531,2022-12-10 04:21:22,paid,google_pay,United States,London
1507,1320,2024-11-16 09:50:10,shipped,bank_transfer,Australia,Chicago
1508,802,2021-05-22 18:50:55,paid,bank_transfer,Spain,Mumbai
1509,1948,2022-02-06 05:30:18,shipped,apple_pay,France,Bangalore
1510,648,2022-08-26 07:57:37,paid,google_pay,United States,Vancouver
1511,774,2024-06-13 17:46:08,shipped,apple_pay,Italy,New York
1512,1304,2020-09-28 19:33:20,paid,google_pay,United Kingdom,Chicago
1513,315,2023-02-28 17:52:26,refunded,credit_card,United Kingdom,Amsterdam
1514,1539,2021-06-29 02:05:45,shipped,bank_transfer,United States,Rome
1515,494,2021-09-04 01:07:50,pending,google_pay,Netherlands,Amsterdam
1516,662,2023-11-15 12:18:05,paid,bank_transfer,United States,New York
1517,1689,2020-04-28 16:27:29,paid,credit_card,Netherlands,New York
1518,539,2022-12-15 20:46:17,paid,paypal,Germany,Toronto
1519,1278,2023-06-10 01:44:40,refunded,google_pay,Spain,Paris
1520,393,2024-09-22 10:22:01,shipped,credit_card,Australia,Mumbai
1521,1487,2023-04-02 13:30:38,shipped,bank_transfer,Germany,Toronto
1522,1648,2023-07-21 13:47:10,shipped,credit_card,Germany,Vancouver
1523,1167,2022-09-30 10:14:49,cancelled,paypal,India,Madrid
1524,895,2020-10-23 06:19:15,paid,apple_pay,Netherlands,Chicago
1525,819,2024-06-12 01:58:12,shipped,credit_card,Canada,New York
1526,709,2022-12-10 12:45:00,paid,paypal,Netherlands,London
1527,1819,2021-04-22 09:18:07,shipped,paypal,France,Mumbai
1528,182,2022-12-04 17:44:21,refunded,paypal,United Kingdom,Bangalore
1529,1511,2021-07-04 06:21:10,paid,paypal,Australia,Amsterdam
1530,1758,2022-10-19 19:03:01,paid,bank_transfer,Spain,Amsterdam
1531,22,2023-05-18 04:59:43,cancelled,bank_transfer,Netherlands,Amsterdam
1532,1313,2022-07-29 07:46:19,shipped,google_pay,Canada,Mumbai
1533,1586,2021-01-24 03:34:50,paid,credit_card,France,London
1534,1262,2024-07-30 23:27:57,shipped,paypal,Italy,Berlin
1535,1976,2021-05-06 05:45:10,shipped,credit_card,France,Chicago
1536,1463,2024-12-02 15:01:50,shipped,google_pay,United States,Chicago
1537,1662,2023-12-12 21:21:17,paid,credit_card,India,Paris
1538,1105,2020-03-26 01:22:39,shipped,paypal,Australia,Paris
1539,772,2023-02-18 01:34:31,paid,apple_pay,United Kingdom,Amsterdam
1540,211,2024-06-15 05:49:44,shipped,google_pay,Canada,Bangalore
1541,1809,2024-06-19 00:28:28,paid,credit_card,Australia,Amsterdam
1542,789,2021-06-21 14:03:54,paid,credit_card,France,Mumbai
1543,254,2023-09-08 12:10:31,paid,apple_pay,France,Berlin
1544,999,2021-01-12 02:45:32,refunded,bank_transfer,France,Mumbai
1545,821,2024-11-26 13:59:17,shipped,credit_card,Canada,Paris
1546,5,2023-11-02 03:33:57,paid,paypal,Italy,Toronto
1547,647,2023-10-07 21:05:03,pending,bank_transfer,India,Rome
1548,1351,2023-01-31 22:30:59,cancelled,apple_pay,India,Madrid
1549,928,2023-10-22 04:10:18,pending,credit_card,Netherlands,New York
1550,898,2020-02-26 22:09:43,cancelled,bank_transfer,Netherlands,Sydney
1551,951,2020-02-06 21:26:12,shipped,credit_card,Spain,Paris
1552,1785,2021-02-19 09:33:33,shipped,apple_pay,Canada,New York
1553,832,2022-11-16 14:19:47,refunded,paypal,Spain,Amsterdam
1554,29,2023-11-04 00:39:49,refunded,credit_card,United States,Paris
1555,1622,2021-12-28 12:58:04,pending,bank_transfer,Germany,Los Angeles
1556,376,2024-02-02 06:35:02,shipped,paypal,France,Paris
1557,1876,2020-11-01 02:30:53,shipped,paypal,United Kingdom,Paris
1558,166,2020-05-22 09:41:52,paid,credit_card,United Kingdom,Chicago
1559,261,2020-10-10 04:52:59,paid,apple_pay,India,Paris
1560,1278,2022-04-19 06:07:31,pending,apple_pay,United States,Rome
1561,219,2024-01-24 08:47:11,cancelled,bank_transfer,Netherlands,Rome
1562,172,2020-05-11 11:25:27,refunded,apple_pay,Canada,Los Angeles
1563,1641,2022-05-16 05:49:01,cancelled,paypal,Canada,London
1564,604,2020-09-06 07:56:58,shipped,google_pay,United States,London
1565,1769,2024-05-01 01:43:09,paid,google_pay,Italy,Chicago
1566,1975,2021-01-06 09:57:08,paid,bank_transfer,Spain,Sydney
1567,231,2021-03-24 22:43:04,cancelled,google_pay,India,Amsterdam
1568,393,2020-06-11 09:02:22,paid,paypal,Netherlands,Berlin
1569,536,2023-02-06 22:31:24,shipped,apple_pay,Germany,Mumbai
1570,1564,2023-08-15 17:03:58,shipped,apple_pay,Germany,New York
1571,1861,2023-03-14 06:07:24,cancelled,paypal,France,Los Angeles
1572,1536,2020-11-15 04:40:46,shipped,google_pay,France,Vancouver
1573,1060,2020-03-25 10:23:37,paid,paypal,France,Amsterdam
1574,797,2023-11-30 23:28:48,shipped,google_pay,France,Melbourne
1575,370,2022-12-18 11:40:27,pending,credit_card,Australia,London
1576,129,2021-03-11 08:10:00,cancelled,apple_pay,Italy,Amsterdam
1577,697,2023-12-25 09:42:58,shipped,google_pay,Germany,Toronto
1578,1449,2021-12-31 05:10:05,shipped,paypal,Italy,Los Angeles
1579,205,2021-12-15 10:55:43,pending,apple_pay,Canada,Vancouver
1580,1251,2024-05-19 15:23:08,pending,google_pay,United States,Berlin
1581,372,2020-12-20 22:29:30,paid,apple_pay,United States,Rome
1582,366,2020-04-25 02:35:35,shipped,google_pay,Netherlands,Toronto
1583,681,2021-10-10 01:56:53,paid,credit_card,Italy,Chicago
1584,1029,2024-09-27 11:21:58,paid,bank_transfer,Germany,Paris
1585,564,2020-06-10 03:01:44,paid,google_pay,Spain,Vancouver
1586,261,2020-02-12 11:09:01,shipped,apple_pay,Germany,Sydney
1587,430,2020-04-14 02:29:28,paid,apple_pay,United Kingdom,Berlin
1588,653,2022-01-21 06:45:16,refunded,paypal,Australia,London
1589,1398,2023-12-22 17:46:39,shipped,paypal,Germany,Sydney
1590,1491,2023-06-17 15:36:54,pending,google_pay,United States,Sydney
1591,1246,2021-12-12 21:49:40,refunded,bank_transfer,France,Sydney
1592,1280,2022-03-09 10:27:26,shipped,apple_pay,France,Los Angeles
1593,1781,2021-01-21 12:35:05,refunded,apple_pay,Australia,Madrid
1594,371,2022-07-01 15:45:09,paid,apple_pay,Canada,Rome
1595,1775,2023-11-12 23:09:03,shipped,credit_card,Italy,Paris
1596,1649,2020-02-29 19:40:54,shipped,apple_pay,Canada,Mumbai
1597,1460,2020-03-09 08:00:32,refunded,apple_pay,Germany,Bangalore
1598,48,2022-11-01 11:17:17,paid,paypal,Netherlands,Melbourne
1599,1327,2024-09-11 06:00:59,paid,paypal,India,Bangalore
1600,861,2024-04-29 08:59:44,cancelled,paypal,Australia,Melbourne
1601,1640,2023-08-30 08:47:51,paid,apple_pay,Australia,Amsterdam
1602,1903,2024-10-30 12:16:10,shipped,credit_card,Australia,Madrid
1603,984,2022-01-07 09:34:35,cancelled,paypal,United Kingdom,London
1604,567,2021-10-26 12:08:00,paid,apple_pay,Australia,London
1605,74,2024-04-28 13:03:47,paid,bank_transfer,France,Toronto
1606,1687,2023-12-04 08:20:08,paid,paypal,Italy,Sydney
1607,58,2021-11-01 11:29:11,paid,credit_card,Italy,Vancouver
1608,964,2023-12-21 12:47:53,cancelled,paypal,Italy,Sydney
1609,1901,2023-11-14 11:14:40,paid,bank_transfer,Netherlands,Paris
1610,1332,2023-10-28 20:19:00,paid,apple_pay,India,Bangalore
1611,1577,2023-08-08 00:47:14,paid,google_pay,India,Rome
1612,489,2022-11-17 02:19:30,cancelled,credit_card,Spain,New York
1613,1377,2024-05-13 20:11:52,paid,bank_transfer,United Kingdom,Toronto
1614,944,2023-12-11 06:35:28,shipped,paypal,Australia,Vancouver
1615,421,2023-01-21 05:32:07,cancelled,apple_pay,United States,Paris
1616,1510,2024-07-16 17:13:23,shipped,bank_transfer,United States,Los Angeles
1617,166,2024-09-13 05:56:16,cancelled,apple_pay,Italy,Amsterdam
1618,1085,2023-12-13 08:22:30,shipped,bank_transfer,France,Los Angeles
1619,1137,2020-03-20 17:02:07,paid,bank_transfer,France,Amsterdam
1620,162,2020-11-01 23:23:25,paid,paypal,Spain,Los Angeles
1621,104,2021-11-06 21:37:45,paid,bank_transfer,United States,Melbourne
1622,1732,2023-05-24 14:40:12,paid,bank_transfer,France,Sydney
1623,1258,2021-11-23 00:48:35,refunded,bank_transfer,Canada,Amsterdam
1624,1222,2023-10-12 07:12:11,paid,bank_transfer,United States,Amsterdam
1625,491,2024-11-07 16:31:21,shipped,bank_transfer,India,Vancouver
1626,589,2021-01-06 13:50:35,paid,apple_pay,Netherlands,London
1627,673,2020-06-12 21:16:56,paid,credit_card,Italy,Chicago
1628,1511,2021-05-03 12:22:53,cancelled,google_pay,Germany,Sydney
1629,447,2023-01-18 18:56:09,paid,apple_pay,Canada,Sydney
1630,239,2024-11-10 04:04:47,shipped,bank_transfer,Australia,Los Angeles
1631,1461,2020-02-29 05:09:41,refunded,credit_card,France,Sydney
1632,1432,2023-04-11 09:07:35,shipped,credit_card,India,Vancouver
1633,674,2021-08-10 07:33:50,refunded,bank_transfer,India,Madrid
1634,1642,2023-11-17 03:17:02,refunded,google_pay,Spain,Rome
1635,1820,2023-11-17 11:45:24,refunded,bank_transfer,India,Sydney
1636,65,2024-01-31 19:51:54,refunded,bank_transfer,Germany,Berlin
1637,1989,2020-03-18 15:34:13,paid,google_pay,Australia,Berlin
1638,862,2022-11-12 03:47:05,paid,apple_pay,Canada,Sydney
1639,910,2020-04-16 17:36:12,shipped,google_pay,India,Toronto
1640,1701,2021-08-10 22:15:52,paid,apple_pay,United Kingdom,Amsterdam
1641,646,2023-02-10 01:24:07,shipped,google_pay,Canada,Madrid
1642,1106,2022-05-11 00:26:07,paid,bank_transfer,Netherlands,Sydney
1643,1595,2024-05-09 08:39:35,shipped,google_pay,Australia,New York
1644,993,2022-02-19 08:15:44,paid,bank_transfer,United Kingdom,Bangalore
1645,1900,2023-07-03 12:27:15,paid,apple_pay,Australia,Chicago
1646,1845,2020-03-10 02:15:46,cancelled,bank_transfer,Spain,Sydney
1647,1143,2022-02-09 22:53:56,paid,paypal,France,Rome
1648,79,2024-01-15 03:27:02,cancelled,apple_pay,Germany,Madrid
1649,320,2022-05-24 18:55:57,pending,google_pay,United States,Chicago
1650,1075,2022-07-12 19:48:35,refunded,google_pay,United Kingdom,Bangalore
1651,576,2020-08-31 23:30:45,paid,bank_transfer,United States,Melbourne
1652,1903,2023-03-21 13:54:50,paid,apple_pay,United States,Madrid
1653,1957,2023-12-12 20:02:40,paid,google_pay,Germany,Rome
1654,1660,2021-07-15 19:06:54,shipped,bank_transfer,Netherlands,Berlin
1655,1817,2024-12-25 08:55:41,shipped,credit_card,United States,Melbourne
1656,1439,2021-11-10 14:07:11,shipped,apple_pay,Italy,Paris
1657,609,2022-01-29 09:35:57,shipped,google_pay,Australia,London
1658,1185,2022-05-19 20:47:54,paid,google_pay,Spain,Los Angeles
1659,701,2022-10-16 10:14:09,cancelled,apple_pay,France,Chicago
1660,415,2023-07-10 06:37:04,paid,google_pay,United States,Toronto
1661,641,2021-10-12 09:47:53,cancelled,paypal,United States,Chicago
1662,1076,2024-03-18 12:26:26,paid,paypal,Italy,New York
1663,938,2020-04-11 01:05:13,paid,google_pay,India,Paris
1664,683,2020-05-21 09:59:05,cancelled,credit_card,Italy,Madrid
1665,1455,2024-09-24 09:49:47,paid,paypal,Australia,Vancouver
1666,343,2024-01-11 17:50:33,paid,bank_transfer,Australia,Los Angeles
1667,41,2020-05-18 18:14:42,pending,paypal,Netherlands,Toronto
1668,1455,2020-05-02 10:00:47,paid,google_pay,France,Toronto
1669,256,2021-09-05 19:49:49,shipped,google_pay,United Kingdom,Madrid
1670,1725,2023-08-23 04:12:22,pending,bank_transfer,Spain,Amsterdam
1671,1049,2023-11-17 01:53:16,paid,google_pay,France,Vancouver
1672,962,2021-04-10 04:09:49,paid,apple_pay,United Kingdom,Amsterdam
1673,932,2024-11-20 21:18:43,paid,google_pay,France,Bangalore
1674,1667,2021-04-27 12:55:30,paid,apple_pay,Canada,Berlin
1675,115,2023-12-09 07:03:36,shipped,credit_card,Australia,Los Angeles
1676,1993,2022-12-22 22:34:08,paid,google_pay,Canada,Paris
1677,866,2020-10-18 03:58:02,cancelled,google_pay,Italy,Bangalore
1678,938,2024-09-22 13:37:00,shipped,credit_card,Canada,Amsterdam
1679,1361,2020-11-14 18:08:15,paid,bank_transfer,France,Paris
1680,1836,2020-08-15 04:32:09,cancelled,google_pay,India,London
1681,119,2024-07-27 06:33:19,cancelled,bank_transfer,France,Vancouver
1682,1216,2022-01-14 20:48:05,paid,bank_transfer,Canada,Los Angeles
1683,671,2020-04-06 22:29:14,paid,bank_transfer,Germany,Toronto
1684,1145,2022-01-16 17:04:25,paid,apple_pay,United States,Paris
1685,152,2024-10-11 07:44:20,cancelled,paypal,India,Paris
1686,1414,2023-02-11 22:16:03,refunded,bank_transfer,India,Vancouver
1687,193,2020-05-08 22:38:50,shipped,apple_pay,United States,New York
1688,318,2021-03-18 07:07:10,pending,bank_transfer,France,Amsterdam
1689,939,2020-12-30 04:56:54,refunded,bank_transfer,Spain,Berlin
1690,1972,2021-05-20 00:32:15,shipped,credit_card,India,Madrid
1691,1880,2024-10-01 22:25:18,shipped,bank_transfer,India,Chicago
1692,1209,2020-02-27 12:23:52,refunded,paypal,Australia,Paris
1693,252,2023-12-30 18:35:01,shipped,google_pay,United Kingdom,Bangalore
1694,937,2020-08-17 12:42:27,shipped,credit_card,Germany,Sydney
1695,632,2022-03-24 20:30:32,paid,credit_card,Australia,Amsterdam
1696,453,2020-01-12 23:13:09,cancelled,credit_card,Italy,Madrid
1697,1397,2022-10-01 22:12:48,shipped,paypal,Netherlands,Chicago
1698,715,2022-05-22 16:02:58,pending,paypal,India,Amsterdam
1699,892,2020-11-03 13:03:28,shipped,bank_transfer,Netherlands,Los Angeles
1700,843,2023-03-23 22:29:16,refunded,bank_transfer,India,Bangalore
1701,814,2021-01-05 22:38:04,paid,apple_pay,Netherlands,Mumbai
1702,1273,2022-10-21 06:19:46,paid,bank_transfer,India,Amsterdam
1703,717,2021-07-25 16:45:12,paid,bank_transfer,Germany,Bangalore
1704,1571,2024-07-17 09:40:33,refunded,credit_card,Canada,Sydney
1705,1497,2020-06-25 20:35:06,pending,apple_pay,India,Chicago
1706,674,2020-01-14 00:12:39,shipped,apple_pay,India,London
1707,338,2023-10-13 18:08:44,paid,credit_card,Germany,Sydney
1708,752,2021-02-05 09:44:28,shipped,bank_transfer,United Kingdom,Mumbai
1709,80,2023-12-14 20:18:09,paid,apple_pay,Netherlands,Melbourne
1710,908,2021-07-23 23:41:23,shipped,credit_card,France,Melbourne
1711,1333,2023-06-07 18:43:08,shipped,bank_transfer,France,Berlin
1712,896,2023-03-03 08:45:09,paid,credit_card,India,Bangalore
1713,571,2022-07-14 00:04:13,cancelled,paypal,United States,New York
1714,722,2022-10-18 02:14:30,shipped,apple_pay,Canada,Amsterdam
1715,1520,2022-04-19 04:47:23,shipped,credit_card,Canada,Chicago
1716,399,2022-02-06 18:10:25,pending,credit_card,United Kingdom,Melbourne
1717,387,2023-05-28 12:46:13,paid,bank_transfer,France,Melbourne
1718,1623,2020-06-26 15:00:08,pending,google_pay,Australia,Toronto
1719,150,2024-05-03 04:24:56,refunded,paypal,Germany,Sydney
1720,48,2020-12-10 23:58:11,refunded,bank_transfer,Italy,Toronto
1721,1199,2025-01-01 01:46:26,paid,credit_card,Germany,Mumbai
1722,1283,2022-09-19 09:13:35,pending,paypal,India,Paris
1723,838,2024-12-14 05:42:41,shipped,bank_transfer,Italy,Mumbai
1724,1823,2020-07-24 11:29:09,paid,apple_pay,Italy,Los Angeles
1725,939,2023-12-19 18:27:26,shipped,apple_pay,United States,Rome
1726,1334,2024-08-07 11:48:04,shipped,paypal,France,Los Angeles
1727,372,2022-07-25 22:51:12,shipped,paypal,India,Madrid
1728,1743,2023-03-04 08:52:56,shipped,paypal,United States,Sydney
1729,521,2022-02-14 00:51:21,pending,bank_transfer,Canada,Sydney
1730,784,2021-01-11 01:46:40,cancelled,credit_card,Germany,Paris
1731,79,2024-08-10 04:35:10,shipped,apple_pay,Spain,Sydney
1732,1235,2020-02-12 01:25:47,paid,google_pay,Canada,Vancouver
1733,111,2022-08-22 02:12:56,shipped,google_pay,Spain,Amsterdam
1734,1857,2020-07-31 11:23:26,pending,paypal,Italy,Melbourne
1735,1026,2023-06-30 06:50:18,shipped,paypal,Canada,Los Angeles
1736,1995,2021-06-18 10:16:18,paid,credit_card,United Kingdom,Chicago
1737,238,2023-09-18 12:32:15,paid,bank_transfer,Germany,Melbourne
1738,71,2020-09-24 23:33:16,paid,bank_transfer,United Kingdom,Rome
1739,1514,2020-06-06 06:03:53,paid,google_pay,Canada,London
1740,1547,2021-09-27 14:48:50,paid,google_pay,Netherlands,Bangalore
1741,1555,2020-07-01 04:41:05,paid,bank_transfer,United States,Berlin
1742,1917,2023-03-01 10:13:19,refunded,apple_pay,India,Melbourne
1743,1607,2021-07-21 07:01:45,shipped,paypal,Germany,London
1744,1549,2021-06-06 08:19:28,shipped,google_pay,France,Bangalore
1745,731,2023-05-09 20:55:23,pending,google_pay,France,Melbourne
1746,572,2020-08-12 03:50:40,paid,credit_card,France,Toronto
1747,439,2023-10-20 03:05:49,paid,google_pay,India,Los Angeles
1748,1484,2020-09-01 01:11:18,paid,credit_card,Spain,Madrid
1749,1041,2023-09-26 00:36:57,shipped,bank_transfer,Germany,New York
1750,1194,2021-07-18 23:33:10,shipped,credit_card,India,Melbourne
1751,229,2023-01-06 09:09:36,paid,paypal,Italy,Berlin
1752,1568,2022-01-28 12:47:34,paid,credit_card,Netherlands,Melbourne
1753,420,2023-06-15 15:25:13,shipped,apple_pay,France,Toronto
1754,736,2022-12-05 00:12:43,pending,google_pay,Italy,Madrid
1755,1515,2022-08-08 23:18:14,paid,apple_pay,Germany,Berlin
1756,1765,2023-02-08 05:24:36,paid,apple_pay,United Kingdom,New York
1757,1102,2023-06-17 13:13:52,shipped,credit_card,France,Vancouver
1758,265,2022-07-24 11:03:22,shipped,credit_card,Netherlands,Paris
1759,398,2021-01-10 20:06:17,paid,bank_transfer,France,Amsterdam
1760,848,2020-12-17 17:07:43,paid,bank_transfer,United Kingdom,Rome
1761,477,2024-01-13 22:32:20,shipped,google_pay,India,New York
1762,1772,2020-02-14 09:39:46,paid,bank_transfer,India,Vancouver
1763,1910,2023-02-26 12:36:18,pending,paypal,Australia,New York
1764,1406,2020-10-20 23:29:08,refunded,apple_pay,Canada,New York
1765,87,2022-11-25 15:42:15,cancelled,apple_pay,Italy,Rome
1766,1122,2020-08-13 03:38:57,shipped,credit_card,Italy,Toronto
1767,794,2021-11-20 15:31:16,paid,google_pay,Italy,Toronto
1768,1492,2024-11-08 08:41:45,shipped,apple_pay,India,New York
1769,1110,2022-05-03 05:14:20,shipped,paypal,Spain,Los Angeles
1770,1390,2022-05-17 03:48:56,shipped,google_pay,France,Amsterdam
1771,169,2024-07-04 01:52:42,cancelled,credit_card,Italy,Vancouver
1772,1412,2021-01-12 01:09:45,paid,apple_pay,Netherlands,Amsterdam
1773,1466,2022-02-12 16:56:00,shipped,credit_card,United States,Toronto
1774,1816,2023-02-02 00:58:47,shipped,google_pay,Germany,Berlin
1775,1319,2020-11-21 05:21:30,cancelled,paypal,France,Paris
1776,1116,2023-12-16 01:16:19,shipped,google_pay,United Kingdom,London
1777,876,2023-11-05 01:51:26,paid,google_pay,Spain,Madrid
1778,1341,2020-03-03 19:45:01,paid,credit_card,France,Vancouver
1779,188,2023-01-05 13:48:07,paid,google_pay,Italy,Madrid
1780,1658,2020-01-08 18:02:51,shipped,credit_card,India,Paris
1781,72,2021-06-24 12:25:54,shipped,credit_card,United States,Madrid
1782,1494,2021-09-25 09:24:44,shipped,apple_pay,Australia,Chicago
1783,1406,2023-11-16 22:57:58,shipped,bank_transfer,Italy,Rome
1784,50,2020-06-22 02:16:34,paid,google_pay,Australia,Madrid
1785,1793,2021-10-18 02:44:15,paid,bank_transfer,Australia,Chicago
1786,1283,2023-05-31 03:38:02,shipped,credit_card,United States,Madrid
1787,1289,2022-12-16 05:50:56,pending,google_pay,Australia,Berlin
1788,1614,2024-08-22 19:31:00,paid,apple_pay,Netherlands,Berlin
1789,123,2020-08-19 17:36:43,paid,bank_transfer,Italy,Los Angeles
1790,74,2022-09-11 12:37:05,shipped,paypal,Germany,Berlin
1791,1186,2024-05-19 11:56:54,shipped,paypal,United Kingdom,Vancouver
1792,437,2021-12-03 11:09:09,shipped,paypal,Italy,Vancouver
1793,1650,2023-07-24 04:49:19,paid,google_pay,Germany,Chicago
1794,285,2021-10-09 06:42:49,paid,apple_pay,United States,Vancouver
1795,731,2024-04-08 00:51:44,shipped,google_pay,Netherlands,Madrid
1796,108,2023-01-20 07:40:31,cancelled,bank_transfer,Italy,London
1797,1395,2023-05-16 14:38:44,paid,paypal,United Kingdom,Madrid
1798,1106,2020-09-20 05:46:23,pending,paypal,Netherlands,Berlin
1799,604,2023-06-26 04:21:57,pending,apple_pay,Canada,Vancouver
1800,780,2021-07-25 15:55:12,paid,bank_transfer,Spain,New York
1801,499,2021-05-24 12:34:56,pending,bank_transfer,United States,Mumbai
1802,151,2020-04-24 05:33:44,paid,google_pay,Italy,Bangalore
1803,1238,2021-10-21 04:32:03,shipped,paypal,Italy,Melbourne
1804,1721,2023-09-29 22:26:40,paid,google_pay,Canada,Madrid
1805,1573,2024-12-13 02:28:28,refunded,credit_card,Germany,London
1806,1407,2022-12-12 15:35:08,paid,apple_pay,France,Paris
1807,1501,2021-12-08 03:54:01,shipped,credit_card,United Kingdom,Madrid
1808,82,2021-11-18 09:20:28,paid,apple_pay,Australia,Berlin
1809,1393,2023-08-03 02:18:33,cancelled,apple_pay,Netherlands,New York
1810,1004,2020-11-13 06:57:34,cancelled,credit_card,Germany,Vancouver
1811,273,2022-11-01 21:14:05,cancelled,google_pay,India,Rome
1812,1942,2024-01-04 22:10:43,refunded,google_pay,Germany,Chicago
1813,708,2022-09-26 22:09:49,shipped,credit_card,Spain,Toronto
1814,852,2024-10-23 02:57:50,cancelled,credit_card,Australia,Sydney
1815,739,2024-04-22 10:44:42,shipped,paypal,France,Berlin
1816,562,2021-11-12 21:27:05,paid,google_pay,India,London
1817,608,2021-01-01 15:03:04,shipped,google_pay,Netherlands,Sydney
1818,1405,2020-06-27 12:55:45,pending,bank_transfer,United Kingdom,Amsterdam
1819,1205,2022-04-17 03:00:16,paid,bank_transfer,United Kingdom,Paris
1820,1503,2023-11-01 08:58:07,paid,google_pay,Spain,New York
1821,341,2023-04-19 14:07:34,shipped,paypal,Germany,Paris
1822,1062,2024-08-27 20:03:33,shipped,apple_pay,Spain,Bangalore
1823,1298,2022-03-28 05:30:01,pending,google_pay,Canada,Rome
1824,750,2023-07-14 06:26:07,pending,credit_card,United States,Toronto
1825,74,2024-04-26 15:29:44,paid,google_pay,France,Melbourne
1826,966,2021-07-21 15:57:20,paid,paypal,Netherlands,Rome
1827,1842,2022-04-21 08:49:07,paid,apple_pay,Netherlands,Berlin
1828,1094,2022-11-01 23:45:26,refunded,bank_transfer,India,Melbourne
1829,329,2022-11-23 14:23:04,pending,bank_transfer,United Kingdom,Berlin
1830,1829,2020-05-10 08:39:53,cancelled,google_pay,Spain,New York
1831,48,2022-03-01 03:51:56,paid,credit_card,United States,Los Angeles
1832,1776,2022-10-06 03:58:11,pending,bank_transfer,Germany,Vancouver
1833,1112,2021-01-15 14:03:41,paid,google_pay,Italy,Chicago
1834,365,2023-08-07 06:07:57,refunded,bank_transfer,Australia,Melbourne
1835,1259,2022-10-18 10:45:43,pending,google_pay,Italy,Paris
1836,554,2021-05-05 01:42:18,shipped,credit_card,Netherlands,Bangalore
1837,748,2022-04-27 01:48:32,cancelled,bank_transfer,Australia,Madrid
1838,1097,2023-11-19 15:18:24,shipped,google_pay,India,Rome
1839,1322,2022-04-14 00:39:37,paid,google_pay,Italy,Chicago
1840,1259,2022-06-09 14:04:10,cancelled,google_pay,Netherlands,Berlin
1841,1910,2024-08-18 05:43:44,paid,paypal,Australia,Rome
1842,424,2024-07-04 06:27:21,shipped,credit_card,Spain,Melbourne
1843,1599,2023-09-08 21:03:54,shipped,bank_transfer,Italy,Sydney
1844,1566,2021-08-02 17:17:46,shipped,bank_transfer,Germany,Bangalore
1845,1348,2023-03-31 21:33:55,shipped,apple_pay,United Kingdom,Madrid
1846,62,2020-10-13 15:04:17,paid,bank_transfer,Germany,Toronto
1847,528,2024-12-29 12:43:28,cancelled,paypal,United States,Paris
1848,358,2023-10-17 20:53:25,shipped,apple_pay,Netherlands,Vancouver
1849,1660,2023-03-08 13:11:31,cancelled,bank_transfer,Netherlands,Vancouver
1850,405,2022-11-18 08:20:32,shipped,apple_pay,Italy,Bangalore
1851,150,2023-09-19 03:51:19,paid,credit_card,India,Vancouver
1852,595,2022-10-11 15:45:35,paid,credit_card,Spain,Rome
1853,116,2021-01-08 13:47:26,paid,apple_pay,Australia,Paris
1854,496,2022-05-26 11:18:02,shipped,credit_card,Italy,Amsterdam
1855,1826,2021-07-30 12:34:45,shipped,apple_pay,Spain,Bangalore
1856,352,2021-05-24 22:38:11,shipped,bank_transfer,Canada,Rome
1857,505,2022-04-28 01:20:44,paid,apple_pay,France,Vancouver
1858,1270,2020-07-30 21:41:33,shipped,credit_card,United Kingdom,Paris
1859,203,2022-04-30 14:09:20,refunded,paypal,Canada,Los Angeles
1860,1901,2022-10-02 10:29:40,shipped,credit_card,Australia,Berlin
1861,1310,2020-06-30 01:12:42,shipped,google_pay,Germany,Los Angeles
1862,1544,2023-07-31 01:29:05,shipped,bank_transfer,United States,Bangalore
1863,1820,2023-05-16 07:36:28,cancelled,google_pay,Spain,Amsterdam
1864,1013,2024-12-09 07:11:12,shipped,apple_pay,Spain,Bangalore
1865,1431,2023-12-15 00:11:30,shipped,bank_transfer,India,Rome
1866,1966,2021-03-14 03:06:18,paid,paypal,Germany,Paris
1867,1711,2021-11-09 20:15:36,paid,google_pay,France,Sydney
1868,47,2024-09-29 15:37:19,paid,paypal,Germany,Chicago
1869,1702,2020-02-15 17:37:12,paid,google_pay,Canada,Vancouver
1870,1116,2020-09-26 00:59:08,paid,apple_pay,Australia,Rome
1871,1931,2020-07-10 13:34:58,refunded,apple_pay,India,Toronto
1872,1475,2021-09-04 20:35:07,paid,credit_card,India,London
1873,905,2020-04-21 19:14:17,shipped,apple_pay,Spain,Sydney
1874,1142,2020-10-07 06:07:09,refunded,apple_pay,Spain,Melbourne
1875,1395,2023-03-21 17:45:49,cancelled,apple_pay,United Kingdom,Melbourne
1876,1304,2022-01-07 20:46:05,paid,google_pay,India,Los Angeles
1877,1237,2023-03-16 19:30:14,paid,credit_card,Spain,Sydney
1878,1750,2023-07-13 00:12:58,paid,credit_card,Spain,Chicago
1879,635,2024-07-20 19:19:06,shipped,google_pay,Canada,Amsterdam
1880,830,2024-11-29 03:56:46,paid,paypal,Canada,Bangalore
1881,1972,2024-12-10 02:15:59,paid,credit_card,France,Amsterdam
1882,268,2021-07-20 07:32:13,paid,credit_card,Germany,Berlin
1883,1996,2023-03-01 20:10:16,paid,google_pay,Australia,Amsterdam
1884,400,2021-11-29 08:11:05,shipped,credit_card,Netherlands,Toronto
1885,505,2022-08-28 03:18:57,shipped,credit_card,Netherlands,Sydney
1886,1149,2024-03-27 13:04:02,paid,google_pay,Canada,Bangalore
1887,186,2020-05-02 18:55:47,paid,bank_transfer,Netherlands,Toronto
1888,1555,2024-07-08 14:41:26,paid,bank_transfer,Netherlands,Los Angeles
1889,1182,2024-04-04 11:39:31,shipped,paypal,United States,London
1890,878,2020-01-19 01:48:16,paid,google_pay,Australia,Paris
1891,1548,2023-06-11 10:54:33,shipped,credit_card,United States,Toronto
1892,1425,2020-11-10 17:12:11,refunded,credit_card,India,Vancouver
1893,1719,2023-03-31 00:31:50,shipped,bank_transfer,Canada,Rome
1894,501,2021-06-16 15:13:04,paid,paypal,India,Melbourne
1895,1228,2022-12-29 01:31:23,paid,google_pay,France,Chicago
1896,1367,2024-05-04 10:57:05,pending,bank_transfer,Spain,Paris
1897,1670,2020-02-26 23:14:57,cancelled,google_pay,United Kingdom,Vancouver
1898,1956,2021-01-25 15:34:22,paid,bank_transfer,United States,Paris
1899,596,2021-01-26 17:11:39,shipped,google_pay,Canada,Rome
1900,1002,2023-03-24 21:04:45,pending,bank_transfer,France,Madrid
1901,798,2021-09-17 00:32:48,paid,google_pay,Spain,Rome
1902,1770,2022-03-28 18:05:40,cancelled,google_pay,Spain,Chicago
1903,1166,2024-07-29 14:51:52,paid,apple_pay,France,Melbourne
1904,463,2024-03-06 21:57:22,paid,paypal,Netherlands,Bangalore
1905,137,2020-10-25 07:10:13,refunded,credit_card,Australia,Toronto
1906,1506,2024-07-04 22:54:29,pending,paypal,United States,Madrid
1907,876,2020-09-28 10:32:53,shipped,apple_pay,India,New York
1908,729,2020-04-14 05:59:22,shipped,paypal,France,London
1909,881,2021-08-10 01:53:10,refunded,apple_pay,France,Los Angeles
1910,138,2022-09-07 19:17:30,paid,apple_pay,United States,Bangalore
1911,1596,2022-02-14 05:31:17,paid,apple_pay,Canada,Chicago
1912,1765,2020-04-11 21:24:08,paid,bank_transfer,United States,Melbourne
1913,852,2023-03-24 03:25:23,cancelled,credit_card,Australia,Bangalore
1914,1623,2023-10-23 06:40:49,paid,paypal,Canada,New York
1915,52,2020-02-07 04:26:46,shipped,paypal,Canada,Amsterdam
1916,206,2024-11-04 22:40:19,pending,apple_pay,United States,Bangalore
1917,710,2022-02-11 15:37:04,shipped,credit_card,United States,Berlin
1918,217,2023-01-01 17:43:30,paid,credit_card,India,Amsterdam
1919,961,2021-08-10 12:31:52,shipped,credit_card,Italy,Toronto
1920,1454,2023-10-13 16:40:23,paid,paypal,Spain,Rome
1921,238,2022-02-16 16:51:46,pending,paypal,Germany,Bangalore
1922,822,2022-12-30 05:34:51,paid,google_pay,Italy,Toronto
1923,1167,2021-05-12 02:00:18,paid,google_pay,United States,New York
1924,222,2021-05-28 05:19:36,paid,apple_pay,Canada,Los Angeles
1925,553,2023-03-05 20:28:01,shipped,bank_transfer,Netherlands,Los Angeles
1926,1921,2022-02-02 17:18:53,paid,paypal,Canada,Vancouver
1927,1983,2024-08-11 06:54:40,paid,bank_transfer,France,Chicago
1928,1094,2023-04-04 18:57:09,paid,paypal,Canada,Berlin
1929,1792,2022-03-12 04:05:36,cancelled,google_pay,Germany,Chicago
1930,1329,2022-07-02 19:52:00,shipped,apple_pay,Italy,Mumbai
1931,1859,2022-11-25 17:13:01,paid,google_pay,India,Melbourne
1932,1420,2022-02-09 12:21:51,paid,bank_transfer,Australia,Paris
1933,589,2023-01-25 19:40:52,pending,paypal,India,Sydney
1934,1913,2021-01-03 03:34:34,shipped,bank_transfer,Germany,London
1935,181,2022-01-25 22:12:01,pending,credit_card,India,Chicago
1936,746,2020-10-17 09:07:51,paid,apple_pay,Italy,Los Angeles
1937,1342,2020-02-10 10:52:43,pending,credit_card,Australia,Madrid
1938,398,2020-01-15 07:43:19,pending,apple_pay,Italy,New York
1939,866,2020-07-01 17:20:54,shipped,credit_card,Canada,Sydney
1940,1578,2022-04-04 20:22:09,paid,apple_pay,Canada,Madrid
1941,470,2023-07-10 13:42:10,shipped,apple_pay,Australia,London
1942,1293,2020-05-15 19:12:31,paid,bank_transfer,Italy,Berlin
1943,38,2023-01-04 08:33:50,shipped,google_pay,Australia,Amsterdam
1944,227,2023-07-24 14:37:16,paid,paypal,Canada,Sydney
1945,1576,2023-09-23 05:31:35,pending,google_pay,United States,Berlin
1946,1529,2020-10-03 14:16:54,shipped,google_pay,Canada,Mumbai
1947,67,2024-12-24 20:17:32,paid,paypal,United Kingdom,Vancouver
1948,582,2022-04-03 18:34:01,paid,paypal,Netherlands,Bangalore
1949,298,2021-12-29 18:13:35,refunded,apple_pay,Australia,Melbourne
1950,1318,2022-06-15 17:10:30,shipped,paypal,Canada,New York
1951,79,2021-06-29 17:10:31,paid,paypal,Canada,New York
1952,884,2021-02-13 14:52:50,paid,google_pay,India,London
1953,1057,2023-09-07 09:43:56,paid,apple_pay,France,Vancouver
1954,456,2021-07-05 23:13:14,shipped,paypal,United States,Chicago
1955,729,2023-03-05 08:45:09,shipped,credit_card,Netherlands,Chicago
1956,222,2020-02-07 02:03:15,cancelled,credit_card,United States,Madrid
1957,1685,2023-09-04 19:09:19,paid,apple_pay,India,Rome
1958,1724,2023-06-27 09:50:40,shipped,apple_pay,India,Melbourne
1959,1150,2024-10-24 13:16:01,paid,google_pay,India,Vancouver
1960,462,2020-06-20 09:33:34,paid,bank_transfer,Australia,Melbourne
1961,82,2024-05-29 23:55:44,refunded,google_pay,United Kingdom,Sydney
1962,1650,2023-03-04 06:09:25,paid,apple_pay,United States,Rome
1963,567,2020-04-14 08:53:14,shipped,credit_card,United States,Melbourne
1964,1058,2024-02-22 01:56:24,paid,paypal,Italy,Madrid
1965,1411,2022-10-12 16:28:15,shipped,paypal,United States,Bangalore
1966,1377,2021-12-30 07:13:21,paid,paypal,Australia,Madrid
1967,1798,2024-06-10 04:15:55,paid,bank_transfer,Canada,Madrid
1968,455,2024-07-30 19:51:04,paid,bank_transfer,United Kingdom,London
1969,1823,2020-10-07 12:55:08,shipped,paypal,India,Melbourne
1970,1042,2021-11-19 02:53:15,pending,google_pay,United Kingdom,London
1971,829,2024-05-20 05:33:42,paid,apple_pay,France,Los Angeles
1972,1776,2021-06-06 17:08:59,cancelled,paypal,Italy,Madrid
1973,1275,2023-06-08 10:23:31,paid,apple_pay,Germany,Madrid
1974,1840,2024-06-22 21:07:13,shipped,paypal,Germany,Vancouver
1975,1171,2020-10-06 09:19:44,paid,paypal,France,London
1976,1440,2023-05-04 04:54:46,shipped,bank_transfer,United States,New York
1977,1339,2024-07-01 04:08:54,paid,paypal,United Kingdom,Toronto
1978,887,2020-04-28 00:02:25,shipped,credit_card,Italy,Mumbai
1979,861,2021-01-01 08:24:23,shipped,credit_card,United Kingdom,Sydney
1980,703,2023-05-06 15:42:10,shipped,bank_transfer,United Kingdom,Madrid
1981,1594,2022-01-07 22:41:35,refunded,bank_transfer,Netherlands,Bangalore
1982,905,2020-10-31 14:31:03,paid,apple_pay,United States,Mumbai
1983,752,2020-08-20 19:50:44,pending,bank_transfer,Australia,Mumbai
1984,1832,2023-09-16 06:16:37,shipped,paypal,Netherlands,Vancouver
1985,594,2022-12-31 19:16:32,paid,bank_transfer,Australia,Paris
1986,1798,2020-03-26 17:35:34,shipped,paypal,Canada,Amsterdam
1987,1422,2020-02-16 18:57:24,paid,google_pay,Italy,Rome
1988,1197,2020-01-07 13:43:33,paid,apple_pay,Australia,Sydney
1989,73,2022-11-12 00:14:10,paid,credit_card,United States,London
1990,1319,2020-01-24 12:35:04,paid,paypal,United Kingdom,London
1991,1793,2021-06-14 13:04:00,paid,credit_card,India,Amsterdam
1992,1739,2020-11-01 02:13:55,paid,apple_pay,Canada,Sydney
1993,1781,2020-03-25 11:17:45,paid,credit_card,Canada,Amsterdam
1994,1034,2024-10-18 08:47:37,paid,google_pay,Canada,Rome
1995,618,2023-02-21 05:56:13,paid,paypal,Canada,Amsterdam
1996,1604,2022-06-28 21:58:15,paid,apple_pay,Italy,Bangalore
1997,887,2020-09-11 20:43:34,paid,credit_card,United States,Toronto
1998,992,2024-03-28 06:46:32,paid,google_pay,India,Sydney
1999,386,2024-01-18 21:22:36,shipped,google_pay,India,Berlin
2000,77,2020-06-26 03:37:05,shipped,credit_card,India,Paris
2001,1848,2020-06-18 13:18:45,refunded,credit_card,France,Paris
2002,1129,2021-09-09 01:47:42,refunded,bank_transfer,Canada,Toronto
2003,930,2022-01-06 18:16:44,paid,apple_pay,Australia,Madrid
2004,952,2022-03-29 15:05:13,shipped,paypal,Canada,Melbourne
2005,45,2024-01-03 08:59:30,shipped,paypal,Italy,New York
2006,1813,2021-04-10 06:13:09,refunded,apple_pay,Germany,Melbourne
2007,476,2022-06-26 12:54:13,shipped,google_pay,Netherlands,Amsterdam
2008,623,2023-04-19 22:54:00,paid,apple_pay,Italy,Paris
2009,733,2020-04-11 17:26:18,pending,google_pay,India,Rome
2010,1339,2022-05-05 22:13:19,shipped,bank_transfer,Germany,Sydney
2011,831,2020-09-13 04:07:01,paid,apple_pay,Australia,Rome
2012,175,2024-06-17 04:04:54,refunded,google_pay,Italy,Chicago
2013,333,2024-03-03 21:35:46,pending,paypal,India,Melbourne
2014,679,2020-05-02 17:04:06,paid,paypal,Germany,Paris
2015,557,2020-11-02 02:22:19,paid,apple_pay,Germany,Toronto
2016,361,2020-09-17 13:23:35,shipped,bank_transfer,United Kingdom,Madrid
2017,1298,2021-09-24 15:55:48,paid,google_pay,Spain,Madrid
2018,1019,2022-01-12 06:16:09,shipped,apple_pay,Italy,London
2019,1308,2021-02-20 19:27:05,paid,credit_card,Australia,Paris
2020,20,2022-04-28 08:51:41,paid,paypal,United Kingdom,Toronto
2021,330,2024-11-01 20:37:12,paid,paypal,India,London
2022,80,2022-03-04 13:38:01,shipped,credit_card,France,Paris
2023,1616,2024-12-29 08:32:02,paid,paypal,Spain,Berlin
2024,567,2023-05-21 03:54:43,paid,apple_pay,Italy,Mumbai
2025,401,2024-04-18 15:06:43,pending,google_pay,India,London
2026,283,2023-01-12 14:00:07,refunded,bank_transfer,Canada,Bangalore
2027,393,2024-08-08 04:50:12,pending,google_pay,France,Paris
2028,1567,2022-05-31 01:58:44,cancelled,credit_card,United Kingdom,London
2029,280,2020-07-02 03:42:05,shipped,credit_card,Spain,Melbourne
2030,1597,2021-11-02 06:00:51,shipped,paypal,United States,Berlin
2031,572,2021-04-30 05:27:28,paid,google_pay,Netherlands,Toronto
2032,483,2020-06-10 03:45:51,paid,credit_card,United States,Berlin
2033,499,2021-09-22 18:07:44,refunded,google_pay,United Kingdom,Toronto
2034,1029,2023-04-20 02:59:20,paid,google_pay,Spain,Sydney
2035,788,2020-06-17 02:33:29,pending,apple_pay,Italy,Berlin
2036,1974,2021-09-15 02:22:19,refunded,google_pay,France,Melbourne
2037,19,2024-07-25 15:18:23,cancelled,apple_pay,United States,Los Angeles
2038,155,2023-04-07 06:59:40,paid,bank_transfer,France,Madrid
2039,1167,2021-06-17 08:24:14,refunded,apple_pay,United States,London
2040,105,2024-12-22 05:31:34,cancelled,google_pay,Australia,Mumbai
2041,1011,2022-01-12 05:32:26,pending,bank_transfer,Germany,Berlin
2042,40,2024-08-06 21:56:48,pending,paypal,Spain,Chicago
2043,1445,2023-04-01 05:27:34,shipped,google_pay,Canada,New York
2044,1490,2023-11-09 09:34:24,paid,paypal,Germany,Los Angeles
2045,1724,2022-04-30 21:59:38,paid,apple_pay,France,Toronto
2046,1839,2024-04-29 18:49:20,paid,paypal,United States,Sydney
2047,873,2022-08-27 20:28:46,shipped,apple_pay,Netherlands,Mumbai
2048,1081,2020-06-11 10:26:30,paid,credit_card,Canada,Chicago
2049,1724,2021-05-04 18:35:33,shipped,bank_transfer,Italy,Rome
2050,1345,2021-05-14 21:36:52,paid,paypal,Canada,Amsterdam
2051,269,2023-06-13 12:54:23,paid,credit_card,France,Melbourne
2052,795,2020-03-13 15:28:32,shipped,apple_pay,United Kingdom,Madrid
2053,629,2023-11-30 06:27:39,refunded,google_pay,United Kingdom,Chicago
2054,1293,2021-05-21 20:49:58,paid,credit_card,United States,Toronto
2055,1409,2024-11-12 21:17:29,paid,google_pay,United Kingdom,Rome
2056,51,2022-08-17 09:43:01,pending,credit_card,Italy,Vancouver
2057,1664,2021-03-20 05:59:47,shipped,bank_transfer,Italy,Toronto
2058,1111,2023-06-13 00:07:37,refunded,bank_transfer,Netherlands,Bangalore
2059,1509,2023-07-01 13:54:09,cancelled,credit_card,Australia,Chicago
2060,1247,2021-02-08 19:19:01,paid,credit_card,Spain,Melbourne
2061,252,2024-09-15 15:17:12,paid,bank_transfer,Italy,Melbourne
2062,1493,2020-05-03 13:36:04,cancelled,bank_transfer,Canada,Paris
2063,431,2020-12-17 07:20:38,paid,bank_transfer,Spain,Paris
2064,415,2020-12-12 16:48:14,paid,credit_card,United States,New York
2065,906,2021-05-21 07:32:17,refunded,bank_transfer,India,Chicago
2066,280,2024-06-03 09:31:27,paid,google_pay,Australia,Vancouver
2067,1959,2022-07-22 11:50:21,pending,google_pay,France,Vancouver
2068,626,2024-01-03 20:58:11,paid,credit_card,United Kingdom,Vancouver
2069,1421,2023-10-11 17:17:43,shipped,bank_transfer,Germany,Amsterdam
2070,266,2023-05-04 03:06:59,pending,google_pay,Australia,Paris
2071,1018,2024-03-19 22:03:44,refunded,credit_card,United Kingdom,Bangalore
2072,1158,2024-10-25 17:28:37,cancelled,paypal,United Kingdom,Los Angeles
2073,762,2024-10-25 22:08:40,paid,google_pay,Canada,Berlin
2074,1451,2020-05-06 22:53:45,shipped,google_pay,Australia,Paris
2075,1224,2020-01-19 00:19:07,shipped,apple_pay,Australia,Madrid
2076,907,2023-11-03 01:19:02,paid,paypal,France,Los Angeles
2077,1696,2021-06-08 21:42:36,shipped,google_pay,Italy,New York
2078,984,2023-11-19 03:59:46,shipped,bank_transfer,Spain,Mumbai
2079,902,2021-04-17 19:48:24,cancelled,bank_transfer,France,Berlin
2080,101,2021-10-22 22:31:47,paid,paypal,Italy,Los Angeles
2081,1171,2021-05-23 03:52:10,shipped,google_pay,Netherlands,Los Angeles
2082,1991,2020-09-28 00:36:02,paid,credit_card,Netherlands,Toronto
2083,996,2021-11-22 15:49:36,shipped,apple_pay,Germany,Amsterdam
2084,799,2022-03-21 01:14:30,cancelled,apple_pay,Australia,Chicago
2085,841,2024-05-28 12:31:44,paid,google_pay,Netherlands,Mumbai
2086,924,2024-02-10 10:19:51,paid,google_pay,Netherlands,Rome
2087,1362,2024-08-30 23:32:38,paid,credit_card,France,Sydney
2088,386,2021-04-23 14:41:29,shipped,credit_card,United States,Sydney
2089,1166,2020-04-13 11:27:47,paid,apple_pay,United Kingdom,Melbourne
2090,624,2021-07-25 16:07:15,cancelled,paypal,Germany,Melbourne
2091,393,2024-11-21 08:30:40,paid,credit_card,Canada,New York
2092,1559,2023-12-31 13:26:57,paid,bank_transfer,Italy,New York
2093,1940,2022-08-15 01:35:51,shipped,apple_pay,Canada,Madrid
2094,367,2020-03-12 15:57:09,shipped,apple_pay,Canada,Los Angeles
2095,196,2022-01-19 00:08:02,cancelled,google_pay,United Kingdom,Bangalore
2096,1133,2020-05-15 07:09:21,shipped,paypal,Italy,Rome
2097,1491,2023-01-06 10:40:25,paid,bank_transfer,Canada,Madrid
2098,401,2024-09-28 13:58:43,pending,credit_card,Australia,Berlin
2099,1433,2021-01-30 07:36:24,refunded,bank_transfer,Canada,Toronto
2100,945,2021-01-26 02:46:22,paid,paypal,Spain,New York
2101,1308,2022-06-25 03:53:53,pending,apple_pay,Canada,Melbourne
2102,1948,2024-08-03 14:01:51,pending,apple_pay,United Kingdom,Vancouver
2103,1630,2023-04-25 09:50:25,refunded,credit_card,Netherlands,Los Angeles
2104,209,2022-03-22 16:41:16,paid,bank_transfer,France,Rome
2105,412,2020-04-01 01:31:50,pending,credit_card,Canada,Vancouver
2106,1438,2020-03-14 11:09:17,paid,credit_card,United Kingdom,Amsterdam
2107,448,2024-05-19 11:19:23,paid,bank_transfer,France,Madrid
2108,1306,2022-04-08 13:38:15,paid,apple_pay,Germany,Madrid
2109,1243,2021-07-13 11:19:35,shipped,paypal,Netherlands,Berlin
2110,1180,2022-12-07 20:33:38,paid,credit_card,United States,Chicago
2111,951,2023-10-28 12:48:54,refunded,paypal,France,Amsterdam
2112,1536,2022-02-13 03:58:10,pending,apple_pay,Netherlands,Amsterdam
2113,307,2020-01-07 04:22:53,refunded,apple_pay,United States,Vancouver
2114,1842,2023-01-13 00:51:08,cancelled,bank_transfer,United Kingdom,Los Angeles
2115,108,2022-01-02 13:26:10,shipped,credit_card,Australia,Rome
2116,868,2023-04-28 21:02:31,shipped,paypal,France,Paris
2117,652,2023-01-13 07:34:09,shipped,apple_pay,United States,Amsterdam
2118,144,2024-06-08 08:02:56,paid,credit_card,Italy,Los Angeles
2119,1263,2020-10-18 21:37:12,shipped,apple_pay,United States,Paris
2120,469,2023-05-25 04:18:04,shipped,credit_card,United Kingdom,Chicago
2121,1202,2022-12-08 12:18:38,shipped,google_pay,Canada,New York
2122,1626,2022-12-30 00:56:13,shipped,bank_transfer,India,Berlin
2123,1075,2023-04-16 01:13:34,shipped,credit_card,Netherlands,Bangalore
2124,1719,2022-03-28 03:44:28,shipped,bank_transfer,Spain,Sydney
2125,1423,2023-12-26 23:08:14,cancelled,credit_card,United States,Melbourne
2126,168,2023-06-30 12:23:03,paid,credit_card,United Kingdom,Mumbai
2127,1136,2020-04-15 02:36:48,pending,apple_pay,Italy,Rome
2128,620,2023-02-11 15:52:58,shipped,apple_pay,Germany,Rome
2129,357,2022-05-20 19:02:56,paid,apple_pay,United Kingdom,London
2130,1783,2021-12-14 19:33:00,shipped,google_pay,Netherlands,Vancouver
2131,63,2024-01-18 13:50:46,paid,credit_card,Italy,Vancouver
2132,1080,2020-01-24 16:40:02,paid,bank_transfer,Spain,Sydney
2133,1613,2020-04-20 22:57:01,paid,bank_transfer,United States,Vancouver
2134,702,2022-05-14 01:57:36,shipped,google_pay,Germany,Paris
2135,1837,2023-03-26 07:02:46,shipped,credit_card,United States,Rome
2136,417,2023-01-10 12:19:40,shipped,credit_card,Germany,Berlin
2137,1828,2023-04-12 04:23:44,pending,apple_pay,Spain,Berlin
2138,1899,2022-12-27 05:03:54,pending,google_pay,Canada,Paris
2139,851,2024-08-04 14:54:41,shipped,bank_transfer,France,London
2140,711,2020-09-27 21:02:11,pending,google_pay,France,Sydney
2141,209,2022-09-24 12:54:49,shipped,bank_transfer,India,Rome
2142,513,2022-09-07 12:16:48,shipped,apple_pay,Australia,Bangalore
2143,1258,2021-06-30 10:46:01,shipped,credit_card,Netherlands,Berlin
2144,1043,2021-04-01 16:23:48,paid,paypal,Italy,London
2145,912,2023-09-09 21:10:59,shipped,credit_card,Canada,Madrid
2146,1457,2022-05-31 07:38:23,pending,paypal,Spain,Los Angeles
2147,1719,2023-02-01 22:01:22,pending,apple_pay,United Kingdom,Mumbai
2148,19,2023-12-23 11:45:17,shipped,bank_transfer,France,Bangalore
2149,1427,2021-07-28 04:30:38,paid,paypal,Germany,Amsterdam
2150,890,2020-03-01 09:54:44,shipped,paypal,Canada,Vancouver
2151,1303,2024-03-30 12:22:20,shipped,bank_transfer,Netherlands,Los Angeles
2152,1963,2023-02-10 04:31:13,shipped,credit_card,Germany,Madrid
2153,1209,2023-09-25 07:39:51,shipped,apple_pay,United States,Los Angeles
2154,1463,2020-11-22 18:20:12,pending,credit_card,Netherlands,Los Angeles
2155,1087,2024-08-13 13:25:11,shipped,credit_card,United States,Toronto
2156,1689,2022-10-02 15:18:37,paid,credit_card,Netherlands,New York
2157,894,2021-10-29 14:10:23,paid,paypal,India,Bangalore
2158,522,2022-04-04 22:19:02,shipped,apple_pay,India,Amsterdam
2159,1717,2021-08-02 19:41:08,cancelled,google_pay,United States,Chicago
2160,170,2023-09-21 23:53:06,shipped,credit_card,Germany,Melbourne
2161,1200,2022-05-14 19:55:32,cancelled,paypal,Spain,Los Angeles
2162,809,2024-04-23 03:19:08,paid,google_pay,Italy,Berlin
2163,1756,2022-02-05 00:03:54,paid,paypal,Spain,Mumbai
2164,900,2022-05-09 09:37:22,paid,bank_transfer,Netherlands,Toronto
2165,1147,2023-10-15 09:22:48,cancelled,bank_transfer,Spain,Toronto
2166,1674,2023-12-03 16:40:14,shipped,apple_pay,Canada,Paris
2167,716,2024-08-07 02:11:53,paid,google_pay,United Kingdom,Mumbai
2168,774,2022-02-01 03:04:27,paid,apple_pay,Canada,New York
2169,1257,2021-05-24 16:54:08,shipped,apple_pay,India,Paris
2170,473,2021-02-13 15:44:00,shipped,bank_transfer,France,Melbourne
2171,10,2021-11-14 00:45:03,shipped,credit_card,Spain,Toronto
2172,958,2020-10-23 02:08:40,paid,google_pay,Australia,Paris
2173,660,2023-08-26 04:48:55,paid,apple_pay,Italy,Berlin
2174,422,2023-07-12 11:33:04,shipped,google_pay,United States,Sydney
2175,261,2022-04-25 19:29:51,shipped,paypal,Netherlands,Chicago
2176,1609,2022-07-01 02:48:25,paid,bank_transfer,Germany,Mumbai
2177,572,2023-11-09 20:47:43,paid,paypal,India,Los Angeles
2178,1716,2023-12-21 17:40:43,pending,apple_pay,United States,Sydney
2179,3,2020-12-02 05:43:56,paid,apple_pay,France,New York
2180,623,2022-12-28 14:06:24,cancelled,google_pay,India,Madrid
2181,118,2021-01-30 15:46:24,paid,apple_pay,Netherlands,Melbourne
2182,1354,2023-04-15 23:28:39,pending,google_pay,Australia,London
2183,1250,2020-05-24 04:56:34,shipped,apple_pay,France,Paris
2184,1594,2023-02-18 11:50:59,refunded,apple_pay,Canada,Toronto
2185,1551,2022-06-27 09:24:24,cancelled,bank_transfer,Canada,Madrid
2186,855,2021-09-28 23:11:22,shipped,credit_card,United States,Sydney
2187,1344,2020-09-01 04:33:28,refunded,paypal,Canada,Paris
2188,407,2024-10-27 02:21:12,refunded,paypal,United Kingdom,Toronto
2189,169,2022-04-17 12:37:39,pending,bank_transfer,Italy,Sydney
2190,1870,2023-04-21 21:59:28,shipped,paypal,Italy,Bangalore
2191,508,2022-09-07 11:31:59,cancelled,credit_card,United Kingdom,New York
2192,1428,2024-10-23 04:53:00,shipped,google_pay,Spain,Vancouver
2193,1831,2023-11-15 13:58:09,shipped,apple_pay,France,Los Angeles
2194,1710,2024-07-12 05:01:44,refunded,paypal,Spain,Sydney
2195,806,2020-12-01 00:19:26,pending,google_pay,United States,Bangalore
2196,267,2024-03-21 03:18:34,shipped,apple_pay,Canada,Vancouver
2197,1943,2023-03-11 16:00:02,shipped,bank_transfer,Netherlands,Madrid
2198,1445,2022-02-28 00:32:09,paid,google_pay,France,Rome
2199,1367,2023-03-19 11:01:04,paid,bank_transfer,United States,New York
2200,875,2022-08-26 15:58:28,paid,apple_pay,Australia,Bangalore
2201,1935,2021-04-14 04:59:22,refunded,apple_pay,Canada,London
2202,1667,2023-01-19 09:48:22,paid,credit_card,France,Sydney
2203,1309,2020-05-15 13:00:37,shipped,credit_card,Italy,Paris
2204,780,2022-09-10 02:20:02,paid,credit_card,Italy,Chicago
2205,1564,2023-01-30 11:25:40,pending,bank_transfer,Netherlands,New York
2206,1361,2022-08-31 22:22:39,shipped,bank_transfer,Germany,Bangalore
2207,43,2024-10-14 13:27:36,shipped,google_pay,United Kingdom,Rome
2208,1021,2022-09-08 01:05:40,pending,paypal,Netherlands,Berlin
2209,1318,2024-11-14 14:35:30,pending,bank_transfer,United Kingdom,London
2210,1201,2020-01-12 16:22:35,shipped,apple_pay,United Kingdom,Sydney
2211,673,2021-11-26 13:13:39,refunded,bank_transfer,United Kingdom,Bangalore
2212,382,2022-10-05 14:59:21,shipped,paypal,Canada,Mumbai
2213,810,2020-03-26 00:39:02,paid,bank_transfer,Netherlands,Rome
2214,1584,2020-07-07 06:43:54,paid,credit_card,Australia,New York
2215,238,2020-09-04 22:00:45,shipped,google_pay,Spain,Sydney
2216,876,2020-02-05 18:07:32,pending,bank_transfer,United Kingdom,London
2217,1172,2022-04-29 18:29:28,shipped,credit_card,Spain,New York
2218,797,2024-10-22 17:12:25,pending,credit_card,Canada,Melbourne
2219,648,2022-09-10 05:11:18,refunded,google_pay,Netherlands,Bangalore
2220,1596,2022-04-14 21:11:35,paid,credit_card,Canada,Rome
2221,1898,2020-02-21 19:44:53,paid,apple_pay,Australia,Toronto
2222,1700,2021-01-30 14:42:15,paid,bank_transfer,Netherlands,Los Angeles
2223,1050,2021-04-14 22:24:00,refunded,credit_card,Netherlands,London
2224,232,2023-07-21 22:24:01,paid,google_pay,Spain,Vancouver
2225,1956,2024-04-20 10:22:17,shipped,paypal,Germany,Amsterdam
2226,1255,2021-07-17 02:50:43,paid,paypal,Italy,Vancouver
2227,1664,2024-08-22 13:10:23,shipped,apple_pay,Spain,Madrid
2228,678,2021-10-07 12:30:42,shipped,google_pay,Italy,Sydney
2229,777,2023-09-03 02:53:28,refunded,credit_card,Spain,Paris
2230,417,2024-08-21 17:11:04,paid,paypal,United States,Berlin
2231,1678,2020-09-12 23:46:54,shipped,apple_pay,Germany,Rome
2232,1513,2021-09-28 01:03:19,shipped,apple_pay,Netherlands,Bangalore
2233,91,2024-04-10 23:09:04,paid,google_pay,United States,New York
2234,1348,2023-10-09 07:56:14,paid,google_pay,Netherlands,New York
2235,1876,2021-11-30 23:41:25,paid,paypal,Netherlands,Melbourne
2236,1668,2024-01-12 06:36:48,shipped,paypal,United Kingdom,Los Angeles
2237,1996,2021-05-21 06:21:17,cancelled,apple_pay,Canada,Vancouver
2238,1749,2024-09-23 06:58:29,paid,paypal,Netherlands,New York
2239,169,2020-02-13 23:38:48,paid,credit_card,Canada,Los Angeles
2240,869,2021-05-09 07:11:18,pending,credit_card,United States,New York
2241,41,2021-06-25 18:47:15,shipped,credit_card,United Kingdom,Madrid
2242,1063,2021-05-09 10:36:29,paid,google_pay,Australia,Berlin
2243,192,2022-08-06 14:29:51,refunded,credit_card,Australia,Vancouver
2244,1845,2023-07-14 17:43:10,paid,apple_pay,Canada,Melbourne
2245,1913,2021-02-19 03:35:54,cancelled,bank_transfer,Italy,Mumbai
2246,658,2022-04-17 00:42:54,paid,paypal,Italy,Los Angeles
2247,658,2024-02-28 03:27:29,shipped,credit_card,India,Bangalore
2248,284,2024-04-17 21:02:47,refunded,credit_card,Australia,London
2249,1583,2024-02-02 01:27:02,paid,bank_transfer,Italy,Toronto
2250,895,2020-07-31 04:10:33,cancelled,apple_pay,France,Vancouver
2251,1894,2022-08-20 15:12:17,shipped,paypal,Italy,Toronto
2252,63,2024-01-21 17:43:37,paid,paypal,Germany,Berlin
2253,1230,2020-01-15 04:21:51,paid,credit_card,France,New York
2254,37,2024-03-07 16:07:21,shipped,bank_transfer,India,New York
2255,1808,2023-11-07 23:58:59,pending,paypal,United Kingdom,Mumbai
2256,1937,2022-11-07 22:04:17,shipped,bank_transfer,Spain,London
2257,1297,2022-12-29 17:09:59,paid,credit_card,Germany,Toronto
2258,443,2022-12-13 17:36:05,shipped,google_pay,Australia,Los Angeles
2259,1963,2022-07-30 07:38:04,paid,bank_transfer,Canada,Mumbai
2260,1761,2023-02-08 00:19:09,shipped,credit_card,Netherlands,Amsterdam
2261,1705,2022-04-20 06:28:37,shipped,apple_pay,Italy,Melbourne
2262,1578,2020-11-22 18:45:20,paid,google_pay,Spain,Mumbai
2263,1841,2020-11-03 09:51:22,pending,google_pay,United States,Chicago
2264,1816,2021-03-16 00:41:27,shipped,google_pay,India,Los Angeles
2265,1478,2020-05-19 04:00:19,shipped,apple_pay,India,London
2266,1832,2022-10-09 16:36:25,paid,credit_card,Spain,Sydney
2267,1294,2021-10-09 12:00:13,pending,google_pay,United Kingdom,Mumbai
2268,554,2022-09-05 22:30:09,pending,credit_card,France,Chicago
2269,217,2023-06-01 19:54:49,paid,apple_pay,Spain,Vancouver
2270,1246,2023-07-06 06:26:50,pending,apple_pay,Germany,Chicago
2271,982,2023-01-18 21:00:08,shipped,credit_card,Italy,Paris
2272,1335,2024-03-06 21:17:54,refunded,credit_card,France,Vancouver
2273,1267,2024-02-17 20:03:40,shipped,apple_pay,France,Rome
2274,262,2021-05-26 04:10:02,refunded,bank_transfer,India,New York
2275,1541,2021-05-19 09:03:14,shipped,bank_transfer,Australia,Paris
2276,1043,2023-09-17 16:52:30,paid,credit_card,India,Mumbai
2277,718,2021-11-21 02:24:21,shipped,bank_transfer,India,Berlin
2278,1670,2020-11-07 17:05:52,cancelled,bank_transfer,Netherlands,Toronto
2279,402,2023-05-26 06:24:32,paid,apple_pay,France,Rome
2280,1144,2022-08-22 22:34:51,paid,credit_card,India,Sydney
2281,696,2023-03-17 02:36:25,shipped,paypal,France,Vancouver
2282,449,2023-05-22 12:46:20,paid,google_pay,United Kingdom,Amsterdam
2283,1083,2021-09-02 15:06:27,pending,google_pay,Australia,London
2284,633,2022-09-26 13:12:52,pending,paypal,Australia,Paris
2285,1897,2021-03-12 05:30:14,paid,credit_card,United States,Bangalore
2286,1771,2020-02-03 16:54:37,shipped,google_pay,Australia,Bangalore
2287,1968,2024-08-09 08:46:52,pending,bank_transfer,Germany,London
2288,4,2024-02-14 11:23:48,shipped,credit_card,Netherlands,Berlin
2289,760,2022-09-17 18:56:26,shipped,google_pay,Australia,Sydney
2290,559,2020-05-25 11:29:28,shipped,credit_card,Canada,Mumbai
2291,1624,2020-07-04 00:21:24,cancelled,credit_card,United Kingdom,Madrid
2292,558,2023-12-25 19:47:19,cancelled,google_pay,Canada,Madrid
2293,689,2022-04-01 01:54:31,pending,paypal,France,Berlin
2294,620,2021-04-15 06:27:26,paid,paypal,Australia,New York
2295,831,2021-04-27 06:25:26,cancelled,bank_transfer,Italy,London
2296,1317,2021-05-13 11:59:08,pending,bank_transfer,Netherlands,Sydney
2297,14,2023-10-12 23:17:39,refunded,google_pay,Spain,Paris
2298,1832,2022-06-24 09:33:23,paid,apple_pay,Spain,Chicago
2299,164,2020-10-29 21:10:03,shipped,paypal,Italy,Amsterdam
2300,417,2021-10-25 19:28:37,cancelled,bank_transfer,United States,Melbourne
2301,83,2022-10-31 08:52:00,refunded,paypal,Australia,Amsterdam
2302,313,2023-07-09 10:38:13,paid,paypal,United States,Bangalore
2303,1974,2023-07-12 11:02:30,paid,credit_card,Netherlands,Chicago
2304,1192,2023-11-05 18:41:23,shipped,credit_card,Australia,Amsterdam
2305,821,2022-11-27 16:51:45,paid,bank_transfer,Canada,Chicago
2306,500,2023-09-26 17:48:22,shipped,apple_pay,India,Melbourne
2307,1650,2020-08-08 19:06:09,shipped,apple_pay,Germany,Los Angeles
2308,314,2022-09-13 20:43:17,shipped,apple_pay,Australia,New York
2309,517,2024-01-17 18:42:03,refunded,apple_pay,Canada,Berlin
2310,113,2023-03-30 05:44:41,paid,bank_transfer,Italy,Bangalore
2311,729,2020-07-23 22:32:12,paid,credit_card,India,Mumbai
2312,865,2023-01-09 00:28:39,paid,apple_pay,India,Melbourne
2313,1210,2020-11-05 03:40:26,paid,apple_pay,Germany,Sydney
2314,1741,2023-08-08 12:00:55,refunded,paypal,Spain,New York
2315,1330,2021-05-26 07:25:45,paid,google_pay,Netherlands,Chicago
2316,1021,2023-04-05 01:42:35,paid,apple_pay,Netherlands,Melbourne
2317,1397,2021-08-14 08:56:19,paid,google_pay,Italy,Paris
2318,913,2023-09-01 09:21:10,shipped,credit_card,Australia,Mumbai
2319,809,2024-12-14 10:02:34,shipped,google_pay,Netherlands,Sydney
2320,543,2024-11-20 12:07:33,shipped,credit_card,Australia,Chicago
2321,1224,2022-02-26 06:07:49,paid,bank_transfer,Spain,Los Angeles
2322,418,2021-12-01 16:49:16,refunded,bank_transfer,Netherlands,Paris
2323,1252,2024-12-11 15:16:07,pending,credit_card,Germany,Mumbai
2324,1731,2022-02-13 13:56:20,shipped,bank_transfer,Germany,Chicago
2325,537,2022-01-18 06:12:46,shipped,google_pay,Spain,Los Angeles
2326,569,2021-07-23 15:10:06,shipped,credit_card,Canada,Bangalore
2327,1799,2020-02-19 12:55:08,shipped,google_pay,United States,Amsterdam
2328,1929,2021-02-24 23:31:46,shipped,google_pay,France,London
2329,587,2023-07-12 21:21:27,paid,bank_transfer,United States,Madrid
2330,79,2024-05-26 09:58:49,shipped,paypal,Netherlands,Rome
2331,1258,2020-12-06 21:01:46,paid,credit_card,Australia,New York
2332,1800,2023-02-15 18:48:01,shipped,paypal,France,Vancouver
2333,1863,2021-01-18 01:41:21,refunded,paypal,Canada,Vancouver
2334,1011,2023-08-02 21:05:56,paid,credit_card,United Kingdom,Toronto
2335,138,2023-01-25 15:47:08,shipped,paypal,Netherlands,Melbourne
2336,1277,2023-11-11 05:37:44,paid,google_pay,United Kingdom,Chicago
2337,787,2021-05-02 22:23:32,paid,apple_pay,Italy,Chicago
2338,1621,2022-12-19 15:35:17,shipped,bank_transfer,Canada,Amsterdam
2339,1525,2022-09-06 23:01:07,paid,credit_card,Australia,Sydney
2340,1006,2022-04-01 14:53:02,refunded,credit_card,India,Vancouver
2341,1846,2023-10-30 12:19:16,shipped,apple_pay,Australia,Vancouver
2342,1642,2024-01-27 22:27:08,shipped,apple_pay,Netherlands,Los Angeles
2343,1754,2022-08-16 00:55:45,shipped,credit_card,India,Bangalore
2344,850,2021-01-25 15:19:01,shipped,bank_transfer,Spain,Vancouver
2345,1144,2022-07-19 06:36:15,paid,credit_card,Italy,Berlin
2346,462,2023-07-30 05:04:46,paid,bank_transfer,Germany,Paris
2347,1329,2022-06-02 00:54:59,shipped,apple_pay,United Kingdom,Mumbai
2348,793,2023-02-16 16:20:44,cancelled,paypal,France,Mumbai
2349,162,2023-07-08 10:45:48,cancelled,credit_card,India,London
2350,1861,2024-01-02 04:38:52,pending,credit_card,United Kingdom,Melbourne
2351,424,2021-04-17 04:17:11,paid,credit_card,Canada,Mumbai
2352,585,2021-05-04 21:28:46,refunded,credit_card,Netherlands,Melbourne
2353,685,2023-02-11 22:03:40,shipped,credit_card,India,Bangalore
2354,844,2022-07-16 13:42:07,paid,apple_pay,India,London
2355,1585,2020-07-20 10:04:33,paid,apple_pay,Netherlands,New York
2356,870,2020-04-28 01:58:57,pending,google_pay,Canada,Berlin
2357,246,2022-01-03 23:08:27,paid,google_pay,Australia,Chicago
2358,991,2020-03-28 01:03:37,paid,bank_transfer,Canada,Amsterdam
2359,626,2024-03-28 21:58:46,paid,apple_pay,France,Amsterdam
2360,808,2021-10-13 02:08:17,shipped,apple_pay,France,Paris
2361,1341,2020-10-28 17:18:07,cancelled,apple_pay,United Kingdom,Rome
2362,1830,2020-10-30 07:43:12,paid,apple_pay,United States,Paris
2363,136,2023-01-31 22:00:30,shipped,apple_pay,Netherlands,Melbourne
2364,1610,2024-03-28 06:07:46,refunded,credit_card,United Kingdom,Paris
2365,1928,2022-09-21 20:44:17,refunded,apple_pay,Australia,Amsterdam
2366,1425,2020-08-17 02:20:20,shipped,google_pay,India,Mumbai
2367,160,2021-09-26 15:02:13,paid,credit_card,United Kingdom,Madrid
2368,571,2021-06-03 23:58:15,pending,apple_pay,United States,Toronto
2369,1270,2023-04-23 23:49:48,pending,paypal,United States,Sydney
2370,1118,2024-03-19 08:19:22,refunded,google_pay,United Kingdom,Vancouver
2371,74,2024-06-29 13:00:45,shipped,bank_transfer,Germany,Melbourne
2372,1912,2022-04-16 19:56:08,shipped,google_pay,United States,Vancouver
2373,1914,2024-01-01 11:42:42,paid,google_pay,Netherlands,Vancouver
2374,258,2020-01-09 09:55:55,cancelled,bank_transfer,United States,Vancouver
2375,554,2022-09-14 06:28:49,paid,google_pay,United Kingdom,London
2376,1794,2022-06-19 00:48:32,shipped,google_pay,Canada,Mumbai
2377,1862,2024-05-21 09:35:51,paid,credit_card,Canada,Madrid
2378,1882,2020-04-07 16:26:19,pending,credit_card,Netherlands,Toronto
2379,936,2024-05-31 08:33:18,paid,google_pay,Spain,Chicago
2380,1606,2024-12-20 10:47:39,shipped,credit_card,Italy,New York
2381,1636,2023-02-26 05:32:46,paid,bank_transfer,France,Madrid
2382,866,2022-04-07 21:13:09,paid,paypal,Spain,Vancouver
2383,890,2024-04-05 20:58:43,shipped,google_pay,Spain,Paris
2384,1765,2022-10-22 12:01:02,shipped,bank_transfer,Germany,Rome
2385,1943,2020-03-18 22:37:44,paid,apple_pay,Australia,Chicago
2386,1809,2024-02-28 22:47:54,shipped,credit_card,Australia,Amsterdam
2387,1486,2022-09-20 08:48:44,pending,bank_transfer,Canada,Chicago
2388,1465,2022-05-08 04:10:39,cancelled,credit_card,United States,Chicago
2389,265,2022-08-03 20:52:57,paid,google_pay,India,Amsterdam
2390,1330,2024-07-01 09:02:09,refunded,paypal,France,Mumbai
2391,115,2020-04-25 18:17:09,pending,bank_transfer,Germany,Paris
2392,766,2023-12-30 15:35:59,shipped,apple_pay,Canada,New York
2393,1612,2020-02-18 16:14:59,shipped,credit_card,Germany,London
2394,236,2024-12-23 23:28:32,paid,paypal,Netherlands,Toronto
2395,1256,2020-01-26 12:33:54,paid,credit_card,Netherlands,New York
2396,1232,2022-06-27 15:22:06,shipped,apple_pay,France,Melbourne
2397,1335,2021-02-18 10:54:01,paid,bank_transfer,France,Mumbai
2398,376,2023-06-17 04:07:37,pending,google_pay,India,Bangalore
2399,1681,2020-10-02 13:51:55,paid,google_pay,United States,Mumbai
2400,16,2021-03-02 10:40:49,paid,paypal,Netherlands,Sydney
2401,493,2020-07-12 06:00:07,pending,paypal,Canada,New York
2402,320,2022-04-14 08:35:33,pending,bank_transfer,Netherlands,Vancouver
2403,68,2024-03-19 19:08:26,paid,credit_card,United States,Mumbai
2404,623,2020-07-25 00:19:42,refunded,apple_pay,Germany,London
2405,229,2024-03-11 23:37:16,shipped,paypal,India,Sydney
2406,1267,2021-02-27 07:53:13,refunded,bank_transfer,Germany,Paris
2407,1989,2022-02-02 12:12:35,shipped,apple_pay,Italy,New York
2408,1382,2023-09-21 01:29:55,paid,credit_card,India,Vancouver
2409,1087,2023-11-06 22:35:52,refunded,google_pay,United States,Berlin
2410,302,2024-07-06 08:48:14,pending,credit_card,Germany,Amsterdam
2411,1401,2024-08-07 23:29:46,shipped,apple_pay,Australia,New York
2412,1581,2024-12-09 12:04:01,cancelled,google_pay,France,London
2413,1909,2024-09-28 02:33:16,paid,bank_transfer,Australia,Madrid
2414,326,2022-12-22 01:17:41,paid,credit_card,Australia,Berlin
2415,343,2021-11-17 06:09:00,paid,apple_pay,United Kingdom,Bangalore
2416,897,2020-11-03 12:08:37,paid,paypal,United Kingdom,Bangalore
2417,732,2023-01-10 14:17:10,paid,bank_transfer,Canada,New York
2418,954,2023-01-14 02:41:09,cancelled,google_pay,France,Sydney
2419,1859,2021-12-10 10:43:50,paid,bank_transfer,Australia,London
2420,1625,2023-07-08 23:21:42,shipped,paypal,France,Melbourne
2421,408,2022-04-13 19:31:03,shipped,google_pay,Netherlands,Los Angeles
2422,613,2020-04-15 23:01:12,shipped,google_pay,Italy,Toronto
2423,923,2022-05-10 10:04:12,cancelled,bank_transfer,Italy,Paris
2424,700,2021-02-07 08:36:23,shipped,credit_card,Australia,Mumbai
2425,391,2022-08-12 01:46:11,shipped,google_pay,Spain,Mumbai
2426,1152,2022-01-04 16:40:35,refunded,credit_card,France,Amsterdam
2427,1987,2024-09-24 12:28:34,paid,google_pay,Canada,Vancouver
2428,465,2022-12-04 17:24:56,refunded,paypal,Germany,Paris
2429,674,2022-04-02 17:14:41,paid,paypal,Australia,London
2430,1771,2021-05-12 03:59:34,shipped,credit_card,Germany,Chicago
2431,135,2020-01-26 10:16:21,paid,google_pay,Spain,Rome
2432,1169,2024-06-06 21:33:24,paid,credit_card,Australia,Toronto
2433,1745,2020-03-07 08:53:36,shipped,bank_transfer,Germany,Sydney
2434,757,2024-04-22 22:12:33,refunded,credit_card,India,Melbourne
2435,1334,2024-07-31 07:39:14,paid,google_pay,Italy,Bangalore
2436,838,2020-06-13 07:04:34,paid,apple_pay,Spain,Los Angeles
2437,1281,2021-10-11 11:23:14,paid,bank_transfer,Italy,Rome
2438,1849,2020-01-14 06:33:28,paid,bank_transfer,France,Melbourne
2439,887,2021-07-12 21:40:06,paid,google_pay,Netherlands,Bangalore
2440,1793,2023-12-23 11:35:56,paid,paypal,Australia,Vancouver
2441,9,2022-04-13 18:33:44,pending,credit_card,Canada,Mumbai
2442,965,2021-08-03 18:29:15,paid,paypal,United Kingdom,Los Angeles
2443,1741,2021-08-20 03:27:41,shipped,apple_pay,United States,Toronto
2444,1289,2024-11-11 06:10:24,pending,apple_pay,Italy,Sydney
2445,1241,2021-02-09 23:03:47,paid,credit_card,Canada,Melbourne
2446,638,2020-08-09 06:17:13,pending,paypal,Spain,Mumbai
2447,1686,2024-09-16 05:19:32,paid,credit_card,Italy,Berlin
2448,1929,2024-11-03 22:17:14,pending,credit_card,United Kingdom,Vancouver
2449,1517,2024-03-23 00:32:25,shipped,bank_transfer,Netherlands,Paris
2450,1460,2022-07-01 20:08:08,shipped,google_pay,Netherlands,Paris
2451,234,2022-09-11 20:50:39,shipped,google_pay,United Kingdom,Los Angeles
2452,282,2020-01-02 11:31:06,refunded,apple_pay,Canada,Paris
2453,1790,2023-01-20 10:14:15,paid,apple_pay,United Kingdom,Berlin
2454,147,2020-03-05 14:22:20,paid,credit_card,United Kingdom,Berlin
2455,1444,2021-04-02 13:30:43,shipped,credit_card,Netherlands,Toronto
2456,1280,2021-11-03 18:19:35,shipped,paypal,Germany,Paris
2457,1124,2022-04-22 22:58:27,refunded,apple_pay,Australia,Mumbai
2458,42,2022-08-30 23:29:20,pending,paypal,Germany,Mumbai
2459,1847,2023-04-02 19:10:34,shipped,google_pay,United States,New York
2460,604,2023-08-02 17:46:28,paid,credit_card,Australia,Melbourne
2461,1853,2020-06-24 21:16:08,refunded,apple_pay,Italy,Madrid
2462,1370,2022-08-05 18:09:46,shipped,bank_transfer,United States,Melbourne
2463,82,2023-11-17 07:03:09,shipped,paypal,United States,Paris
2464,604,2021-12-19 03:47:00,paid,google_pay,Germany,Paris
2465,1631,2020-05-27 16:56:36,cancelled,paypal,France,Rome
2466,1911,2023-01-03 12:47:50,paid,bank_transfer,Germany,Bangalore
2467,1117,2024-03-16 12:15:50,paid,credit_card,France,New York
2468,1517,2023-12-20 02:05:16,paid,bank_transfer,Netherlands,Rome
2469,1926,2021-05-24 06:09:57,shipped,google_pay,United Kingdom,London
2470,1919,2020-04-25 01:22:27,paid,google_pay,France,New York
2471,475,2024-07-17 12:10:38,refunded,credit_card,France,Madrid
2472,780,2020-08-20 21:01:53,refunded,google_pay,France,Rome
2473,1025,2020-09-07 10:41:00,shipped,google_pay,Italy,Melbourne
2474,1412,2021-03-29 18:47:07,paid,paypal,Canada,Los Angeles
2475,1132,2020-08-10 04:34:52,pending,paypal,India,Berlin
2476,1905,2022-01-17 06:05:43,paid,bank_transfer,United Kingdom,Melbourne
2477,691,2020-03-03 16:16:36,paid,credit_card,Spain,Amsterdam
2478,1571,2023-06-24 01:23:26,paid,google_pay,Canada,Berlin
2479,1763,2020-11-26 22:00:00,shipped,paypal,France,Los Angeles
2480,1938,2022-08-10 00:37:13,shipped,bank_transfer,India,New York
2481,1137,2021-11-09 04:54:53,refunded,google_pay,Italy,Amsterdam
2482,509,2023-09-23 07:34:41,shipped,google_pay,Australia,Rome
2483,1664,2022-12-07 05:48:56,pending,bank_transfer,France,Sydney
2484,439,2022-02-26 00:32:49,shipped,apple_pay,Netherlands,Melbourne
2485,1143,2023-06-14 09:32:24,paid,credit_card,Italy,Paris
2486,1284,2022-06-23 22:59:10,refunded,credit_card,Australia,Toronto
2487,179,2020-08-27 12:18:09,paid,credit_card,France,Paris
2488,1958,2020-04-25 09:34:16,pending,google_pay,Netherlands,Chicago
2489,1312,2024-11-28 16:06:54,refunded,apple_pay,Spain,Chicago
2490,746,2020-01-19 10:52:56,paid,bank_transfer,India,Amsterdam
2491,1954,2023-03-25 15:20:43,pending,bank_transfer,Canada,Chicago
2492,478,2022-09-16 00:11:13,paid,bank_transfer,United States,Toronto
2493,1033,2021-01-03 15:28:57,refunded,bank_transfer,Australia,Rome
2494,138,2024-08-17 12:23:05,paid,apple_pay,Australia,Sydney
2495,1009,2024-08-12 12:09:49,shipped,apple_pay,Italy,Berlin
2496,945,2020-07-24 05:59:47,paid,paypal,United Kingdom,Rome
2497,391,2023-06-03 06:16:11,paid,credit_card,Germany,Bangalore
2498,1095,2023-09-30 10:35:13,paid,credit_card,France,New York
2499,1499,2020-06-06 00:31:22,pending,google_pay,Italy,Chicago
2500,1390,2023-04-01 06:14:22,shipped,bank_transfer,Australia,London
2501,925,2020-10-17 04:24:08,paid,credit_card,France,Mumbai
2502,1669,2022-10-05 22:12:23,shipped,paypal,Germany,Madrid
2503,1384,2021-04-21 04:13:01,paid,paypal,United Kingdom,Chicago
2504,1169,2022-12-31 22:20:29,paid,bank_transfer,United States,Vancouver
2505,1916,2023-10-27 11:00:09,cancelled,credit_card,Italy,Paris
2506,1102,2023-05-28 09:57:31,paid,paypal,Canada,Los Angeles
2507,1258,2023-12-27 04:57:25,paid,credit_card,Canada,London
2508,63,2024-10-03 02:44:05,pending,paypal,United Kingdom,Rome
2509,737,2020-04-12 20:59:49,paid,credit_card,Netherlands,Melbourne
2510,779,2020-03-30 00:41:10,paid,credit_card,France,Vancouver
2511,855,2020-09-14 23:19:11,cancelled,paypal,Netherlands,Sydney
2512,112,2024-08-17 18:12:33,shipped,bank_transfer,India,Sydney
2513,907,2022-01-26 20:53:25,shipped,google_pay,Germany,Chicago
2514,1375,2020-03-21 19:22:44,paid,apple_pay,Germany,Madrid
2515,1335,2020-11-06 19:35:26,shipped,paypal,Italy,Amsterdam
2516,717,2023-11-26 03:05:02,shipped,paypal,Canada,Paris
2517,1334,2020-09-06 05:31:47,cancelled,google_pay,Canada,Sydney
2518,522,2021-03-24 04:16:40,paid,paypal,United Kingdom,New York
2519,614,2021-03-01 00:16:00,pending,paypal,India,Toronto
2520,230,2020-01-15 05:53:19,shipped,paypal,United Kingdom,London
2521,1602,2023-05-06 20:46:28,shipped,credit_card,Canada,Mumbai
2522,69,2024-03-08 09:28:53,paid,paypal,Germany,Vancouver
2523,47,2021-06-21 16:58:02,pending,credit_card,India,Toronto
2524,148,2022-08-05 04:38:24,paid,google_pay,Canada,Paris
2525,995,2020-05-27 00:49:34,paid,google_pay,Canada,New York
2526,640,2021-09-09 11:43:41,refunded,apple_pay,United Kingdom,London
2527,652,2024-02-07 01:35:05,shipped,google_pay,France,Madrid
2528,1473,2020-09-02 18:43:25,shipped,paypal,Germany,Sydney
2529,1795,2023-06-09 21:27:55,paid,credit_card,Germany,Los Angeles
2530,1371,2024-01-18 13:54:06,shipped,bank_transfer,France,Sydney
2531,1108,2021-08-20 20:18:21,paid,apple_pay,Spain,Madrid
2532,74,2021-02-21 12:20:02,paid,paypal,Spain,Toronto
2533,1017,2020-05-30 21:31:37,shipped,paypal,United Kingdom,Madrid
2534,292,2024-09-13 21:27:09,cancelled,apple_pay,United States,Los Angeles
2535,943,2021-02-22 13:19:59,paid,apple_pay,Canada,Rome
2536,331,2024-10-28 06:05:30,paid,paypal,India,Los Angeles
2537,679,2024-01-07 05:31:34,paid,credit_card,France,Mumbai
2538,1953,2022-07-12 13:53:07,paid,google_pay,Netherlands,London
2539,1306,2024-02-10 12:40:01,paid,google_pay,Spain,Madrid
2540,1557,2023-07-15 15:12:30,pending,apple_pay,Canada,Toronto
2541,1959,2022-05-08 05:59:54,paid,bank_transfer,India,Sydney
2542,1560,2024-06-13 08:28:42,paid,credit_card,Canada,Paris
2543,1738,2024-07-19 01:47:53,paid,google_pay,United Kingdom,Bangalore
2544,880,2022-03-18 22:05:51,paid,credit_card,Australia,Amsterdam
2545,215,2022-12-14 07:03:25,cancelled,credit_card,United Kingdom,Madrid
2546,1975,2022-01-19 22:10:28,paid,paypal,Germany,London
2547,532,2020-09-01 14:33:42,paid,paypal,United Kingdom,Melbourne
2548,782,2024-04-30 21:34:52,shipped,apple_pay,Spain,Mumbai
2549,66,2020-01-15 22:28:43,paid,apple_pay,Germany,Sydney
2550,961,2022-05-30 09:25:21,paid,credit_card,India,Sydney
2551,653,2023-02-12 13:52:00,cancelled,paypal,India,Sydney
2552,1493,2022-11-13 15:09:38,paid,apple_pay,France,Sydney
2553,969,2023-01-25 02:26:10,cancelled,credit_card,Canada,Amsterdam
2554,542,2020-08-29 00:48:35,paid,apple_pay,Italy,Bangalore
2555,1923,2020-05-28 23:10:59,paid,google_pay,United States,Mumbai
2556,1914,2024-03-10 20:07:46,shipped,google_pay,France,Berlin
2557,828,2022-06-12 02:21:36,paid,bank_transfer,India,Chicago
2558,251,2020-10-15 19:44:37,shipped,bank_transfer,Australia,Toronto
2559,247,2023-07-08 22:19:40,shipped,apple_pay,Italy,Mumbai
2560,37,2023-01-02 17:40:16,shipped,credit_card,Canada,Toronto
2561,1635,2022-09-22 10:58:32,paid,apple_pay,United Kingdom,Mumbai
2562,11,2024-02-26 00:29:08,shipped,bank_transfer,Canada,Mumbai
2563,878,2024-02-09 22:56:50,refunded,paypal,Canada,Los Angeles
2564,155,2023-10-12 17:28:57,shipped,google_pay,Spain,Melbourne
2565,626,2024-02-23 23:43:27,pending,paypal,United States,Melbourne
2566,1011,2021-06-01 01:37:37,paid,apple_pay,Germany,Amsterdam
2567,263,2024-08-21 10:35:58,paid,google_pay,Netherlands,Paris
2568,764,2022-01-04 16:21:40,paid,credit_card,France,Rome
2569,62,2022-10-17 03:15:34,pending,apple_pay,Germany,Melbourne
2570,8,2023-07-11 01:09:47,shipped,bank_transfer,India,Melbourne
2571,226,2024-06-13 01:28:12,shipped,google_pay,United Kingdom,Amsterdam
2572,1022,2020-05-08 19:17:15,shipped,apple_pay,Germany,London
2573,245,2023-09-26 01:50:49,pending,credit_card,United Kingdom,Vancouver
2574,509,2023-07-20 23:06:42,refunded,paypal,United Kingdom,Mumbai
2575,898,2024-01-21 07:50:02,paid,paypal,Canada,Sydney
2576,1098,2024-01-22 19:40:12,shipped,credit_card,France,Rome
2577,770,2024-08-20 04:04:52,shipped,bank_transfer,Netherlands,London
2578,728,2023-06-19 06:19:37,paid,bank_transfer,United Kingdom,Sydney
2579,1184,2023-06-11 21:38:31,shipped,apple_pay,Italy,Los Angeles
2580,1585,2023-05-04 21:05:40,paid,paypal,Canada,Vancouver
2581,518,2021-05-22 15:10:33,pending,credit_card,Netherlands,Vancouver
2582,1173,2024-12-03 15:52:26,shipped,credit_card,Netherlands,Madrid
2583,1227,2021-03-15 04:35:27,shipped,paypal,Italy,Rome
2584,541,2021-12-26 16:31:55,shipped,bank_transfer,Netherlands,Chicago
2585,983,2020-04-23 12:56:22,paid,credit_card,Spain,Toronto
2586,1892,2022-11-26 06:07:43,shipped,credit_card,Italy,Mumbai
2587,169,2022-10-16 20:33:43,paid,bank_transfer,Netherlands,New York
2588,1904,2024-03-29 22:17:56,shipped,paypal,Australia,Melbourne
2589,393,2022-01-09 01:40:00,shipped,credit_card,Germany,New York
2590,1337,2022-12-10 14:16:36,shipped,paypal,Germany,Berlin
2591,1038,2024-04-06 22:15:12,paid,google_pay,Italy,Paris
2592,1972,2023-10-29 03:07:44,shipped,paypal,Netherlands,Bangalore
2593,436,2023-09-11 21:20:52,paid,paypal,Germany,Vancouver
2594,324,2021-09-28 14:35:03,paid,credit_card,Germany,New York
2595,1931,2020-04-05 14:44:44,refunded,apple_pay,India,Vancouver
2596,700,2022-11-28 15:22:43,cancelled,apple_pay,India,Melbourne
2597,990,2021-09-04 11:09:02,paid,google_pay,Netherlands,Los Angeles
2598,1413,2023-07-22 17:30:52,paid,paypal,Spain,Toronto
2599,1392,2021-08-18 21:27:44,paid,apple_pay,India,Chicago
2600,98,2023-05-30 07:55:27,shipped,apple_pay,United Kingdom,Paris
2601,258,2023-04-06 17:27:31,paid,apple_pay,France,Rome
2602,919,2024-04-23 17:59:09,cancelled,paypal,Spain,Mumbai
2603,661,2021-06-10 23:38:43,paid,bank_transfer,France,Rome
2604,1265,2022-05-18 13:17:15,shipped,paypal,Italy,Sydney
2605,1636,2024-01-24 17:09:01,shipped,bank_transfer,Netherlands,London
2606,1634,2023-03-09 01:18:54,refunded,paypal,Germany,Melbourne
2607,1826,2022-03-20 08:33:15,cancelled,google_pay,United Kingdom,Melbourne
2608,1322,2023-02-09 11:14:29,shipped,bank_transfer,France,Paris
2609,1989,2023-04-15 19:11:46,paid,google_pay,Italy,London
2610,1570,2024-12-20 10:48:00,paid,bank_transfer,Netherlands,New York
2611,763,2022-09-26 12:56:43,refunded,credit_card,United States,Toronto
2612,818,2022-12-23 08:26:39,paid,apple_pay,United States,Rome
2613,1022,2022-01-15 11:04:58,refunded,credit_card,Netherlands,Rome
2614,364,2023-04-21 00:09:24,pending,google_pay,Canada,New York
2615,1993,2023-06-02 06:50:49,shipped,paypal,Germany,Sydney
2616,1278,2021-12-16 08:27:05,shipped,credit_card,United States,London
2617,1650,2020-03-03 20:24:42,pending,credit_card,India,Paris
2618,562,2021-11-30 09:27:46,refunded,bank_transfer,Spain,New York
2619,952,2024-05-04 06:13:52,cancelled,apple_pay,Italy,Vancouver
2620,1553,2020-08-14 11:53:24,paid,paypal,Canada,Paris
2621,1070,2020-03-08 09:01:36,cancelled,google_pay,Spain,Rome
2622,1872,2021-08-07 07:03:47,paid,apple_pay,Spain,Vancouver
2623,1436,2023-02-10 16:34:29,refunded,bank_transfer,India,Melbourne
2624,1116,2020-02-24 18:44:32,paid,apple_pay,Netherlands,Sydney
2625,542,2022-09-01 00:37:10,paid,bank_transfer,United Kingdom,London
2626,455,2022-02-12 14:59:18,shipped,apple_pay,India,Sydney
2627,1032,2022-10-13 16:02:24,pending,paypal,Germany,London
2628,922,2022-05-11 19:19:21,paid,paypal,Italy,Mumbai
2629,1927,2024-03-18 12:59:21,pending,bank_transfer,India,Sydney
2630,39,2023-10-26 20:03:18,pending,credit_card,United Kingdom,Vancouver
2631,599,2020-08-14 14:08:45,refunded,apple_pay,Italy,New York
2632,1212,2020-02-13 00:55:56,cancelled,apple_pay,Netherlands,London
2633,376,2022-03-24 20:14:16,shipped,paypal,France,Melbourne
2634,32,2020-08-10 14:23:21,paid,bank_transfer,France,Sydney
2635,181,2021-07-26 08:59:50,shipped,apple_pay,France,London
2636,1652,2024-04-18 10:39:56,pending,credit_card,Australia,Bangalore
2637,991,2020-03-31 13:54:20,paid,credit_card,Canada,Bangalore
2638,1010,2020-08-16 19:42:46,shipped,bank_transfer,Italy,Los Angeles
2639,774,2023-08-08 12:47:38,shipped,apple_pay,Netherlands,Sydney
2640,176,2023-09-21 05:04:39,pending,credit_card,France,Madrid
2641,773,2021-05-05 00:29:32,refunded,google_pay,France,Rome
2642,1669,2021-01-11 16:31:59,shipped,credit_card,Germany,Amsterdam
2643,1222,2020-06-04 21:09:40,paid,credit_card,Spain,Madrid
2644,1790,2021-05-27 02:40:48,paid,paypal,France,Rome
2645,390,2024-07-20 17:56:24,shipped,bank_transfer,Netherlands,Chicago
2646,916,2024-05-09 06:27:51,shipped,paypal,Spain,Sydney
2647,220,2021-08-03 04:15:42,paid,apple_pay,Italy,Chicago
2648,343,2020-05-09 11:24:24,shipped,paypal,India,Sydney
2649,909,2021-09-16 09:29:07,pending,paypal,France,Vancouver
2650,1267,2024-04-18 00:33:01,paid,credit_card,Netherlands,Berlin
2651,1237,2021-04-08 08:25:06,paid,credit_card,Germany,Amsterdam
2652,356,2020-10-06 18:00:06,paid,google_pay,United States,New York
2653,1330,2020-02-10 05:06:53,shipped,apple_pay,United States,Bangalore
2654,753,2023-12-31 20:29:50,paid,bank_transfer,Australia,Toronto
2655,1672,2022-12-22 15:02:43,paid,credit_card,France,Sydney
2656,151,2023-08-23 23:41:38,cancelled,credit_card,Germany,Berlin
2657,600,2020-08-07 20:35:54,pending,paypal,Germany,Chicago
2658,737,2021-03-23 13:36:58,pending,bank_transfer,Canada,Vancouver
2659,779,2022-07-28 13:41:26,paid,google_pay,Australia,Bangalore
2660,462,2021-03-12 13:12:56,shipped,credit_card,India,London
2661,1670,2020-05-22 16:01:37,paid,apple_pay,India,Rome
2662,601,2023-03-09 15:47:24,paid,google_pay,India,Melbourne
2663,83,2020-04-16 00:54:18,refunded,bank_transfer,Netherlands,Amsterdam
2664,1921,2021-10-23 21:09:59,shipped,credit_card,France,Bangalore
2665,1100,2020-12-07 08:02:25,refunded,credit_card,Germany,Madrid
2666,1948,2021-08-07 18:07:17,paid,credit_card,Australia,London
2667,1261,2022-04-07 08:21:53,paid,paypal,United States,Rome
2668,1798,2024-10-13 00:29:30,shipped,paypal,Netherlands,New York
2669,1996,2023-10-07 05:56:11,refunded,google_pay,Australia,Melbourne
2670,1294,2023-12-16 22:12:49,paid,paypal,France,Los Angeles
2671,373,2021-10-24 17:39:29,paid,google_pay,France,Mumbai
2672,1768,2022-02-05 01:25:54,shipped,google_pay,Germany,Los Angeles
2673,1446,2024-08-14 15:39:31,shipped,apple_pay,United States,Paris
2674,196,2020-01-17 05:16:40,paid,bank_transfer,United States,Berlin
2675,1665,2022-06-26 14:26:29,paid,google_pay,Germany,London
2676,1860,2022-01-23 20:44:23,paid,credit_card,France,Bangalore
2677,47,2020-05-18 20:06:38,paid,bank_transfer,United States,Bangalore
2678,613,2021-08-13 00:23:58,paid,google_pay,United Kingdom,Amsterdam
2679,1704,2021-12-01 07:35:44,shipped,bank_transfer,Spain,Bangalore
2680,632,2021-11-02 15:13:38,paid,paypal,Canada,Madrid
2681,585,2024-09-19 05:13:51,paid,bank_transfer,United Kingdom,Amsterdam
2682,192,2022-01-10 16:52:09,shipped,bank_transfer,Australia,Toronto
2683,1669,2020-07-11 11:56:12,shipped,credit_card,Canada,Madrid
2684,1495,2021-08-06 06:44:41,paid,paypal,Netherlands,Rome
2685,1331,2024-04-12 16:18:58,refunded,bank_transfer,Spain,London
2686,1576,2020-08-31 22:06:32,paid,credit_card,Canada,Mumbai
2687,590,2024-12-02 14:51:50,pending,credit_card,Canada,Toronto
2688,1032,2022-09-06 23:26:02,paid,bank_transfer,Netherlands,Mumbai
2689,1192,2022-12-16 15:33:54,paid,apple_pay,India,Sydney
2690,1375,2024-07-10 10:20:41,pending,google_pay,Australia,Vancouver
2691,1561,2024-02-08 04:50:10,cancelled,apple_pay,Spain,New York
2692,619,2024-11-04 17:25:09,paid,credit_card,India,Melbourne
2693,1436,2024-06-11 15:40:59,paid,paypal,Canada,Amsterdam
2694,334,2023-11-08 03:06:12,cancelled,bank_transfer,United States,Vancouver
2695,1408,2021-04-04 16:44:59,paid,bank_transfer,United States,Los Angeles
2696,928,2021-05-19 17:43:41,shipped,apple_pay,Spain,London
2697,1734,2024-06-03 23:23:47,shipped,credit_card,United States,New York
2698,605,2023-08-06 12:01:47,shipped,bank_transfer,Spain,Vancouver
2699,852,2023-05-31 15:40:49,cancelled,credit_card,United States,Los Angeles
2700,455,2023-05-05 16:46:08,paid,credit_card,Spain,Chicago
2701,844,2020-12-10 03:24:25,cancelled,apple_pay,Spain,Amsterdam
2702,404,2022-01-21 13:05:41,refunded,bank_transfer,France,Mumbai
2703,1182,2020-12-24 20:06:32,refunded,credit_card,Italy,Chicago
2704,1149,2024-03-21 01:43:28,pending,google_pay,Spain,Rome
2705,853,2023-04-26 10:38:10,shipped,paypal,Netherlands,Sydney
2706,1765,2022-12-26 00:36:30,shipped,apple_pay,Spain,Chicago
2707,1462,2022-03-15 04:49:30,refunded,apple_pay,Netherlands,Los Angeles
2708,678,2024-11-29 11:08:54,paid,google_pay,India,Bangalore
2709,1265,2021-06-17 07:30:06,shipped,bank_transfer,Netherlands,Madrid
2710,763,2024-04-03 18:11:25,shipped,bank_transfer,United States,Chicago
2711,961,2021-09-01 08:14:40,shipped,google_pay,Canada,Paris
2712,228,2020-11-22 14:20:17,paid,apple_pay,Germany,Los Angeles
2713,91,2024-07-17 20:48:55,refunded,paypal,France,Rome
2714,377,2021-09-25 18:19:51,shipped,credit_card,Australia,Toronto
2715,825,2020-08-04 03:38:51,cancelled,bank_transfer,United States,Sydney
2716,1729,2020-06-24 22:44:23,paid,google_pay,Italy,Rome
2717,785,2024-09-27 21:43:24,shipped,apple_pay,Canada,Berlin
2718,66,2022-04-10 11:38:57,paid,paypal,Italy,Paris
2719,473,2022-07-16 01:08:24,paid,apple_pay,United States,Melbourne
2720,474,2020-03-15 16:38:53,pending,google_pay,Italy,Amsterdam
2721,230,2021-05-24 20:11:19,paid,apple_pay,Italy,New York
2722,1921,2024-06-09 22:46:08,cancelled,apple_pay,Canada,Madrid
2723,977,2020-09-20 16:24:42,paid,credit_card,France,Paris
2724,1213,2023-03-23 13:26:58,cancelled,paypal,Canada,Chicago
2725,1746,2020-11-11 01:55:29,shipped,bank_transfer,France,Paris
2726,957,2020-08-28 14:41:46,pending,bank_transfer,Canada,New York
2727,1309,2024-10-11 18:26:49,paid,bank_transfer,Canada,New York
2728,1124,2023-01-07 16:36:55,paid,credit_card,India,Bangalore
2729,958,2021-04-15 04:54:17,shipped,google_pay,United Kingdom,Vancouver
2730,1756,2023-07-20 01:28:11,paid,paypal,France,Toronto
2731,13,2021-06-29 02:34:39,cancelled,apple_pay,United Kingdom,Chicago
2732,296,2023-12-05 08:36:31,paid,bank_transfer,France,Vancouver
2733,564,2024-05-20 21:00:01,shipped,credit_card,France,Berlin
2734,805,2022-06-06 08:12:01,paid,apple_pay,France,Paris
2735,1747,2021-02-20 21:29:18,shipped,apple_pay,Netherlands,Los Angeles
2736,1753,2021-08-26 00:31:05,paid,credit_card,India,Rome
2737,1102,2020-09-06 14:18:33,shipped,bank_transfer,Spain,New York
2738,467,2022-08-23 03:41:47,refunded,paypal,United States,Bangalore
2739,752,2023-04-14 01:54:01,paid,bank_transfer,Italy,Toronto
2740,913,2023-08-10 19:55:15,paid,credit_card,Canada,London
2741,989,2020-10-22 15:25:16,shipped,apple_pay,India,Rome
2742,820,2020-08-04 19:15:56,pending,google_pay,France,Los Angeles
2743,929,2021-05-05 23:09:35,paid,apple_pay,Spain,Vancouver
2744,322,2023-05-11 08:06:25,paid,bank_transfer,Germany,Melbourne
2745,576,2021-11-18 00:55:22,pending,bank_transfer,Germany,Madrid
2746,88,2023-11-20 11:19:11,cancelled,apple_pay,Australia,New York
2747,1980,2021-07-30 10:12:07,paid,credit_card,Canada,Chicago
2748,1356,2024-02-21 13:08:24,cancelled,bank_transfer,Australia,Bangalore
2749,1011,2023-11-06 16:27:51,shipped,paypal,Italy,Sydney
2750,706,2024-09-06 15:53:47,refunded,paypal,United Kingdom,New York
2751,1011,2023-12-09 02:59:55,paid,google_pay,Netherlands,Paris
2752,1382,2020-06-25 18:24:07,paid,paypal,Italy,Mumbai
2753,316,2022-01-30 00:45:49,paid,paypal,India,Amsterdam
2754,690,2021-02-11 11:50:35,shipped,apple_pay,Italy,Chicago
2755,1479,2020-01-02 10:39:42,shipped,bank_transfer,Spain,Toronto
2756,853,2024-08-27 11:46:04,cancelled,paypal,Italy,Amsterdam
2757,375,2024-04-28 13:47:42,paid,bank_transfer,India,Sydney
2758,1522,2021-10-23 08:08:47,shipped,credit_card,Australia,Bangalore
2759,1189,2023-01-09 19:52:52,shipped,paypal,Canada,New York
2760,1188,2020-04-07 07:14:16,paid,bank_transfer,Spain,Toronto
2761,1334,2022-05-01 08:26:00,paid,google_pay,Canada,Amsterdam
2762,1394,2020-08-02 12:25:22,paid,paypal,India,Amsterdam
2763,1288,2020-03-17 06:03:07,shipped,credit_card,India,Los Angeles
2764,447,2024-05-24 16:48:53,shipped,credit_card,United States,Sydney
2765,46,2021-10-29 13:00:51,paid,google_pay,Germany,Chicago
2766,84,2022-04-11 05:43:43,shipped,paypal,Australia,Berlin
2767,131,2021-09-10 14:21:56,shipped,paypal,United Kingdom,Chicago
2768,276,2024-11-23 08:13:21,shipped,credit_card,Netherlands,Bangalore
2769,1205,2022-06-13 22:42:40,paid,credit_card,India,Mumbai
2770,126,2022-11-12 22:50:46,shipped,apple_pay,Italy,London
2771,652,2020-08-10 03:51:49,paid,credit_card,Australia,Vancouver
2772,1790,2021-09-17 08:39:57,cancelled,bank_transfer,United Kingdom,Madrid
2773,1985,2023-01-06 18:13:43,shipped,paypal,India,Berlin
2774,693,2021-12-22 05:15:11,shipped,google_pay,Germany,Rome
2775,1895,2023-05-29 06:47:49,cancelled,bank_transfer,Canada,Melbourne
2776,64,2024-10-11 13:24:16,shipped,bank_transfer,Germany,Berlin
2777,919,2021-06-04 09:25:01,pending,credit_card,United Kingdom,Bangalore
2778,1134,2024-08-14 08:52:10,shipped,bank_transfer,Italy,Melbourne
2779,697,2020-01-28 16:27:21,shipped,credit_card,Spain,Los Angeles
2780,1319,2023-08-29 18:15:12,cancelled,google_pay,United Kingdom,Bangalore
2781,1979,2024-04-27 09:57:10,pending,credit_card,France,Sydney
2782,1929,2024-11-17 18:21:49,shipped,google_pay,United Kingdom,Madrid
2783,555,2024-03-03 15:22:56,pending,paypal,Spain,London
2784,1379,2021-07-17 06:51:20,shipped,apple_pay,United Kingdom,Melbourne
2785,1168,2024-12-04 02:32:49,paid,apple_pay,Spain,Melbourne
2786,1363,2022-09-18 17:01:32,cancelled,apple_pay,Germany,London
2787,1526,2022-01-12 08:40:33,refunded,bank_transfer,Netherlands,London
2788,1608,2024-07-09 19:01:31,paid,google_pay,Spain,Amsterdam
2789,860,2022-09-06 16:30:08,cancelled,credit_card,Germany,Berlin
2790,241,2024-08-01 11:22:43,paid,bank_transfer,United States,London
2791,1524,2024-06-03 19:37:58,paid,credit_card,Germany,Toronto
2792,536,2021-07-19 19:09:30,paid,bank_transfer,Germany,Toronto
2793,1080,2020-03-30 08:53:27,shipped,google_pay,France,New York
2794,31,2020-03-24 19:32:31,paid,bank_transfer,Australia,Vancouver
2795,1828,2023-02-02 19:44:00,paid,bank_transfer,Spain,Toronto
2796,1445,2022-11-15 05:39:37,pending,paypal,Germany,Sydney
2797,1460,2020-09-24 17:46:54,shipped,apple_pay,India,Paris
2798,1172,2022-04-25 03:47:24,paid,paypal,Italy,Berlin
2799,515,2020-01-17 19:32:58,cancelled,paypal,Netherlands,Paris
2800,1773,2021-09-15 09:34:33,pending,credit_card,Canada,Rome
2801,78,2021-11-06 17:49:29,shipped,google_pay,Germany,Chicago
2802,1024,2024-07-02 19:27:55,paid,paypal,Germany,Los Angeles
2803,1363,2024-06-01 10:30:19,shipped,apple_pay,France,Bangalore
2804,107,2024-01-08 01:23:35,cancelled,bank_transfer,Spain,Rome
2805,1884,2021-01-14 20:34:40,cancelled,google_pay,Australia,Madrid
2806,827,2022-06-14 19:31:26,paid,apple_pay,United States,Chicago
2807,1259,2021-11-21 23:53:52,paid,credit_card,Germany,London
2808,1323,2020-04-16 08:08:48,cancelled,credit_card,India,Madrid
2809,1883,2022-03-22 13:27:27,paid,credit_card,Canada,Berlin
2810,224,2021-12-25 01:09:12,pending,apple_pay,Germany,Melbourne
2811,1734,2022-08-25 17:11:53,shipped,paypal,Italy,Vancouver
2812,1038,2023-05-19 19:19:50,cancelled,credit_card,Germany,Rome
2813,596,2022-09-02 21:03:08,shipped,bank_transfer,India,Melbourne
2814,115,2021-02-20 09:46:42,paid,credit_card,India,Berlin
2815,162,2024-07-04 08:52:43,cancelled,google_pay,India,Berlin
2816,710,2024-03-02 09:55:22,shipped,bank_transfer,India,Toronto
2817,1682,2024-02-15 12:59:36,paid,credit_card,United States,New York
2818,895,2024-01-31 07:56:34,paid,google_pay,Australia,Melbourne
2819,1949,2024-04-01 22:47:22,paid,google_pay,United States,Melbourne
2820,1040,2022-04-25 04:07:40,shipped,bank_transfer,United States,Bangalore
2821,6,2024-07-24 13:46:59,paid,apple_pay,Australia,Sydney
2822,1528,2024-12-14 05:02:41,shipped,bank_transfer,France,Sydney
2823,643,2022-05-17 10:02:51,shipped,bank_transfer,Netherlands,Vancouver
2824,1075,2024-11-16 16:35:36,shipped,paypal,Spain,Toronto
2825,1143,2022-01-22 00:09:01,pending,credit_card,United States,New York
2826,1402,2024-08-18 07:43:14,shipped,bank_transfer,France,Madrid
2827,1538,2023-03-07 21:49:17,shipped,credit_card,United States,Mumbai
2828,722,2020-09-04 12:42:46,paid,bank_transfer,Canada,Paris
2829,1979,2024-08-31 08:17:15,shipped,paypal,Netherlands,Bangalore
2830,512,2020-09-12 03:31:19,paid,credit_card,Australia,Rome
2831,1155,2024-05-08 18:51:16,pending,paypal,Australia,Chicago
2832,1685,2020-04-02 19:47:25,shipped,paypal,Italy,London
2833,991,2020-05-22 01:29:07,paid,google_pay,United Kingdom,Vancouver
2834,1353,2022-03-23 21:40:23,shipped,paypal,United Kingdom,Amsterdam
2835,879,2024-02-18 15:06:04,pending,credit_card,France,Sydney
2836,1415,2021-10-10 10:43:56,paid,paypal,India,Sydney
2837,774,2020-11-25 17:55:42,shipped,bank_transfer,India,Melbourne
2838,247,2023-03-29 20:01:01,shipped,credit_card,Spain,New York
2839,1868,2021-07-17 17:41:59,refunded,apple_pay,Netherlands,Rome
2840,76,2024-08-11 00:47:50,cancelled,credit_card,Canada,Paris
2841,265,2020-10-02 02:46:20,paid,credit_card,Italy,Mumbai
2842,1541,2024-10-09 21:28:46,pending,google_pay,Spain,Berlin
2843,698,2024-12-29 16:59:02,paid,apple_pay,France,Bangalore
2844,1764,2021-11-05 05:02:20,pending,credit_card,Spain,New York
2845,1926,2023-01-10 06:54:02,shipped,credit_card,France,Amsterdam
2846,1677,2022-06-01 08:27:34,shipped,google_pay,Italy,London
2847,555,2022-12-15 02:37:54,shipped,bank_transfer,Australia,Los Angeles
2848,1688,2022-08-13 08:47:44,shipped,paypal,Australia,Vancouver
2849,594,2024-01-27 01:18:34,refunded,bank_transfer,United Kingdom,New York
2850,1277,2021-04-17 21:06:29,paid,bank_transfer,Canada,Vancouver
2851,1698,2020-05-29 14:13:44,shipped,google_pay,France,Los Angeles
2852,94,2024-04-17 04:41:37,pending,apple_pay,India,New York
2853,467,2020-05-14 14:00:01,paid,paypal,Italy,Vancouver
2854,710,2022-04-30 08:50:42,paid,paypal,Germany,Bangalore
2855,707,2022-09-30 10:03:57,shipped,google_pay,Canada,Toronto
2856,1251,2020-10-01 23:14:43,paid,credit_card,India,Melbourne
2857,1932,2022-01-13 04:52:09,paid,apple_pay,Canada,Sydney
2858,1304,2022-03-04 06:59:41,refunded,google_pay,Canada,Los Angeles
2859,1450,2021-09-19 20:12:54,paid,credit_card,United Kingdom,Chicago
2860,532,2020-07-11 19:36:44,paid,bank_transfer,Australia,New York
2861,1670,2023-05-29 20:15:14,paid,paypal,Canada,Paris
2862,1939,2020-07-17 18:35:34,cancelled,paypal,Netherlands,London
2863,1536,2024-10-02 22:31:42,shipped,apple_pay,Canada,Madrid
2864,987,2021-08-17 06:09:06,paid,apple_pay,India,London
2865,366,2024-09-01 05:40:37,shipped,google_pay,Netherlands,Amsterdam
2866,308,2020-03-15 10:20:02,shipped,bank_transfer,Italy,Madrid
2867,1753,2022-08-21 17:47:07,shipped,apple_pay,Germany,Amsterdam
2868,1667,2024-12-12 13:49:45,paid,credit_card,France,Chicago
2869,1562,2023-05-20 09:17:59,shipped,paypal,Australia,Chicago
2870,123,2021-05-13 02:04:36,cancelled,google_pay,India,Bangalore
2871,1382,2022-04-27 17:54:48,paid,google_pay,Canada,Berlin
2872,110,2021-09-12 19:15:24,cancelled,paypal,France,Toronto
2873,1776,2022-01-20 18:03:09,shipped,credit_card,Canada,Madrid
2874,1342,2022-10-03 19:57:29,paid,apple_pay,United Kingdom,Sydney
2875,1690,2021-10-14 23:55:56,paid,google_pay,India,Bangalore
2876,296,2022-01-25 20:20:14,pending,paypal,Canada,Bangalore
2877,928,2021-05-11 10:19:27,refunded,paypal,United States,Melbourne
2878,653,2022-07-01 23:34:06,shipped,credit_card,Italy,Sydney
2879,516,2022-09-18 11:50:46,refunded,google_pay,Australia,Bangalore
2880,1048,2021-02-18 20:10:10,pending,paypal,Canada,Rome
2881,136,2022-01-18 07:35:07,shipped,credit_card,France,Paris
2882,1285,2021-03-25 18:23:30,cancelled,paypal,United States,Madrid
2883,1260,2024-05-04 13:10:43,shipped,bank_transfer,India,Los Angeles
2884,1248,2022-09-15 23:49:26,cancelled,credit_card,Spain,New York
2885,1357,2021-07-16 12:56:27,paid,google_pay,United States,Rome
2886,302,2020-08-27 15:59:31,paid,paypal,India,Paris
2887,541,2022-03-19 05:33:02,paid,bank_transfer,United Kingdom,Berlin
2888,163,2020-11-04 18:11:59,shipped,apple_pay,France,Chicago
2889,961,2024-10-31 14:04:10,refunded,paypal,Germany,Chicago
2890,1883,2023-03-03 17:55:16,paid,paypal,Canada,Melbourne
2891,924,2022-10-13 11:41:46,refunded,paypal,Spain,Melbourne
2892,125,2022-08-23 16:10:39,paid,credit_card,India,Vancouver
2893,1796,2022-12-05 17:13:59,paid,credit_card,United Kingdom,Mumbai
2894,1820,2024-07-30 17:01:07,paid,bank_transfer,France,Melbourne
2895,1496,2020-10-30 22:16:10,shipped,credit_card,France,Rome
2896,1402,2024-04-28 05:37:20,paid,credit_card,Australia,Vancouver
2897,1331,2021-12-07 21:36:38,pending,bank_transfer,Spain,Paris
2898,1694,2021-09-12 23:00:29,cancelled,credit_card,Spain,Sydney
2899,1385,2023-02-28 01:26:33,refunded,bank_transfer,Italy,Los Angeles
2900,1910,2020-12-01 09:58:23,shipped,apple_pay,France,Toronto
2901,1905,2024-09-06 07:59:40,shipped,credit_card,Netherlands,Amsterdam
2902,1262,2021-03-29 21:08:07,cancelled,paypal,Italy,Rome
2903,551,2024-08-16 00:09:12,paid,credit_card,France,Melbourne
2904,474,2023-09-30 22:02:02,paid,bank_transfer,Canada,Sydney
2905,187,2021-10-07 14:17:02,shipped,paypal,India,London
2906,1184,2022-11-09 22:00:33,cancelled,apple_pay,Netherlands,Chicago
2907,1390,2021-05-25 17:54:46,paid,apple_pay,Spain,Bangalore
2908,949,2021-06-17 02:57:57,shipped,bank_transfer,France,Vancouver
2909,1686,2022-04-15 02:28:41,shipped,credit_card,Spain,Paris
2910,1946,2023-03-22 13:22:49,paid,apple_pay,Canada,Toronto
2911,661,2020-11-18 03:47:57,paid,apple_pay,Canada,Paris
2912,1372,2022-12-28 19:42:18,paid,bank_transfer,France,New York
2913,402,2020-01-19 03:13:30,paid,bank_transfer,Italy,New York
2914,293,2020-10-15 05:37:41,shipped,bank_transfer,Netherlands,Vancouver
2915,763,2024-02-12 11:32:03,shipped,credit_card,United States,London
2916,1845,2020-05-13 20:58:06,cancelled,google_pay,Italy,London
2917,149,2023-11-28 16:43:59,paid,apple_pay,Germany,Sydney
2918,869,2025-01-01 01:21:41,paid,apple_pay,Netherlands,Toronto
2919,1523,2022-05-18 23:00:45,shipped,apple_pay,United States,Rome
2920,1757,2020-01-26 17:13:50,refunded,apple_pay,Germany,Rome
2921,15,2022-09-11 12:23:02,shipped,bank_transfer,India,Bangalore
2922,1104,2023-07-13 09:12:07,shipped,credit_card,Canada,Paris
2923,279,2021-05-25 16:57:29,cancelled,google_pay,United States,Sydney
2924,1073,2022-09-30 08:50:45,shipped,google_pay,United States,Chicago
2925,1924,2022-10-31 02:25:59,shipped,apple_pay,Canada,Chicago
2926,1199,2023-01-14 16:53:37,shipped,credit_card,France,Amsterdam
2927,116,2021-11-03 18:11:44,paid,bank_transfer,Netherlands,London
2928,1502,2020-06-05 23:37:51,shipped,credit_card,United States,Amsterdam
2929,1640,2022-06-17 13:25:07,paid,bank_transfer,Spain,Madrid
2930,1508,2023-03-29 06:35:17,refunded,google_pay,Australia,Toronto
2931,1415,2022-04-20 11:13:18,paid,credit_card,Italy,London
2932,1193,2024-06-30 18:47:07,paid,google_pay,Australia,Paris
2933,1751,2023-05-09 23:41:14,shipped,paypal,France,Sydney
2934,875,2020-11-18 02:26:05,refunded,credit_card,United Kingdom,Madrid
2935,1536,2020-06-19 09:53:26,paid,google_pay,France,Chicago
2936,170,2020-02-04 07:58:55,paid,apple_pay,India,Rome
2937,40,2020-01-15 04:04:54,paid,apple_pay,United States,Bangalore
2938,1245,2021-08-03 14:02:06,shipped,credit_card,Italy,Paris
2939,936,2023-11-02 01:20:48,paid,google_pay,United Kingdom,Rome
2940,1557,2022-09-18 11:56:39,paid,credit_card,United States,London
2941,1055,2023-11-06 13:32:53,refunded,bank_transfer,France,New York
2942,335,2021-03-01 12:15:58,cancelled,bank_transfer,United Kingdom,Melbourne
2943,1605,2024-05-23 23:53:09,paid,google_pay,India,Chicago
2944,106,2021-11-25 09:03:16,pending,paypal,France,London
2945,855,2020-02-21 11:40:59,paid,google_pay,India,Madrid
2946,492,2020-02-03 06:45:34,shipped,paypal,United Kingdom,Berlin
2947,196,2023-06-08 16:49:32,cancelled,bank_transfer,India,Madrid
2948,739,2021-09-19 06:26:02,paid,bank_transfer,Italy,Melbourne
2949,78,2024-04-14 16:34:31,paid,google_pay,India,Chicago
2950,1127,2023-08-24 18:11:14,shipped,credit_card,United Kingdom,London
2951,378,2021-04-14 22:00:56,paid,apple_pay,United States,Vancouver
2952,761,2022-10-06 08:28:49,paid,paypal,United States,Vancouver
2953,1435,2020-12-31 20:41:41,paid,paypal,Italy,Paris
2954,73,2022-11-21 07:55:24,paid,credit_card,United States,Madrid
2955,776,2021-12-13 23:01:35,refunded,paypal,Spain,Sydney
2956,1292,2024-07-01 01:16:26,refunded,bank_transfer,Canada,Sydney
2957,1270,2022-11-29 15:50:22,paid,paypal,Spain,Bangalore
2958,302,2021-04-20 19:42:28,paid,credit_card,Italy,Mumbai
2959,1835,2022-07-04 15:21:36,pending,paypal,France,Melbourne
2960,1029,2021-12-01 18:38:39,cancelled,bank_transfer,France,Vancouver
2961,1952,2023-03-28 05:04:28,shipped,apple_pay,Netherlands,Los Angeles
2962,660,2020-04-05 00:56:58,pending,bank_transfer,Netherlands,Bangalore
2963,656,2024-03-20 17:17:38,shipped,google_pay,Germany,Vancouver
2964,1452,2022-01-03 10:13:14,paid,google_pay,Canada,Chicago
2965,1642,2020-02-27 02:52:35,shipped,credit_card,Canada,Sydney
2966,513,2021-03-29 10:06:43,paid,paypal,Australia,Melbourne
2967,15,2023-04-14 07:59:07,paid,apple_pay,India,Paris
2968,444,2020-03-03 06:38:53,pending,google_pay,Germany,Bangalore
2969,827,2022-03-06 04:56:13,pending,bank_transfer,Spain,London
2970,889,2024-12-27 20:25:38,cancelled,bank_transfer,Germany,Madrid
2971,1088,2022-11-19 04:38:40,paid,google_pay,Italy,Amsterdam
2972,1844,2020-05-14 16:19:47,shipped,google_pay,France,Paris
2973,834,2021-11-01 04:47:17,paid,apple_pay,Italy,Melbourne
2974,578,2024-06-13 14:26:02,paid,google_pay,Spain,Rome
2975,1313,2022-08-05 16:59:07,shipped,bank_transfer,India,Chicago
2976,453,2024-09-16 01:28:58,refunded,credit_card,Netherlands,Mumbai
2977,1841,2024-08-18 22:26:02,paid,paypal,Italy,Vancouver
2978,1339,2023-06-14 20:28:52,cancelled,google_pay,India,Amsterdam
2979,316,2024-03-26 18:39:01,paid,apple_pay,United Kingdom,New York
2980,1976,2022-10-16 02:39:15,refunded,bank_transfer,Canada,Rome
2981,700,2021-10-02 00:50:42,refunded,apple_pay,Italy,Madrid
2982,1859,2022-04-21 13:54:27,paid,google_pay,United Kingdom,Toronto
2983,355,2021-05-20 18:28:24,shipped,bank_transfer,Germany,Toronto
2984,1857,2021-08-16 09:58:35,shipped,apple_pay,France,Rome
2985,391,2023-04-04 06:51:14,refunded,credit_card,India,Madrid
2986,675,2022-11-02 08:37:20,refunded,bank_transfer,Germany,Sydney
2987,755,2024-12-17 05:03:08,shipped,paypal,Italy,Sydney
2988,890,2024-03-25 10:59:00,paid,google_pay,Australia,Paris
2989,611,2024-04-19 11:02:10,pending,credit_card,Canada,Vancouver
2990,764,2020-09-16 08:08:35,shipped,apple_pay,India,New York
2991,1065,2020-12-27 20:36:41,shipped,credit_card,India,Madrid
2992,640,2020-09-27 07:07:35,shipped,bank_transfer,United Kingdom,Toronto
2993,587,2021-12-08 17:07:00,paid,bank_transfer,Netherlands,Rome
2994,1022,2020-05-04 03:18:19,paid,google_pay,Germany,Melbourne
2995,1337,2023-06-26 12:50:01,paid,credit_card,Netherlands,Berlin
2996,1353,2021-05-19 17:06:36,refunded,bank_transfer,Spain,Los Angeles
2997,1669,2024-02-20 05:40:04,shipped,credit_card,Italy,Bangalore
2998,141,2024-01-22 22:44:57,paid,apple_pay,Italy,Chicago
2999,1988,2024-07-03 02:59:20,shipped,paypal,Germany,Sydney
3000,1024,2022-08-10 05:29:01,paid,paypal,United States,Chicago
3001,146,2021-06-24 06:55:12,pending,apple_pay,France,Sydney
3002,1956,2022-11-27 07:32:08,paid,apple_pay,India,Vancouver
3003,533,2021-09-03 08:44:46,refunded,credit_card,India,Sydney
3004,1694,2020-01-04 15:15:48,paid,credit_card,Italy,Rome
3005,857,2022-02-15 12:24:50,shipped,bank_transfer,France,Rome
3006,1642,2023-01-13 16:25:08,refunded,paypal,Netherlands,Amsterdam
3007,394,2021-08-04 18:31:43,shipped,paypal,France,Amsterdam
3008,330,2021-05-10 15:49:52,shipped,google_pay,Spain,New York
3009,1711,2023-12-31 08:11:54,paid,credit_card,France,Rome
3010,1175,2023-03-27 15:05:13,paid,paypal,Australia,Madrid
3011,1074,2022-08-17 17:07:56,shipped,google_pay,France,Berlin
3012,199,2024-10-04 06:31:26,pending,bank_transfer,Italy,Berlin
3013,181,2020-02-13 16:12:30,cancelled,paypal,United Kingdom,Madrid
3014,183,2021-06-20 23:47:14,shipped,bank_transfer,Netherlands,Los Angeles
3015,766,2024-07-08 15:05:27,cancelled,credit_card,France,London
3016,1250,2021-11-13 05:23:48,paid,paypal,India,Los Angeles
3017,1596,2021-12-01 20:52:54,paid,bank_transfer,Australia,Toronto
3018,1570,2021-01-27 20:08:41,pending,apple_pay,Germany,Melbourne
3019,1168,2023-03-31 11:54:20,pending,credit_card,France,Berlin
3020,705,2020-11-23 12:24:37,shipped,apple_pay,Australia,London
3021,1205,2021-01-23 16:16:11,shipped,credit_card,France,London
3022,699,2023-07-11 16:25:47,paid,credit_card,Australia,Los Angeles
3023,3,2023-12-10 20:56:24,paid,bank_transfer,Canada,Chicago
3024,1069,2021-02-26 17:50:35,shipped,apple_pay,Germany,London
3025,1511,2021-05-01 10:25:37,shipped,google_pay,United Kingdom,Chicago
3026,265,2021-02-27 17:34:09,shipped,bank_transfer,United States,Sydney
3027,1521,2022-01-23 02:52:57,paid,credit_card,Canada,Vancouver
3028,617,2021-04-17 16:15:10,shipped,credit_card,Spain,Los Angeles
3029,1890,2020-08-20 19:31:34,pending,credit_card,Spain,Los Angeles
3030,173,2023-07-03 18:49:48,paid,google_pay,Canada,Toronto
3031,557,2021-01-31 12:30:23,paid,bank_transfer,United States,Madrid
3032,1667,2020-01-17 10:57:22,paid,apple_pay,Australia,Bangalore
3033,270,2024-07-17 23:19:22,paid,credit_card,United States,Amsterdam
3034,721,2024-08-20 03:50:56,shipped,google_pay,France,Bangalore
3035,1418,2024-12-12 22:19:41,shipped,apple_pay,Germany,Sydney
3036,122,2024-04-29 21:42:54,paid,bank_transfer,United Kingdom,Bangalore
3037,1026,2023-10-21 02:11:18,pending,bank_transfer,Canada,Los Angeles
3038,1004,2020-02-21 02:15:04,refunded,google_pay,Canada,Bangalore
3039,1729,2024-11-21 20:53:18,paid,paypal,Spain,Chicago
3040,1055,2020-02-17 09:29:21,shipped,google_pay,Germany,London
3041,368,2022-01-07 03:48:37,shipped,paypal,Italy,Mumbai
3042,1787,2021-11-24 23:47:10,pending,credit_card,Spain,Bangalore
3043,1861,2024-06-04 14:13:48,shipped,bank_transfer,United States,Paris
3044,1237,2023-04-21 12:41:05,paid,credit_card,Australia,Los Angeles
3045,1579,2023-05-11 19:18:06,paid,google_pay,India,Mumbai
3046,1066,2022-11-06 19:57:13,paid,google_pay,United States,London
3047,660,2024-10-20 11:57:34,refunded,paypal,France,London
3048,968,2021-12-27 06:38:32,shipped,apple_pay,Canada,Chicago
3049,1127,2023-06-30 12:14:56,refunded,credit_card,Italy,Rome
3050,1633,2022-01-25 18:57:05,shipped,paypal,United States,Berlin
3051,1528,2022-02-14 04:36:12,paid,apple_pay,Spain,Los Angeles
3052,632,2024-08-22 01:36:56,paid,bank_transfer,Italy,Rome
3053,12,2022-03-16 20:52:04,paid,bank_transfer,Italy,London
3054,1698,2023-07-01 09:49:29,shipped,google_pay,India,New York
3055,1385,2024-06-29 16:05:24,paid,credit_card,Spain,New York
3056,539,2021-11-27 05:30:22,paid,paypal,Spain,Paris
3057,1793,2023-02-23 02:26:07,paid,apple_pay,Australia,Amsterdam
3058,1536,2021-07-12 09:02:59,pending,paypal,Netherlands,Mumbai
3059,1594,2021-07-07 17:34:35,shipped,apple_pay,United Kingdom,Bangalore
3060,1322,2020-08-06 04:26:24,shipped,credit_card,India,Los Angeles
3061,1277,2022-04-03 07:18:22,shipped,google_pay,Italy,London
3062,8,2022-12-27 15:57:07,paid,paypal,Canada,Sydney
3063,538,2024-05-31 21:05:37,shipped,paypal,France,Bangalore
3064,638,2021-01-18 12:44:47,paid,paypal,Canada,Paris
3065,951,2021-10-17 17:27:16,paid,paypal,United States,Chicago
3066,1179,2023-05-17 21:45:53,paid,paypal,United Kingdom,Melbourne
3067,1443,2024-09-12 12:23:37,shipped,credit_card,Italy,Rome
3068,431,2020-09-05 19:26:24,pending,apple_pay,United States,Los Angeles
3069,1176,2020-09-27 15:40:19,shipped,google_pay,Spain,Amsterdam
3070,799,2024-09-11 06:26:08,pending,credit_card,Germany,Madrid
3071,1297,2022-07-04 13:16:47,pending,paypal,Canada,Toronto
3072,569,2020-07-19 21:00:35,paid,paypal,Italy,New York
3073,1066,2022-08-19 13:58:27,pending,paypal,Italy,Mumbai
3074,1111,2022-10-31 06:23:41,shipped,google_pay,France,Chicago
3075,1669,2024-12-18 18:43:14,paid,apple_pay,France,New York
3076,870,2021-09-06 00:39:28,shipped,paypal,Netherlands,Melbourne
3077,1239,2023-03-05 17:10:08,paid,paypal,United States,Melbourne
3078,1107,2021-07-21 04:50:07,refunded,apple_pay,Netherlands,New York
3079,667,2024-03-20 19:42:08,shipped,bank_transfer,United Kingdom,Berlin
3080,123,2024-09-10 09:21:37,paid,paypal,Netherlands,Los Angeles
3081,329,2022-07-23 04:36:10,paid,paypal,United States,Melbourne
3082,1721,2021-08-07 01:58:41,paid,paypal,United States,Chicago
3083,1397,2024-06-08 03:04:06,shipped,google_pay,India,Rome
3084,1297,2023-05-06 07:46:11,refunded,credit_card,India,Sydney
3085,76,2022-03-07 09:17:27,paid,paypal,Netherlands,Mumbai
3086,1056,2022-08-03 10:31:16,paid,bank_transfer,Australia,London
3087,922,2023-11-10 03:25:39,paid,paypal,Spain,Sydney
3088,1370,2022-11-24 21:07:13,paid,credit_card,Italy,Los Angeles
3089,1372,2023-11-28 19:48:11,pending,google_pay,United States,Los Angeles
3090,513,2020-03-23 17:32:43,paid,credit_card,Germany,Toronto
3091,199,2020-02-21 07:33:55,paid,apple_pay,Australia,London
3092,1090,2022-11-07 09:56:40,paid,paypal,Spain,Rome
3093,770,2021-11-21 07:48:07,paid,bank_transfer,India,Sydney
3094,1467,2024-10-25 18:32:16,shipped,paypal,Spain,Paris
3095,860,2020-06-19 10:08:04,paid,credit_card,United Kingdom,Paris
3096,256,2020-06-06 09:16:01,refunded,credit_card,Netherlands,Los Angeles
3097,1754,2024-11-18 18:04:59,shipped,apple_pay,India,New York
3098,1744,2021-10-09 11:14:11,pending,credit_card,Italy,Mumbai
3099,818,2020-08-25 10:12:29,paid,google_pay,Germany,Sydney
3100,892,2021-08-14 18:07:07,shipped,apple_pay,Canada,Vancouver
3101,898,2021-10-02 01:49:19,shipped,paypal,France,Paris
3102,1669,2023-06-10 08:11:26,cancelled,bank_transfer,Spain,Mumbai
3103,1738,2020-08-17 10:15:28,refunded,credit_card,Netherlands,Mumbai
3104,926,2020-11-11 16:42:04,paid,apple_pay,Canada,New York
3105,1963,2022-01-29 09:35:44,refunded,paypal,United Kingdom,Madrid
3106,722,2023-06-07 12:45:39,refunded,apple_pay,France,Mumbai
3107,828,2021-05-16 10:33:26,shipped,apple_pay,Spain,London
3108,831,2023-01-25 10:03:35,shipped,credit_card,France,Berlin
3109,258,2022-11-13 13:43:22,cancelled,apple_pay,Germany,London
3110,334,2022-12-10 01:01:26,cancelled,apple_pay,France,London
3111,1858,2022-05-03 00:06:40,paid,google_pay,United States,Los Angeles
3112,1454,2023-05-07 06:26:45,paid,apple_pay,Italy,Toronto
3113,971,2020-04-11 21:27:05,shipped,apple_pay,United States,Amsterdam
3114,1954,2023-10-19 01:18:42,paid,google_pay,Germany,Berlin
3115,1106,2021-09-09 15:33:17,shipped,paypal,Germany,Amsterdam
3116,838,2022-02-01 07:43:47,cancelled,credit_card,Australia,Vancouver
3117,1434,2022-06-28 23:16:54,paid,google_pay,Germany,Madrid
3118,1708,2021-09-20 11:22:15,refunded,bank_transfer,United States,Los Angeles
3119,34,2021-03-22 23:09:29,shipped,google_pay,Canada,Madrid
3120,819,2023-09-29 16:26:24,paid,google_pay,Germany,Chicago
3121,1708,2022-02-25 05:26:21,cancelled,google_pay,Netherlands,Chicago
3122,890,2023-03-25 21:01:33,shipped,paypal,Australia,Melbourne
3123,309,2023-03-09 16:51:30,cancelled,bank_transfer,France,Vancouver
3124,1668,2024-11-18 00:47:32,cancelled,credit_card,Australia,Rome
3125,592,2024-10-25 00:33:35,paid,apple_pay,Canada,London
3126,1679,2021-03-27 03:04:34,paid,bank_transfer,Spain,Toronto
3127,1867,2020-01-01 19:16:33,shipped,paypal,Italy,Chicago
3128,262,2022-12-13 23:06:42,shipped,paypal,Spain,Berlin
3129,85,2023-04-24 00:20:18,cancelled,google_pay,India,Madrid
3130,1126,2021-04-09 09:33:43,paid,credit_card,Italy,London
3131,1632,2020-02-29 01:48:05,paid,bank_transfer,India,Rome
3132,1246,2021-02-14 20:45:33,shipped,google_pay,Germany,Madrid
3133,608,2021-06-24 22:05:13,paid,paypal,Spain,Sydney
3134,920,2022-07-13 14:49:43,pending,google_pay,Spain,Berlin
3135,951,2020-11-06 17:12:27,paid,credit_card,Germany,Los Angeles
3136,1078,2023-12-13 09:24:13,paid,credit_card,Germany,Rome
3137,914,2023-04-10 22:12:15,paid,paypal,Italy,Amsterdam
3138,146,2022-10-25 16:44:37,refunded,credit_card,Netherlands,Sydney
3139,1,2020-06-16 12:42:56,shipped,credit_card,United States,Vancouver
3140,1086,2021-05-20 20:32:52,paid,google_pay,France,Chicago
3141,1833,2021-10-04 16:10:59,pending,google_pay,United Kingdom,London
3142,137,2022-12-22 15:04:32,shipped,paypal,Canada,Bangalore
3143,1903,2021-09-02 04:12:25,paid,bank_transfer,Spain,Chicago
3144,277,2023-05-30 17:25:19,paid,credit_card,Germany,Sydney
3145,1782,2022-10-12 05:51:37,refunded,bank_transfer,United Kingdom,Sydney
3146,1775,2024-01-21 17:56:52,cancelled,google_pay,Germany,Toronto
3147,1661,2021-03-12 14:18:02,shipped,apple_pay,Germany,Rome
3148,286,2023-08-13 08:38:44,refunded,credit_card,Germany,Bangalore
3149,1128,2021-12-31 03:20:24,shipped,paypal,France,Amsterdam
3150,1956,2021-11-27 17:19:23,paid,paypal,United States,Chicago
3151,715,2023-01-10 01:26:33,cancelled,credit_card,Netherlands,Chicago
3152,434,2024-07-19 03:29:34,cancelled,apple_pay,France,Amsterdam
3153,883,2020-09-21 21:26:00,pending,credit_card,Spain,Amsterdam
3154,947,2022-09-19 17:38:55,shipped,bank_transfer,United States,Sydney
3155,1948,2023-10-24 18:54:24,paid,apple_pay,Italy,Rome
3156,1116,2023-12-09 12:09:58,cancelled,credit_card,Italy,Bangalore
3157,366,2022-07-14 09:22:48,paid,bank_transfer,Australia,Los Angeles
3158,1993,2021-01-26 13:05:42,shipped,paypal,Italy,Bangalore
3159,238,2024-03-27 06:03:06,paid,apple_pay,Spain,Rome
3160,1682,2022-03-04 22:32:53,paid,paypal,United States,Vancouver
3161,1320,2021-12-20 15:12:37,shipped,google_pay,Italy,Madrid
3162,1381,2020-03-29 23:05:30,paid,apple_pay,Germany,New York
3163,1830,2024-05-03 03:01:00,paid,credit_card,Spain,Sydney
3164,532,2024-10-11 16:39:29,shipped,paypal,Germany,Sydney
3165,427,2022-11-09 13:23:40,paid,apple_pay,United Kingdom,Amsterdam
3166,1446,2024-06-05 19:08:43,pending,paypal,Italy,Melbourne
3167,1828,2020-11-12 12:02:08,shipped,apple_pay,Canada,Sydney
3168,1886,2020-12-03 11:27:49,refunded,paypal,Italy,Los Angeles
3169,1707,2022-12-12 21:09:27,cancelled,google_pay,France,Berlin
3170,1457,2024-06-21 23:38:51,paid,apple_pay,United Kingdom,Melbourne
3171,137,2020-07-03 17:34:41,pending,apple_pay,Spain,New York
3172,1915,2024-04-20 07:30:50,shipped,google_pay,Spain,Toronto
3173,1864,2020-02-16 17:12:42,shipped,credit_card,India,Rome
3174,645,2021-04-08 07:46:06,paid,credit_card,United States,Paris
3175,950,2024-08-05 10:53:14,paid,credit_card,Canada,Mumbai
3176,846,2022-07-13 00:59:08,paid,bank_transfer,India,Paris
3177,1474,2024-06-16 01:16:38,paid,paypal,France,Chicago
3178,471,2024-05-07 12:06:46,paid,credit_card,Germany,Los Angeles
3179,1661,2020-09-11 03:40:02,paid,bank_transfer,United Kingdom,Los Angeles
3180,860,2023-11-02 01:02:52,refunded,bank_transfer,Australia,Berlin
3181,1050,2020-05-23 17:06:34,paid,credit_card,Netherlands,Mumbai
3182,1176,2022-08-15 10:43:48,pending,apple_pay,Spain,Rome
3183,523,2021-11-04 06:24:21,paid,credit_card,France,Melbourne
3184,1139,2023-04-18 21:58:57,cancelled,bank_transfer,Canada,Los Angeles
3185,1436,2020-06-28 13:54:52,paid,google_pay,United Kingdom,Mumbai
3186,1432,2021-10-31 15:32:55,paid,bank_transfer,Australia,Berlin
3187,1249,2020-06-08 01:20:03,paid,paypal,United States,Mumbai
3188,1301,2021-09-13 17:36:18,paid,paypal,Netherlands,Los Angeles
3189,558,2022-12-11 09:38:16,paid,apple_pay,Netherlands,Chicago
3190,267,2022-11-07 10:20:35,shipped,credit_card,United Kingdom,Mumbai
3191,1718,2024-06-22 01:10:05,paid,bank_transfer,Italy,Mumbai
3192,1832,2023-11-03 09:25:16,paid,apple_pay,Canada,Mumbai
3193,1234,2020-12-29 23:51:56,cancelled,google_pay,India,Los Angeles
3194,943,2023-09-18 22:04:50,shipped,google_pay,United States,Amsterdam
3195,1167,2023-01-01 00:14:49,shipped,paypal,Spain,London
3196,914,2022-10-18 21:07:55,paid,bank_transfer,Canada,Vancouver
3197,1717,2020-06-13 10:18:32,paid,apple_pay,India,Bangalore
3198,1746,2021-09-23 08:25:36,pending,credit_card,India,Los Angeles
3199,1167,2020-09-21 05:38:46,cancelled,bank_transfer,United States,London
3200,1168,2023-11-28 02:31:48,shipped,apple_pay,Germany,Madrid
3201,644,2020-12-10 10:12:21,cancelled,credit_card,United Kingdom,Bangalore
3202,1465,2020-09-04 16:53:27,paid,paypal,India,Amsterdam
3203,1318,2022-10-28 11:00:51,paid,bank_transfer,France,Los Angeles
3204,568,2024-05-31 14:14:30,refunded,credit_card,India,Los Angeles
3205,888,2023-04-23 04:21:27,paid,bank_transfer,United States,Madrid
3206,71,2021-05-24 00:36:10,pending,google_pay,India,Chicago
3207,662,2021-02-14 23:39:14,paid,paypal,United States,Vancouver
3208,718,2022-06-14 22:13:07,paid,paypal,Netherlands,Melbourne
3209,1306,2020-03-28 15:34:31,cancelled,google_pay,Spain,Sydney
3210,1787,2024-10-06 02:23:50,shipped,bank_transfer,Australia,Rome
3211,1931,2023-08-26 09:42:49,paid,paypal,India,Rome
3212,803,2024-08-09 11:52:38,shipped,apple_pay,France,Melbourne
3213,1449,2023-11-07 00:11:17,paid,apple_pay,United States,Toronto
3214,1171,2022-12-13 06:47:42,pending,paypal,India,New York
3215,559,2023-11-27 10:01:49,paid,apple_pay,India,Madrid
3216,1707,2021-05-11 07:11:38,paid,bank_transfer,Italy,Madrid
3217,982,2024-05-02 21:10:36,shipped,paypal,Germany,Toronto
3218,937,2023-08-05 00:55:57,paid,credit_card,Canada,Paris
3219,797,2021-12-13 03:12:14,pending,credit_card,Italy,Chicago
3220,1244,2020-11-19 16:36:54,paid,apple_pay,India,Paris
3221,97,2022-11-26 19:33:21,refunded,google_pay,India,Sydney
3222,14,2021-03-15 00:33:58,shipped,google_pay,Germany,Bangalore
3223,208,2021-03-27 22:12:28,shipped,bank_transfer,Germany,Amsterdam
3224,192,2024-05-07 22:03:52,paid,paypal,Canada,Mumbai
3225,1144,2022-04-04 21:48:03,refunded,paypal,France,Mumbai
3226,1999,2022-11-25 18:04:54,paid,credit_card,Netherlands,Vancouver
3227,1590,2022-07-06 13:54:30,shipped,bank_transfer,Australia,Mumbai
3228,560,2020-04-29 02:43:29,paid,bank_transfer,Germany,Bangalore
3229,1010,2021-10-22 19:28:07,cancelled,credit_card,Australia,Vancouver
3230,957,2024-02-11 08:04:30,shipped,google_pay,Australia,Rome
3231,94,2024-07-28 12:25:18,paid,paypal,Canada,Paris
3232,808,2024-08-02 22:32:03,refunded,paypal,Australia,Rome
3233,1485,2022-06-15 23:13:18,paid,apple_pay,Italy,Los Angeles
3234,473,2023-05-12 17:18:08,cancelled,apple_pay,United Kingdom,Madrid
3235,327,2020-08-14 11:00:45,pending,google_pay,United Kingdom,Melbourne
3236,1216,2024-12-26 00:37:04,shipped,google_pay,France,Toronto
3237,1528,2024-06-02 03:58:58,paid,google_pay,Italy,Madrid
3238,171,2023-11-19 23:51:06,cancelled,google_pay,Germany,Berlin
3239,1888,2024-03-05 11:55:17,paid,credit_card,United Kingdom,Sydney
3240,991,2023-12-31 13:26:30,pending,apple_pay,Spain,Madrid
3241,1146,2022-07-16 19:53:43,pending,paypal,France,Mumbai
3242,434,2020-02-25 18:50:31,refunded,paypal,Canada,Chicago
3243,628,2022-08-22 11:50:37,pending,bank_transfer,Australia,Toronto
3244,961,2021-08-03 08:23:25,pending,google_pay,Australia,Madrid
3245,1616,2022-11-04 13:36:02,paid,apple_pay,Canada,Rome
3246,226,2020-09-18 11:54:10,cancelled,credit_card,Germany,Chicago
3247,1981,2020-11-26 01:59:42,shipped,paypal,Netherlands,Mumbai
3248,1456,2024-12-20 16:45:00,pending,paypal,India,Rome
3249,274,2020-05-16 21:27:37,shipped,apple_pay,Germany,Berlin
3250,1611,2021-09-03 18:26:33,paid,apple_pay,Netherlands,London
3251,1393,2021-03-31 10:28:05,paid,bank_transfer,Australia,Sydney
3252,1280,2022-05-15 17:39:45,paid,bank_transfer,Spain,Madrid
3253,310,2024-03-10 01:24:40,shipped,paypal,Canada,Paris
3254,509,2023-07-18 11:38:39,shipped,google_pay,United States,Sydney
3255,313,2020-07-06 19:15:51,shipped,google_pay,Canada,Berlin
3256,1510,2020-10-14 22:20:31,pending,google_pay,Germany,Toronto
3257,1874,2024-02-08 07:41:39,pending,credit_card,Italy,Vancouver
3258,1615,2022-03-10 07:37:45,paid,apple_pay,United Kingdom,Vancouver
3259,1476,2023-03-26 03:57:10,paid,google_pay,Australia,Sydney
3260,487,2022-12-22 18:11:51,cancelled,bank_transfer,Spain,New York
3261,227,2020-07-15 17:50:51,paid,apple_pay,Italy,Vancouver
3262,1454,2023-03-05 11:40:17,paid,credit_card,Spain,Rome
3263,1164,2024-10-31 17:07:18,paid,credit_card,Italy,Toronto
3264,485,2024-08-16 11:08:14,paid,google_pay,Canada,Bangalore
3265,1586,2024-09-05 14:24:46,paid,google_pay,Netherlands,London
3266,1046,2021-12-18 19:43:20,refunded,credit_card,Germany,Chicago
3267,481,2022-08-31 14:29:02,paid,apple_pay,Canada,Paris
3268,1948,2021-07-27 19:03:31,shipped,apple_pay,Netherlands,Los Angeles
3269,262,2024-05-31 20:51:26,cancelled,apple_pay,Netherlands,Amsterdam
3270,1784,2023-06-23 16:15:57,paid,google_pay,Spain,Chicago
3271,1898,2023-04-29 10:36:07,paid,google_pay,Germany,Sydney
3272,1954,2023-11-23 13:38:31,shipped,paypal,Germany,Toronto
3273,927,2024-10-30 13:57:54,paid,paypal,Germany,Rome
3274,1106,2023-01-19 01:52:43,paid,apple_pay,Germany,Melbourne
3275,251,2020-01-23 10:17:37,paid,bank_transfer,United Kingdom,Melbourne
3276,1504,2020-04-21 14:17:38,paid,apple_pay,France,Rome
3277,273,2021-06-26 03:28:48,paid,google_pay,Canada,Bangalore
3278,1580,2022-01-05 00:48:57,shipped,bank_transfer,Germany,Paris
3279,875,2020-03-01 14:45:39,paid,paypal,United States,Mumbai
3280,567,2024-02-21 18:33:00,cancelled,apple_pay,France,Toronto
3281,629,2021-10-04 15:22:26,pending,credit_card,Germany,Rome
3282,1227,2021-09-04 12:28:11,paid,bank_transfer,India,Madrid
3283,1062,2024-02-02 16:17:13,paid,credit_card,United States,Mumbai
3284,181,2022-08-08 11:33:44,paid,bank_transfer,United Kingdom,Paris
3285,1745,2021-01-12 04:39:11,paid,bank_transfer,France,Toronto
3286,205,2023-12-26 06:48:46,paid,credit_card,India,Vancouver
3287,49,2022-04-06 03:49:18,cancelled,bank_transfer,India,Los Angeles
3288,554,2023-07-01 22:21:50,shipped,apple_pay,India,London
3289,798,2020-05-05 20:29:55,shipped,google_pay,United Kingdom,Madrid
3290,963,2020-05-12 20:50:57,paid,paypal,United Kingdom,Bangalore
3291,1816,2023-05-30 14:25:25,paid,paypal,Australia,Melbourne
3292,1867,2024-05-19 07:01:03,paid,apple_pay,Canada,Toronto
3293,1942,2023-07-12 18:11:25,shipped,credit_card,Germany,London
3294,423,2024-01-14 02:27:50,shipped,google_pay,Germany,Paris
3295,1272,2024-04-27 03:40:47,paid,apple_pay,Germany,Amsterdam
3296,1300,2023-03-08 13:37:54,shipped,credit_card,Canada,Amsterdam
3297,1924,2024-09-09 05:04:19,shipped,apple_pay,United States,Madrid
3298,30,2020-01-22 22:21:13,pending,apple_pay,Spain,Toronto
3299,256,2023-01-09 17:26:03,cancelled,bank_transfer,India,Mumbai
3300,934,2023-05-06 02:24:03,cancelled,apple_pay,Spain,Berlin
3301,150,2024-10-22 03:33:53,paid,paypal,Italy,Paris
3302,555,2020-08-29 17:22:38,paid,google_pay,Germany,Madrid
3303,949,2020-02-19 23:51:06,cancelled,apple_pay,India,Los Angeles
3304,1953,2021-06-22 19:38:40,paid,apple_pay,Australia,Berlin
3305,1057,2021-01-25 13:23:30,paid,bank_transfer,Australia,Bangalore
3306,657,2021-08-25 06:10:42,paid,apple_pay,United Kingdom,New York
3307,1462,2023-10-21 13:41:14,shipped,credit_card,Netherlands,Sydney
3308,220,2023-12-14 21:00:57,paid,bank_transfer,Italy,Bangalore
3309,1465,2020-02-18 19:04:26,refunded,credit_card,Netherlands,Paris
3310,1734,2022-12-19 15:57:18,cancelled,bank_transfer,France,London
3311,1642,2022-06-08 04:45:07,shipped,bank_transfer,India,New York
3312,1671,2020-03-24 22:33:17,shipped,paypal,India,Sydney
3313,1238,2023-10-20 06:14:16,paid,google_pay,United States,Amsterdam
3314,384,2022-11-28 01:02:24,paid,credit_card,France,Berlin
3315,1267,2022-06-28 20:55:51,shipped,paypal,Canada,New York
3316,204,2021-03-11 21:09:11,paid,credit_card,Germany,Paris
3317,1162,2023-08-22 08:40:24,refunded,google_pay,Germany,Vancouver
3318,1587,2023-08-22 03:56:58,pending,paypal,Italy,Mumbai
3319,726,2020-05-24 02:16:12,shipped,google_pay,Germany,Berlin
3320,1558,2023-08-04 14:24:08,paid,paypal,Italy,Mumbai
3321,1821,2023-01-28 18:42:24,shipped,google_pay,Italy,Paris
3322,1254,2022-12-10 03:33:40,refunded,google_pay,United Kingdom,London
3323,25,2022-07-05 20:56:51,shipped,credit_card,Canada,Amsterdam
3324,211,2023-04-05 05:31:01,pending,bank_transfer,Germany,Amsterdam
3325,124,2023-09-13 14:37:33,paid,apple_pay,Canada,Madrid
3326,1215,2022-09-08 02:22:46,shipped,paypal,France,New York
3327,1374,2022-12-02 15:19:51,paid,bank_transfer,Italy,Toronto
3328,787,2021-05-08 14:04:11,paid,paypal,India,Toronto
3329,1399,2023-02-25 15:45:01,cancelled,google_pay,Italy,Paris
3330,1962,2020-07-17 17:00:51,refunded,bank_transfer,United Kingdom,Los Angeles
3331,65,2023-08-03 01:31:26,pending,paypal,India,Rome
3332,1214,2024-04-25 20:36:26,paid,apple_pay,United Kingdom,Sydney
3333,1690,2024-02-27 07:46:02,paid,credit_card,Germany,Chicago
3334,1202,2020-03-25 07:49:04,refunded,bank_transfer,Germany,New York
3335,853,2021-10-28 15:09:22,paid,apple_pay,Canada,Melbourne
3336,1036,2023-08-06 05:38:06,refunded,paypal,Canada,Mumbai
3337,1650,2024-03-21 22:12:37,paid,paypal,Spain,London
3338,1525,2021-10-24 19:36:24,shipped,paypal,India,Sydney
3339,1497,2020-03-07 14:13:51,paid,apple_pay,United States,Vancouver
3340,1777,2023-04-15 00:35:24,shipped,apple_pay,Australia,Melbourne
3341,1984,2020-01-27 02:22:21,refunded,apple_pay,Netherlands,Bangalore
3342,16,2020-09-01 02:16:37,shipped,google_pay,Australia,Berlin
3343,1108,2024-08-19 22:21:19,cancelled,credit_card,Germany,Melbourne
3344,405,2024-07-07 19:42:56,shipped,bank_transfer,France,Toronto
3345,1566,2021-02-16 05:06:55,paid,paypal,Netherlands,Paris
3346,1825,2021-01-31 01:43:40,cancelled,credit_card,Canada,Los Angeles
3347,261,2024-11-06 21:09:37,paid,bank_transfer,United Kingdom,Mumbai
3348,1441,2022-02-05 02:14:21,shipped,apple_pay,Italy,Paris
3349,1995,2023-03-03 14:36:24,shipped,bank_transfer,Australia,Amsterdam
3350,1754,2021-09-17 15:05:59,paid,apple_pay,India,Vancouver
3351,1050,2022-01-06 19:40:17,refunded,google_pay,United States,Sydney
3352,1627,2020-08-27 03:07:32,cancelled,bank_transfer,United Kingdom,Amsterdam
3353,1315,2022-01-14 08:12:25,refunded,bank_transfer,Netherlands,Berlin
3354,653,2023-01-26 01:31:28,paid,paypal,Netherlands,Toronto
3355,1929,2022-07-23 16:14:48,pending,google_pay,United States,Toronto
3356,1146,2023-05-29 16:45:51,paid,credit_card,Netherlands,Vancouver
3357,1970,2023-04-05 20:32:29,cancelled,paypal,Spain,Los Angeles
3358,277,2020-03-15 06:10:07,paid,paypal,Netherlands,Melbourne
3359,1859,2020-05-01 08:51:43,refunded,apple_pay,Canada,Vancouver
3360,149,2021-05-06 14:53:05,paid,credit_card,Netherlands,Los Angeles
3361,753,2024-02-20 01:05:55,paid,bank_transfer,Australia,Toronto
3362,615,2020-10-07 12:06:07,paid,apple_pay,Australia,Mumbai
3363,1734,2021-01-04 18:22:01,refunded,google_pay,Germany,Bangalore
3364,818,2021-08-06 18:21:05,paid,bank_transfer,Italy,Amsterdam
3365,783,2021-07-19 04:25:40,shipped,google_pay,Australia,Sydney
3366,1799,2024-10-04 02:25:58,shipped,apple_pay,Germany,Sydney
3367,1291,2020-10-12 08:22:20,shipped,apple_pay,Italy,Amsterdam
3368,613,2023-09-11 21:22:24,shipped,bank_transfer,Spain,Vancouver
3369,252,2020-12-03 16:57:32,paid,credit_card,Australia,Chicago
3370,1634,2022-12-11 15:18:10,shipped,paypal,United Kingdom,Sydney
3371,1465,2020-05-11 05:34:01,paid,paypal,Italy,Vancouver
3372,1624,2024-07-23 22:57:42,shipped,apple_pay,Canada,Madrid
3373,1319,2023-12-09 22:36:27,paid,paypal,Netherlands,New York
3374,342,2023-05-26 18:09:23,shipped,bank_transfer,Germany,Berlin
3375,1821,2022-07-23 09:35:33,refunded,paypal,United Kingdom,Melbourne
3376,322,2024-11-29 15:38:10,shipped,apple_pay,Spain,Berlin
3377,492,2023-05-03 06:23:49,shipped,google_pay,Italy,New York
3378,1605,2020-10-28 21:53:32,shipped,paypal,Italy,Berlin
3379,1277,2022-01-10 14:16:57,refunded,apple_pay,Australia,Rome
3380,936,2020-03-22 04:40:13,paid,google_pay,France,Los Angeles
3381,1726,2024-06-19 07:25:22,shipped,bank_transfer,Canada,Vancouver
3382,1982,2020-12-14 22:37:22,paid,paypal,United States,Vancouver
3383,1179,2020-07-16 05:01:44,paid,bank_transfer,Germany,Bangalore
3384,451,2023-04-28 17:59:41,shipped,apple_pay,Spain,Chicago
3385,250,2022-03-11 14:46:20,paid,paypal,United States,Amsterdam
3386,734,2022-04-12 15:18:21,shipped,apple_pay,Italy,Chicago
3387,961,2023-08-27 11:34:27,paid,apple_pay,France,Los Angeles
3388,859,2022-04-03 18:11:44,cancelled,bank_transfer,Spain,London
3389,523,2022-06-05 13:26:23,shipped,google_pay,United States,Bangalore
3390,295,2020-04-04 15:33:28,paid,apple_pay,France,Bangalore
3391,1772,2022-09-13 03:56:46,paid,credit_card,Italy,Melbourne
3392,425,2023-04-09 13:31:21,pending,apple_pay,India,Rome
3393,459,2020-10-13 18:59:28,shipped,apple_pay,United States,New York
3394,1427,2024-07-14 00:26:34,paid,apple_pay,Canada,Toronto
3395,1588,2020-07-28 06:35:47,paid,google_pay,India,Berlin
3396,1371,2024-06-27 03:48:14,paid,apple_pay,United Kingdom,Melbourne
3397,931,2022-04-10 09:52:05,paid,google_pay,United Kingdom,Toronto
3398,1350,2022-05-06 08:33:00,paid,paypal,Spain,Toronto
3399,838,2022-08-23 06:25:31,refunded,google_pay,United States,Amsterdam
3400,303,2023-04-12 21:41:17,paid,bank_transfer,United Kingdom,Vancouver
3401,1609,2021-04-28 08:00:00,shipped,paypal,Germany,Rome
3402,998,2023-08-22 22:30:02,paid,bank_transfer,India,Melbourne
3403,664,2022-03-18 04:12:56,shipped,google_pay,United Kingdom,London
3404,204,2023-01-30 23:41:49,shipped,paypal,Australia,Chicago
3405,1788,2022-04-18 22:18:19,shipped,credit_card,United Kingdom,Chicago
3406,130,2020-05-15 12:43:24,shipped,paypal,Germany,Bangalore
3407,25,2020-02-19 08:12:12,shipped,paypal,Germany,Sydney
3408,1675,2022-07-09 12:31:47,shipped,bank_transfer,India,Toronto
3409,1335,2022-07-06 03:59:04,pending,credit_card,Germany,Toronto
3410,954,2021-11-21 11:52:01,refunded,paypal,United States,Amsterdam
3411,1044,2020-01-12 18:51:13,paid,google_pay,United States,Chicago
3412,1323,2023-07-09 16:53:55,pending,apple_pay,Netherlands,Melbourne
3413,1192,2021-02-02 11:32:54,paid,credit_card,Spain,Sydney
3414,1050,2022-07-14 14:13:42,paid,apple_pay,United States,Madrid
3415,1111,2023-02-27 11:59:42,shipped,paypal,Netherlands,Vancouver
3416,526,2022-07-16 05:05:52,shipped,credit_card,United Kingdom,Chicago
3417,85,2023-04-10 03:02:37,shipped,apple_pay,India,Rome
3418,1210,2023-09-26 19:48:45,shipped,paypal,Germany,Madrid
3419,439,2024-07-20 22:45:17,paid,credit_card,Australia,Sydney
3420,602,2023-12-21 16:30:09,cancelled,paypal,Germany,London
3421,463,2022-08-01 17:21:39,shipped,paypal,Netherlands,Melbourne
3422,485,2020-01-03 10:28:06,paid,bank_transfer,Australia,Sydney
3423,378,2024-05-20 14:22:01,pending,apple_pay,Spain,New York
3424,1059,2023-05-13 22:06:26,shipped,bank_transfer,Netherlands,New York
3425,391,2020-08-19 23:14:57,shipped,google_pay,United States,London
3426,453,2021-04-23 06:31:32,paid,credit_card,United States,Bangalore
3427,729,2021-04-08 11:11:47,pending,apple_pay,Spain,New York
3428,1993,2021-09-09 04:44:25,refunded,bank_transfer,Spain,Toronto
3429,1344,2024-12-16 18:06:00,shipped,apple_pay,Spain,Melbourne
3430,580,2024-05-15 09:30:48,shipped,apple_pay,United Kingdom,Amsterdam
3431,1690,2022-11-28 23:30:18,paid,paypal,Netherlands,Paris
3432,610,2020-11-21 20:28:11,paid,credit_card,Germany,Mumbai
3433,514,2020-05-05 07:06:38,paid,credit_card,Netherlands,Melbourne
3434,481,2021-09-13 22:35:42,cancelled,google_pay,France,Amsterdam
3435,1982,2022-02-14 17:11:19,paid,google_pay,United States,Rome
3436,1428,2021-07-05 11:29:17,pending,apple_pay,Australia,Amsterdam
3437,1068,2023-07-13 05:55:40,paid,credit_card,United States,Amsterdam
3438,1622,2021-12-20 22:55:17,paid,bank_transfer,India,Madrid
3439,1485,2023-04-28 19:52:45,paid,credit_card,United Kingdom,London
3440,553,2023-09-02 22:38:37,paid,apple_pay,United Kingdom,Vancouver
3441,433,2021-10-25 12:10:15,pending,paypal,Canada,Toronto
3442,4,2021-01-25 19:11:22,refunded,bank_transfer,Italy,Paris
3443,651,2023-03-28 07:45:05,paid,paypal,France,Bangalore
3444,203,2023-06-21 23:34:06,paid,paypal,France,Chicago
3445,464,2023-03-14 23:46:13,shipped,paypal,Canada,Madrid
3446,1966,2022-01-21 10:52:34,paid,bank_transfer,India,Melbourne
3447,920,2024-02-21 19:05:28,cancelled,paypal,Spain,Chicago
3448,173,2021-10-19 11:58:51,paid,credit_card,United States,Paris
3449,1688,2024-07-05 13:53:01,paid,bank_transfer,Spain,Madrid
3450,1789,2023-12-30 19:42:02,pending,paypal,Australia,Bangalore
3451,1988,2020-07-14 23:32:38,refunded,paypal,India,Melbourne
3452,1543,2022-06-02 23:59:52,refunded,bank_transfer,United States,Rome
3453,1137,2021-10-31 12:21:31,shipped,bank_transfer,Australia,Melbourne
3454,182,2022-01-20 23:40:49,paid,google_pay,Netherlands,Berlin
3455,847,2024-07-09 10:48:31,pending,apple_pay,Netherlands,Melbourne
3456,1184,2021-11-19 19:48:50,refunded,google_pay,Italy,London
3457,370,2023-11-20 20:12:42,paid,google_pay,Australia,Paris
3458,235,2020-03-27 23:42:21,shipped,bank_transfer,Australia,London
3459,930,2022-04-07 08:15:49,paid,google_pay,Spain,Rome
3460,876,2024-10-28 08:06:54,paid,bank_transfer,Spain,Chicago
3461,143,2020-05-06 22:56:55,paid,google_pay,Spain,Rome
3462,1080,2024-12-29 14:03:50,pending,apple_pay,India,Chicago
3463,1936,2021-09-21 22:20:58,pending,credit_card,United States,Los Angeles
3464,1056,2021-05-04 23:48:53,paid,paypal,France,Chicago
3465,1769,2020-12-21 19:18:26,cancelled,bank_transfer,United States,Mumbai
3466,969,2021-03-13 13:12:32,paid,google_pay,Spain,Rome
3467,526,2023-07-18 01:38:22,shipped,google_pay,Germany,Paris
3468,157,2023-01-15 14:52:10,paid,apple_pay,France,Rome
3469,1387,2021-12-28 16:14:20,shipped,paypal,Italy,Paris
3470,959,2022-07-23 21:34:49,paid,paypal,Canada,Los Angeles
3471,591,2023-11-29 20:23:03,pending,google_pay,Netherlands,Sydney
3472,1219,2021-06-09 09:46:28,shipped,bank_transfer,Australia,Chicago
3473,1572,2022-09-05 15:27:17,refunded,credit_card,Netherlands,Sydney
3474,1478,2024-06-09 09:16:54,paid,paypal,Australia,Madrid
3475,712,2021-09-10 12:30:56,pending,credit_card,France,Amsterdam
3476,596,2023-01-11 19:52:04,paid,bank_transfer,Netherlands,Bangalore
3477,1956,2020-04-01 05:14:36,pending,bank_transfer,Netherlands,Sydney
3478,134,2022-01-15 19:22:19,paid,google_pay,Spain,Madrid
3479,115,2022-06-28 04:45:29,pending,apple_pay,Italy,New York
3480,1900,2022-02-14 17:50:24,cancelled,paypal,Italy,Toronto
3481,809,2024-05-03 23:02:07,paid,apple_pay,United Kingdom,New York
3482,1618,2020-06-27 01:10:04,shipped,apple_pay,France,Madrid
3483,38,2023-12-16 15:23:21,paid,bank_transfer,Germany,Bangalore
3484,122,2020-04-20 15:46:52,paid,credit_card,Australia,New York
3485,1471,2021-10-07 20:51:00,cancelled,paypal,Spain,Bangalore
3486,899,2020-08-12 11:42:59,shipped,credit_card,Netherlands,Chicago
3487,528,2020-07-29 16:40:13,shipped,bank_transfer,Germany,Los Angeles
3488,1988,2021-03-30 19:26:53,cancelled,google_pay,Netherlands,Berlin
3489,886,2023-08-11 08:12:19,paid,credit_card,Germany,Berlin
3490,710,2023-03-10 05:53:07,shipped,apple_pay,Netherlands,Sydney
3491,374,2024-10-18 11:16:50,shipped,apple_pay,Italy,London
3492,1750,2024-09-04 15:29:38,shipped,paypal,India,Los Angeles
3493,1526,2023-03-18 16:14:32,paid,bank_transfer,Australia,Paris
3494,706,2023-07-17 15:38:05,paid,paypal,Australia,London
3495,1398,2020-11-29 19:46:00,paid,bank_transfer,Netherlands,Madrid
3496,458,2022-06-20 08:43:20,paid,credit_card,Australia,Vancouver
3497,303,2024-09-13 23:47:08,shipped,paypal,United States,Berlin
3498,1250,2024-06-23 06:25:07,shipped,google_pay,Spain,Amsterdam
3499,621,2021-03-08 15:17:22,cancelled,apple_pay,India,Bangalore
3500,1481,2022-12-15 22:13:18,paid,paypal,France,Madrid
3501,72,2020-04-12 07:41:25,paid,paypal,United States,Mumbai
3502,298,2021-05-13 07:07:44,paid,paypal,Australia,Rome
3503,738,2020-09-20 04:47:51,paid,paypal,Australia,Los Angeles
3504,1877,2022-02-10 12:11:11,shipped,apple_pay,Canada,London
3505,1889,2020-07-10 15:26:42,shipped,paypal,Netherlands,Paris
3506,114,2022-01-01 13:00:08,paid,apple_pay,Netherlands,Berlin
3507,804,2023-05-02 23:21:17,paid,credit_card,Canada,Berlin
3508,27,2024-11-07 07:26:01,shipped,google_pay,Germany,Melbourne
3509,171,2023-08-24 23:45:01,paid,google_pay,Netherlands,Vancouver
3510,358,2023-05-09 22:22:19,shipped,credit_card,United States,Chicago
3511,408,2021-07-06 20:16:55,paid,credit_card,Italy,Melbourne
3512,1238,2024-08-06 11:33:23,shipped,bank_transfer,Australia,Amsterdam
3513,1404,2020-06-21 20:35:30,shipped,apple_pay,France,Madrid
3514,913,2022-02-19 09:56:55,pending,paypal,Australia,Madrid
3515,1206,2021-01-28 20:03:47,paid,bank_transfer,France,Los Angeles
3516,662,2021-07-18 23:52:43,paid,paypal,Canada,Chicago
3517,1501,2021-06-24 08:37:03,shipped,google_pay,Netherlands,Mumbai
3518,1707,2023-02-10 05:30:45,pending,apple_pay,Canada,Chicago
3519,1532,2020-01-29 12:57:50,pending,apple_pay,United Kingdom,Paris
3520,993,2024-05-15 08:38:48,refunded,paypal,Spain,Berlin
3521,38,2022-03-07 21:16:40,cancelled,bank_transfer,United States,Berlin
3522,181,2020-03-07 18:33:08,paid,paypal,India,Vancouver
3523,889,2023-04-06 08:21:04,paid,bank_transfer,Germany,Chicago
3524,1721,2021-02-04 07:19:10,refunded,google_pay,India,Amsterdam
3525,840,2022-03-04 17:41:58,paid,apple_pay,Spain,Chicago
3526,420,2021-12-04 15:16:33,paid,paypal,Canada,Chicago
3527,669,2021-06-12 04:56:12,cancelled,apple_pay,Australia,Berlin
3528,1518,2020-09-07 04:47:35,cancelled,bank_transfer,India,Berlin
3529,401,2023-09-14 17:26:27,paid,paypal,Italy,Mumbai
3530,1086,2021-05-03 19:27:25,paid,paypal,Netherlands,Mumbai
3531,1591,2024-11-24 15:52:12,refunded,credit_card,Canada,London
3532,41,2020-08-01 21:38:59,shipped,credit_card,United Kingdom,London
3533,1420,2024-12-17 04:04:03,paid,bank_transfer,Italy,Vancouver
3534,1795,2021-07-19 13:43:24,paid,paypal,Netherlands,Chicago
3535,231,2020-11-12 09:50:21,pending,apple_pay,United States,Toronto
3536,1872,2024-08-27 03:20:21,pending,google_pay,Canada,Melbourne
3537,1600,2021-10-30 20:42:13,paid,bank_transfer,India,Vancouver
3538,754,2022-09-03 11:24:33,paid,google_pay,Germany,Mumbai
3539,1744,2020-10-27 02:33:24,pending,credit_card,France,Amsterdam
3540,1346,2023-11-07 00:29:28,paid,credit_card,India,Rome
3541,997,2024-01-07 08:32:01,shipped,paypal,Italy,London
3542,1804,2020-03-04 09:25:34,pending,google_pay,Canada,Madrid
3543,1367,2022-06-06 03:27:35,shipped,credit_card,Canada,Amsterdam
3544,1478,2020-10-27 14:52:36,shipped,paypal,Canada,Amsterdam
3545,32,2023-07-25 10:51:20,paid,google_pay,Canada,Melbourne
3546,1224,2023-07-04 15:32:28,paid,google_pay,India,Rome
3547,1406,2022-04-22 13:25:30,shipped,google_pay,France,Madrid
3548,4,2022-04-10 03:06:47,shipped,credit_card,Netherlands,Bangalore
3549,901,2020-01-29 18:33:29,paid,google_pay,United Kingdom,Madrid
3550,894,2024-05-08 00:06:59,paid,apple_pay,France,Bangalore
3551,228,2021-09-15 12:39:11,shipped,paypal,Italy,Chicago
3552,810,2021-02-28 12:41:18,paid,google_pay,Germany,Bangalore
3553,1020,2022-02-15 00:58:33,paid,bank_transfer,Canada,Melbourne
3554,394,2021-06-18 09:53:25,shipped,apple_pay,Spain,Madrid
3555,1966,2024-10-28 22:23:53,pending,google_pay,United Kingdom,Sydney
3556,1310,2020-05-21 13:08:33,shipped,apple_pay,Canada,Mumbai
3557,338,2020-08-18 19:28:37,paid,google_pay,Netherlands,London
3558,560,2020-07-15 04:37:11,shipped,google_pay,United States,Toronto
3559,376,2022-12-09 04:15:05,shipped,apple_pay,France,Madrid
3560,1468,2023-12-07 13:46:07,shipped,credit_card,Italy,Mumbai
3561,1317,2021-09-04 12:16:33,shipped,apple_pay,United States,London
3562,459,2023-02-14 12:58:25,paid,credit_card,France,Amsterdam
3563,1531,2021-09-05 12:45:29,shipped,paypal,India,Melbourne
3564,883,2023-10-04 08:30:28,shipped,google_pay,Spain,Berlin
3565,587,2022-05-26 14:27:08,refunded,google_pay,Netherlands,Los Angeles
3566,1916,2020-07-10 10:32:06,refunded,bank_transfer,Italy,Paris
3567,602,2024-12-08 06:28:20,shipped,credit_card,Canada,Melbourne
3568,1393,2020-07-03 21:04:14,shipped,apple_pay,United States,Melbourne
3569,361,2022-11-17 05:11:05,shipped,bank_transfer,Australia,Madrid
3570,1889,2023-01-30 03:24:57,pending,credit_card,United States,Berlin
3571,1345,2023-10-30 11:47:14,shipped,apple_pay,Germany,Bangalore
3572,719,2024-03-06 23:42:04,shipped,apple_pay,Canada,Madrid
3573,1735,2023-10-01 01:48:49,cancelled,bank_transfer,India,Paris
3574,1232,2023-05-02 10:28:52,shipped,google_pay,Germany,Amsterdam
3575,1825,2022-09-30 21:50:39,paid,paypal,Netherlands,Amsterdam
3576,1350,2021-06-29 15:15:12,cancelled,credit_card,Germany,Amsterdam
3577,520,2024-09-28 09:26:20,refunded,paypal,India,Vancouver
3578,1451,2024-09-06 06:11:40,paid,paypal,United States,Paris
3579,573,2021-11-25 01:17:47,shipped,apple_pay,Canada,Bangalore
3580,513,2020-06-12 06:26:48,paid,google_pay,Italy,Rome
3581,335,2022-06-25 15:34:47,refunded,bank_transfer,Spain,Los Angeles
3582,1791,2020-04-03 13:41:44,cancelled,credit_card,Italy,Toronto
3583,661,2022-07-12 10:59:01,paid,paypal,Italy,Paris
3584,677,2020-03-14 05:49:48,paid,bank_transfer,Canada,Vancouver
3585,1519,2020-03-05 19:08:12,paid,bank_transfer,India,Vancouver
3586,373,2021-05-29 05:05:50,cancelled,bank_transfer,Spain,Toronto
3587,443,2022-10-02 21:32:44,pending,paypal,Italy,Melbourne
3588,432,2024-09-14 07:59:43,pending,paypal,Australia,Paris
3589,277,2023-04-14 14:21:57,paid,paypal,France,Berlin
3590,1736,2023-07-03 21:42:45,shipped,apple_pay,United Kingdom,Amsterdam
3591,1392,2022-03-25 14:36:47,shipped,credit_card,India,Melbourne
3592,1977,2020-01-03 22:17:08,cancelled,google_pay,France,Vancouver
3593,1611,2024-08-21 09:33:30,shipped,credit_card,United Kingdom,Chicago
3594,713,2020-12-06 10:08:09,cancelled,apple_pay,Netherlands,Amsterdam
3595,995,2023-07-28 09:54:14,shipped,credit_card,United Kingdom,Paris
3596,1149,2022-08-03 16:38:46,pending,paypal,Australia,Mumbai
3597,788,2022-07-10 20:22:18,paid,bank_transfer,Spain,Paris
3598,904,2024-04-29 14:45:29,paid,paypal,France,Paris
3599,882,2021-02-07 05:26:50,shipped,google_pay,Spain,Rome
3600,1221,2024-02-02 02:38:06,shipped,paypal,France,Berlin
3601,1150,2021-04-18 03:35:05,cancelled,google_pay,United States,Berlin
3602,1334,2023-03-26 10:41:31,paid,apple_pay,Italy,Sydney
3603,119,2024-12-08 08:21:50,pending,apple_pay,United States,Sydney
3604,102,2021-06-10 18:22:37,shipped,credit_card,India,Chicago
3605,1803,2022-07-14 11:03:56,refunded,paypal,Spain,New York
3606,226,2020-03-16 05:48:49,paid,credit_card,Germany,Madrid
3607,400,2020-03-23 20:40:10,shipped,google_pay,United States,Chicago
3608,917,2020-12-22 20:35:57,shipped,paypal,France,Madrid
3609,159,2023-05-15 08:03:13,pending,apple_pay,Netherlands,Amsterdam
3610,1703,2020-08-11 23:34:00,paid,google_pay,Germany,Rome
3611,968,2024-01-19 02:37:24,shipped,paypal,Canada,Vancouver
3612,179,2022-12-30 21:52:05,refunded,google_pay,Netherlands,Madrid
3613,823,2023-06-09 11:22:15,shipped,apple_pay,Italy,Paris
3614,813,2023-11-02 00:43:44,paid,paypal,Spain,Madrid
3615,1053,2022-03-08 16:35:30,paid,apple_pay,Italy,Berlin
3616,781,2021-01-15 08:15:20,paid,google_pay,Australia,Toronto
3617,653,2020-01-12 10:22:27,shipped,apple_pay,Spain,London
3618,1112,2022-10-22 11:24:35,shipped,paypal,Germany,Berlin
3619,1177,2021-12-23 03:30:01,shipped,apple_pay,Australia,Toronto
3620,729,2022-02-06 14:46:22,paid,apple_pay,India,Bangalore
3621,1669,2020-02-26 19:00:07,paid,paypal,United Kingdom,Toronto
3622,135,2020-04-21 22:40:53,cancelled,paypal,Canada,Chicago
3623,136,2021-05-09 07:45:36,paid,apple_pay,Netherlands,Melbourne
3624,856,2023-03-12 04:42:29,paid,apple_pay,Australia,London
3625,1337,2024-02-18 17:20:49,shipped,bank_transfer,Canada,Mumbai
3626,1087,2023-05-25 08:57:25,paid,google_pay,United States,Los Angeles
3627,668,2021-07-30 17:53:09,shipped,credit_card,Australia,Los Angeles
3628,218,2023-01-21 11:45:53,shipped,bank_transfer,France,Amsterdam
3629,1997,2024-01-31 05:57:27,paid,google_pay,Australia,Madrid
3630,1578,2024-03-06 23:30:04,refunded,credit_card,Germany,Los Angeles
3631,1547,2020-08-11 00:15:23,paid,google_pay,Germany,Mumbai
3632,1080,2022-04-18 15:53:13,shipped,apple_pay,United States,Vancouver
3633,304,2020-08-28 16:46:14,paid,paypal,Germany,Toronto
3634,902,2023-11-07 11:54:34,refunded,credit_card,Australia,Melbourne
3635,974,2021-02-05 00:05:00,refunded,credit_card,Canada,Vancouver
3636,479,2022-08-17 07:20:26,pending,apple_pay,Canada,Vancouver
3637,1761,2022-03-24 18:51:04,shipped,paypal,United States,Toronto
3638,520,2021-08-14 23:18:29,pending,apple_pay,France,New York
3639,1460,2023-09-13 00:04:48,paid,credit_card,Canada,Los Angeles
3640,1191,2020-05-19 10:48:35,shipped,paypal,Australia,Rome
3641,520,2022-08-27 12:43:07,refunded,google_pay,Netherlands,London
3642,1445,2022-06-01 12:36:46,paid,credit_card,Germany,Vancouver
3643,1155,2024-08-08 10:25:53,cancelled,bank_transfer,India,Rome
3644,841,2022-06-29 07:20:50,pending,bank_transfer,Netherlands,New York
3645,1639,2020-09-15 00:33:20,paid,google_pay,Australia,Rome
3646,724,2020-06-18 13:25:20,shipped,paypal,United Kingdom,Paris
3647,116,2020-11-16 20:26:05,shipped,apple_pay,United States,Toronto
3648,1651,2022-09-08 06:40:05,shipped,paypal,United Kingdom,Vancouver
3649,1995,2024-09-05 16:18:02,refunded,bank_transfer,France,Paris
3650,241,2024-01-31 08:36:00,shipped,paypal,Netherlands,Vancouver
3651,597,2022-02-09 11:35:14,paid,google_pay,Australia,Rome
3652,919,2023-02-08 09:04:31,shipped,apple_pay,Italy,London
3653,1193,2020-01-23 12:31:04,shipped,bank_transfer,Spain,New York
3654,642,2024-06-05 01:27:11,shipped,bank_transfer,Spain,Chicago
3655,1068,2020-06-05 16:34:28,paid,google_pay,Germany,Toronto
3656,1460,2023-02-24 08:45:35,paid,paypal,Spain,Sydney
3657,1081,2020-06-12 07:53:17,paid,credit_card,United Kingdom,Melbourne
3658,1487,2022-01-02 10:47:22,refunded,google_pay,United States,Bangalore
3659,85,2023-05-07 22:32:18,shipped,paypal,Australia,Rome
3660,415,2023-02-06 01:40:08,paid,apple_pay,Australia,Rome
3661,626,2024-06-05 23:28:04,refunded,paypal,Spain,Vancouver
3662,496,2023-11-30 14:01:23,shipped,credit_card,United States,Paris
3663,1284,2021-09-19 08:37:06,shipped,credit_card,Canada,Berlin
3664,807,2024-11-24 12:50:49,cancelled,credit_card,Australia,Los Angeles
3665,18,2021-01-08 06:25:48,paid,bank_transfer,India,Madrid
3666,17,2022-11-14 06:16:48,cancelled,paypal,Germany,Melbourne
3667,770,2021-06-11 18:53:25,paid,google_pay,Spain,Madrid
3668,1532,2024-12-21 09:49:52,paid,bank_transfer,India,Madrid
3669,515,2021-08-24 05:20:53,refunded,bank_transfer,France,Los Angeles
3670,528,2023-05-01 18:08:07,shipped,credit_card,Spain,Berlin
3671,1061,2020-07-16 00:24:43,paid,paypal,Italy,Sydney
3672,839,2024-02-24 17:08:21,paid,paypal,United Kingdom,Berlin
3673,70,2021-08-03 16:21:31,refunded,bank_transfer,United States,Melbourne
3674,1247,2020-08-31 12:42:15,paid,bank_transfer,United Kingdom,Amsterdam
3675,343,2021-12-15 14:46:47,paid,bank_transfer,India,Melbourne
3676,187,2023-07-26 17:10:34,shipped,bank_transfer,Canada,Mumbai
3677,376,2023-07-13 17:14:58,shipped,credit_card,United Kingdom,Melbourne
3678,1599,2024-02-24 12:14:33,shipped,google_pay,Canada,Vancouver
3679,494,2020-10-12 18:23:44,shipped,credit_card,Canada,Amsterdam
3680,515,2020-09-24 06:24:19,paid,paypal,India,Vancouver
3681,1641,2024-10-28 14:39:12,shipped,bank_transfer,India,Melbourne
3682,1697,2022-12-17 22:32:04,refunded,paypal,France,Berlin
3683,1361,2021-05-30 17:35:01,refunded,apple_pay,United States,Sydney
3684,751,2024-04-22 23:17:48,paid,paypal,Spain,Chicago
3685,1777,2023-07-31 02:29:59,paid,apple_pay,Netherlands,Bangalore
3686,810,2020-02-05 04:48:04,pending,credit_card,Canada,Rome
3687,314,2023-08-31 22:44:51,paid,apple_pay,Canada,Paris
3688,1127,2024-11-16 19:02:15,pending,bank_transfer,Netherlands,Toronto
3689,1085,2020-07-13 23:24:04,pending,bank_transfer,Italy,Los Angeles
3690,1142,2020-04-01 21:13:51,shipped,google_pay,India,Toronto
3691,1746,2024-09-11 08:47:19,shipped,paypal,India,Melbourne
3692,650,2024-03-12 18:12:49,paid,paypal,United States,Los Angeles
3693,419,2020-12-28 07:35:39,paid,apple_pay,Germany,Bangalore
3694,1232,2022-09-29 18:12:22,shipped,apple_pay,Germany,Mumbai
3695,1888,2021-03-03 15:11:20,refunded,google_pay,Netherlands,London
3696,1677,2022-11-05 22:06:25,paid,apple_pay,Germany,Los Angeles
3697,710,2020-03-11 14:31:32,paid,credit_card,Germany,Amsterdam
3698,815,2020-06-27 14:13:36,paid,google_pay,Spain,Amsterdam
3699,285,2024-01-17 05:00:14,shipped,credit_card,France,Vancouver
3700,170,2021-04-05 01:45:26,paid,paypal,Spain,New York
3701,1387,2020-03-07 20:51:10,pending,google_pay,Canada,Madrid
3702,1695,2020-10-03 00:41:27,refunded,bank_transfer,Canada,Mumbai
3703,976,2024-06-15 20:39:32,shipped,bank_transfer,Italy,Madrid
3704,67,2021-05-14 21:39:15,paid,apple_pay,Germany,Berlin
3705,891,2023-11-02 05:41:29,cancelled,credit_card,Canada,Paris
3706,1684,2024-10-19 14:57:41,paid,credit_card,Italy,Los Angeles
3707,589,2023-03-16 10:10:46,shipped,google_pay,Netherlands,Paris
3708,595,2024-08-22 04:22:12,paid,paypal,Netherlands,Sydney
3709,1241,2022-08-22 13:15:29,shipped,bank_transfer,Canada,Toronto
3710,621,2024-04-20 14:42:13,paid,credit_card,India,Berlin
3711,1816,2024-01-29 12:02:43,paid,credit_card,Italy,Sydney
3712,1889,2022-01-20 07:13:24,shipped,apple_pay,Italy,Amsterdam
3713,549,2022-06-23 14:58:46,shipped,paypal,Germany,Mumbai
3714,502,2023-02-04 11:37:28,paid,paypal,Germany,New York
3715,611,2023-07-10 23:30:46,shipped,google_pay,Italy,Amsterdam
3716,1687,2021-04-09 12:07:33,refunded,credit_card,France,Toronto
3717,1044,2022-12-23 18:31:50,paid,apple_pay,Australia,Melbourne
3718,1573,2022-12-30 12:45:26,refunded,credit_card,United Kingdom,Chicago
3719,198,2024-12-05 17:13:52,paid,google_pay,Canada,Berlin
3720,1069,2024-01-03 22:04:18,paid,google_pay,Germany,Berlin
3721,964,2021-06-05 17:35:21,refunded,apple_pay,India,Sydney
3722,756,2024-08-21 00:34:48,paid,apple_pay,Australia,Chicago
3723,937,2023-11-10 09:34:24,cancelled,credit_card,Canada,Chicago
3724,1492,2023-07-17 02:52:30,paid,bank_transfer,India,Bangalore
3725,157,2021-03-04 20:59:56,shipped,paypal,France,Paris
3726,1225,2020-07-27 08:49:06,cancelled,bank_transfer,Germany,London
3727,918,2022-12-07 12:08:17,cancelled,credit_card,Canada,Sydney
3728,1221,2024-10-07 08:44:20,cancelled,google_pay,United Kingdom,Paris
3729,199,2020-08-12 17:23:42,paid,google_pay,Spain,Toronto
3730,1943,2024-09-29 10:36:00,shipped,apple_pay,Italy,Bangalore
3731,745,2022-06-03 10:17:28,refunded,google_pay,Netherlands,London
3732,210,2024-01-10 23:48:38,shipped,google_pay,United States,Mumbai
3733,458,2023-08-25 19:49:38,paid,paypal,United Kingdom,London
3734,80,2024-02-21 04:15:06,paid,credit_card,Canada,New York
3735,96,2021-02-24 04:44:24,paid,apple_pay,India,Melbourne
3736,1285,2021-12-05 12:47:43,refunded,credit_card,Canada,Los Angeles
3737,1150,2022-03-11 04:45:50,shipped,apple_pay,Spain,London
3738,1313,2022-06-24 14:31:45,pending,apple_pay,United States,Chicago
3739,452,2024-07-31 07:24:49,cancelled,credit_card,Canada,Berlin
3740,627,2022-05-24 03:38:21,paid,apple_pay,Australia,Bangalore
3741,924,2021-06-13 23:20:03,paid,paypal,Spain,Toronto
3742,1715,2020-02-26 10:25:32,shipped,google_pay,United Kingdom,Madrid
3743,726,2022-11-30 09:30:44,paid,credit_card,United Kingdom,Paris
3744,1092,2022-03-30 00:51:02,pending,apple_pay,India,London
3745,1816,2024-12-19 00:56:53,refunded,credit_card,India,Sydney
3746,992,2024-06-29 13:38:47,paid,apple_pay,Australia,Paris
3747,952,2023-01-04 21:53:27,cancelled,credit_card,France,Mumbai
3748,1680,2023-07-09 15:45:49,shipped,google_pay,United States,Bangalore
3749,1547,2022-08-21 10:38:58,paid,google_pay,Italy,Madrid
3750,1891,2021-11-30 20:11:17,shipped,paypal,Canada,Amsterdam
3751,545,2024-12-21 11:52:21,shipped,paypal,Spain,Berlin
3752,1454,2022-10-23 19:22:02,refunded,google_pay,United Kingdom,Bangalore
3753,1959,2023-04-11 01:13:44,paid,bank_transfer,Spain,Toronto
3754,963,2023-12-02 07:31:31,pending,credit_card,Spain,Berlin
3755,1042,2022-09-30 04:47:46,shipped,bank_transfer,Canada,Melbourne
3756,851,2024-04-12 05:58:48,refunded,credit_card,Spain,Bangalore
3757,897,2023-12-28 18:13:06,paid,credit_card,Italy,Vancouver
3758,1066,2021-08-09 22:35:14,paid,bank_transfer,Italy,New York
3759,1170,2023-09-23 12:14:26,refunded,paypal,United Kingdom,Rome
3760,1598,2022-01-23 13:34:50,paid,paypal,Spain,Chicago
3761,825,2023-06-01 17:28:25,refunded,apple_pay,Germany,Sydney
3762,17,2020-04-27 03:45:14,shipped,credit_card,Canada,New York
3763,1291,2021-12-30 04:40:20,shipped,paypal,Germany,Sydney
3764,1849,2021-06-27 04:07:57,shipped,bank_transfer,Spain,Sydney
3765,312,2022-11-29 10:35:41,shipped,apple_pay,United Kingdom,Rome
3766,1189,2023-09-16 21:40:29,refunded,bank_transfer,United States,Chicago
3767,350,2020-01-03 05:47:50,shipped,apple_pay,Australia,London
3768,1261,2020-03-26 03:04:33,paid,paypal,United Kingdom,Bangalore
3769,974,2024-09-19 02:33:12,shipped,credit_card,France,Paris
3770,1434,2022-01-17 01:15:24,paid,bank_transfer,India,Amsterdam
3771,555,2024-01-02 09:47:26,paid,apple_pay,United States,Rome
3772,1777,2021-08-18 11:29:33,paid,bank_transfer,India,Chicago
3773,1206,2020-04-07 06:14:06,shipped,bank_transfer,Spain,Chicago
3774,1995,2021-06-21 01:27:21,paid,credit_card,Spain,Toronto
3775,1941,2021-01-30 20:55:44,paid,google_pay,France,Chicago
3776,1783,2022-06-28 08:38:41,paid,bank_transfer,France,Vancouver
3777,1877,2020-01-26 19:45:28,shipped,google_pay,France,Madrid
3778,1563,2023-03-25 14:21:45,cancelled,bank_transfer,Australia,Toronto
3779,801,2022-12-16 22:00:54,refunded,bank_transfer,Netherlands,Berlin
3780,14,2022-07-18 21:37:43,paid,credit_card,United States,Bangalore
3781,273,2024-12-28 11:21:55,cancelled,apple_pay,Netherlands,Los Angeles
3782,537,2020-11-27 20:25:51,refunded,paypal,Germany,Vancouver
3783,787,2021-04-08 06:44:22,paid,paypal,Italy,Paris
3784,1537,2022-12-14 20:41:00,pending,credit_card,United States,Rome
3785,1572,2024-06-23 06:58:04,shipped,credit_card,Germany,Melbourne
3786,1640,2020-05-04 12:28:57,cancelled,credit_card,Germany,Bangalore
3787,100,2023-09-16 05:44:21,paid,credit_card,Germany,Paris
3788,940,2021-08-22 19:11:14,shipped,bank_transfer,Netherlands,Paris
3789,1418,2024-09-13 22:16:57,cancelled,credit_card,United Kingdom,Bangalore
3790,41,2023-02-10 14:15:51,pending,credit_card,Canada,London
3791,753,2020-11-21 11:00:43,shipped,paypal,India,Vancouver
3792,1202,2022-05-19 05:41:39,shipped,apple_pay,Germany,Bangalore
3793,1334,2023-08-14 03:38:48,shipped,credit_card,Germany,Madrid
3794,1361,2022-03-27 03:03:38,paid,google_pay,Canada,Paris
3795,674,2024-04-17 03:31:10,shipped,google_pay,Australia,Sydney
3796,113,2021-08-29 02:06:43,cancelled,google_pay,France,Bangalore
3797,464,2023-10-24 07:26:47,paid,credit_card,United States,London
3798,412,2022-01-07 12:58:26,paid,apple_pay,India,Mumbai
3799,1180,2021-12-22 22:57:10,shipped,bank_transfer,Germany,Toronto
3800,754,2020-07-01 21:45:23,shipped,bank_transfer,United Kingdom,Toronto
3801,387,2024-03-11 21:04:12,pending,credit_card,Netherlands,Berlin
3802,79,2020-04-22 12:29:13,paid,google_pay,Spain,Rome
3803,1566,2022-12-09 20:40:38,pending,credit_card,United Kingdom,Paris
3804,1194,2021-02-09 18:19:31,cancelled,apple_pay,Spain,Melbourne
3805,1945,2021-11-08 10:15:55,refunded,paypal,Spain,London
3806,1448,2023-01-06 17:43:22,cancelled,apple_pay,United States,Berlin
3807,1581,2020-12-17 09:43:24,cancelled,google_pay,Italy,Los Angeles
3808,920,2021-12-16 21:25:24,paid,apple_pay,Netherlands,Rome
3809,569,2024-12-08 10:49:06,refunded,bank_transfer,Canada,Mumbai
3810,1849,2020-09-03 16:34:25,shipped,bank_transfer,India,Rome
3811,1428,2023-06-13 18:22:31,paid,apple_pay,United Kingdom,Chicago
3812,322,2021-06-06 01:58:25,pending,bank_transfer,Germany,Vancouver
3813,1174,2021-07-22 05:11:18,pending,credit_card,Spain,Paris
3814,320,2021-02-06 17:55:09,shipped,paypal,Canada,Los Angeles
3815,913,2021-07-14 14:18:45,refunded,paypal,Spain,Sydney
3816,1275,2021-05-08 08:28:16,shipped,bank_transfer,France,Paris
3817,1340,2024-07-03 02:38:18,shipped,google_pay,Netherlands,Bangalore
3818,593,2022-05-05 14:31:34,paid,paypal,India,Toronto
3819,1215,2022-08-18 01:58:01,shipped,credit_card,United States,Los Angeles
3820,1441,2022-02-05 21:59:12,shipped,apple_pay,Netherlands,Mumbai
3821,59,2020-04-05 07:16:49,shipped,bank_transfer,Spain,London
3822,688,2023-04-14 16:28:29,shipped,credit_card,Germany,Mumbai
3823,1995,2020-09-03 19:36:03,paid,google_pay,Spain,New York
3824,1448,2024-07-08 17:45:44,paid,credit_card,United States,Bangalore
3825,577,2023-11-06 17:48:07,shipped,google_pay,Spain,Vancouver
3826,435,2021-11-03 04:26:12,pending,credit_card,France,Sydney
3827,1888,2022-10-21 23:17:15,refunded,paypal,United States,Berlin
3828,876,2024-08-20 04:25:35,cancelled,credit_card,United States,Sydney
3829,609,2024-10-07 12:52:27,pending,google_pay,Australia,Melbourne
3830,901,2023-04-14 16:15:46,pending,bank_transfer,Germany,Melbourne
3831,1210,2024-11-21 23:12:47,pending,bank_transfer,Canada,Los Angeles
3832,374,2020-02-14 05:25:08,paid,apple_pay,United States,Sydney
3833,992,2021-03-20 21:29:03,shipped,paypal,United States,Rome
3834,690,2022-09-21 05:19:51,paid,bank_transfer,Australia,Amsterdam
3835,1524,2024-10-07 05:42:54,shipped,paypal,Canada,Sydney
3836,518,2021-05-15 00:01:50,refunded,credit_card,Italy,Toronto
3837,1285,2021-11-06 01:31:42,paid,apple_pay,France,London
3838,328,2022-03-13 04:05:24,shipped,bank_transfer,Germany,Melbourne
3839,274,2021-09-20 01:36:38,shipped,paypal,India,Melbourne
3840,1943,2024-12-21 22:16:19,refunded,bank_transfer,Spain,New York
3841,647,2021-02-05 03:50:58,paid,credit_card,France,Melbourne
3842,1794,2021-10-01 04:20:20,pending,bank_transfer,France,Berlin
3843,1321,2021-01-12 22:40:17,shipped,apple_pay,United Kingdom,London
3844,860,2023-06-30 16:29:59,shipped,bank_transfer,United States,Los Angeles
3845,503,2023-11-15 05:38:19,paid,apple_pay,Canada,Amsterdam
3846,589,2021-07-11 12:24:05,paid,credit_card,Italy,Rome
3847,888,2023-08-23 04:01:53,paid,bank_transfer,Netherlands,New York
3848,105,2020-02-28 07:55:32,refunded,paypal,Netherlands,Rome
3849,479,2020-06-14 13:00:58,cancelled,credit_card,Spain,Melbourne
3850,866,2020-03-27 12:33:32,shipped,paypal,United States,New York
3851,799,2024-07-06 22:29:08,paid,google_pay,Spain,Chicago
3852,3,2024-07-07 00:18:27,paid,credit_card,Netherlands,Los Angeles
3853,74,2021-06-05 06:16:45,paid,credit_card,Canada,Toronto
3854,606,2022-07-17 05:20:40,shipped,bank_transfer,Italy,Vancouver
3855,1111,2022-03-14 22:45:16,paid,paypal,Italy,Sydney
3856,885,2021-04-14 16:22:36,paid,paypal,Netherlands,Los Angeles
3857,1415,2022-06-05 17:33:26,pending,google_pay,Canada,Bangalore
3858,904,2020-10-11 17:15:43,paid,credit_card,Spain,Los Angeles
3859,1103,2020-03-04 21:04:28,pending,apple_pay,Spain,Vancouver
3860,345,2020-02-14 14:13:17,shipped,credit_card,India,Melbourne
3861,1752,2023-02-07 05:06:21,cancelled,bank_transfer,Italy,Sydney
3862,42,2021-06-25 12:36:07,shipped,google_pay,Spain,Rome
3863,149,2022-12-29 13:55:41,paid,apple_pay,Australia,Bangalore
3864,351,2022-03-21 21:41:00,shipped,credit_card,France,Madrid
3865,1459,2023-10-26 00:05:43,shipped,paypal,United Kingdom,Amsterdam
3866,1476,2020-12-28 00:45:52,pending,google_pay,Netherlands,Mumbai
3867,175,2023-12-29 16:34:49,paid,paypal,Netherlands,Chicago
3868,717,2023-05-31 05:47:15,pending,bank_transfer,Australia,London
3869,274,2023-08-14 22:48:55,pending,paypal,Canada,Sydney
3870,140,2022-08-15 20:53:29,cancelled,paypal,Germany,Amsterdam
3871,1874,2024-06-17 05:33:58,paid,google_pay,India,Bangalore
3872,1261,2023-12-05 22:22:23,shipped,paypal,Germany,Bangalore
3873,298,2020-03-21 14:39:35,paid,paypal,Canada,Mumbai
3874,339,2022-09-02 14:41:16,paid,apple_pay,Canada,Rome
3875,1165,2021-04-27 20:05:42,cancelled,paypal,India,Madrid
3876,1100,2022-01-23 15:18:15,paid,credit_card,United States,London
3877,1021,2021-11-24 07:59:45,paid,apple_pay,Australia,Vancouver
3878,1602,2022-10-11 04:52:47,paid,bank_transfer,United Kingdom,Toronto
3879,800,2020-02-02 05:54:39,shipped,credit_card,Spain,Paris
3880,1079,2021-01-26 17:26:08,paid,paypal,Canada,Melbourne
3881,183,2022-02-06 22:51:43,pending,bank_transfer,France,Los Angeles
3882,686,2024-03-22 20:38:19,pending,paypal,Canada,Rome
3883,476,2022-06-02 23:48:20,shipped,google_pay,France,Chicago
3884,755,2024-06-18 20:40:54,paid,apple_pay,Germany,Madrid
3885,1418,2021-08-29 06:09:01,paid,paypal,India,Chicago
3886,425,2024-05-27 23:41:29,paid,credit_card,Australia,Rome
3887,616,2023-04-06 19:57:06,refunded,credit_card,France,Sydney
3888,1660,2024-02-29 18:47:25,cancelled,google_pay,Germany,Rome
3889,686,2021-08-17 16:56:27,paid,credit_card,Australia,Berlin
3890,1723,2024-08-01 01:21:29,pending,paypal,United Kingdom,London
3891,625,2021-11-29 18:59:40,paid,apple_pay,Spain,Amsterdam
3892,960,2022-10-26 10:59:22,shipped,apple_pay,Canada,London
3893,283,2022-09-19 02:59:10,shipped,apple_pay,Australia,Sydney
3894,1960,2022-05-03 23:55:42,shipped,apple_pay,United Kingdom,Paris
3895,1364,2020-06-02 23:55:12,shipped,apple_pay,United States,Sydney
3896,1487,2020-07-11 08:51:45,paid,google_pay,United States,Toronto
3897,821,2024-05-18 02:36:11,paid,google_pay,United Kingdom,Amsterdam
3898,551,2020-02-23 00:13:31,pending,google_pay,Spain,New York
3899,1133,2024-09-20 03:26:50,paid,credit_card,India,Bangalore
3900,527,2023-08-18 06:42:28,shipped,paypal,Australia,London
3901,990,2020-05-23 06:04:29,shipped,apple_pay,Netherlands,Paris
3902,379,2024-07-31 12:34:38,shipped,paypal,Canada,New York
3903,12,2024-03-04 03:57:59,cancelled,credit_card,India,Paris
3904,1192,2021-02-19 21:25:13,refunded,bank_transfer,Canada,Melbourne
3905,917,2022-05-31 17:10:31,cancelled,bank_transfer,France,London
3906,882,2020-09-20 15:17:53,cancelled,paypal,Canada,Paris
3907,299,2021-02-08 17:37:24,cancelled,apple_pay,Spain,New York
3908,124,2024-06-03 22:23:52,shipped,apple_pay,Spain,Los Angeles
3909,615,2021-09-06 07:26:49,paid,paypal,Italy,New York
3910,1650,2020-07-25 03:56:52,shipped,apple_pay,United States,Los Angeles
3911,792,2023-07-27 16:57:53,paid,google_pay,Germany,New York
3912,1127,2020-04-25 06:17:34,paid,google_pay,Netherlands,Mumbai
3913,1324,2023-01-09 04:13:47,cancelled,google_pay,India,Bangalore
3914,891,2023-01-18 22:13:32,paid,google_pay,India,Madrid
3915,676,2020-12-19 06:47:14,paid,paypal,Germany,Mumbai
3916,216,2020-11-02 13:53:14,shipped,credit_card,India,New York
3917,135,2024-05-24 12:47:17,paid,bank_transfer,Spain,Bangalore
3918,1746,2024-04-10 02:20:26,refunded,paypal,India,New York
3919,195,2024-10-11 04:12:01,shipped,bank_transfer,Canada,Rome
3920,1068,2023-08-22 21:04:11,paid,paypal,Australia,London
3921,1893,2023-08-11 14:04:41,pending,paypal,United Kingdom,London
3922,498,2022-09-27 20:11:31,cancelled,paypal,United Kingdom,Vancouver
3923,756,2022-10-08 23:26:35,pending,google_pay,France,Paris
3924,583,2024-02-14 23:24:10,shipped,credit_card,United Kingdom,Toronto
3925,1413,2020-01-17 06:31:12,shipped,google_pay,India,Los Angeles
3926,489,2022-03-08 07:56:44,shipped,paypal,United States,Toronto
3927,1185,2024-11-08 23:52:40,paid,bank_transfer,United States,Madrid
3928,48,2023-07-08 17:00:14,shipped,bank_transfer,Germany,Amsterdam
3929,160,2022-07-06 02:51:23,shipped,bank_transfer,Canada,Chicago
3930,915,2022-06-04 05:34:23,refunded,paypal,United States,New York
3931,396,2020-09-12 05:41:45,paid,bank_transfer,Italy,Mumbai
3932,1773,2024-09-29 01:23:46,refunded,google_pay,Germany,Berlin
3933,1932,2023-10-05 08:50:30,paid,paypal,United Kingdom,Rome
3934,1240,2023-09-14 18:52:36,cancelled,google_pay,Italy,Sydney
3935,1220,2021-02-02 16:49:43,refunded,google_pay,Canada,Berlin
3936,1300,2020-07-06 02:19:05,shipped,credit_card,France,Sydney
3937,1608,2021-01-29 11:10:03,paid,bank_transfer,Spain,Sydney
3938,1876,2023-02-26 17:39:20,paid,paypal,Italy,Amsterdam
3939,50,2022-03-02 00:52:09,shipped,credit_card,India,Sydney
3940,1419,2023-12-04 19:46:43,paid,credit_card,Netherlands,Sydney
3941,232,2024-02-03 12:00:08,paid,credit_card,France,Melbourne
3942,1888,2021-11-15 02:49:47,refunded,apple_pay,Germany,Rome
3943,1837,2022-04-09 22:50:53,paid,bank_transfer,Canada,Mumbai
3944,656,2023-08-02 05:20:14,cancelled,paypal,Netherlands,Bangalore
3945,83,2022-02-25 23:31:59,paid,google_pay,Canada,Toronto
3946,1436,2021-06-30 22:11:35,paid,apple_pay,Italy,Sydney
3947,1672,2022-03-09 03:31:34,shipped,credit_card,Netherlands,Berlin
3948,293,2023-11-01 22:25:05,paid,apple_pay,United States,Chicago
3949,936,2021-11-01 23:16:07,paid,credit_card,United Kingdom,Sydney
3950,788,2020-07-21 08:22:22,paid,apple_pay,Netherlands,Bangalore
3951,1604,2021-11-08 09:25:04,shipped,google_pay,France,Melbourne
3952,1570,2024-08-26 14:59:50,shipped,bank_transfer,Germany,Melbourne
3953,1324,2021-11-28 00:30:04,cancelled,apple_pay,Spain,Madrid
3954,1738,2023-07-20 15:26:37,refunded,bank_transfer,Australia,Berlin
3955,1274,2023-11-17 07:43:16,paid,google_pay,Australia,Sydney
3956,1460,2020-03-19 19:59:32,paid,apple_pay,Netherlands,Chicago
3957,374,2023-09-17 21:05:36,paid,paypal,Canada,Chicago
3958,1926,2024-04-16 11:25:05,refunded,bank_transfer,Australia,Vancouver
3959,1474,2020-11-15 01:07:13,shipped,credit_card,Germany,Chicago
3960,384,2020-10-10 01:55:37,paid,bank_transfer,India,Toronto
3961,1479,2022-01-03 14:17:32,paid,credit_card,Australia,Madrid
3962,1462,2022-04-29 17:22:17,shipped,bank_transfer,Australia,Sydney
3963,785,2022-02-12 22:59:04,pending,apple_pay,Australia,London
3964,1354,2020-11-21 12:56:45,paid,apple_pay,United States,Paris
3965,1729,2022-12-23 07:22:32,paid,apple_pay,India,Melbourne
3966,365,2020-01-07 03:55:50,paid,apple_pay,India,New York
3967,1024,2020-02-16 06:49:04,pending,paypal,United States,Toronto
3968,1954,2020-08-22 22:08:44,paid,bank_transfer,India,Madrid
3969,1424,2022-06-18 23:02:56,cancelled,paypal,Spain,Amsterdam
3970,598,2021-04-06 00:41:12,cancelled,apple_pay,France,Toronto
3971,612,2024-07-09 21:10:51,paid,bank_transfer,Spain,London
3972,1150,2024-04-24 05:55:40,paid,credit_card,Canada,Mumbai
3973,1138,2020-10-19 03:14:53,cancelled,apple_pay,Spain,Vancouver
3974,1628,2023-05-22 16:26:35,shipped,credit_card,France,Bangalore
3975,1519,2023-04-29 22:04:43,shipped,credit_card,Canada,London
3976,1613,2024-10-26 14:33:47,paid,google_pay,United States,Madrid
3977,1467,2024-12-12 19:44:42,paid,google_pay,United States,London
3978,26,2020-06-25 17:37:01,refunded,bank_transfer,United Kingdom,London
3979,428,2020-06-08 08:18:46,paid,apple_pay,Germany,Chicago
3980,65,2023-02-09 19:56:17,paid,paypal,Spain,Melbourne
3981,73,2022-12-18 05:38:04,shipped,bank_transfer,Germany,Amsterdam
3982,1374,2021-02-15 13:35:08,shipped,bank_transfer,Germany,Toronto
3983,1813,2020-11-03 02:04:52,paid,apple_pay,Italy,Vancouver
3984,1295,2023-01-13 22:59:35,paid,bank_transfer,Netherlands,Paris
3985,1565,2024-03-02 20:15:34,paid,google_pay,Italy,Amsterdam
3986,1486,2023-02-05 00:33:43,paid,credit_card,United States,Paris
3987,1197,2024-10-19 22:25:05,cancelled,google_pay,Spain,Madrid
3988,1863,2020-11-24 11:01:42,shipped,paypal,United Kingdom,Amsterdam
3989,1779,2020-06-07 08:51:04,cancelled,google_pay,France,Toronto
3990,956,2020-02-02 19:34:15,paid,apple_pay,United States,Melbourne
3991,1884,2020-02-15 21:13:39,paid,bank_transfer,India,Paris
3992,1377,2021-07-22 18:25:36,cancelled,credit_card,Italy,Rome
3993,750,2021-12-06 03:29:01,pending,credit_card,Spain,Los Angeles
3994,1266,2021-04-19 06:53:00,pending,bank_transfer,France,Madrid
3995,1449,2020-03-01 00:32:58,pending,paypal,Australia,Melbourne
3996,1103,2022-06-23 13:10:51,shipped,credit_card,Australia,Vancouver
3997,499,2020-07-19 17:27:42,paid,credit_card,Netherlands,Sydney
3998,1680,2022-04-03 06:01:25,shipped,credit_card,Netherlands,Los Angeles
3999,739,2022-01-26 00:08:09,paid,apple_pay,Italy,Bangalore
4000,1851,2023-01-23 08:22:49,paid,credit_card,Germany,Chicago
4001,1558,2021-07-26 04:46:42,paid,paypal,France,Paris
4002,1834,2022-01-15 10:52:31,refunded,credit_card,Italy,Chicago
4003,784,2020-12-01 13:11:57,cancelled,credit_card,Germany,London
4004,308,2021-07-25 21:05:18,paid,credit_card,India,Toronto
4005,1605,2020-01-18 20:18:11,paid,apple_pay,United States,Rome
4006,279,2021-08-22 13:29:22,paid,google_pay,Canada,Paris
4007,1342,2021-12-16 07:21:43,refunded,credit_card,Italy,Vancouver
4008,202,2024-04-14 10:36:03,cancelled,credit_card,United Kingdom,Rome
4009,1661,2024-07-13 18:23:14,paid,paypal,United States,Melbourne
4010,1941,2021-06-30 14:21:39,paid,google_pay,Spain,Toronto
4011,1361,2020-12-22 00:04:38,paid,google_pay,France,Madrid
4012,1694,2020-12-09 04:09:02,refunded,credit_card,Australia,Mumbai
4013,1548,2020-10-01 06:53:35,shipped,credit_card,France,Amsterdam
4014,877,2021-04-26 23:41:46,paid,apple_pay,Canada,London
4015,18,2022-04-18 18:02:06,paid,paypal,United States,London
4016,1303,2020-10-22 23:24:18,shipped,bank_transfer,United Kingdom,Madrid
4017,518,2024-08-15 15:45:36,shipped,bank_transfer,United Kingdom,Paris
4018,1754,2024-07-17 18:12:25,cancelled,credit_card,Germany,Mumbai
4019,399,2022-09-28 08:11:55,pending,google_pay,Australia,Bangalore
4020,1301,2024-07-12 21:19:47,refunded,credit_card,United States,Sydney
4021,965,2024-11-18 16:55:01,pending,paypal,Spain,New York
4022,650,2023-02-04 05:32:26,paid,apple_pay,Spain,Vancouver
4023,1615,2024-06-03 11:29:38,cancelled,google_pay,United Kingdom,Bangalore
4024,348,2022-10-26 16:46:49,paid,apple_pay,India,London
4025,906,2023-11-13 13:31:28,refunded,google_pay,United States,Bangalore
4026,1651,2023-06-07 16:26:04,shipped,bank_transfer,United States,Melbourne
4027,1552,2024-06-19 16:39:38,cancelled,paypal,United Kingdom,Paris
4028,762,2020-02-10 05:20:37,shipped,credit_card,Germany,Paris
4029,1674,2020-08-05 07:17:29,refunded,paypal,Canada,Madrid
4030,325,2023-03-17 19:45:28,pending,credit_card,France,Madrid
4031,1249,2020-02-29 22:58:12,shipped,credit_card,Spain,Bangalore
4032,1741,2022-11-23 07:30:32,pending,credit_card,Spain,Sydney
4033,8,2023-08-04 07:42:35,shipped,apple_pay,Australia,Madrid
4034,308,2023-12-22 20:00:28,shipped,google_pay,Canada,Rome
4035,201,2021-05-12 11:25:44,paid,bank_transfer,France,Melbourne
4036,1696,2023-05-26 05:23:02,paid,paypal,Australia,Madrid
4037,1272,2023-10-27 22:45:06,paid,bank_transfer,United States,Vancouver
4038,857,2023-04-05 06:06:10,pending,bank_transfer,Germany,Mumbai
4039,1894,2023-04-20 19:38:39,paid,google_pay,United Kingdom,Mumbai
4040,710,2022-08-09 23:09:31,paid,bank_transfer,Germany,Toronto
4041,1304,2020-08-14 10:18:36,pending,google_pay,United Kingdom,Berlin
4042,763,2020-12-06 02:30:11,refunded,credit_card,Italy,Vancouver
4043,73,2022-08-18 00:22:14,shipped,credit_card,India,Toronto
4044,841,2024-10-11 07:44:04,pending,bank_transfer,Spain,Melbourne
4045,1089,2022-10-18 16:48:37,paid,bank_transfer,Australia,Rome
4046,947,2021-05-02 04:59:12,paid,google_pay,Italy,Chicago
4047,380,2020-09-10 15:16:04,paid,credit_card,United Kingdom,London
4048,1899,2023-01-19 02:46:08,paid,bank_transfer,Netherlands,Toronto
4049,1536,2020-05-14 13:05:26,pending,paypal,United Kingdom,Los Angeles
4050,337,2023-09-08 12:52:27,cancelled,credit_card,Spain,Berlin
4051,618,2024-04-01 08:02:16,paid,paypal,India,Toronto
4052,710,2020-06-12 13:00:25,shipped,credit_card,Netherlands,Mumbai
4053,1245,2021-06-15 02:09:01,paid,paypal,France,Paris
4054,1281,2021-03-11 23:09:10,paid,credit_card,Spain,Sydney
4055,1036,2022-06-21 23:36:46,paid,credit_card,Netherlands,London
4056,1077,2020-07-02 10:31:41,pending,apple_pay,Netherlands,Los Angeles
4057,358,2023-03-05 10:24:08,shipped,google_pay,Netherlands,Paris
4058,252,2020-11-22 00:21:14,cancelled,google_pay,Spain,Los Angeles
4059,1552,2020-06-01 14:41:44,paid,paypal,Netherlands,London
4060,568,2024-01-13 10:46:34,paid,google_pay,Netherlands,Rome
4061,1568,2020-10-21 05:00:21,paid,google_pay,Spain,Rome
4062,1500,2024-07-31 21:50:21,paid,apple_pay,Spain,New York
4063,1578,2020-02-15 04:38:46,shipped,bank_transfer,Italy,Madrid
4064,543,2024-09-24 12:26:18,shipped,credit_card,Canada,Rome
4065,155,2023-04-27 12:14:48,shipped,credit_card,Germany,Bangalore
4066,735,2021-07-07 09:14:18,refunded,google_pay,Spain,Sydney
4067,8,2024-10-22 02:54:01,shipped,paypal,France,Chicago
4068,1943,2022-11-27 02:25:41,refunded,google_pay,United States,Toronto
4069,149,2020-10-21 07:52:27,paid,credit_card,Australia,Los Angeles
4070,750,2020-05-15 23:18:22,pending,apple_pay,Canada,New York
4071,403,2021-02-26 15:21:17,shipped,google_pay,Canada,Mumbai
4072,1379,2024-11-29 15:48:00,paid,apple_pay,United Kingdom,Bangalore
4073,241,2024-06-07 23:40:35,refunded,bank_transfer,Italy,New York
4074,228,2022-08-11 20:24:50,shipped,google_pay,United Kingdom,Mumbai
4075,557,2022-12-21 03:00:00,paid,credit_card,Germany,Mumbai
4076,1816,2023-10-22 01:15:56,paid,google_pay,Germany,Chicago
4077,212,2021-05-26 23:38:56,paid,bank_transfer,Canada,Los Angeles
4078,933,2024-10-12 06:17:15,shipped,bank_transfer,Canada,Melbourne
4079,886,2020-04-10 10:45:57,shipped,bank_transfer,Canada,Sydney
4080,966,2020-12-09 12:12:49,cancelled,credit_card,Australia,Amsterdam
4081,1942,2022-01-28 12:26:38,shipped,google_pay,Germany,Madrid
4082,1637,2021-04-16 07:49:54,pending,google_pay,United States,Vancouver
4083,290,2023-01-16 21:42:54,shipped,apple_pay,Germany,Berlin
4084,666,2020-06-03 05:27:22,cancelled,apple_pay,Netherlands,Bangalore
4085,51,2020-06-22 14:31:27,paid,bank_transfer,United States,Bangalore
4086,264,2023-06-23 16:42:47,shipped,apple_pay,Spain,London
4087,230,2021-06-06 12:26:27,paid,apple_pay,United States,Los Angeles
4088,1593,2023-06-28 03:34:16,shipped,google_pay,United Kingdom,Chicago
4089,133,2024-09-01 06:10:05,shipped,apple_pay,Italy,Mumbai
4090,1882,2024-03-11 00:39:18,paid,apple_pay,France,Berlin
4091,1998,2020-05-18 08:06:38,paid,apple_pay,France,Chicago
4092,1553,2023-09-14 07:45:04,shipped,apple_pay,Netherlands,Mumbai
4093,1505,2022-04-26 13:32:18,shipped,apple_pay,Netherlands,Rome
4094,1421,2024-04-14 02:41:14,shipped,bank_transfer,India,London
4095,28,2021-05-12 10:39:23,cancelled,apple_pay,Netherlands,Los Angeles
4096,870,2024-11-30 10:01:50,paid,credit_card,France,Los Angeles
4097,1911,2023-01-19 22:38:35,paid,paypal,India,Toronto
4098,1608,2021-09-04 07:33:11,refunded,paypal,Canada,Los Angeles
4099,1483,2024-03-12 07:58:12,shipped,apple_pay,United States,Rome
4100,666,2022-11-01 00:26:09,paid,credit_card,United States,London
4101,963,2024-02-29 06:43:36,refunded,paypal,Netherlands,London
4102,77,2024-09-04 06:57:42,paid,paypal,Italy,Rome
4103,508,2021-05-01 06:49:27,shipped,credit_card,Italy,Mumbai
4104,1841,2023-01-21 00:17:35,paid,paypal,Canada,Paris
4105,876,2020-10-23 05:06:22,paid,paypal,Netherlands,Rome
4106,958,2023-08-16 05:26:32,paid,credit_card,Netherlands,Chicago
4107,1865,2022-09-29 19:07:19,cancelled,credit_card,India,Paris
4108,1664,2022-01-29 03:32:14,paid,apple_pay,Canada,Vancouver
4109,1953,2020-06-27 02:43:01,cancelled,paypal,United States,Madrid
4110,473,2021-06-24 10:38:44,refunded,paypal,Canada,London
4111,1343,2022-09-02 22:02:25,paid,google_pay,Spain,Madrid
4112,1868,2023-09-26 06:40:45,shipped,google_pay,France,Toronto
4113,426,2024-11-13 08:22:51,shipped,apple_pay,Canada,Sydney
4114,183,2020-09-26 07:24:06,shipped,paypal,United Kingdom,New York
4115,373,2023-05-25 09:09:38,cancelled,google_pay,France,Paris
4116,695,2021-06-01 06:00:25,paid,paypal,Germany,Bangalore
4117,343,2020-02-03 02:03:26,paid,apple_pay,Australia,Amsterdam
4118,1368,2023-02-11 20:37:59,refunded,google_pay,Netherlands,Toronto
4119,1318,2021-06-29 04:16:16,shipped,apple_pay,Spain,Sydney
4120,249,2024-05-22 18:05:20,pending,google_pay,Italy,Rome
4121,195,2023-06-06 19:14:28,pending,apple_pay,United States,Mumbai
4122,840,2023-04-15 06:52:22,paid,credit_card,Italy,Rome
4123,163,2024-06-13 06:26:08,paid,credit_card,Netherlands,Madrid
4124,244,2024-09-20 20:37:07,pending,bank_transfer,Germany,Toronto
4125,1594,2024-12-01 06:45:24,shipped,google_pay,Australia,Madrid
4126,357,2023-12-04 08:51:26,paid,bank_transfer,Australia,Sydney
4127,1495,2024-05-30 21:24:59,refunded,apple_pay,France,Vancouver
4128,254,2024-10-25 03:16:17,refunded,paypal,United Kingdom,Melbourne
4129,1831,2023-03-31 07:30:01,shipped,apple_pay,India,Los Angeles
4130,1736,2020-04-11 16:13:37,paid,credit_card,Spain,Bangalore
4131,739,2024-02-09 02:40:33,cancelled,bank_transfer,Germany,Los Angeles
4132,402,2022-07-14 23:38:22,shipped,paypal,Netherlands,Melbourne
4133,1731,2024-07-06 16:15:39,cancelled,credit_card,United States,Sydney
4134,1601,2020-07-07 23:02:34,shipped,apple_pay,India,Los Angeles
4135,718,2020-03-20 01:50:56,shipped,paypal,Italy,Rome
4136,563,2020-03-25 04:43:55,refunded,bank_transfer,France,Bangalore
4137,1154,2022-10-20 20:44:55,shipped,apple_pay,Netherlands,Sydney
4138,1670,2020-07-19 06:57:20,shipped,bank_transfer,India,Sydney
4139,1671,2023-04-28 21:05:51,refunded,google_pay,Germany,London
4140,877,2023-08-28 04:25:01,shipped,apple_pay,Australia,Berlin
4141,947,2023-07-23 02:58:38,paid,apple_pay,Germany,Los Angeles
4142,929,2020-04-14 14:00:30,paid,bank_transfer,Spain,Bangalore
4143,968,2022-12-12 16:52:55,paid,credit_card,France,Chicago
4144,1209,2020-08-05 02:53:02,paid,google_pay,United Kingdom,Amsterdam
4145,212,2021-10-15 15:50:09,cancelled,credit_card,India,Berlin
4146,555,2024-03-18 11:24:40,shipped,paypal,Canada,Paris
4147,504,2020-08-12 09:49:45,paid,paypal,United Kingdom,Mumbai
4148,484,2021-03-05 20:48:04,paid,paypal,Germany,Madrid
4149,1553,2020-12-28 05:29:05,shipped,google_pay,United Kingdom,Sydney
4150,1481,2022-05-03 10:01:04,paid,paypal,Spain,Melbourne
4151,1849,2022-10-01 16:09:15,pending,paypal,Canada,New York
4152,1888,2024-08-17 04:12:44,paid,credit_card,Canada,Amsterdam
4153,892,2023-08-05 13:29:14,paid,apple_pay,Australia,Rome
4154,1883,2024-04-19 11:03:46,paid,apple_pay,Netherlands,Sydney
4155,939,2021-06-01 13:47:16,paid,google_pay,United Kingdom,Berlin
4156,1903,2021-07-25 11:38:03,shipped,apple_pay,France,Berlin
4157,664,2024-11-14 06:46:22,paid,google_pay,France,Mumbai
4158,489,2024-02-10 07:22:04,shipped,bank_transfer,Germany,Sydney
4159,392,2023-10-23 12:46:15,pending,credit_card,Spain,New York
4160,868,2020-11-19 16:53:30,cancelled,paypal,United Kingdom,Amsterdam
4161,1370,2023-08-12 16:49:39,shipped,paypal,Italy,Los Angeles
4162,742,2022-03-07 00:59:55,paid,google_pay,United States,Chicago
4163,1676,2020-08-17 21:28:53,refunded,bank_transfer,Germany,Amsterdam
4164,1973,2021-06-01 04:15:51,shipped,apple_pay,Germany,Chicago
4165,1906,2020-05-03 07:55:44,shipped,google_pay,India,Madrid
4166,286,2022-10-18 20:28:09,shipped,paypal,Germany,Vancouver
4167,14,2021-08-19 16:18:36,paid,bank_transfer,Germany,Bangalore
4168,929,2024-12-21 15:31:25,shipped,bank_transfer,Italy,Amsterdam
4169,933,2020-09-04 04:06:08,paid,google_pay,United States,Los Angeles
4170,427,2022-02-15 04:57:12,refunded,paypal,Italy,Los Angeles
4171,1680,2020-10-03 08:31:57,paid,credit_card,India,Rome
4172,86,2021-10-01 11:16:55,shipped,credit_card,Spain,Sydney
4173,1900,2022-07-05 15:45:49,pending,apple_pay,France,Melbourne
4174,1969,2022-05-01 01:34:40,paid,credit_card,India,Berlin
4175,816,2022-12-30 08:55:31,shipped,google_pay,Italy,Amsterdam
4176,995,2021-11-07 09:06:15,paid,credit_card,India,London
4177,768,2023-06-22 15:28:26,pending,paypal,Spain,London
4178,1627,2020-01-21 16:55:56,shipped,bank_transfer,Netherlands,Sydney
4179,1951,2023-03-13 03:19:52,paid,credit_card,Australia,Amsterdam
4180,1719,2024-01-10 15:12:05,refunded,google_pay,United Kingdom,Melbourne
4181,1928,2021-08-26 13:20:22,shipped,credit_card,Australia,Bangalore
4182,1234,2024-11-04 03:37:49,paid,apple_pay,United States,Berlin
4183,866,2021-03-07 15:35:29,paid,google_pay,Italy,Berlin
4184,204,2020-11-19 11:14:38,cancelled,google_pay,India,New York
4185,669,2020-09-24 20:58:52,shipped,paypal,Australia,Vancouver
4186,153,2021-04-08 21:45:40,paid,apple_pay,Italy,Amsterdam
4187,99,2022-12-25 16:40:33,refunded,apple_pay,Australia,Toronto
4188,1080,2020-09-13 11:03:43,cancelled,apple_pay,Netherlands,Berlin
4189,1315,2024-05-14 18:34:39,cancelled,paypal,United Kingdom,Vancouver
4190,1549,2021-11-17 00:03:20,paid,apple_pay,Spain,London
4191,1134,2024-04-10 19:33:42,pending,bank_transfer,United States,Melbourne
4192,1466,2023-10-07 00:55:24,pending,credit_card,Netherlands,Vancouver
4193,1221,2021-01-21 11:23:19,refunded,google_pay,United Kingdom,Melbourne
4194,1367,2020-06-17 14:40:44,shipped,bank_transfer,Germany,Chicago
4195,1286,2022-06-26 14:55:09,shipped,apple_pay,Italy,Paris
4196,307,2023-04-06 22:59:58,pending,paypal,Australia,Amsterdam
4197,79,2023-11-24 13:21:05,pending,google_pay,Netherlands,Paris
4198,92,2020-04-15 14:06:39,paid,apple_pay,Spain,Rome
4199,217,2021-01-26 13:44:27,paid,credit_card,United States,Amsterdam
4200,85,2021-01-23 00:35:51,paid,google_pay,Canada,Vancouver
4201,1470,2022-01-06 02:13:54,pending,apple_pay,Netherlands,Los Angeles
4202,1537,2022-02-03 21:50:30,paid,paypal,Australia,Los Angeles
4203,483,2020-08-12 09:42:20,shipped,bank_transfer,Canada,Paris
4204,1030,2023-05-10 01:56:56,paid,bank_transfer,United States,Amsterdam
4205,795,2020-12-22 05:03:10,paid,google_pay,Netherlands,Amsterdam
4206,1864,2021-03-26 06:59:40,paid,credit_card,Netherlands,Melbourne
4207,817,2022-06-06 12:49:31,pending,apple_pay,Spain,Vancouver
4208,308,2022-03-09 05:05:50,pending,credit_card,Italy,Mumbai
4209,1058,2023-11-11 08:16:16,shipped,credit_card,Spain,Toronto
4210,1913,2024-09-08 23:30:16,paid,paypal,Canada,Bangalore
4211,476,2023-09-15 21:52:00,paid,apple_pay,India,Vancouver
4212,96,2023-06-16 20:50:13,shipped,bank_transfer,Netherlands,Madrid
4213,1589,2023-02-13 22:09:42,paid,google_pay,Germany,Amsterdam
4214,1116,2022-10-06 22:33:30,paid,paypal,India,Madrid
4215,804,2022-07-05 03:43:42,paid,bank_transfer,India,Madrid
4216,895,2022-06-13 21:30:12,refunded,credit_card,Italy,Los Angeles
4217,1390,2020-04-19 00:31:45,paid,bank_transfer,Netherlands,New York
4218,1287,2024-06-21 14:33:49,paid,google_pay,India,Amsterdam
4219,1621,2020-10-10 14:30:11,cancelled,credit_card,Netherlands,New York
4220,1813,2022-12-08 22:00:43,paid,apple_pay,France,Sydney
4221,857,2023-11-10 23:44:44,cancelled,paypal,Germany,Melbourne
4222,400,2024-12-20 03:03:38,paid,apple_pay,Spain,Toronto
4223,992,2024-07-25 12:54:26,refunded,credit_card,Italy,Melbourne
4224,699,2024-05-29 07:55:49,paid,google_pay,United Kingdom,Toronto
4225,1514,2024-05-05 01:15:09,refunded,apple_pay,United States,Amsterdam
4226,397,2023-09-16 20:44:41,paid,credit_card,India,Rome
4227,657,2022-05-27 14:56:45,cancelled,credit_card,Germany,Mumbai
4228,1480,2022-10-20 10:42:42,paid,google_pay,Australia,London
4229,1457,2022-05-28 02:59:06,shipped,bank_transfer,Australia,Sydney
4230,1337,2023-11-28 17:15:31,shipped,bank_transfer,United States,Mumbai
4231,382,2022-05-17 02:47:42,refunded,credit_card,Netherlands,Toronto
4232,643,2022-04-06 09:58:30,paid,paypal,Netherlands,Berlin
4233,400,2021-07-01 00:20:15,paid,bank_transfer,Netherlands,Bangalore
4234,1519,2021-02-24 13:22:52,paid,credit_card,India,Amsterdam
4235,191,2021-09-24 21:26:46,paid,apple_pay,United States,Paris
4236,1622,2023-02-15 23:32:05,cancelled,apple_pay,United States,Los Angeles
4237,715,2020-06-28 07:57:05,paid,paypal,France,Bangalore
4238,650,2021-06-27 23:27:35,paid,apple_pay,Germany,London
4239,31,2021-03-02 12:01:17,paid,bank_transfer,Netherlands,Mumbai
4240,1437,2023-03-30 10:42:07,shipped,google_pay,Italy,Toronto
4241,1804,2021-01-09 19:31:11,shipped,google_pay,India,Bangalore
4242,554,2022-02-06 10:58:37,paid,apple_pay,United Kingdom,Mumbai
4243,1523,2024-03-04 01:45:02,shipped,google_pay,Canada,Amsterdam
4244,1576,2023-12-23 07:46:12,cancelled,paypal,Netherlands,Sydney
4245,1155,2024-09-16 20:30:12,paid,paypal,Canada,Paris
4246,1867,2022-01-06 00:06:59,pending,paypal,Australia,Bangalore
4247,1972,2023-08-21 20:52:04,shipped,credit_card,Germany,Mumbai
4248,684,2023-03-13 12:26:03,pending,apple_pay,Australia,Los Angeles
4249,1802,2022-06-20 23:28:56,paid,paypal,Italy,Rome
4250,923,2023-01-15 09:06:18,shipped,apple_pay,Canada,Bangalore
4251,99,2023-08-10 01:30:20,shipped,bank_transfer,India,Paris
4252,1143,2021-04-14 14:53:34,shipped,google_pay,India,Vancouver
4253,1025,2024-01-02 02:09:34,paid,google_pay,United States,Melbourne
4254,1446,2023-08-03 17:31:14,refunded,apple_pay,Germany,Bangalore
4255,1416,2023-05-13 03:34:56,pending,google_pay,United Kingdom,Paris
4256,714,2024-04-16 01:23:06,shipped,apple_pay,Italy,New York
4257,1337,2022-04-20 08:07:57,paid,google_pay,Canada,London
4258,598,2023-12-11 06:26:32,shipped,credit_card,Italy,Amsterdam
4259,272,2024-01-05 02:42:58,pending,paypal,Spain,Rome
4260,1345,2020-07-01 10:51:41,cancelled,credit_card,Italy,Madrid
4261,982,2022-02-10 07:41:49,paid,paypal,Italy,Melbourne
4262,895,2020-10-27 18:36:51,shipped,apple_pay,United States,Paris
4263,801,2022-07-07 09:37:34,pending,apple_pay,United States,Madrid
4264,565,2024-07-29 12:31:20,shipped,bank_transfer,United States,New York
4265,741,2021-10-12 04:28:13,cancelled,apple_pay,Spain,Chicago
4266,1469,2023-08-24 01:01:04,shipped,apple_pay,France,Rome
4267,993,2022-10-19 17:49:22,paid,google_pay,France,Melbourne
4268,1964,2022-04-10 17:55:47,paid,apple_pay,Netherlands,Los Angeles
4269,864,2023-08-28 06:54:49,paid,paypal,Australia,Paris
4270,504,2022-08-18 15:29:10,paid,apple_pay,India,Sydney
4271,26,2020-05-21 19:02:06,shipped,credit_card,France,Mumbai
4272,135,2024-07-12 09:21:23,refunded,bank_transfer,Netherlands,Chicago
4273,230,2022-11-21 04:00:38,refunded,bank_transfer,United Kingdom,Los Angeles
4274,1065,2021-01-07 20:18:47,shipped,credit_card,Italy,Sydney
4275,1086,2021-05-25 13:02:20,shipped,paypal,Germany,Vancouver
4276,374,2020-01-24 05:24:17,refunded,bank_transfer,Australia,New York
4277,1290,2021-12-15 08:01:13,pending,apple_pay,Canada,Madrid
4278,1258,2020-06-02 10:05:02,cancelled,apple_pay,Italy,New York
4279,40,2022-04-14 10:44:47,shipped,google_pay,India,New York
4280,980,2022-03-09 03:45:50,shipped,bank_transfer,Netherlands,Paris
4281,1578,2024-05-02 16:01:02,pending,credit_card,Australia,Mumbai
4282,1140,2022-11-26 01:32:45,shipped,bank_transfer,Italy,London
4283,58,2021-04-02 06:00:23,pending,apple_pay,India,Chicago
4284,1564,2023-10-12 07:34:58,refunded,bank_transfer,United States,Berlin
4285,435,2020-09-19 01:51:34,shipped,google_pay,Netherlands,Madrid
4286,1517,2020-08-26 16:30:29,paid,apple_pay,United States,Chicago
4287,1182,2023-08-29 15:53:48,shipped,credit_card,Canada,Amsterdam
4288,145,2024-08-23 09:20:26,shipped,google_pay,Australia,Amsterdam
4289,401,2020-04-10 14:33:12,paid,paypal,Germany,Sydney
4290,96,2024-11-28 18:02:25,shipped,credit_card,Germany,Madrid
4291,712,2022-09-16 15:19:10,cancelled,paypal,Germany,Rome
4292,785,2024-11-19 23:21:53,shipped,bank_transfer,Italy,Rome
4293,309,2020-05-12 20:46:38,shipped,bank_transfer,United Kingdom,Paris
4294,1460,2024-10-06 02:35:54,pending,paypal,Canada,Melbourne
4295,961,2020-12-04 14:59:18,shipped,credit_card,United Kingdom,Los Angeles
4296,691,2024-05-23 01:47:42,refunded,credit_card,Italy,Sydney
4297,426,2022-07-07 18:44:51,pending,google_pay,United States,Vancouver
4298,1522,2020-04-07 02:34:23,paid,google_pay,France,Rome
4299,612,2020-01-13 11:26:22,refunded,google_pay,Spain,London
4300,1057,2023-03-11 11:38:50,pending,paypal,Netherlands,Chicago
4301,1007,2020-11-26 23:29:34,shipped,credit_card,Germany,Paris
4302,247,2023-06-13 04:22:38,shipped,bank_transfer,India,Rome
4303,392,2020-07-28 18:30:48,paid,google_pay,Spain,Melbourne
4304,377,2021-03-30 02:25:32,paid,credit_card,United Kingdom,Amsterdam
4305,308,2020-08-07 05:40:02,shipped,apple_pay,Netherlands,Toronto
4306,1760,2023-03-25 23:01:27,refunded,apple_pay,United Kingdom,Los Angeles
4307,1865,2023-04-05 10:44:19,paid,paypal,India,Melbourne
4308,1145,2023-08-01 17:25:18,paid,paypal,Germany,Berlin
4309,927,2021-12-11 23:34:26,shipped,apple_pay,Germany,Melbourne
4310,1918,2021-02-11 22:14:14,refunded,bank_transfer,India,Mumbai
4311,494,2022-02-17 12:28:25,shipped,google_pay,Canada,Los Angeles
4312,557,2023-07-03 03:09:03,paid,bank_transfer,United States,Los Angeles
4313,1188,2024-09-26 08:28:52,paid,google_pay,Germany,Rome
4314,1102,2020-02-23 20:31:12,shipped,credit_card,United Kingdom,Bangalore
4315,500,2023-02-08 09:19:23,shipped,apple_pay,United States,Paris
4316,1682,2024-07-11 20:45:19,cancelled,credit_card,Australia,New York
4317,504,2022-04-16 02:13:23,paid,bank_transfer,United States,Melbourne
4318,978,2021-04-08 10:58:47,cancelled,apple_pay,France,Melbourne
4319,185,2023-10-02 00:31:04,paid,credit_card,Australia,Sydney
4320,1042,2021-06-23 07:30:36,paid,google_pay,Canada,Bangalore
4321,1555,2020-08-18 21:08:42,paid,google_pay,Netherlands,London
4322,281,2020-04-20 03:53:40,refunded,paypal,Spain,Rome
4323,78,2020-07-26 02:33:58,shipped,bank_transfer,Netherlands,Chicago
4324,14,2020-01-24 01:04:04,refunded,paypal,Germany,Vancouver
4325,185,2023-07-27 08:51:04,pending,bank_transfer,Italy,Toronto
4326,1722,2023-04-15 06:00:49,cancelled,apple_pay,Canada,Melbourne
4327,718,2024-06-17 02:04:40,paid,google_pay,Spain,Melbourne
4328,294,2021-01-21 08:55:17,paid,google_pay,India,Toronto
4329,1852,2024-06-28 11:53:52,paid,paypal,United Kingdom,Melbourne
4330,771,2024-05-26 21:13:30,paid,apple_pay,Spain,Madrid
4331,881,2023-10-02 22:38:24,refunded,credit_card,United States,London
4332,1279,2020-06-19 17:17:43,shipped,credit_card,Italy,New York
4333,1972,2023-04-20 03:37:32,shipped,credit_card,Netherlands,Mumbai
4334,1055,2022-07-26 11:51:03,shipped,credit_card,Germany,Los Angeles
4335,1818,2023-12-29 23:13:09,paid,apple_pay,Germany,New York
4336,1001,2023-05-20 01:32:27,shipped,paypal,Germany,Vancouver
4337,1967,2020-08-17 16:27:12,cancelled,google_pay,Germany,Toronto
4338,292,2021-12-22 13:13:58,shipped,paypal,United States,London
4339,132,2021-06-14 10:14:36,shipped,bank_transfer,Netherlands,Mumbai
4340,1761,2022-07-11 17:04:32,shipped,google_pay,Netherlands,Los Angeles
4341,1623,2023-11-17 02:58:32,paid,credit_card,Australia,Vancouver
4342,1143,2021-03-16 14:22:44,refunded,apple_pay,Netherlands,Amsterdam
4343,802,2021-07-25 01:21:13,pending,paypal,Australia,Mumbai
4344,1485,2021-11-02 02:25:28,cancelled,credit_card,United States,Bangalore
4345,1910,2024-01-21 21:20:06,cancelled,paypal,Australia,London
4346,1416,2024-07-01 13:45:24,shipped,apple_pay,United Kingdom,Mumbai
4347,620,2020-01-05 05:58:45,paid,credit_card,India,Amsterdam
4348,1073,2024-11-26 12:05:49,paid,apple_pay,Canada,Mumbai
4349,1377,2022-10-02 23:51:33,paid,google_pay,Spain,Bangalore
4350,1167,2022-12-22 14:36:31,paid,bank_transfer,Spain,Vancouver
4351,1045,2023-03-20 14:10:59,cancelled,apple_pay,Netherlands,Amsterdam
4352,1248,2024-08-02 06:35:19,paid,paypal,Canada,Madrid
4353,1843,2020-01-26 02:14:36,shipped,credit_card,Germany,Vancouver
4354,333,2024-04-27 11:34:52,shipped,credit_card,India,Berlin
4355,987,2022-01-30 07:28:57,shipped,bank_transfer,Australia,Melbourne
4356,1606,2021-01-01 10:41:30,refunded,google_pay,Australia,Los Angeles
4357,978,2021-12-17 20:18:37,paid,google_pay,United Kingdom,Vancouver
4358,22,2022-02-26 23:42:17,shipped,paypal,Spain,Vancouver
4359,1083,2024-09-26 06:43:11,pending,apple_pay,Germany,Chicago
4360,868,2022-06-24 16:12:38,paid,apple_pay,Australia,Melbourne
4361,1092,2022-03-07 18:31:08,cancelled,google_pay,Australia,New York
4362,1165,2020-09-04 20:06:45,shipped,apple_pay,India,Los Angeles
4363,359,2020-02-03 03:49:56,paid,apple_pay,Australia,Vancouver
4364,1055,2020-04-18 03:05:38,pending,bank_transfer,United Kingdom,Paris
4365,945,2023-08-03 09:42:38,paid,bank_transfer,Spain,Vancouver
4366,209,2022-11-24 12:56:23,paid,credit_card,Spain,New York
4367,1325,2024-10-23 02:50:52,pending,apple_pay,France,Los Angeles
4368,1989,2020-07-16 12:42:04,shipped,google_pay,Netherlands,Berlin
4369,363,2024-11-14 11:02:24,refunded,apple_pay,Spain,Amsterdam
4370,114,2021-05-30 15:41:06,cancelled,paypal,Germany,Rome
4371,1514,2024-03-13 11:49:22,paid,bank_transfer,India,New York
4372,1232,2020-04-27 06:57:41,paid,paypal,India,Paris
4373,1955,2021-09-07 05:17:45,refunded,paypal,United States,Bangalore
4374,1037,2024-01-05 13:33:54,paid,bank_transfer,France,Los Angeles
4375,1231,2024-09-11 20:55:14,paid,google_pay,United States,Berlin
4376,86,2023-12-14 17:07:32,refunded,bank_transfer,Australia,Madrid
4377,1320,2022-06-28 00:34:24,paid,bank_transfer,Italy,London
4378,1629,2021-07-23 06:58:59,paid,google_pay,France,Madrid
4379,492,2023-01-08 15:32:50,paid,google_pay,United States,Paris
4380,253,2023-01-06 21:30:48,paid,apple_pay,Canada,New York
4381,1491,2022-02-05 22:30:03,cancelled,credit_card,India,Bangalore
4382,603,2022-03-29 12:38:36,refunded,bank_transfer,France,Los Angeles
4383,888,2021-04-27 03:12:38,shipped,apple_pay,United Kingdom,Bangalore
4384,614,2023-04-30 12:28:33,shipped,bank_transfer,Canada,Los Angeles
4385,1360,2020-05-13 17:56:11,shipped,paypal,Canada,Toronto
4386,1282,2024-07-11 07:07:56,shipped,credit_card,United States,Chicago
4387,1089,2021-05-24 14:45:58,shipped,google_pay,Canada,Sydney
4388,728,2024-01-27 19:31:07,paid,bank_transfer,Australia,London
4389,436,2024-07-06 21:32:42,paid,credit_card,India,Berlin
4390,1823,2020-01-31 20:17:50,shipped,credit_card,Netherlands,London
4391,737,2024-11-09 06:39:35,paid,credit_card,Canada,London
4392,123,2023-09-04 16:06:10,paid,paypal,Netherlands,Sydney
4393,1922,2021-07-08 12:07:24,paid,credit_card,United Kingdom,Madrid
4394,1432,2023-05-29 23:28:03,shipped,google_pay,Canada,London
4395,1188,2023-01-10 20:46:18,refunded,paypal,Netherlands,Bangalore
4396,362,2023-01-22 21:40:50,shipped,bank_transfer,Canada,Amsterdam
4397,1598,2020-11-23 04:34:45,shipped,apple_pay,United States,Bangalore
4398,1383,2021-11-11 17:31:51,shipped,bank_transfer,Canada,Chicago
4399,1452,2020-06-19 06:59:04,shipped,paypal,United States,Toronto
4400,1973,2024-02-03 14:33:37,pending,apple_pay,Spain,London
4401,1864,2023-06-02 18:35:14,paid,paypal,Italy,Vancouver
4402,1507,2020-04-15 19:16:08,paid,paypal,India,New York
4403,1487,2024-06-04 14:29:51,cancelled,bank_transfer,Germany,Melbourne
4404,1746,2021-11-09 21:20:21,paid,credit_card,Australia,Melbourne
4405,774,2022-02-06 16:30:27,pending,google_pay,France,Madrid
4406,692,2021-11-22 21:07:57,paid,google_pay,Italy,Chicago
4407,858,2020-10-03 06:56:34,paid,credit_card,Australia,London
4408,462,2020-02-25 00:32:44,paid,apple_pay,United States,Melbourne
4409,1320,2023-01-07 06:29:11,shipped,google_pay,Canada,Paris
4410,1061,2022-01-30 13:57:26,shipped,paypal,United Kingdom,London
4411,1356,2021-10-13 06:35:45,shipped,apple_pay,Canada,Sydney
4412,1476,2023-09-04 03:21:53,cancelled,credit_card,United States,New York
4413,172,2022-07-05 01:11:01,shipped,apple_pay,Spain,New York
4414,548,2022-08-13 07:20:50,cancelled,apple_pay,France,Mumbai
4415,1874,2023-08-07 09:53:49,shipped,bank_transfer,United Kingdom,Rome
4416,1585,2021-07-29 02:08:42,paid,bank_transfer,Germany,Rome
4417,1192,2021-08-14 19:51:32,shipped,google_pay,India,Amsterdam
4418,1900,2023-01-02 05:01:56,paid,google_pay,France,Chicago
4419,1816,2024-05-19 03:39:26,paid,google_pay,Netherlands,Vancouver
4420,1198,2022-08-06 19:31:47,pending,credit_card,Italy,Bangalore
4421,1347,2020-05-19 00:17:12,paid,google_pay,India,Vancouver
4422,1763,2021-08-20 04:58:47,paid,apple_pay,Italy,Rome
4423,1121,2022-09-24 05:53:21,paid,paypal,Italy,Rome
4424,1292,2022-08-14 23:59:28,shipped,apple_pay,Australia,Berlin
4425,1168,2022-04-01 13:10:08,shipped,bank_transfer,India,Mumbai
4426,551,2020-02-16 12:21:40,shipped,bank_transfer,Australia,Bangalore
4427,1665,2021-06-26 17:39:00,shipped,bank_transfer,Canada,Berlin
4428,854,2024-06-09 00:00:17,shipped,paypal,India,Melbourne
4429,1741,2021-04-05 09:35:06,paid,bank_transfer,Australia,Toronto
4430,20,2024-05-16 06:10:55,shipped,credit_card,United Kingdom,Berlin
4431,105,2024-09-19 01:02:24,shipped,google_pay,Germany,Melbourne
4432,165,2021-10-22 11:45:30,shipped,paypal,Australia,New York
4433,860,2020-05-03 14:43:28,paid,paypal,United States,Mumbai
4434,935,2024-01-23 14:51:40,cancelled,apple_pay,Italy,Sydney
4435,1147,2022-10-23 10:53:29,refunded,bank_transfer,Australia,Chicago
4436,375,2022-04-30 10:26:45,paid,bank_transfer,Canada,Vancouver
4437,1859,2023-05-10 04:05:20,refunded,apple_pay,Germany,Sydney
4438,915,2020-05-01 16:44:28,shipped,apple_pay,United States,Amsterdam
4439,62,2023-02-21 05:46:43,shipped,credit_card,Canada,London
4440,1407,2020-10-16 20:54:13,cancelled,paypal,France,New York
4441,175,2020-05-04 01:36:31,paid,bank_transfer,United Kingdom,Madrid
4442,1825,2022-06-13 17:56:34,pending,credit_card,Netherlands,Berlin
4443,1779,2020-02-09 18:59:58,shipped,bank_transfer,Germany,Bangalore
4444,864,2021-12-03 00:33:07,paid,google_pay,Canada,Vancouver
4445,1219,2023-10-06 07:19:04,refunded,bank_transfer,Canada,Berlin
4446,1808,2021-09-28 19:58:11,refunded,bank_transfer,Spain,New York
4447,1708,2020-07-08 15:51:16,paid,bank_transfer,Spain,New York
4448,1110,2024-04-11 22:27:46,refunded,google_pay,Netherlands,London
4449,962,2024-02-21 03:02:57,shipped,credit_card,India,Amsterdam
4450,735,2023-02-04 01:55:26,shipped,bank_transfer,United Kingdom,London
4451,1292,2024-10-06 17:50:01,refunded,credit_card,Netherlands,Rome
4452,544,2020-07-24 08:24:27,paid,apple_pay,Spain,Los Angeles
4453,930,2022-01-06 13:50:54,shipped,credit_card,Australia,Vancouver
4454,589,2024-06-29 06:06:00,paid,paypal,Italy,Los Angeles
4455,1713,2020-03-12 22:39:27,paid,credit_card,United Kingdom,London
4456,788,2023-08-15 15:54:16,shipped,google_pay,France,Paris
4457,361,2022-01-31 00:54:59,paid,apple_pay,Canada,Vancouver
4458,363,2020-04-11 14:11:51,shipped,bank_transfer,Canada,New York
4459,1367,2021-01-07 14:10:17,shipped,paypal,Spain,London
4460,620,2024-04-19 16:03:14,shipped,apple_pay,Australia,Toronto
4461,805,2022-05-04 06:02:23,shipped,bank_transfer,Canada,Bangalore
4462,1097,2021-04-29 07:21:48,refunded,apple_pay,Netherlands,Chicago
4463,1675,2020-02-09 00:26:51,paid,paypal,United States,Amsterdam
4464,1622,2022-03-31 16:02:32,paid,apple_pay,Netherlands,Paris
4465,1971,2022-02-06 20:21:18,pending,google_pay,United Kingdom,Rome
4466,1042,2022-12-30 14:30:33,shipped,credit_card,Italy,Los Angeles
4467,768,2020-11-28 05:56:45,paid,apple_pay,United Kingdom,Vancouver
4468,1426,2024-03-06 09:22:48,cancelled,bank_transfer,India,Toronto
4469,730,2021-12-03 01:24:38,paid,apple_pay,Germany,Chicago
4470,190,2024-07-30 07:18:23,cancelled,credit_card,Netherlands,Mumbai
4471,956,2023-11-12 16:39:16,cancelled,credit_card,Canada,Los Angeles
4472,1758,2023-11-23 18:26:04,pending,apple_pay,Netherlands,London
4473,42,2020-08-14 17:56:21,shipped,apple_pay,Spain,New York
4474,1326,2023-04-13 00:02:46,pending,google_pay,United States,Sydney
4475,1756,2023-04-01 15:45:53,shipped,apple_pay,United States,Paris
4476,1392,2022-05-04 17:02:29,shipped,google_pay,United States,Mumbai
4477,1951,2020-11-26 14:57:09,shipped,apple_pay,United States,Chicago
4478,49,2024-03-08 11:39:18,pending,paypal,Canada,Bangalore
4479,1877,2021-05-28 03:11:01,paid,credit_card,Italy,Bangalore
4480,1922,2020-08-22 11:55:29,pending,bank_transfer,India,New York
4481,52,2022-01-02 04:17:22,shipped,google_pay,Spain,Rome
4482,402,2022-08-10 15:42:24,pending,google_pay,United Kingdom,Vancouver
4483,839,2022-01-16 02:45:58,shipped,google_pay,France,Vancouver
4484,1597,2021-11-12 03:03:03,cancelled,credit_card,United Kingdom,Melbourne
4485,50,2024-11-02 10:18:27,paid,paypal,Italy,Paris
4486,1519,2022-02-12 16:12:25,paid,paypal,Spain,Bangalore
4487,801,2022-12-14 14:04:21,paid,google_pay,United Kingdom,Rome
4488,412,2020-04-28 08:17:30,paid,paypal,Netherlands,Bangalore
4489,833,2022-10-16 17:50:26,pending,google_pay,France,Madrid
4490,543,2022-01-17 22:20:42,paid,bank_transfer,Spain,Paris
4491,1946,2020-10-18 23:15:06,shipped,google_pay,Netherlands,Mumbai
4492,1555,2020-03-26 10:55:45,paid,bank_transfer,Spain,Mumbai
4493,1721,2022-01-02 07:23:31,shipped,credit_card,France,Toronto
4494,219,2023-04-01 23:57:38,shipped,google_pay,France,Rome
4495,184,2024-08-12 02:35:42,paid,apple_pay,Germany,Bangalore
4496,902,2024-03-08 17:31:12,pending,paypal,France,Bangalore
4497,1332,2024-01-19 10:21:03,paid,credit_card,Germany,Bangalore
4498,1078,2021-04-10 10:43:56,pending,apple_pay,Netherlands,Berlin
4499,205,2023-11-28 16:51:50,paid,apple_pay,Canada,London
4500,1922,2020-01-02 08:44:02,refunded,bank_transfer,United Kingdom,Toronto
4501,1186,2023-08-20 02:08:01,refunded,credit_card,Spain,New York
4502,1327,2023-12-18 19:10:14,refunded,credit_card,Germany,Sydney
4503,848,2022-09-12 12:55:06,shipped,paypal,Canada,Berlin
4504,1475,2023-08-09 02:09:46,paid,bank_transfer,India,Amsterdam
4505,1384,2022-05-09 19:49:11,shipped,paypal,United Kingdom,New York
4506,1369,2021-03-07 05:52:23,pending,google_pay,Canada,Paris
4507,1656,2021-12-18 04:11:12,refunded,credit_card,United States,Chicago
4508,1374,2022-07-27 17:06:01,refunded,paypal,India,Toronto
4509,1758,2022-06-19 17:37:32,shipped,paypal,Canada,London
4510,1313,2022-04-21 04:21:00,paid,google_pay,India,Bangalore
4511,1221,2021-05-29 09:50:54,refunded,apple_pay,United States,Rome
4512,599,2021-10-18 23:48:21,shipped,google_pay,Canada,Amsterdam
4513,844,2024-05-21 10:49:38,paid,credit_card,France,Chicago
4514,938,2022-10-21 16:35:44,paid,paypal,Italy,Rome
4515,784,2020-05-21 17:34:00,paid,paypal,United States,Melbourne
4516,1414,2023-03-02 17:52:47,pending,google_pay,India,Madrid
4517,637,2023-02-05 03:08:27,paid,google_pay,United States,Paris
4518,413,2021-11-05 21:29:12,paid,credit_card,Netherlands,Mumbai
4519,115,2020-07-21 00:52:00,paid,bank_transfer,France,Chicago
4520,1036,2024-05-05 23:43:55,shipped,credit_card,Australia,Amsterdam
4521,948,2023-02-17 18:17:06,refunded,bank_transfer,Australia,Mumbai
4522,577,2023-10-17 04:31:40,pending,credit_card,Italy,Paris
4523,748,2023-11-21 13:08:40,cancelled,credit_card,Netherlands,London
4524,1833,2022-11-21 11:02:01,refunded,credit_card,United Kingdom,Los Angeles
4525,1753,2020-11-26 07:18:34,paid,paypal,France,Mumbai
4526,1274,2023-08-26 21:01:31,paid,credit_card,France,Rome
4527,645,2020-05-14 13:21:45,paid,google_pay,France,Madrid
4528,1178,2022-05-06 11:05:08,shipped,paypal,Italy,London
4529,850,2022-10-30 20:14:00,shipped,apple_pay,Australia,Mumbai
4530,1633,2024-08-07 19:56:47,shipped,credit_card,Italy,Amsterdam
4531,1141,2024-02-08 05:31:09,paid,apple_pay,France,London
4532,1628,2020-05-20 00:09:24,paid,paypal,Spain,Bangalore
4533,1806,2022-09-28 05:39:37,refunded,google_pay,Germany,New York
4534,1173,2021-03-20 08:16:44,shipped,paypal,Netherlands,Los Angeles
4535,731,2020-10-13 09:34:45,paid,bank_transfer,United States,Sydney
4536,794,2020-08-04 01:38:25,paid,apple_pay,Canada,Vancouver
4537,1330,2021-05-03 03:49:20,shipped,google_pay,Canada,Madrid
4538,1756,2023-12-24 12:18:17,paid,bank_transfer,Spain,Vancouver
4539,747,2023-12-27 05:52:42,shipped,bank_transfer,Canada,Bangalore
4540,904,2021-11-18 19:55:25,paid,bank_transfer,Germany,Amsterdam
4541,1703,2022-04-14 17:16:09,shipped,bank_transfer,United Kingdom,New York
4542,18,2023-03-18 14:29:43,shipped,apple_pay,Canada,Los Angeles
4543,467,2022-06-29 09:24:06,pending,google_pay,India,Vancouver
4544,1213,2024-05-11 19:52:30,paid,google_pay,Spain,Los Angeles
4545,881,2020-02-15 01:40:00,shipped,paypal,Italy,Chicago
4546,616,2024-02-19 23:07:15,paid,paypal,France,Rome
4547,1551,2022-05-26 23:34:22,shipped,google_pay,France,Vancouver
4548,1482,2024-10-18 23:26:13,refunded,paypal,Spain,Chicago
4549,1032,2022-03-09 17:46:19,shipped,google_pay,France,Toronto
4550,630,2020-06-08 03:41:03,shipped,credit_card,Australia,London
4551,1851,2021-03-19 18:01:40,paid,paypal,Germany,Madrid
4552,1403,2023-08-30 18:08:16,shipped,apple_pay,Italy,Amsterdam
4553,1420,2020-03-02 17:16:29,paid,apple_pay,Australia,Rome
4554,286,2020-09-10 11:49:21,paid,apple_pay,United Kingdom,Melbourne
4555,23,2023-08-07 18:59:05,paid,apple_pay,United Kingdom,Melbourne
4556,1475,2020-08-21 03:38:52,cancelled,credit_card,United Kingdom,Toronto
4557,1611,2020-07-05 17:36:49,paid,credit_card,India,Rome
4558,1579,2020-11-06 15:26:21,refunded,apple_pay,Netherlands,Sydney
4559,796,2024-05-30 04:22:02,refunded,paypal,Italy,Vancouver
4560,979,2023-11-23 07:03:56,cancelled,credit_card,United Kingdom,Amsterdam
4561,582,2024-10-23 02:40:16,paid,credit_card,Canada,Rome
4562,1031,2024-09-23 09:33:56,paid,apple_pay,United States,Sydney
4563,1770,2023-08-11 08:17:37,shipped,google_pay,France,London
4564,46,2022-09-30 15:25:39,paid,apple_pay,Spain,London
4565,296,2020-11-26 03:22:29,shipped,apple_pay,Italy,New York
4566,718,2024-07-16 02:09:51,shipped,credit_card,France,Paris
4567,1653,2024-07-05 08:03:48,shipped,google_pay,Germany,Amsterdam
4568,813,2022-05-22 21:54:23,shipped,bank_transfer,France,Melbourne
4569,1417,2024-03-07 07:38:13,shipped,bank_transfer,Italy,Bangalore
4570,619,2020-03-17 13:05:28,shipped,bank_transfer,Spain,New York
4571,455,2020-11-14 03:52:28,cancelled,apple_pay,Netherlands,New York
4572,458,2020-12-13 04:48:04,paid,credit_card,Spain,London
4573,1481,2022-03-19 07:37:12,paid,credit_card,Netherlands,Mumbai
4574,542,2022-01-28 12:23:47,paid,apple_pay,United Kingdom,Los Angeles
4575,848,2023-03-07 17:23:07,shipped,apple_pay,France,Chicago
4576,1969,2020-01-09 13:52:04,shipped,credit_card,Netherlands,Los Angeles
4577,562,2021-02-10 14:43:02,shipped,apple_pay,Spain,London
4578,262,2022-07-09 01:42:51,shipped,google_pay,Spain,Madrid
4579,1128,2024-01-31 20:22:55,paid,google_pay,Germany,Sydney
4580,1211,2020-01-07 09:02:02,shipped,google_pay,United States,Bangalore
4581,589,2022-08-10 18:19:05,refunded,paypal,Australia,Bangalore
4582,2,2023-08-26 10:00:29,refunded,credit_card,France,Vancouver
4583,119,2024-02-11 03:48:05,pending,google_pay,Italy,Los Angeles
4584,1842,2022-02-15 11:48:21,paid,apple_pay,Netherlands,Toronto
4585,1556,2020-12-29 11:38:03,shipped,credit_card,France,Madrid
4586,111,2021-10-06 16:15:56,paid,apple_pay,Australia,Los Angeles
4587,457,2020-09-07 13:20:09,paid,credit_card,Italy,Paris
4588,280,2022-09-15 18:58:49,shipped,bank_transfer,India,Chicago
4589,295,2023-04-24 14:07:27,shipped,google_pay,France,New York
4590,1851,2023-06-25 10:55:54,shipped,bank_transfer,Spain,Chicago
4591,1962,2024-03-13 13:15:35,paid,apple_pay,United States,Toronto
4592,1074,2023-03-08 02:33:54,shipped,apple_pay,Canada,London
4593,1694,2022-01-06 00:32:07,shipped,bank_transfer,Australia,Los Angeles
4594,786,2024-02-21 23:48:07,paid,credit_card,Australia,New York
4595,125,2022-11-16 12:06:09,paid,apple_pay,India,Sydney
4596,907,2023-04-13 19:06:57,paid,paypal,Germany,Los Angeles
4597,1094,2024-08-12 11:44:35,shipped,google_pay,Canada,Madrid
4598,803,2022-11-15 05:42:21,paid,paypal,United Kingdom,Vancouver
4599,1113,2020-12-25 09:13:21,shipped,apple_pay,United States,Toronto
4600,1455,2024-12-20 15:51:39,shipped,paypal,India,Los Angeles
4601,1789,2023-06-29 12:52:19,shipped,google_pay,France,Rome
4602,1405,2020-01-15 19:45:42,pending,google_pay,Canada,Sydney
4603,1518,2022-03-27 01:24:03,shipped,apple_pay,Germany,Madrid
4604,1419,2023-10-24 11:44:19,shipped,bank_transfer,Netherlands,Rome
4605,924,2022-03-18 09:18:04,shipped,bank_transfer,Spain,Los Angeles
4606,926,2023-06-27 23:26:05,shipped,paypal,Australia,Rome
4607,1543,2022-12-14 08:10:50,paid,google_pay,Canada,Los Angeles
4608,686,2022-06-10 15:23:34,pending,bank_transfer,Italy,Mumbai
4609,634,2021-12-05 05:17:48,paid,paypal,United States,Amsterdam
4610,1747,2023-07-31 13:50:55,refunded,google_pay,Spain,Vancouver
4611,674,2022-11-18 05:36:28,paid,google_pay,Italy,Bangalore
4612,1361,2020-05-15 15:07:50,paid,paypal,Australia,Mumbai
4613,760,2021-09-20 01:09:10,paid,credit_card,United Kingdom,London
4614,1977,2020-08-16 05:35:38,shipped,paypal,Spain,Los Angeles
4615,975,2020-04-18 14:07:55,paid,bank_transfer,United Kingdom,Mumbai
4616,93,2022-07-16 09:08:04,shipped,apple_pay,United States,Los Angeles
4617,1838,2023-07-17 17:59:01,paid,bank_transfer,Netherlands,Mumbai
4618,641,2022-09-27 09:58:11,shipped,credit_card,India,Paris
4619,1145,2021-02-09 01:01:30,shipped,google_pay,India,London
4620,360,2023-04-01 19:08:02,shipped,credit_card,India,Toronto
4621,1416,2023-03-22 03:05:02,paid,apple_pay,Germany,Amsterdam
4622,1166,2024-10-23 18:52:53,refunded,google_pay,Germany,London
4623,1289,2020-11-03 03:15:40,paid,credit_card,Netherlands,London
4624,993,2023-06-02 23:27:32,pending,paypal,Italy,Amsterdam
4625,1187,2021-12-20 06:35:51,shipped,paypal,France,Mumbai
4626,657,2020-08-25 19:15:47,shipped,bank_transfer,Italy,Los Angeles
4627,1641,2024-09-29 15:28:49,shipped,google_pay,India,Chicago
4628,573,2020-04-20 09:24:25,shipped,credit_card,Canada,New York
4629,1989,2020-11-23 15:06:16,shipped,bank_transfer,United States,Mumbai
4630,1787,2020-12-19 13:35:26,cancelled,credit_card,Italy,Chicago
4631,329,2023-10-06 08:44:49,cancelled,apple_pay,Spain,Rome
4632,1503,2023-06-15 09:48:47,cancelled,bank_transfer,Australia,Mumbai
4633,1637,2021-06-28 11:05:44,shipped,apple_pay,France,Berlin
4634,1912,2021-05-06 09:54:20,paid,credit_card,Germany,Melbourne
4635,167,2022-09-03 12:49:03,shipped,credit_card,Germany,Berlin
4636,844,2023-10-11 10:49:51,cancelled,paypal,India,New York
4637,742,2021-01-06 19:50:41,paid,paypal,United States,Sydney
4638,1248,2022-10-28 06:19:11,shipped,apple_pay,United Kingdom,Bangalore
4639,1355,2022-12-28 01:06:43,paid,apple_pay,Netherlands,Mumbai
4640,1458,2023-02-24 21:57:54,cancelled,paypal,Netherlands,Paris
4641,1242,2024-02-14 16:31:54,paid,paypal,India,New York
4642,752,2022-05-25 01:52:45,pending,bank_transfer,France,Paris
4643,899,2023-06-28 15:25:26,pending,paypal,Canada,Chicago
4644,1655,2021-07-08 10:00:46,paid,credit_card,Canada,Rome
4645,470,2022-08-16 14:12:23,refunded,google_pay,United States,Toronto
4646,1713,2020-01-28 06:02:46,shipped,bank_transfer,Germany,Toronto
4647,1307,2023-01-15 15:48:33,refunded,bank_transfer,Germany,Mumbai
4648,453,2021-09-08 10:25:44,shipped,google_pay,India,London
4649,1125,2022-11-14 20:21:03,shipped,credit_card,France,New York
4650,1440,2020-11-30 19:20:54,paid,apple_pay,Netherlands,Berlin
4651,861,2023-06-22 10:40:40,shipped,paypal,Australia,Toronto
4652,737,2024-07-31 20:13:40,paid,paypal,Germany,Melbourne
4653,335,2023-08-03 13:13:27,shipped,paypal,Canada,Berlin
4654,1827,2022-01-14 09:42:39,paid,credit_card,Australia,Bangalore
4655,506,2023-04-20 22:29:00,paid,bank_transfer,India,Sydney
4656,1065,2024-11-11 20:27:58,paid,paypal,United States,Mumbai
4657,648,2024-10-15 03:52:35,refunded,paypal,Canada,Toronto
4658,760,2021-01-28 17:52:34,paid,paypal,Netherlands,Berlin
4659,757,2024-09-16 12:31:55,shipped,google_pay,Netherlands,Chicago
4660,1885,2022-10-20 05:33:07,shipped,credit_card,Spain,Chicago
4661,1886,2023-12-31 20:58:27,paid,bank_transfer,Spain,Amsterdam
4662,143,2023-01-11 18:25:45,shipped,bank_transfer,United States,Toronto
4663,416,2023-11-06 06:58:58,shipped,paypal,Spain,Amsterdam
4664,1653,2023-06-22 05:11:19,shipped,google_pay,Netherlands,Vancouver
4665,1345,2023-04-08 08:56:26,refunded,paypal,Canada,Berlin
4666,1902,2020-06-20 17:34:32,cancelled,paypal,India,Vancouver
4667,722,2022-06-04 12:56:05,shipped,paypal,United States,Mumbai
4668,1931,2023-02-09 11:49:06,paid,apple_pay,Spain,Berlin
4669,477,2022-12-09 09:20:26,shipped,apple_pay,Canada,Rome
4670,1548,2021-12-23 09:48:11,paid,credit_card,Canada,Los Angeles
4671,500,2021-01-26 15:32:47,paid,bank_transfer,Australia,Madrid
4672,1053,2024-11-26 19:49:20,cancelled,paypal,Netherlands,New York
4673,139,2020-02-29 07:09:56,shipped,bank_transfer,United Kingdom,London
4674,573,2020-08-05 19:56:53,shipped,bank_transfer,India,Toronto
4675,1783,2023-06-24 10:28:29,paid,apple_pay,Germany,Paris
4676,1026,2024-02-17 01:58:39,refunded,google_pay,United States,Madrid
4677,553,2023-01-27 12:18:40,paid,paypal,India,Los Angeles
4678,652,2022-08-24 23:12:07,paid,credit_card,Australia,Berlin
4679,151,2023-06-09 20:43:22,paid,bank_transfer,Germany,Paris
4680,931,2024-06-23 07:32:47,paid,bank_transfer,France,New York
4681,1696,2023-08-07 23:43:16,shipped,google_pay,Italy,Sydney
4682,1697,2023-10-03 12:58:13,pending,google_pay,United States,Toronto
4683,83,2020-03-02 11:19:34,shipped,google_pay,United States,Melbourne
4684,1944,2020-03-28 06:44:44,pending,apple_pay,Spain,Rome
4685,905,2021-05-05 22:50:21,pending,bank_transfer,United Kingdom,Sydney
4686,1072,2021-10-24 07:14:39,paid,bank_transfer,Germany,Vancouver
4687,278,2022-01-05 06:38:57,paid,bank_transfer,Netherlands,Vancouver
4688,248,2023-07-28 11:30:49,shipped,bank_transfer,Italy,Melbourne
4689,1174,2021-05-18 01:38:02,refunded,credit_card,Netherlands,Melbourne
4690,106,2023-10-19 23:12:00,paid,bank_transfer,Germany,Chicago
4691,681,2022-03-29 19:27:12,paid,paypal,Australia,Madrid
4692,1723,2020-10-01 02:12:09,cancelled,apple_pay,Canada,Paris
4693,399,2024-08-02 19:27:15,shipped,bank_transfer,Netherlands,Melbourne
4694,1902,2020-04-14 14:11:11,shipped,paypal,Italy,Amsterdam
4695,236,2020-09-14 23:06:32,cancelled,credit_card,Canada,New York
4696,1997,2023-04-05 14:18:50,shipped,paypal,France,Mumbai
4697,316,2021-07-18 23:13:55,paid,paypal,Germany,Madrid
4698,1476,2021-10-01 11:34:24,shipped,credit_card,Canada,Amsterdam
4699,1027,2024-11-28 01:31:40,shipped,credit_card,Italy,Toronto
4700,859,2020-07-22 12:27:33,shipped,apple_pay,France,Bangalore
4701,793,2020-04-10 15:21:10,cancelled,apple_pay,United Kingdom,Berlin
4702,1729,2024-07-23 20:34:59,cancelled,bank_transfer,Germany,Vancouver
4703,73,2024-04-16 10:38:36,pending,credit_card,Spain,Madrid
4704,1245,2023-01-31 21:48:41,paid,bank_transfer,Canada,Mumbai
4705,36,2020-03-31 01:54:58,cancelled,paypal,Australia,Rome
4706,1663,2021-06-23 22:03:06,shipped,bank_transfer,India,Mumbai
4707,253,2023-12-28 17:05:20,paid,paypal,Netherlands,Madrid
4708,1916,2024-05-02 21:52:02,cancelled,paypal,United States,Rome
4709,76,2024-12-31 04:00:51,paid,paypal,Italy,Chicago
4710,1668,2021-05-16 02:09:06,pending,apple_pay,Germany,London
4711,929,2022-01-14 20:14:24,pending,google_pay,Australia,Paris
4712,719,2020-05-11 23:04:57,pending,apple_pay,Canada,Paris
4713,926,2023-04-08 07:35:03,pending,apple_pay,Canada,Mumbai
4714,445,2022-07-22 13:51:45,paid,bank_transfer,Germany,Bangalore
4715,1304,2021-10-07 23:26:44,paid,google_pay,Germany,New York
4716,1608,2022-09-04 23:11:26,paid,credit_card,Canada,Mumbai
4717,1291,2021-06-15 15:22:00,pending,bank_transfer,India,New York
4718,380,2020-04-17 12:14:57,paid,google_pay,France,Bangalore
4719,356,2022-01-26 14:12:51,cancelled,paypal,Italy,Toronto
4720,80,2020-05-21 04:26:26,refunded,paypal,India,Los Angeles
4721,1059,2021-09-25 18:42:35,cancelled,paypal,India,Mumbai
4722,970,2022-06-02 06:51:22,pending,bank_transfer,India,Bangalore
4723,1568,2024-03-22 21:57:16,paid,google_pay,India,Melbourne
4724,1334,2024-07-25 17:23:17,pending,apple_pay,Netherlands,Paris
4725,254,2020-01-27 11:44:45,shipped,bank_transfer,United Kingdom,Mumbai
4726,234,2020-02-04 06:41:06,paid,google_pay,Canada,London
4727,834,2022-03-01 09:15:19,pending,bank_transfer,United Kingdom,Paris
4728,1548,2020-05-23 12:54:48,shipped,apple_pay,United Kingdom,Bangalore
4729,705,2021-06-23 20:45:42,paid,bank_transfer,Canada,London
4730,793,2020-01-18 03:37:00,cancelled,bank_transfer,India,Bangalore
4731,82,2024-02-10 12:19:46,paid,google_pay,Canada,Toronto
4732,1823,2020-08-10 22:21:40,paid,apple_pay,France,Madrid
4733,1096,2024-08-23 19:15:49,shipped,google_pay,France,Amsterdam
4734,1262,2024-02-14 11:35:36,cancelled,apple_pay,Australia,Los Angeles
4735,24,2022-06-23 20:37:45,shipped,apple_pay,France,Paris
4736,142,2020-01-01 10:23:59,shipped,paypal,Italy,Los Angeles
4737,909,2020-06-24 23:21:56,shipped,apple_pay,Italy,Madrid
4738,563,2021-06-15 21:35:39,paid,bank_transfer,France,Vancouver
4739,448,2023-07-01 16:51:04,cancelled,bank_transfer,Netherlands,Toronto
4740,1036,2020-01-12 06:47:21,shipped,bank_transfer,Germany,Madrid
4741,1980,2020-07-25 00:01:34,paid,paypal,Germany,Melbourne
4742,103,2021-03-18 13:27:36,shipped,credit_card,Canada,Mumbai
4743,143,2023-04-01 02:29:29,paid,bank_transfer,France,Paris
4744,260,2024-01-09 20:05:29,pending,apple_pay,France,Bangalore
4745,478,2023-02-05 18:40:48,shipped,apple_pay,United Kingdom,London
4746,864,2023-04-04 04:26:06,shipped,apple_pay,United Kingdom,Melbourne
4747,1323,2020-12-15 07:47:28,shipped,apple_pay,Italy,Rome
4748,1004,2022-11-21 08:45:58,shipped,google_pay,Australia,Amsterdam
4749,636,2020-09-06 06:44:05,paid,bank_transfer,India,Melbourne
4750,1822,2020-11-20 10:11:09,paid,apple_pay,France,Amsterdam
4751,921,2023-07-19 16:31:16,shipped,apple_pay,Italy,Toronto
4752,156,2023-07-20 14:04:49,cancelled,credit_card,Australia,London
4753,541,2022-12-16 12:38:38,refunded,bank_transfer,Germany,Melbourne
4754,267,2020-05-05 23:31:31,shipped,credit_card,Canada,London
4755,1885,2023-03-01 06:00:26,shipped,apple_pay,India,Mumbai
4756,368,2021-12-21 17:15:15,paid,bank_transfer,Spain,Toronto
4757,1219,2023-04-08 01:56:30,paid,bank_transfer,Germany,London
4758,805,2021-11-03 17:51:50,pending,google_pay,Canada,Chicago
4759,147,2020-05-20 00:22:40,cancelled,apple_pay,Italy,Amsterdam
4760,1159,2021-12-29 16:03:42,refunded,bank_transfer,Italy,Rome
4761,142,2022-02-16 03:59:59,paid,google_pay,United States,Vancouver
4762,937,2024-09-29 01:42:10,shipped,credit_card,Spain,Melbourne
4763,1134,2022-03-27 16:22:34,paid,google_pay,Netherlands,Bangalore
4764,1049,2022-10-29 11:09:05,shipped,paypal,Canada,Melbourne
4765,1065,2022-10-19 11:48:14,shipped,bank_transfer,India,New York
4766,520,2022-06-29 20:47:39,shipped,paypal,India,New York
4767,918,2024-05-22 07:22:10,paid,credit_card,Canada,Chicago
4768,1082,2022-02-16 09:37:29,pending,apple_pay,France,Amsterdam
4769,985,2022-04-24 11:19:10,paid,credit_card,Spain,London
4770,1722,2021-04-13 20:57:04,paid,paypal,Germany,Rome
4771,1731,2022-09-29 02:38:39,paid,paypal,Spain,Amsterdam
4772,499,2022-02-21 01:41:15,pending,apple_pay,Canada,Melbourne
4773,1161,2022-04-29 09:13:28,shipped,credit_card,Germany,Rome
4774,439,2023-08-06 08:35:49,refunded,bank_transfer,Canada,Rome
4775,1540,2020-04-13 00:04:19,paid,google_pay,Germany,Mumbai
4776,633,2021-04-08 06:56:32,shipped,credit_card,Italy,Sydney
4777,1494,2023-07-26 18:09:40,pending,paypal,India,Chicago
4778,1862,2021-03-06 05:28:15,shipped,google_pay,United States,Berlin
4779,1709,2020-06-06 01:06:38,paid,bank_transfer,France,Mumbai
4780,1278,2021-01-19 23:19:36,paid,credit_card,United States,Paris
4781,173,2022-06-02 08:41:42,pending,google_pay,India,Amsterdam
4782,1219,2022-09-27 05:50:03,shipped,bank_transfer,India,Sydney
4783,1915,2023-05-05 08:44:23,cancelled,bank_transfer,Australia,Bangalore
4784,1847,2024-04-11 18:38:46,pending,bank_transfer,Netherlands,Los Angeles
4785,1434,2024-12-14 15:56:05,shipped,credit_card,Canada,Melbourne
4786,414,2023-10-01 15:20:36,pending,google_pay,Germany,New York
4787,1372,2021-12-01 09:24:36,shipped,paypal,Germany,Mumbai
4788,1371,2023-08-17 17:56:00,paid,credit_card,United Kingdom,Madrid
4789,740,2022-04-20 03:26:44,cancelled,apple_pay,Germany,Los Angeles
4790,850,2024-02-24 11:02:27,shipped,apple_pay,France,Los Angeles
4791,743,2024-04-14 12:48:36,shipped,bank_transfer,India,New York
4792,794,2022-09-27 21:38:40,pending,bank_transfer,Spain,Toronto
4793,1322,2023-08-24 18:51:16,shipped,google_pay,Netherlands,Los Angeles
4794,57,2023-06-10 23:05:49,cancelled,paypal,Canada,London
4795,161,2021-08-22 10:42:09,paid,google_pay,India,New York
4796,1117,2024-04-30 02:22:50,paid,google_pay,Canada,Bangalore
4797,44,2023-04-17 13:34:52,shipped,paypal,Netherlands,Mumbai
4798,701,2023-10-17 19:53:55,shipped,bank_transfer,United Kingdom,Chicago
4799,687,2023-08-02 00:39:58,cancelled,google_pay,Netherlands,New York
4800,1645,2021-02-03 09:27:19,paid,apple_pay,Italy,Paris
4801,1353,2021-08-18 06:32:39,paid,apple_pay,Australia,Rome
4802,738,2021-12-14 17:20:16,refunded,google_pay,Italy,Toronto
4803,1108,2020-08-31 04:05:43,shipped,apple_pay,Germany,Mumbai
4804,246,2021-11-28 15:23:03,pending,paypal,Germany,Bangalore
4805,809,2020-02-22 15:05:35,paid,bank_transfer,United States,New York
4806,1003,2023-07-22 04:29:08,pending,credit_card,Canada,Chicago
4807,1790,2022-09-04 07:07:48,refunded,credit_card,United States,New York
4808,1626,2020-02-26 13:26:14,pending,credit_card,India,Amsterdam
4809,429,2023-06-03 07:58:38,paid,paypal,Canada,Madrid
4810,111,2020-01-15 14:32:17,shipped,credit_card,Netherlands,Amsterdam
4811,89,2023-05-09 09:30:00,paid,bank_transfer,Germany,Rome
4812,11,2024-06-27 01:44:41,shipped,credit_card,Canada,Melbourne
4813,1617,2022-03-01 05:48:58,paid,bank_transfer,Netherlands,Los Angeles
4814,1473,2020-06-07 00:52:34,cancelled,credit_card,United Kingdom,Rome
4815,121,2021-08-21 05:44:39,paid,bank_transfer,Australia,Vancouver
4816,1488,2023-05-07 11:22:41,shipped,paypal,Canada,Amsterdam
4817,1003,2022-12-28 15:50:03,cancelled,apple_pay,Canada,Mumbai
4818,451,2020-08-12 01:20:51,paid,bank_transfer,Netherlands,Los Angeles
4819,1804,2023-06-12 10:31:32,paid,credit_card,Netherlands,Toronto
4820,967,2020-01-23 00:28:45,paid,bank_transfer,Netherlands,Berlin
4821,1871,2024-11-21 14:51:00,pending,credit_card,Netherlands,London
4822,1842,2021-10-16 17:02:06,shipped,paypal,Spain,London
4823,767,2022-11-10 15:36:19,refunded,credit_card,Spain,New York
4824,1979,2023-01-04 17:52:16,shipped,bank_transfer,India,Rome
4825,1792,2024-01-14 09:26:21,paid,apple_pay,Netherlands,Melbourne
4826,1608,2021-04-22 05:52:30,paid,google_pay,India,Sydney
4827,203,2025-01-01 12:29:37,paid,google_pay,Germany,Bangalore
4828,1042,2020-04-06 21:10:24,paid,paypal,Australia,London
4829,7,2022-10-24 08:23:28,shipped,apple_pay,United States,Vancouver
4830,1239,2023-02-21 09:52:00,shipped,paypal,Italy,Chicago
4831,888,2023-11-01 03:07:59,pending,apple_pay,France,Chicago
4832,309,2024-04-13 20:57:05,paid,credit_card,India,Sydney
4833,421,2023-03-30 17:06:16,shipped,bank_transfer,United Kingdom,New York
4834,576,2024-01-16 15:47:53,paid,credit_card,Italy,Paris
4835,1131,2021-11-18 01:05:55,shipped,google_pay,India,Madrid
4836,804,2022-07-12 15:03:58,paid,credit_card,Spain,Madrid
4837,725,2024-06-11 20:44:33,cancelled,credit_card,Australia,London
4838,1117,2021-03-02 04:27:34,paid,apple_pay,Netherlands,Los Angeles
4839,1639,2020-01-24 00:36:33,paid,google_pay,France,Los Angeles
4840,1661,2024-08-16 03:41:40,pending,apple_pay,France,New York
4841,1157,2022-09-07 08:15:20,paid,google_pay,Germany,London
4842,131,2024-10-26 02:04:53,paid,apple_pay,France,New York
4843,129,2022-02-21 02:03:19,paid,paypal,India,Paris
4844,269,2021-12-25 06:17:02,paid,apple_pay,United States,Paris
4845,1107,2023-12-23 02:33:39,shipped,paypal,United States,Vancouver
4846,548,2023-05-12 00:25:59,paid,google_pay,France,Chicago
4847,262,2023-11-01 01:35:47,paid,apple_pay,Spain,Vancouver
4848,1899,2023-03-11 19:47:16,shipped,credit_card,Netherlands,Sydney
4849,1476,2020-04-17 16:06:13,cancelled,google_pay,United States,Sydney
4850,1262,2022-11-25 13:28:08,shipped,google_pay,Spain,Rome
4851,1080,2020-10-21 01:28:57,paid,apple_pay,Australia,Bangalore
4852,1162,2022-11-28 16:01:41,shipped,paypal,Italy,Sydney
4853,1436,2023-01-15 20:40:32,shipped,apple_pay,Australia,Sydney
4854,1777,2021-03-24 06:47:10,paid,google_pay,Netherlands,Chicago
4855,435,2022-11-29 17:14:51,paid,paypal,France,Toronto
4856,280,2023-12-24 04:12:21,paid,credit_card,United Kingdom,Los Angeles
4857,219,2020-02-22 07:42:05,pending,apple_pay,Italy,Melbourne
4858,51,2022-11-12 19:45:12,paid,google_pay,India,Berlin
4859,676,2024-02-19 18:13:26,paid,bank_transfer,France,Los Angeles
4860,147,2021-08-30 05:05:34,paid,paypal,India,Vancouver
4861,1077,2024-04-07 07:44:27,paid,apple_pay,United States,Mumbai
4862,1348,2021-10-29 04:33:48,shipped,credit_card,Germany,Los Angeles
4863,144,2021-07-04 19:18:25,shipped,paypal,United States,Los Angeles
4864,1389,2022-06-09 11:57:12,refunded,bank_transfer,United Kingdom,Vancouver
4865,1825,2024-03-22 06:04:30,paid,apple_pay,India,Berlin
4866,1900,2020-01-02 19:22:44,pending,bank_transfer,Australia,Paris
4867,302,2020-05-12 04:04:58,paid,apple_pay,France,Paris
4868,740,2020-03-15 04:31:53,refunded,paypal,Germany,Vancouver
4869,1882,2024-05-27 08:23:51,refunded,apple_pay,United Kingdom,Sydney
4870,416,2022-12-22 06:29:52,paid,google_pay,France,Mumbai
4871,493,2021-02-08 22:00:21,shipped,google_pay,India,Toronto
4872,716,2024-03-23 00:46:20,shipped,credit_card,Italy,Amsterdam
4873,61,2023-07-04 21:29:46,shipped,apple_pay,Canada,Sydney
4874,1406,2020-01-18 10:22:01,paid,credit_card,France,Sydney
4875,1916,2024-02-28 04:12:33,cancelled,apple_pay,Netherlands,Berlin
4876,1768,2022-12-10 20:45:17,shipped,apple_pay,United Kingdom,Sydney
4877,1188,2022-08-14 22:37:16,shipped,bank_transfer,India,Chicago
4878,540,2022-07-15 18:32:24,paid,apple_pay,France,Chicago
4879,1850,2024-08-25 02:30:07,paid,apple_pay,Canada,Vancouver
4880,1832,2020-07-08 21:10:51,shipped,paypal,Australia,Melbourne
4881,1239,2023-01-10 04:15:06,paid,google_pay,Italy,Rome
4882,891,2023-02-21 03:48:04,paid,paypal,India,Vancouver
4883,234,2023-10-05 14:44:59,shipped,apple_pay,France,Chicago
4884,1905,2021-09-04 17:56:08,paid,credit_card,Canada,Bangalore
4885,55,2024-07-28 04:37:44,paid,google_pay,Netherlands,Mumbai
4886,673,2020-02-06 02:55:35,pending,credit_card,Canada,Toronto
4887,1258,2023-05-15 15:53:35,pending,bank_transfer,Germany,Berlin
4888,1327,2020-02-12 05:59:31,paid,credit_card,France,Melbourne
4889,765,2023-02-23 17:11:03,shipped,paypal,Australia,Paris
4890,667,2023-11-05 13:36:15,shipped,credit_card,United Kingdom,Amsterdam
4891,642,2023-02-05 07:36:09,pending,apple_pay,Germany,Sydney
4892,273,2020-10-02 09:35:46,shipped,bank_transfer,Germany,Melbourne
4893,1025,2020-01-05 20:58:21,paid,apple_pay,United States,Melbourne
4894,73,2023-01-22 17:28:37,paid,credit_card,France,Vancouver
4895,478,2023-03-13 01:30:17,shipped,google_pay,Australia,London
4896,1968,2020-01-12 18:09:24,pending,credit_card,United Kingdom,Sydney
4897,722,2020-12-27 11:09:46,refunded,google_pay,Australia,Rome
4898,1007,2021-01-06 22:30:12,paid,google_pay,United Kingdom,Chicago
4899,118,2023-05-25 04:44:24,paid,credit_card,Germany,Rome
4900,1623,2021-10-19 23:02:19,paid,paypal,India,Melbourne
4901,69,2021-11-27 16:05:40,paid,paypal,Italy,Madrid
4902,277,2021-06-11 00:33:50,paid,credit_card,Australia,Sydney
4903,1011,2022-12-12 21:57:45,paid,paypal,France,Madrid
4904,1836,2023-08-02 17:30:55,shipped,google_pay,India,Vancouver
4905,1213,2024-03-22 03:01:44,paid,paypal,United Kingdom,Berlin
4906,1436,2021-11-29 08:25:46,refunded,bank_transfer,Spain,Chicago
4907,1708,2021-07-06 22:09:35,paid,paypal,United Kingdom,Rome
4908,846,2021-03-18 03:59:02,paid,bank_transfer,India,Los Angeles
4909,146,2024-02-13 11:52:10,paid,apple_pay,Germany,Toronto
4910,474,2023-08-24 01:19:44,refunded,google_pay,Netherlands,Mumbai
4911,649,2023-03-03 22:04:57,paid,google_pay,Australia,Chicago
4912,492,2022-08-01 15:38:42,shipped,google_pay,Italy,New York
4913,1455,2021-02-07 00:53:23,shipped,bank_transfer,United Kingdom,Amsterdam
4914,1462,2022-11-30 16:45:14,paid,bank_transfer,Germany,Bangalore
4915,305,2023-09-26 14:20:24,shipped,credit_card,Australia,Melbourne
4916,259,2023-07-09 12:40:49,paid,bank_transfer,Australia,Paris
4917,1167,2023-12-06 02:25:45,pending,google_pay,Netherlands,Melbourne
4918,656,2023-12-03 03:00:52,shipped,google_pay,France,New York
4919,1997,2023-02-25 09:17:09,shipped,credit_card,Spain,Los Angeles
4920,767,2024-01-29 20:25:12,paid,apple_pay,Canada,Toronto
4921,604,2024-11-17 19:48:23,paid,google_pay,Spain,Chicago
4922,1615,2021-12-14 01:12:42,paid,bank_transfer,Germany,Vancouver
4923,651,2023-03-27 21:39:47,paid,credit_card,Spain,London
4924,1725,2020-02-09 23:58:52,pending,apple_pay,Canada,Madrid
4925,1165,2023-06-29 14:45:36,shipped,bank_transfer,France,Bangalore
4926,1663,2021-03-30 15:22:45,shipped,google_pay,France,Paris
4927,1392,2024-09-26 05:19:20,shipped,google_pay,Italy,Bangalore
4928,367,2023-06-13 12:03:32,shipped,google_pay,United Kingdom,Rome
4929,1555,2021-02-11 00:05:19,paid,google_pay,Australia,Los Angeles
4930,1807,2023-11-23 00:34:06,paid,google_pay,Germany,London
4931,30,2023-09-01 06:12:12,paid,google_pay,Italy,Berlin
4932,1681,2024-10-13 16:23:35,refunded,apple_pay,Germany,New York
4933,612,2024-03-01 22:15:36,pending,bank_transfer,India,Vancouver
4934,482,2024-12-06 22:54:27,paid,apple_pay,India,Paris
4935,1542,2022-01-24 18:54:33,refunded,bank_transfer,Australia,Madrid
4936,1271,2022-09-14 06:29:32,pending,bank_transfer,India,Rome
4937,628,2021-10-06 01:02:02,paid,google_pay,United Kingdom,Berlin
4938,321,2020-03-30 15:57:53,refunded,bank_transfer,Italy,Vancouver
4939,577,2022-02-14 02:14:16,shipped,bank_transfer,Germany,London
4940,1087,2023-09-26 16:26:24,paid,bank_transfer,France,Paris
4941,855,2024-08-31 15:04:09,shipped,credit_card,Netherlands,Toronto
4942,1953,2024-11-12 11:28:51,refunded,google_pay,France,Los Angeles
4943,793,2021-09-08 04:07:18,paid,paypal,Spain,Melbourne
4944,1258,2022-02-22 13:12:10,shipped,bank_transfer,United Kingdom,Los Angeles
4945,1741,2021-10-15 03:05:30,shipped,apple_pay,Germany,Bangalore
4946,951,2021-11-25 19:24:34,shipped,credit_card,Germany,Vancouver
4947,709,2024-05-27 22:27:59,shipped,bank_transfer,Netherlands,Mumbai
4948,1265,2022-07-02 02:56:52,paid,credit_card,France,Madrid
4949,127,2021-11-23 04:56:15,shipped,apple_pay,Australia,Paris
4950,1604,2020-05-08 21:09:05,shipped,bank_transfer,Netherlands,Melbourne
4951,765,2021-09-04 19:13:41,paid,apple_pay,United Kingdom,Chicago
4952,1912,2023-11-04 23:41:27,paid,paypal,India,Madrid
4953,468,2023-11-30 16:46:04,paid,credit_card,Spain,Madrid
4954,1640,2020-08-23 16:32:28,paid,bank_transfer,Canada,Mumbai
4955,733,2024-09-23 04:15:17,shipped,bank_transfer,Italy,Berlin
4956,1237,2022-02-13 05:55:20,pending,credit_card,Spain,Rome
4957,452,2022-07-10 19:42:09,shipped,google_pay,Netherlands,New York
4958,1284,2020-03-09 14:02:45,shipped,paypal,United Kingdom,Madrid
4959,6,2023-12-07 00:59:07,shipped,apple_pay,Germany,Bangalore
4960,1221,2024-12-28 19:00:23,cancelled,bank_transfer,Germany,Bangalore
4961,320,2024-09-05 02:34:54,shipped,bank_transfer,Australia,Vancouver
4962,1943,2022-05-09 04:16:18,paid,google_pay,India,New York
4963,854,2020-07-29 11:18:49,paid,google_pay,United Kingdom,Los Angeles
4964,1396,2024-11-03 05:41:52,cancelled,bank_transfer,United Kingdom,Rome
4965,833,2021-05-08 17:32:10,refunded,bank_transfer,Canada,Bangalore
4966,1986,2024-05-10 14:44:55,paid,apple_pay,Australia,Chicago
4967,34,2023-07-19 09:07:34,refunded,bank_transfer,Netherlands,New York
4968,1841,2023-09-21 11:29:44,paid,credit_card,Canada,Toronto
4969,1123,2023-03-07 00:15:12,shipped,paypal,Canada,Vancouver
4970,1019,2024-08-31 12:19:22,pending,paypal,France,Madrid
4971,506,2021-12-01 11:10:19,paid,bank_transfer,Canada,Vancouver
4972,1971,2023-04-20 18:37:16,paid,apple_pay,United Kingdom,Berlin
4973,1481,2023-05-26 14:08:17,shipped,apple_pay,India,London
4974,1506,2021-03-22 02:24:56,paid,bank_transfer,Germany,Berlin
4975,996,2023-07-15 08:34:47,refunded,apple_pay,Australia,Sydney
4976,1755,2020-02-11 08:05:30,paid,apple_pay,Canada,Chicago
4977,977,2023-04-27 04:44:20,paid,bank_transfer,Italy,Mumbai
4978,165,2022-09-03 03:20:58,shipped,paypal,Germany,Bangalore
4979,1131,2023-03-01 14:55:53,shipped,bank_transfer,Canada,Toronto
4980,461,2023-10-20 05:19:08,paid,apple_pay,United Kingdom,Toronto
4981,443,2020-02-24 00:00:13,paid,paypal,Australia,New York
4982,1657,2023-08-11 20:58:48,paid,apple_pay,United States,Sydney
4983,1608,2024-07-11 19:55:51,paid,paypal,Italy,Los Angeles
4984,597,2021-10-07 08:05:24,pending,apple_pay,France,Chicago
4985,1668,2023-06-11 03:58:12,shipped,paypal,Canada,Vancouver
4986,568,2020-09-27 16:10:38,paid,credit_card,India,New York
4987,1106,2021-06-20 14:02:17,pending,paypal,Australia,Melbourne
4988,739,2020-09-28 01:21:40,paid,bank_transfer,India,Los Angeles
4989,1099,2024-01-14 06:47:55,paid,paypal,India,Amsterdam
4990,1630,2023-09-27 05:18:27,shipped,apple_pay,United Kingdom,Toronto
4991,1443,2024-03-09 22:09:04,paid,paypal,Italy,London
4992,1427,2020-06-30 23:07:44,shipped,bank_transfer,Netherlands,Melbourne
4993,1698,2022-09-30 03:38:57,shipped,bank_transfer,Australia,Rome
4994,1241,2021-09-06 09:17:10,paid,apple_pay,Germany,Toronto
4995,1290,2021-08-29 09:46:08,shipped,paypal,India,Rome
4996,1594,2021-04-06 21:02:56,shipped,apple_pay,India,Los Angeles
4997,1584,2023-05-29 11:25:21,shipped,paypal,Germany,Vancouver
4998,1719,2022-01-09 01:59:05,paid,bank_transfer,Canada,Amsterdam
4999,415,2020-07-12 17:46:04,paid,paypal,Canada,Madrid
5000,1625,2021-05-04 20:41:18,paid,credit_card,France,Chicago
5001,1963,2024-02-23 09:33:31,refunded,credit_card,Germany,Amsterdam
5002,98,2024-08-17 10:12:22,paid,credit_card,Netherlands,Rome
5003,1401,2024-06-17 18:53:37,paid,credit_card,Spain,Vancouver
5004,1791,2020-12-22 13:49:04,pending,paypal,Canada,London
5005,1410,2022-06-06 11:03:06,pending,google_pay,Canada,Vancouver
5006,239,2020-10-07 14:03:08,cancelled,credit_card,France,Paris
5007,1536,2021-01-09 12:34:34,paid,bank_transfer,United States,Los Angeles
5008,106,2020-04-20 23:50:11,paid,credit_card,United Kingdom,London
5009,826,2024-06-16 06:06:17,paid,apple_pay,India,Melbourne
5010,1845,2024-07-01 20:22:29,shipped,credit_card,Germany,Madrid
5011,634,2022-01-22 17:00:21,pending,apple_pay,Canada,Rome
5012,483,2023-12-25 22:22:33,pending,credit_card,Germany,Melbourne
5013,336,2023-01-05 00:27:25,shipped,apple_pay,Australia,Melbourne
5014,870,2022-01-24 01:13:35,shipped,credit_card,Germany,Melbourne
5015,1013,2023-11-03 09:50:29,shipped,paypal,United Kingdom,Berlin
5016,505,2023-07-07 19:29:00,paid,google_pay,United Kingdom,Paris
5017,1433,2024-10-15 03:53:57,pending,bank_transfer,Netherlands,Chicago
5018,1044,2021-03-30 01:11:01,shipped,paypal,United States,Amsterdam
5019,863,2020-10-25 19:52:07,paid,credit_card,Spain,Paris
5020,1848,2023-09-21 12:54:30,cancelled,credit_card,Canada,Toronto
5021,158,2020-02-03 16:40:11,shipped,credit_card,Spain,Toronto
5022,641,2021-07-03 07:32:12,paid,credit_card,Netherlands,Amsterdam
5023,48,2020-02-04 22:35:24,paid,bank_transfer,United States,Rome
5024,974,2023-12-07 15:20:56,paid,credit_card,France,New York
5025,1726,2021-05-11 03:36:19,shipped,google_pay,France,Chicago
5026,610,2021-04-14 17:10:52,shipped,apple_pay,Germany,Mumbai
5027,1657,2021-05-21 18:51:25,pending,apple_pay,Germany,Berlin
5028,513,2020-03-30 07:07:00,paid,credit_card,United Kingdom,Melbourne
5029,1903,2024-06-26 08:17:14,paid,paypal,Germany,Bangalore
5030,566,2024-04-28 17:38:41,paid,bank_transfer,Netherlands,Los Angeles
5031,251,2024-05-22 20:49:47,pending,paypal,United Kingdom,Los Angeles
5032,23,2023-02-15 09:12:02,paid,apple_pay,Spain,Melbourne
5033,1980,2020-10-06 14:30:31,pending,credit_card,Italy,Mumbai
5034,1743,2023-12-09 23:53:00,pending,credit_card,United Kingdom,Bangalore
5035,1106,2024-10-05 08:31:06,paid,paypal,United States,Paris
5036,788,2023-09-29 20:47:18,paid,bank_transfer,Canada,Paris
5037,1576,2024-06-06 06:00:59,shipped,bank_transfer,India,Amsterdam
5038,1054,2020-04-06 18:44:03,pending,paypal,France,Bangalore
5039,1770,2023-05-30 19:35:35,cancelled,bank_transfer,Italy,Amsterdam
5040,1419,2022-11-22 19:57:53,paid,bank_transfer,Netherlands,Chicago
5041,261,2024-06-21 13:37:22,refunded,credit_card,United States,Los Angeles
5042,1751,2021-11-23 02:24:28,shipped,apple_pay,Italy,Vancouver
5043,740,2022-01-03 01:51:54,shipped,apple_pay,Germany,Chicago
5044,797,2022-10-21 15:21:56,paid,apple_pay,India,London
5045,828,2020-09-26 06:08:12,shipped,bank_transfer,France,Melbourne
5046,1820,2022-01-16 21:50:35,paid,google_pay,Netherlands,London
5047,1278,2024-06-07 15:54:24,paid,bank_transfer,United States,Vancouver
5048,1489,2023-01-06 08:17:26,paid,google_pay,Australia,Paris
5049,1989,2020-03-31 13:33:44,refunded,google_pay,United States,Melbourne
5050,1411,2023-08-11 12:48:32,refunded,bank_transfer,Spain,New York
5051,1427,2023-08-02 17:32:52,refunded,credit_card,Australia,Berlin
5052,49,2022-06-17 04:55:30,paid,paypal,United Kingdom,London
5053,341,2023-06-15 02:15:15,paid,credit_card,Italy,Sydney
5054,1862,2024-10-06 13:14:51,shipped,google_pay,Spain,Bangalore
5055,1957,2020-03-16 19:02:17,paid,paypal,France,Berlin
5056,1030,2024-04-27 23:37:45,shipped,apple_pay,Spain,Mumbai
5057,67,2024-07-15 10:27:07,paid,credit_card,India,Berlin
5058,956,2022-03-31 03:45:54,cancelled,bank_transfer,Canada,Rome
5059,1555,2020-03-06 15:13:45,paid,paypal,Canada,London
5060,300,2021-12-29 04:53:44,cancelled,credit_card,United States,London
5061,577,2023-06-11 14:33:03,paid,google_pay,Spain,New York
5062,988,2022-05-21 10:48:45,pending,paypal,India,Los Angeles
5063,1376,2022-07-25 13:42:25,paid,credit_card,Germany,Paris
5064,1673,2024-11-08 11:28:59,paid,paypal,France,New York
5065,1059,2023-01-18 12:42:08,paid,apple_pay,United States,Sydney
5066,623,2021-09-04 13:20:11,paid,apple_pay,Germany,Chicago
5067,890,2024-05-02 10:13:07,paid,credit_card,Spain,New York
5068,1934,2022-04-21 01:00:55,pending,google_pay,Canada,Melbourne
5069,1382,2024-09-17 00:23:35,pending,google_pay,Canada,Toronto
5070,1179,2024-06-21 04:42:31,paid,apple_pay,Canada,Berlin
5071,1663,2021-07-26 15:29:51,cancelled,bank_transfer,United Kingdom,Mumbai
5072,940,2022-09-14 08:49:28,cancelled,google_pay,France,Rome
5073,1157,2023-09-29 01:38:59,paid,paypal,Canada,Sydney
5074,128,2024-09-27 22:35:11,paid,apple_pay,France,Bangalore
5075,1498,2024-08-09 15:35:31,refunded,bank_transfer,India,Madrid
5076,1673,2020-01-23 13:44:07,shipped,credit_card,Australia,Rome
5077,1332,2021-09-28 05:33:17,paid,bank_transfer,Australia,Paris
5078,662,2020-06-30 09:54:50,shipped,google_pay,Germany,Vancouver
5079,483,2020-03-14 08:34:18,paid,bank_transfer,Netherlands,Paris
5080,1775,2022-04-18 07:43:25,paid,paypal,Australia,Los Angeles
5081,1927,2023-04-01 10:48:54,shipped,apple_pay,Canada,Chicago
5082,541,2021-12-21 20:53:20,cancelled,apple_pay,Netherlands,Amsterdam
5083,1827,2020-07-28 13:32:18,shipped,apple_pay,India,Melbourne
5084,41,2022-09-17 16:44:59,paid,google_pay,United States,Bangalore
5085,210,2024-01-29 21:52:19,shipped,credit_card,Netherlands,Amsterdam
5086,442,2022-02-05 03:39:29,paid,google_pay,Canada,New York
5087,1093,2021-03-30 18:24:15,paid,bank_transfer,Germany,London
5088,273,2020-09-11 20:22:44,shipped,credit_card,Netherlands,London
5089,1615,2020-11-10 14:16:12,paid,apple_pay,Germany,New York
5090,1096,2023-06-08 20:14:52,shipped,paypal,Germany,Berlin
5091,1226,2021-02-13 08:19:19,paid,google_pay,Italy,Madrid
5092,1091,2021-04-29 16:14:46,cancelled,google_pay,Germany,Melbourne
5093,444,2022-06-22 17:24:16,pending,paypal,Australia,Paris
5094,1644,2023-04-20 10:29:43,pending,credit_card,United Kingdom,Melbourne
5095,370,2024-08-04 12:22:06,paid,apple_pay,Australia,Madrid
5096,1570,2023-12-02 21:51:26,paid,paypal,Spain,Bangalore
5097,1087,2021-08-02 08:05:04,shipped,credit_card,Netherlands,Madrid
5098,607,2024-04-03 15:13:31,pending,credit_card,Netherlands,Rome
5099,1985,2023-12-24 12:46:44,cancelled,google_pay,Netherlands,Bangalore
5100,976,2024-02-19 22:14:26,shipped,google_pay,Australia,Los Angeles
5101,478,2021-12-08 09:09:20,cancelled,paypal,Germany,Paris
5102,1132,2024-02-05 00:05:20,paid,apple_pay,Germany,Mumbai
5103,702,2022-11-12 08:11:18,paid,paypal,Canada,Berlin
5104,53,2021-12-31 06:45:46,shipped,google_pay,Germany,Vancouver
5105,1360,2021-08-06 01:24:23,shipped,google_pay,United Kingdom,Madrid
5106,1426,2023-04-02 08:07:08,paid,google_pay,Canada,New York
5107,1397,2020-03-23 10:03:02,refunded,credit_card,Germany,Madrid
5108,1254,2020-06-09 09:01:13,pending,credit_card,United States,Sydney
5109,173,2023-01-01 06:44:09,paid,google_pay,Australia,Chicago
5110,225,2024-07-15 18:30:36,paid,google_pay,Germany,Paris
5111,498,2023-04-23 05:33:43,paid,apple_pay,Italy,Paris
5112,658,2022-12-13 17:59:53,cancelled,paypal,Netherlands,Mumbai
5113,276,2023-10-07 01:48:55,refunded,paypal,France,Sydney
5114,1528,2024-11-20 03:26:07,pending,paypal,Germany,Berlin
5115,413,2022-10-27 14:23:29,paid,bank_transfer,Netherlands,Sydney
5116,1147,2024-06-12 04:19:45,paid,paypal,Netherlands,London
5117,1597,2020-07-21 12:05:20,cancelled,bank_transfer,Netherlands,Chicago
5118,809,2024-03-19 14:42:50,cancelled,paypal,Germany,London
5119,1441,2021-04-17 02:36:18,shipped,apple_pay,United States,Melbourne
5120,1031,2021-11-22 07:53:42,refunded,paypal,Italy,Bangalore
5121,1298,2020-07-30 18:56:32,refunded,credit_card,Netherlands,Los Angeles
5122,932,2022-10-13 00:10:11,refunded,paypal,France,Toronto
5123,1342,2023-08-13 16:00:31,paid,credit_card,Spain,Chicago
5124,578,2020-01-10 09:28:54,shipped,credit_card,France,Madrid
5125,1568,2020-02-02 08:35:38,paid,paypal,Italy,Toronto
5126,1844,2023-11-06 23:29:35,paid,apple_pay,Italy,London
5127,389,2022-08-24 17:14:10,paid,credit_card,Germany,Amsterdam
5128,272,2021-04-16 21:42:53,shipped,credit_card,Netherlands,Bangalore
5129,1205,2021-03-06 11:51:12,shipped,credit_card,Netherlands,Sydney
5130,1030,2022-11-08 17:47:42,cancelled,credit_card,Canada,Madrid
5131,1566,2024-04-06 03:42:13,paid,bank_transfer,Italy,Vancouver
5132,1573,2020-12-29 07:37:04,paid,bank_transfer,Australia,Toronto
5133,1879,2022-08-13 20:06:50,cancelled,apple_pay,France,Rome
5134,260,2024-03-30 12:56:22,paid,paypal,Spain,Melbourne
5135,1820,2024-11-22 03:15:34,pending,credit_card,Italy,New York
5136,919,2020-08-10 01:53:22,cancelled,apple_pay,India,Bangalore
5137,1234,2021-05-28 18:08:42,shipped,bank_transfer,Spain,Amsterdam
5138,1034,2023-04-08 03:59:23,shipped,google_pay,Italy,New York
5139,1464,2022-04-09 05:04:08,refunded,apple_pay,United Kingdom,Sydney
5140,753,2024-05-31 09:19:30,paid,credit_card,Italy,Rome
5141,219,2022-03-23 10:26:19,paid,apple_pay,France,Bangalore
5142,1931,2024-01-04 08:17:17,cancelled,apple_pay,Germany,Madrid
5143,179,2022-05-24 18:43:18,paid,paypal,United States,Melbourne
5144,1482,2020-02-02 20:03:54,shipped,credit_card,France,Berlin
5145,25,2021-03-04 00:30:44,paid,credit_card,Netherlands,Paris
5146,821,2022-04-16 10:09:38,paid,google_pay,Australia,Toronto
5147,1163,2022-08-06 11:39:25,cancelled,paypal,Spain,Rome
5148,1954,2023-12-16 21:40:41,refunded,credit_card,Germany,Madrid
5149,1371,2022-10-15 23:52:36,paid,apple_pay,Australia,Sydney
5150,1803,2020-09-15 05:12:07,refunded,paypal,Germany,Bangalore
5151,530,2023-05-23 05:54:05,cancelled,paypal,Netherlands,Sydney
5152,101,2021-02-16 03:36:49,pending,paypal,United Kingdom,Vancouver
5153,1527,2022-01-05 03:03:34,paid,bank_transfer,France,Chicago
5154,1979,2024-08-17 05:26:58,shipped,credit_card,United States,Vancouver
5155,860,2022-05-23 16:36:36,cancelled,credit_card,United States,Sydney
5156,1267,2020-03-01 14:23:00,paid,google_pay,Italy,Vancouver
5157,731,2023-11-14 20:16:14,paid,credit_card,India,Bangalore
5158,1693,2020-03-11 14:28:44,pending,apple_pay,United States,Mumbai
5159,464,2024-07-29 05:26:21,cancelled,google_pay,Australia,Mumbai
5160,1668,2023-01-13 14:14:24,pending,bank_transfer,Australia,Los Angeles
5161,1014,2020-05-30 01:50:56,paid,google_pay,Germany,Bangalore
5162,1986,2022-09-06 03:36:01,shipped,google_pay,Spain,Chicago
5163,140,2023-12-16 20:50:44,shipped,paypal,United Kingdom,Rome
5164,115,2024-05-30 00:47:07,paid,bank_transfer,United States,Melbourne
5165,1292,2024-04-14 11:30:30,refunded,paypal,Netherlands,Toronto
5166,1564,2020-06-19 17:58:21,shipped,paypal,Italy,Melbourne
5167,979,2024-03-26 01:44:54,refunded,bank_transfer,Germany,New York
5168,1118,2023-06-26 23:40:04,paid,bank_transfer,United States,Chicago
5169,19,2021-04-01 09:43:22,refunded,paypal,Australia,London
5170,937,2021-09-08 09:59:43,paid,bank_transfer,Italy,Paris
5171,509,2022-07-13 04:52:48,paid,bank_transfer,Netherlands,New York
5172,1113,2021-07-17 20:10:30,cancelled,credit_card,France,Sydney
5173,1730,2020-07-27 11:17:59,shipped,paypal,Australia,Chicago
5174,1758,2024-07-08 10:24:42,pending,paypal,Australia,Los Angeles
5175,1912,2020-11-06 01:21:54,shipped,bank_transfer,India,London
5176,758,2023-02-25 15:30:57,shipped,credit_card,France,Chicago
5177,1719,2021-04-10 06:02:46,paid,google_pay,Spain,New York
5178,1131,2024-05-31 11:46:28,paid,apple_pay,Germany,Paris
5179,1430,2022-01-06 13:33:41,paid,paypal,India,Rome
5180,1029,2020-04-25 14:17:59,cancelled,apple_pay,Italy,Bangalore
5181,1384,2023-02-22 01:52:30,paid,paypal,France,Amsterdam
5182,1056,2022-11-17 00:33:02,refunded,credit_card,India,Mumbai
5183,823,2023-04-04 17:25:44,paid,bank_transfer,Netherlands,Berlin
5184,181,2024-08-27 16:34:20,shipped,google_pay,Spain,Mumbai
5185,1089,2021-01-31 11:19:50,refunded,credit_card,Canada,London
5186,1058,2023-09-04 10:53:12,pending,bank_transfer,United States,Los Angeles
5187,302,2022-03-22 02:39:18,cancelled,credit_card,France,Chicago
5188,1147,2023-05-03 16:46:20,shipped,bank_transfer,Italy,Amsterdam
5189,1095,2022-09-05 16:38:01,refunded,paypal,United Kingdom,Mumbai
5190,346,2024-04-16 12:43:30,paid,bank_transfer,Germany,Berlin
5191,497,2020-01-25 00:06:46,shipped,paypal,Canada,Los Angeles
5192,1295,2020-01-21 14:00:34,paid,bank_transfer,Canada,Berlin
5193,1069,2020-12-08 16:57:23,paid,google_pay,India,New York
5194,91,2020-07-28 10:19:07,shipped,paypal,United States,Sydney
5195,1694,2021-08-27 05:43:42,paid,bank_transfer,United Kingdom,Toronto
5196,47,2021-08-22 04:08:02,paid,credit_card,India,New York
5197,1972,2024-07-24 19:16:15,paid,paypal,India,Sydney
5198,1351,2023-06-25 09:48:03,shipped,apple_pay,Germany,Vancouver
5199,508,2022-05-25 22:46:29,pending,paypal,India,Rome
5200,230,2023-09-21 01:23:38,paid,credit_card,United Kingdom,Vancouver
5201,1258,2020-06-02 04:41:07,shipped,bank_transfer,Canada,Bangalore
5202,836,2020-07-10 04:55:58,shipped,bank_transfer,Germany,Rome
5203,809,2021-11-22 09:24:28,shipped,credit_card,Germany,Amsterdam
5204,186,2023-10-09 06:37:30,shipped,apple_pay,Australia,London
5205,676,2022-04-16 11:19:43,pending,bank_transfer,Spain,Rome
5206,239,2021-08-02 01:40:10,shipped,paypal,Spain,Bangalore
5207,800,2020-04-10 10:41:40,paid,credit_card,United States,Melbourne
5208,533,2022-07-10 04:29:13,paid,credit_card,Italy,Toronto
5209,1526,2021-12-29 18:57:39,refunded,paypal,France,Bangalore
5210,756,2022-10-07 06:21:11,shipped,credit_card,Italy,Toronto
5211,1271,2020-01-28 04:06:25,paid,google_pay,Australia,Toronto
5212,1147,2021-11-29 21:00:26,shipped,apple_pay,Netherlands,Toronto
5213,1796,2022-06-27 14:58:14,shipped,apple_pay,Netherlands,Chicago
5214,1860,2024-05-07 05:24:12,shipped,google_pay,Spain,Paris
5215,1027,2022-10-19 19:05:08,paid,apple_pay,Australia,Vancouver
5216,906,2020-01-27 06:09:15,shipped,bank_transfer,France,Vancouver
5217,115,2020-05-27 07:05:13,refunded,apple_pay,Australia,Toronto
5218,1229,2021-11-04 21:50:36,shipped,google_pay,Canada,London
5219,1427,2022-05-20 05:40:13,pending,google_pay,Spain,Chicago
5220,699,2020-03-05 23:21:09,paid,credit_card,Spain,Mumbai
5221,1580,2020-01-03 05:29:25,shipped,paypal,United States,Chicago
5222,533,2021-05-11 11:29:18,paid,paypal,Netherlands,Bangalore
5223,1449,2021-03-15 00:08:34,paid,credit_card,Australia,Los Angeles
5224,1497,2021-06-27 15:16:36,paid,paypal,Australia,New York
5225,1731,2021-07-02 13:25:27,pending,bank_transfer,Germany,Mumbai
5226,700,2020-09-04 08:25:54,paid,bank_transfer,Germany,Melbourne
5227,1433,2024-04-23 19:30:03,shipped,apple_pay,Germany,Madrid
5228,195,2024-12-18 01:04:57,paid,apple_pay,Italy,Vancouver
5229,271,2022-06-12 08:54:51,refunded,google_pay,India,Vancouver
5230,374,2020-02-06 01:46:56,cancelled,google_pay,Italy,Rome
5231,1341,2020-11-05 16:17:50,paid,paypal,Canada,Paris
5232,1093,2021-09-18 22:05:33,cancelled,apple_pay,France,Rome
5233,432,2023-09-20 23:37:01,pending,apple_pay,Netherlands,London
5234,1592,2023-11-12 23:00:19,paid,credit_card,Italy,Chicago
5235,1458,2022-10-16 05:32:47,shipped,credit_card,France,Chicago
5236,1861,2020-09-11 12:19:31,pending,paypal,Spain,New York
5237,1460,2021-08-10 07:05:25,paid,bank_transfer,United Kingdom,New York
5238,505,2023-12-08 10:03:16,paid,google_pay,Australia,Los Angeles
5239,419,2023-08-31 06:09:45,pending,paypal,Italy,Rome
5240,1063,2022-07-05 06:56:08,shipped,credit_card,United States,Berlin
5241,1708,2024-10-30 16:52:39,shipped,apple_pay,India,Rome
5242,1756,2021-07-18 13:08:40,paid,credit_card,France,Toronto
5243,1135,2024-02-29 06:50:38,pending,google_pay,Italy,Sydney
5244,995,2024-12-28 10:30:01,refunded,bank_transfer,United States,Melbourne
5245,108,2023-12-11 08:35:53,pending,credit_card,Spain,Chicago
5246,627,2024-01-07 18:45:33,shipped,apple_pay,Australia,Mumbai
5247,1911,2022-07-16 14:25:32,paid,apple_pay,India,Chicago
5248,1835,2020-09-28 00:23:42,paid,bank_transfer,Netherlands,Mumbai
5249,731,2023-08-13 18:01:46,cancelled,bank_transfer,Germany,New York
5250,750,2022-06-13 02:12:04,paid,google_pay,India,Berlin
5251,1329,2024-05-19 15:29:37,cancelled,google_pay,Italy,Mumbai
5252,1830,2024-06-24 15:50:32,shipped,bank_transfer,India,Sydney
5253,599,2021-07-28 00:55:48,pending,bank_transfer,India,Los Angeles
5254,691,2021-09-10 01:46:02,paid,paypal,Canada,Sydney
5255,430,2022-04-12 00:46:28,paid,google_pay,India,Madrid
5256,1956,2021-03-04 07:25:15,shipped,paypal,United Kingdom,New York
5257,993,2024-08-21 05:20:49,pending,google_pay,India,Melbourne
5258,745,2022-11-12 14:49:04,cancelled,credit_card,Canada,Chicago
5259,91,2020-12-17 03:27:05,paid,paypal,United States,London
5260,182,2024-10-31 20:43:31,shipped,bank_transfer,Canada,New York
5261,1025,2024-02-19 18:36:39,shipped,google_pay,Netherlands,Los Angeles
5262,1524,2022-07-25 07:03:42,paid,credit_card,Netherlands,London
5263,952,2021-03-21 08:48:08,paid,paypal,Canada,Bangalore
5264,1176,2022-03-03 22:49:04,pending,apple_pay,Canada,Chicago
5265,650,2022-12-30 00:15:04,paid,apple_pay,United Kingdom,Paris
5266,1827,2022-10-09 08:35:16,refunded,bank_transfer,Germany,Los Angeles
5267,999,2020-03-08 01:39:33,shipped,apple_pay,Spain,Madrid
5268,1184,2020-08-21 21:59:35,shipped,credit_card,United States,Bangalore
5269,713,2020-06-13 00:02:52,cancelled,google_pay,United Kingdom,Vancouver
5270,732,2023-09-02 17:59:36,paid,google_pay,Netherlands,Mumbai
5271,449,2023-05-10 16:10:53,refunded,google_pay,France,Bangalore
5272,1101,2023-03-12 04:10:56,paid,apple_pay,Italy,Paris
5273,918,2021-05-02 00:52:52,refunded,google_pay,India,Paris
5274,433,2021-01-01 14:21:24,paid,apple_pay,United States,Toronto
5275,988,2023-02-02 21:48:40,paid,credit_card,India,Amsterdam
5276,999,2020-05-09 21:57:08,paid,google_pay,United States,Paris
5277,3,2022-12-26 23:55:45,paid,google_pay,Germany,Paris
5278,752,2022-11-02 18:36:40,paid,paypal,Italy,Madrid
5279,96,2021-05-21 03:32:54,shipped,paypal,Netherlands,Melbourne
5280,1088,2022-07-13 17:10:33,paid,apple_pay,Australia,Rome
5281,1357,2023-07-04 17:48:43,shipped,google_pay,Netherlands,Berlin
5282,767,2020-06-07 04:37:49,paid,google_pay,Australia,Melbourne
5283,1300,2021-07-20 16:19:54,paid,paypal,United States,New York
5284,1937,2022-12-24 09:34:37,shipped,paypal,India,London
5285,444,2021-11-10 17:17:04,shipped,apple_pay,United States,Chicago
5286,1779,2021-02-26 22:13:49,paid,paypal,Netherlands,Melbourne
5287,1391,2024-10-07 22:38:12,paid,credit_card,United States,New York
5288,1202,2023-06-19 16:02:14,cancelled,google_pay,United Kingdom,Chicago
5289,451,2022-02-14 08:59:31,paid,google_pay,Australia,Paris
5290,1014,2023-04-01 10:28:00,paid,google_pay,United States,Toronto
5291,1943,2020-12-26 12:24:07,shipped,apple_pay,Australia,London
5292,769,2024-07-18 00:03:15,shipped,apple_pay,Italy,Los Angeles
5293,739,2021-09-25 12:14:39,paid,apple_pay,Netherlands,Berlin
5294,1818,2022-09-19 07:34:16,paid,google_pay,Netherlands,New York
5295,874,2022-05-15 17:38:14,paid,credit_card,Canada,New York
5296,560,2023-09-13 13:49:01,refunded,credit_card,France,Mumbai
5297,1139,2024-10-30 06:17:26,shipped,apple_pay,Spain,Berlin
5298,1348,2024-05-27 14:55:13,shipped,google_pay,France,Rome
5299,363,2024-05-27 00:04:57,shipped,credit_card,Italy,New York
5300,1039,2022-04-08 18:36:45,shipped,bank_transfer,Australia,Chicago
5301,408,2023-04-24 14:09:38,shipped,credit_card,Spain,Paris
5302,58,2023-06-17 19:38:33,cancelled,google_pay,Germany,London
5303,1462,2020-06-07 22:26:23,paid,credit_card,United Kingdom,Paris
5304,1067,2021-08-02 00:43:45,paid,google_pay,Australia,London
5305,1999,2022-07-04 03:56:11,shipped,apple_pay,Australia,London
5306,1510,2022-12-09 11:08:40,paid,bank_transfer,Spain,Melbourne
5307,1101,2021-12-09 06:40:06,paid,bank_transfer,Netherlands,Paris
5308,1408,2021-11-01 15:56:17,paid,apple_pay,United States,Rome
5309,1352,2024-09-22 12:38:20,cancelled,bank_transfer,United Kingdom,New York
5310,872,2023-05-01 18:01:19,pending,google_pay,India,Amsterdam
5311,1184,2022-04-23 11:19:52,pending,bank_transfer,United States,Rome
5312,1754,2023-05-04 09:51:40,cancelled,bank_transfer,Spain,Paris
5313,946,2021-05-25 10:19:14,shipped,google_pay,Germany,Amsterdam
5314,582,2022-04-10 00:17:18,paid,apple_pay,Canada,Berlin
5315,57,2020-07-19 07:53:04,refunded,bank_transfer,United Kingdom,Rome
5316,1590,2022-07-25 23:19:34,shipped,google_pay,France,Chicago
5317,273,2020-01-18 10:39:29,paid,bank_transfer,Canada,Toronto
5318,547,2022-12-05 02:18:58,shipped,credit_card,Spain,Madrid
5319,682,2020-03-29 13:16:37,cancelled,paypal,France,Amsterdam
5320,98,2024-02-19 10:17:57,paid,paypal,France,Rome
5321,472,2024-02-28 04:23:40,cancelled,credit_card,Canada,Toronto
5322,211,2024-09-01 21:18:54,pending,paypal,Spain,Los Angeles
5323,1291,2021-06-20 07:53:54,paid,apple_pay,Italy,Chicago
5324,1198,2024-08-07 08:48:18,shipped,credit_card,Australia,London
5325,954,2021-10-25 04:11:49,cancelled,google_pay,Canada,Madrid
5326,59,2023-12-09 17:31:16,cancelled,google_pay,United States,Chicago
5327,146,2022-02-19 10:20:02,shipped,bank_transfer,India,Mumbai
5328,1554,2021-06-16 20:06:27,paid,bank_transfer,Spain,Vancouver
5329,1008,2021-10-25 14:09:43,pending,apple_pay,Italy,Sydney
5330,166,2020-07-02 18:58:32,shipped,bank_transfer,United States,Amsterdam
5331,610,2020-01-26 12:00:11,paid,bank_transfer,India,Madrid
5332,119,2023-02-09 18:28:42,paid,credit_card,Netherlands,Amsterdam
5333,711,2020-06-18 11:14:29,pending,paypal,Germany,Berlin
5334,398,2024-08-20 11:46:16,shipped,apple_pay,Italy,Berlin
5335,881,2021-10-02 06:22:04,paid,credit_card,France,Berlin
5336,675,2022-05-30 23:44:21,refunded,credit_card,Canada,Toronto
5337,1867,2020-11-11 02:47:31,paid,apple_pay,Germany,Chicago
5338,1770,2023-01-03 02:57:39,paid,credit_card,Spain,Bangalore
5339,1164,2022-10-01 16:27:49,refunded,paypal,Italy,New York
5340,160,2023-09-14 20:02:16,paid,bank_transfer,United States,Madrid
5341,194,2022-03-21 13:20:30,paid,bank_transfer,India,Los Angeles
5342,1434,2021-02-01 19:49:09,paid,paypal,Italy,Berlin
5343,916,2022-12-07 06:15:29,shipped,bank_transfer,Australia,Chicago
5344,1269,2022-01-10 14:49:08,paid,google_pay,France,Melbourne
5345,1234,2022-08-28 18:15:16,paid,paypal,Spain,Rome
5346,846,2020-07-30 02:46:51,paid,apple_pay,India,Toronto
5347,667,2020-03-13 17:18:00,paid,apple_pay,United Kingdom,Melbourne
5348,729,2020-05-14 17:09:51,paid,google_pay,Germany,New York
5349,1034,2022-08-19 12:23:42,pending,bank_transfer,France,Sydney
5350,1789,2021-02-28 05:05:54,paid,credit_card,United Kingdom,London
5351,148,2023-10-09 03:10:51,cancelled,google_pay,Netherlands,Amsterdam
5352,320,2021-03-31 01:48:56,shipped,bank_transfer,Netherlands,London
5353,587,2020-12-27 06:01:33,shipped,credit_card,Spain,Toronto
5354,127,2020-12-17 20:31:52,pending,credit_card,France,Berlin
5355,1691,2020-09-01 18:45:38,shipped,apple_pay,Italy,Bangalore
5356,1560,2024-01-31 12:43:53,paid,apple_pay,Germany,Paris
5357,1475,2020-06-27 05:57:27,paid,google_pay,United States,Toronto
5358,1034,2021-09-03 17:35:15,paid,google_pay,Italy,Madrid
5359,685,2021-10-25 15:37:58,cancelled,paypal,India,Melbourne
5360,676,2024-03-15 14:48:36,shipped,bank_transfer,Canada,Los Angeles
5361,1631,2023-12-19 19:57:59,paid,credit_card,India,Toronto
5362,1612,2023-05-23 23:56:38,refunded,apple_pay,India,Amsterdam
5363,1461,2020-04-06 00:23:10,paid,google_pay,United Kingdom,Berlin
5364,709,2022-02-20 03:11:40,paid,paypal,Germany,Mumbai
5365,1283,2023-02-24 12:56:18,shipped,google_pay,Spain,Madrid
5366,284,2020-09-20 19:20:40,cancelled,google_pay,United Kingdom,New York
5367,1700,2022-06-30 04:15:35,paid,google_pay,Netherlands,Rome
5368,273,2024-01-23 11:40:22,paid,apple_pay,United States,Chicago
5369,858,2023-08-07 09:36:41,refunded,credit_card,United Kingdom,Amsterdam
5370,1156,2023-09-04 12:04:03,refunded,paypal,Spain,Mumbai
5371,794,2024-01-13 12:42:17,cancelled,google_pay,Netherlands,Paris
5372,1986,2021-03-02 10:00:57,refunded,apple_pay,Italy,New York
5373,687,2022-05-14 22:50:03,paid,credit_card,Germany,Melbourne
5374,1977,2023-09-16 01:50:51,pending,credit_card,Germany,Berlin
5375,496,2024-04-15 22:32:10,cancelled,google_pay,France,Rome
5376,1781,2024-05-25 22:11:18,paid,apple_pay,France,Toronto
5377,1920,2024-11-02 03:27:56,shipped,credit_card,Netherlands,Chicago
5378,1998,2020-01-29 22:38:40,shipped,paypal,Canada,Sydney
5379,452,2022-03-10 00:23:04,paid,google_pay,Netherlands,Mumbai
5380,1098,2024-05-14 05:05:15,paid,paypal,Italy,Amsterdam
5381,1681,2023-01-25 00:05:55,pending,apple_pay,Canada,Sydney
5382,1642,2022-05-06 09:33:01,paid,credit_card,Australia,Amsterdam
5383,117,2024-12-15 04:41:49,paid,bank_transfer,India,Vancouver
5384,1732,2021-04-12 00:17:56,cancelled,bank_transfer,France,Rome
5385,310,2021-05-31 05:48:22,paid,paypal,France,Berlin
5386,383,2022-12-14 14:24:18,paid,google_pay,Italy,Sydney
5387,1825,2021-07-24 01:28:55,paid,apple_pay,France,Berlin
5388,412,2021-03-08 20:58:27,shipped,credit_card,Netherlands,Madrid
5389,877,2020-12-31 03:41:09,shipped,apple_pay,Germany,Sydney
5390,1816,2022-08-16 09:30:30,paid,google_pay,United States,Toronto
5391,1351,2022-01-04 03:14:32,refunded,paypal,Germany,New York
5392,218,2021-05-26 00:32:53,paid,bank_transfer,Canada,Amsterdam
5393,361,2022-09-04 01:45:28,shipped,credit_card,Spain,Madrid
5394,1016,2020-03-12 08:29:14,pending,bank_transfer,Canada,Berlin
5395,977,2023-02-27 19:07:10,shipped,google_pay,Netherlands,Paris
5396,1656,2024-02-08 18:29:37,paid,google_pay,France,Mumbai
5397,874,2023-09-19 08:34:18,shipped,bank_transfer,Italy,Madrid
5398,1337,2023-06-20 11:19:12,cancelled,paypal,United States,Berlin
5399,1406,2023-04-14 00:44:55,shipped,bank_transfer,United Kingdom,London
5400,360,2024-08-10 12:54:57,shipped,paypal,Netherlands,Rome
5401,1765,2020-02-19 11:12:12,shipped,paypal,Netherlands,Vancouver
5402,1188,2021-09-15 00:00:50,shipped,paypal,India,Melbourne
5403,1099,2022-10-12 06:35:59,pending,paypal,Canada,Toronto
5404,463,2022-02-09 09:03:01,shipped,bank_transfer,Spain,Paris
5405,1041,2021-02-02 05:05:22,paid,paypal,India,Vancouver
5406,1034,2020-05-21 20:46:34,paid,paypal,India,Toronto
5407,327,2022-04-04 13:30:16,shipped,credit_card,Canada,Toronto
5408,587,2023-03-13 01:29:58,shipped,bank_transfer,Germany,Bangalore
5409,866,2021-03-07 15:37:50,paid,paypal,Germany,Madrid
5410,732,2022-04-24 21:11:37,cancelled,google_pay,India,Rome
5411,972,2023-08-31 01:51:55,shipped,paypal,France,Vancouver
5412,612,2022-08-11 08:05:02,refunded,paypal,Italy,London
5413,1771,2020-06-07 12:25:53,shipped,credit_card,Canada,Chicago
5414,19,2021-06-13 04:18:09,paid,credit_card,Spain,Rome
5415,1373,2023-12-07 05:51:00,refunded,bank_transfer,Italy,London
5416,630,2021-08-06 01:05:03,shipped,apple_pay,Spain,Rome
5417,1895,2020-12-25 03:32:50,cancelled,paypal,United Kingdom,Vancouver
5418,834,2023-12-11 00:15:15,paid,google_pay,France,Sydney
5419,1035,2023-04-08 14:54:02,refunded,google_pay,Canada,New York
5420,229,2024-10-03 08:44:09,paid,google_pay,Spain,Chicago
5421,840,2022-11-28 00:46:50,paid,paypal,Australia,Rome
5422,1380,2020-12-16 06:23:17,paid,apple_pay,India,Mumbai
5423,932,2023-08-28 03:53:28,refunded,credit_card,United Kingdom,Melbourne
5424,1230,2021-08-26 18:38:44,refunded,bank_transfer,Canada,Mumbai
5425,547,2022-11-20 04:58:07,shipped,apple_pay,Australia,New York
5426,1903,2023-08-01 15:31:42,shipped,apple_pay,India,Chicago
5427,427,2022-10-27 22:54:42,paid,google_pay,Netherlands,Mumbai
5428,920,2020-05-24 05:02:30,pending,apple_pay,France,Rome
5429,1551,2024-07-30 02:19:22,shipped,paypal,United Kingdom,Bangalore
5430,1911,2024-10-01 21:19:39,shipped,apple_pay,India,Madrid
5431,1690,2021-08-09 18:10:15,cancelled,bank_transfer,Italy,Los Angeles
5432,1760,2021-06-25 20:56:10,paid,bank_transfer,Australia,Berlin
5433,293,2022-01-20 01:44:11,paid,credit_card,United States,London
5434,1377,2020-12-13 02:16:31,pending,google_pay,United States,Vancouver
5435,1,2024-05-04 16:41:41,paid,apple_pay,United States,Amsterdam
5436,1006,2021-02-02 01:30:34,shipped,credit_card,Canada,Los Angeles
5437,1095,2021-09-07 03:45:38,paid,google_pay,United States,New York
5438,1777,2024-03-09 00:07:26,shipped,bank_transfer,Canada,Toronto
5439,1497,2023-01-10 12:29:40,shipped,apple_pay,Italy,Mumbai
5440,23,2024-05-22 00:01:13,shipped,bank_transfer,Spain,Bangalore
5441,1229,2024-03-06 03:18:34,paid,credit_card,Canada,London
5442,1232,2020-11-12 00:12:11,pending,google_pay,India,Melbourne
5443,1202,2023-10-20 22:26:15,pending,google_pay,United Kingdom,Mumbai
5444,1554,2022-01-13 18:51:25,paid,credit_card,Australia,Bangalore
5445,1355,2023-11-05 09:08:31,refunded,bank_transfer,Australia,New York
5446,944,2024-09-10 02:07:04,paid,bank_transfer,India,Rome
5447,250,2020-01-28 22:50:24,shipped,paypal,Netherlands,London
5448,1872,2022-03-31 22:16:28,paid,google_pay,Canada,Berlin
5449,90,2020-07-26 08:45:48,paid,credit_card,Australia,Rome
5450,1867,2020-07-30 03:31:45,shipped,apple_pay,Italy,Melbourne
5451,283,2022-10-30 15:46:31,cancelled,bank_transfer,Australia,New York
5452,1098,2020-04-14 16:42:47,shipped,google_pay,India,Chicago
5453,1620,2020-09-09 09:00:06,pending,apple_pay,Australia,Vancouver
5454,566,2020-12-30 16:16:25,paid,bank_transfer,Netherlands,Toronto
5455,1549,2023-11-18 17:47:42,paid,credit_card,United States,Toronto
5456,612,2020-06-22 05:01:11,shipped,apple_pay,Italy,Mumbai
5457,1932,2023-12-12 06:14:14,paid,paypal,India,Madrid
5458,1120,2020-04-11 13:01:59,shipped,bank_transfer,Canada,Madrid
5459,1734,2024-07-29 16:40:44,paid,bank_transfer,Italy,Bangalore
5460,730,2023-02-12 22:25:23,paid,apple_pay,Netherlands,Sydney
5461,1842,2023-10-25 18:19:59,paid,bank_transfer,United Kingdom,Chicago
5462,1679,2021-09-16 21:28:39,refunded,credit_card,Germany,Sydney
5463,280,2022-10-13 14:11:50,shipped,credit_card,Germany,Mumbai
5464,1910,2020-03-25 03:08:07,paid,google_pay,United States,Sydney
5465,1539,2021-06-26 21:10:50,paid,apple_pay,India,Los Angeles
5466,955,2020-10-23 21:58:11,paid,google_pay,India,Amsterdam
5467,889,2022-04-14 05:28:54,paid,paypal,Germany,Madrid
5468,1103,2020-06-14 19:54:50,shipped,bank_transfer,France,London
5469,343,2024-07-21 07:05:26,shipped,google_pay,Germany,Rome
5470,395,2021-12-03 22:08:49,paid,paypal,United Kingdom,Rome
5471,1777,2022-08-20 21:51:11,refunded,bank_transfer,Netherlands,Paris
5472,593,2020-12-29 00:16:12,shipped,paypal,Canada,Berlin
5473,450,2020-01-26 20:11:30,paid,google_pay,United Kingdom,Paris
5474,1424,2020-11-22 22:43:27,cancelled,apple_pay,Germany,Los Angeles
5475,1827,2023-09-03 02:35:00,paid,apple_pay,United States,Rome
5476,1792,2022-09-27 08:37:12,shipped,paypal,Italy,Chicago
5477,810,2024-06-27 03:33:54,paid,paypal,France,Chicago
5478,1563,2020-09-21 04:02:53,shipped,paypal,Italy,Madrid
5479,664,2021-06-24 18:36:34,pending,credit_card,Italy,Los Angeles
5480,511,2021-06-20 03:31:41,shipped,google_pay,Netherlands,Paris
5481,305,2024-12-06 10:00:01,cancelled,google_pay,Canada,Chicago
5482,209,2024-01-18 11:23:29,pending,google_pay,United Kingdom,Mumbai
5483,503,2020-02-07 01:58:35,paid,apple_pay,Germany,Rome
5484,837,2023-10-13 19:12:03,paid,paypal,United Kingdom,Los Angeles
5485,1169,2020-11-25 14:14:22,shipped,google_pay,United States,London
5486,271,2023-01-10 04:55:01,cancelled,paypal,United Kingdom,Toronto
5487,1673,2024-11-10 19:50:45,pending,apple_pay,Canada,Mumbai
5488,108,2021-12-26 21:48:33,paid,credit_card,Italy,Toronto
5489,1551,2021-06-08 01:38:07,paid,apple_pay,India,Toronto
5490,170,2022-01-20 22:46:23,pending,apple_pay,Italy,Vancouver
5491,1993,2024-05-10 10:32:05,paid,bank_transfer,United Kingdom,Rome
5492,653,2021-11-01 21:38:53,paid,paypal,United States,Rome
5493,384,2021-08-12 19:15:19,paid,credit_card,Spain,Bangalore
5494,655,2020-07-29 13:12:02,refunded,apple_pay,Germany,Chicago
5495,1132,2024-11-28 22:01:42,shipped,paypal,France,Amsterdam
5496,1269,2021-10-13 19:12:57,paid,paypal,Germany,Rome
5497,938,2020-01-11 23:05:49,shipped,credit_card,India,New York
5498,921,2021-03-02 09:03:13,pending,google_pay,Spain,Rome
5499,1324,2020-05-27 09:43:56,paid,paypal,Spain,Rome
5500,1313,2020-08-27 07:19:03,shipped,bank_transfer,Italy,Toronto
5501,1714,2024-03-07 05:02:24,paid,apple_pay,France,Vancouver
5502,1585,2022-10-31 23:59:58,shipped,google_pay,United States,Madrid
5503,1945,2021-11-18 19:55:53,paid,credit_card,Spain,Berlin
5504,1293,2024-04-21 14:51:51,paid,bank_transfer,Italy,Berlin
5505,1149,2023-01-02 10:19:36,cancelled,paypal,United Kingdom,New York
5506,338,2021-01-14 18:28:30,paid,bank_transfer,United States,Sydney
5507,1617,2024-03-29 11:33:20,pending,apple_pay,United States,Madrid
5508,350,2020-03-11 15:00:48,paid,bank_transfer,Germany,Bangalore
5509,753,2023-09-21 20:25:43,paid,paypal,Netherlands,New York
5510,1929,2021-12-20 23:37:11,paid,credit_card,Australia,Bangalore
5511,739,2020-07-16 05:27:22,shipped,bank_transfer,Germany,Mumbai
5512,1271,2021-11-04 06:07:21,pending,apple_pay,Australia,Bangalore
5513,1230,2024-01-25 08:28:56,paid,google_pay,Netherlands,Amsterdam
5514,892,2022-09-24 23:03:43,cancelled,paypal,Canada,Berlin
5515,1325,2021-12-08 10:09:09,paid,credit_card,France,Rome
5516,579,2021-08-26 13:24:43,refunded,bank_transfer,India,Paris
5517,1272,2021-06-30 17:56:50,paid,paypal,Italy,New York
5518,463,2023-06-24 06:57:56,shipped,apple_pay,Spain,Rome
5519,126,2022-11-11 21:59:52,paid,google_pay,United States,Vancouver
5520,972,2023-08-16 00:25:34,shipped,paypal,Germany,London
5521,470,2023-07-07 16:13:38,shipped,google_pay,Italy,Melbourne
5522,726,2024-02-15 15:38:35,paid,paypal,Italy,Mumbai
5523,1524,2024-06-05 04:30:17,paid,paypal,Netherlands,Los Angeles
5524,67,2023-10-26 13:57:41,shipped,bank_transfer,United Kingdom,New York
5525,363,2021-09-11 06:06:05,paid,credit_card,United Kingdom,Bangalore
5526,990,2024-08-28 19:31:29,paid,bank_transfer,United States,Toronto
5527,968,2023-12-16 12:01:59,paid,google_pay,Netherlands,Mumbai
5528,1939,2023-05-19 21:07:22,shipped,paypal,France,Vancouver
5529,754,2020-12-27 10:55:47,paid,credit_card,France,Bangalore
5530,545,2021-01-23 16:25:25,shipped,google_pay,Netherlands,New York
5531,471,2022-10-01 17:40:00,refunded,google_pay,Spain,Vancouver
5532,640,2020-07-10 04:27:54,shipped,paypal,Italy,Amsterdam
5533,257,2021-06-16 01:16:16,paid,paypal,Italy,Rome
5534,534,2021-01-18 12:17:29,paid,google_pay,India,Bangalore
5535,1629,2023-11-01 17:24:12,cancelled,apple_pay,Australia,Sydney
5536,152,2022-02-22 04:34:55,paid,credit_card,Canada,Sydney
5537,1860,2022-06-04 02:36:53,refunded,paypal,Canada,Amsterdam
5538,1999,2024-09-12 22:25:57,pending,paypal,United States,Rome
5539,17,2022-12-24 16:27:18,shipped,paypal,Netherlands,London
5540,555,2021-04-10 17:06:15,shipped,apple_pay,United States,Sydney
5541,932,2022-10-14 13:21:37,shipped,paypal,Australia,Melbourne
5542,1731,2021-02-17 17:50:40,cancelled,paypal,Germany,Madrid
5543,1664,2021-06-17 10:41:25,shipped,google_pay,France,Amsterdam
5544,789,2022-08-05 02:19:48,cancelled,google_pay,Italy,Vancouver
5545,124,2021-09-17 15:16:03,paid,google_pay,Italy,Sydney
5546,1873,2022-12-11 16:52:17,paid,google_pay,Australia,Los Angeles
5547,1249,2020-05-27 18:23:13,shipped,credit_card,France,New York
5548,1289,2020-12-26 01:55:51,shipped,google_pay,Italy,Mumbai
5549,205,2022-03-03 04:40:28,paid,google_pay,Spain,Rome
5550,876,2021-07-22 20:50:05,refunded,bank_transfer,Spain,New York
5551,1418,2022-01-15 15:50:42,paid,paypal,India,Chicago
5552,772,2022-10-10 22:03:35,shipped,apple_pay,Germany,Paris
5553,17,2022-08-09 01:56:56,shipped,bank_transfer,Germany,Amsterdam
5554,144,2020-04-17 08:40:01,shipped,bank_transfer,Australia,Vancouver
5555,592,2024-09-14 08:02:12,shipped,apple_pay,India,Los Angeles
5556,1141,2020-08-20 12:48:39,cancelled,apple_pay,United States,Rome
5557,342,2023-11-06 04:25:43,cancelled,credit_card,Germany,Mumbai
5558,528,2022-06-21 12:42:12,paid,paypal,United Kingdom,Mumbai
5559,1530,2022-10-15 04:56:55,cancelled,credit_card,Australia,Toronto
5560,764,2022-09-02 07:13:12,refunded,bank_transfer,Spain,Mumbai
5561,1935,2024-09-05 12:24:15,pending,credit_card,Canada,Vancouver
5562,677,2024-03-24 05:25:55,paid,google_pay,United States,Rome
5563,1627,2024-07-07 08:19:02,paid,credit_card,United Kingdom,Bangalore
5564,909,2022-05-23 16:29:48,paid,apple_pay,United Kingdom,Chicago
5565,1785,2021-10-10 00:57:27,paid,bank_transfer,United Kingdom,Rome
5566,269,2022-03-26 01:17:22,shipped,credit_card,Australia,Vancouver
5567,432,2023-06-18 13:25:50,cancelled,paypal,France,Berlin
5568,1919,2021-03-02 22:10:29,paid,apple_pay,Germany,Toronto
5569,418,2021-06-19 06:45:02,shipped,apple_pay,Italy,Rome
5570,564,2021-06-01 07:25:51,paid,paypal,Australia,Melbourne
5571,131,2020-10-05 08:56:47,refunded,credit_card,United States,Melbourne
5572,633,2023-12-09 12:19:49,paid,apple_pay,United Kingdom,Paris
5573,796,2021-03-02 05:30:08,paid,google_pay,France,Toronto
5574,416,2022-07-18 01:20:16,paid,apple_pay,Germany,Madrid
5575,1812,2022-06-08 03:59:42,pending,apple_pay,India,Amsterdam
5576,834,2023-08-02 05:21:58,paid,credit_card,Germany,Bangalore
5577,6,2021-01-30 22:07:27,cancelled,credit_card,United Kingdom,Bangalore
5578,1413,2020-01-08 21:13:44,shipped,apple_pay,Netherlands,Berlin
5579,91,2024-02-15 21:28:07,paid,apple_pay,Canada,Sydney
5580,1480,2021-07-24 21:02:28,paid,bank_transfer,United States,Vancouver
5581,1738,2024-06-16 23:25:15,pending,google_pay,United Kingdom,New York
5582,148,2024-04-19 07:24:01,refunded,bank_transfer,India,New York
5583,1242,2023-03-17 02:35:13,refunded,paypal,Spain,Vancouver
5584,355,2023-01-03 01:26:03,shipped,apple_pay,France,Los Angeles
5585,1190,2022-03-16 01:09:47,cancelled,apple_pay,Germany,Toronto
5586,1705,2023-08-08 11:34:05,cancelled,paypal,Italy,Sydney
5587,714,2021-01-25 20:05:09,shipped,apple_pay,Italy,Mumbai
5588,1779,2024-09-11 06:03:12,paid,paypal,Netherlands,Mumbai
5589,1786,2021-12-08 01:10:24,paid,google_pay,Australia,Amsterdam
5590,707,2022-11-20 14:08:22,paid,credit_card,Australia,London
5591,1900,2020-07-04 09:59:09,paid,bank_transfer,Germany,Toronto
5592,830,2022-10-04 02:35:49,paid,google_pay,United Kingdom,Toronto
5593,432,2021-02-24 04:24:07,cancelled,credit_card,Italy,Madrid
5594,937,2022-09-09 13:02:25,shipped,paypal,Germany,Sydney
5595,1051,2024-10-09 08:58:04,shipped,bank_transfer,Australia,Paris
5596,1800,2023-11-09 21:57:22,shipped,bank_transfer,Italy,Madrid
5597,1740,2021-04-30 22:34:52,shipped,apple_pay,Australia,Mumbai
5598,958,2023-09-18 15:27:34,shipped,paypal,Netherlands,Los Angeles
5599,825,2022-02-05 00:03:32,shipped,paypal,Spain,Bangalore
5600,101,2023-12-05 22:37:34,paid,credit_card,France,Chicago
5601,1567,2022-07-21 10:10:28,cancelled,apple_pay,France,Melbourne
5602,891,2024-12-23 15:40:29,paid,google_pay,United States,Chicago
5603,401,2020-09-07 03:30:18,paid,paypal,France,Madrid
5604,1858,2023-02-28 08:43:42,paid,credit_card,Canada,Los Angeles
5605,1291,2023-10-14 07:16:33,paid,bank_transfer,United Kingdom,London
5606,292,2024-11-09 06:14:06,paid,bank_transfer,Spain,Melbourne
5607,414,2023-10-16 03:58:16,shipped,apple_pay,Spain,Paris
5608,168,2023-07-14 09:59:37,pending,credit_card,Germany,Berlin
5609,1884,2021-04-02 19:59:17,refunded,apple_pay,Spain,Los Angeles
5610,1881,2021-08-13 03:41:16,shipped,paypal,United Kingdom,Bangalore
5611,1560,2024-11-19 09:15:12,shipped,bank_transfer,Canada,Melbourne
5612,788,2020-11-26 12:40:00,paid,google_pay,Spain,Chicago
5613,354,2022-02-24 14:19:40,pending,paypal,Canada,Melbourne
5614,1935,2023-04-09 09:41:07,shipped,paypal,Netherlands,Rome
5615,947,2024-09-13 22:46:56,refunded,google_pay,Italy,Paris
5616,178,2020-04-23 10:19:11,shipped,paypal,Italy,Vancouver
5617,1821,2023-01-14 06:38:09,pending,google_pay,India,Madrid
5618,407,2021-08-07 10:37:28,shipped,apple_pay,India,Mumbai
5619,518,2024-05-02 03:15:12,shipped,apple_pay,India,New York
5620,1715,2021-11-26 19:12:57,paid,paypal,United Kingdom,Vancouver
5621,1604,2020-08-29 12:48:08,refunded,apple_pay,Australia,Chicago
5622,550,2022-04-08 19:40:35,pending,credit_card,United Kingdom,Toronto
5623,1761,2023-03-29 06:55:01,pending,credit_card,Spain,Rome
5624,875,2021-02-23 07:06:34,shipped,credit_card,France,Chicago
5625,784,2024-02-04 11:48:53,shipped,bank_transfer,Australia,Amsterdam
5626,1562,2020-06-22 11:01:39,cancelled,bank_transfer,France,Amsterdam
5627,227,2022-08-23 09:50:58,shipped,paypal,France,Los Angeles
5628,1088,2023-06-02 00:33:21,pending,google_pay,Australia,Paris
5629,913,2020-07-11 17:21:06,cancelled,paypal,Australia,Amsterdam
5630,1254,2022-10-27 11:07:26,paid,apple_pay,United Kingdom,Berlin
5631,226,2023-08-20 04:38:07,cancelled,credit_card,India,London
5632,729,2021-07-25 15:30:19,paid,bank_transfer,India,London
5633,1923,2024-09-17 07:29:15,paid,bank_transfer,France,Los Angeles
5634,1415,2022-11-12 08:30:16,paid,bank_transfer,Australia,Paris
5635,1130,2021-09-01 04:49:28,paid,credit_card,Australia,Melbourne
5636,1916,2020-02-18 11:54:00,shipped,credit_card,Australia,Paris
5637,1569,2023-10-23 13:32:17,shipped,bank_transfer,France,Chicago
5638,984,2023-05-13 23:52:56,shipped,google_pay,United States,Paris
5639,869,2024-10-03 08:08:10,shipped,google_pay,Italy,Rome
5640,698,2020-11-25 03:03:21,refunded,apple_pay,United States,Los Angeles
5641,1189,2021-06-30 02:45:48,paid,google_pay,United Kingdom,New York
5642,943,2023-10-23 23:53:40,pending,apple_pay,Australia,Toronto
5643,1452,2021-10-23 16:15:17,paid,apple_pay,Spain,Berlin
5644,1449,2020-10-22 13:31:36,refunded,bank_transfer,Germany,Madrid
5645,587,2020-05-12 22:20:49,cancelled,google_pay,Netherlands,Madrid
5646,947,2024-02-01 02:46:51,paid,paypal,Italy,Madrid
5647,1521,2021-03-16 03:48:19,shipped,bank_transfer,Australia,Madrid
5648,904,2021-06-04 17:46:04,refunded,apple_pay,United States,London
5649,930,2020-12-02 20:58:30,shipped,paypal,Spain,Los Angeles
5650,1339,2024-07-21 10:17:04,shipped,paypal,Germany,Chicago
5651,1139,2020-09-03 22:38:13,paid,credit_card,Australia,Madrid
5652,1074,2023-01-04 08:18:20,paid,apple_pay,Germany,Bangalore
5653,1640,2020-04-24 10:52:19,shipped,paypal,Italy,Sydney
5654,505,2024-04-02 16:44:54,paid,google_pay,Australia,Chicago
5655,985,2023-09-21 18:10:11,paid,google_pay,Germany,Melbourne
5656,1028,2024-04-30 21:08:03,cancelled,bank_transfer,United Kingdom,Sydney
5657,1187,2020-05-22 04:01:30,refunded,bank_transfer,United States,Mumbai
5658,931,2024-10-17 14:56:41,pending,credit_card,Italy,Sydney
5659,1874,2021-09-23 01:08:43,paid,credit_card,United States,New York
5660,712,2024-03-05 14:09:18,paid,bank_transfer,Australia,Rome
5661,425,2023-02-19 02:00:57,paid,bank_transfer,France,Madrid
5662,752,2023-04-24 11:01:32,cancelled,google_pay,Spain,Chicago
5663,1806,2023-03-10 12:03:51,paid,apple_pay,India,Vancouver
5664,584,2021-12-20 14:26:01,refunded,apple_pay,France,Berlin
5665,297,2020-05-19 19:33:19,paid,credit_card,Australia,Madrid
5666,1419,2021-05-03 14:43:06,shipped,credit_card,Spain,Madrid
5667,437,2024-08-04 04:56:33,refunded,credit_card,France,Amsterdam
5668,431,2021-04-03 03:52:18,shipped,paypal,United States,Vancouver
5669,760,2021-05-04 13:02:21,paid,apple_pay,Spain,Los Angeles
5670,681,2021-12-25 02:08:21,refunded,apple_pay,United Kingdom,Melbourne
5671,416,2024-02-28 04:17:52,paid,credit_card,Germany,Sydney
5672,211,2020-10-02 17:33:04,paid,paypal,Australia,Berlin
5673,951,2021-05-30 00:42:48,pending,credit_card,United States,London
5674,1803,2020-04-09 19:21:52,paid,credit_card,Canada,New York
5675,1033,2020-06-13 02:32:24,shipped,credit_card,United Kingdom,Rome
5676,843,2021-09-22 15:38:37,paid,credit_card,Canada,Chicago
5677,1245,2021-07-07 06:54:39,cancelled,bank_transfer,United Kingdom,Toronto
5678,1662,2023-12-16 02:41:06,paid,google_pay,Canada,Vancouver
5679,820,2020-07-20 10:18:30,paid,bank_transfer,Italy,Toronto
5680,1238,2024-07-02 23:38:24,pending,apple_pay,Italy,Chicago
5681,1469,2021-02-22 13:47:31,refunded,google_pay,United States,Berlin
5682,1663,2021-08-28 13:57:42,shipped,paypal,United Kingdom,Toronto
5683,169,2022-02-12 02:46:14,shipped,apple_pay,Italy,Los Angeles
5684,82,2021-04-20 11:39:36,shipped,apple_pay,Spain,Melbourne
5685,319,2021-08-20 05:07:37,paid,bank_transfer,India,New York
5686,122,2020-08-11 04:21:23,shipped,paypal,Australia,Mumbai
5687,1497,2020-01-04 23:55:35,cancelled,bank_transfer,France,Melbourne
5688,244,2021-08-27 14:26:44,shipped,google_pay,United States,Mumbai
5689,1935,2022-07-06 17:22:34,shipped,bank_transfer,United Kingdom,Mumbai
5690,131,2021-07-20 00:43:32,pending,google_pay,United Kingdom,New York
5691,818,2024-05-11 16:19:52,refunded,credit_card,Italy,Los Angeles
5692,1481,2021-08-27 06:31:15,paid,apple_pay,Italy,New York
5693,1943,2022-04-26 23:55:50,shipped,apple_pay,Canada,Amsterdam
5694,1199,2023-10-16 22:04:04,refunded,credit_card,Canada,Madrid
5695,294,2022-11-07 15:59:39,paid,credit_card,Australia,Rome
5696,1998,2023-10-24 05:09:01,paid,bank_transfer,India,Melbourne
5697,1679,2023-02-04 11:03:10,shipped,apple_pay,Italy,Chicago
5698,1872,2021-11-11 21:23:19,shipped,google_pay,Australia,Mumbai
5699,1532,2022-08-14 06:49:33,paid,paypal,United States,Sydney
5700,624,2020-02-27 06:04:07,refunded,paypal,Netherlands,Melbourne
5701,1384,2023-06-27 19:03:10,refunded,apple_pay,Canada,Bangalore
5702,125,2023-03-19 18:25:21,paid,paypal,United Kingdom,Paris
5703,955,2024-06-20 21:58:30,shipped,paypal,Germany,Berlin
5704,288,2022-04-01 15:00:50,shipped,bank_transfer,Netherlands,Los Angeles
5705,1449,2023-07-18 05:33:05,paid,google_pay,Australia,Vancouver
5706,449,2020-06-10 19:03:41,paid,bank_transfer,France,London
5707,857,2024-09-11 08:58:37,refunded,google_pay,Italy,Melbourne
5708,1826,2022-10-22 11:48:27,refunded,bank_transfer,Netherlands,Madrid
5709,924,2020-01-26 08:23:41,paid,apple_pay,Netherlands,Paris
5710,354,2021-03-10 02:13:03,paid,apple_pay,Australia,London
5711,1330,2021-03-06 18:09:39,shipped,bank_transfer,Italy,New York
5712,509,2021-08-22 19:31:59,refunded,credit_card,United Kingdom,Paris
5713,551,2020-06-17 16:44:42,paid,credit_card,Canada,Mumbai
5714,492,2023-12-15 16:20:28,cancelled,bank_transfer,Spain,Bangalore
5715,74,2023-05-16 13:45:06,shipped,google_pay,Italy,Mumbai
5716,1240,2023-03-06 05:44:03,paid,apple_pay,India,Berlin
5717,1551,2020-08-01 23:17:01,paid,paypal,Spain,Bangalore
5718,420,2020-10-22 11:14:28,refunded,google_pay,India,Toronto
5719,1948,2020-11-28 10:19:10,shipped,google_pay,United States,Madrid
5720,1738,2020-01-13 22:23:37,pending,paypal,Netherlands,Vancouver
5721,1398,2020-12-22 21:35:34,pending,paypal,United States,Bangalore
5722,719,2023-04-01 01:49:37,paid,credit_card,France,Toronto
5723,687,2023-07-19 05:13:56,paid,google_pay,Italy,Toronto
5724,1460,2022-05-01 06:42:19,pending,google_pay,Germany,Paris
5725,1331,2020-10-21 16:55:34,paid,apple_pay,United Kingdom,Chicago
5726,1045,2024-04-09 05:04:03,paid,credit_card,United Kingdom,Rome
5727,1689,2020-11-03 10:44:03,pending,paypal,Netherlands,Mumbai
5728,733,2024-10-27 10:22:44,paid,bank_transfer,United Kingdom,Amsterdam
5729,1856,2020-03-21 08:02:23,shipped,paypal,Canada,Chicago
5730,504,2024-01-21 18:45:31,shipped,credit_card,United States,Chicago
5731,1782,2021-09-17 08:19:47,refunded,google_pay,India,Chicago
5732,1678,2024-01-11 00:43:23,cancelled,bank_transfer,Canada,Melbourne
5733,1138,2021-07-08 12:42:37,paid,credit_card,Canada,London
5734,9,2021-08-25 00:06:58,paid,google_pay,United Kingdom,Melbourne
5735,772,2020-07-15 13:04:38,paid,google_pay,Spain,Paris
5736,278,2023-10-08 23:57:32,paid,credit_card,France,New York
5737,788,2020-10-02 06:09:53,cancelled,credit_card,India,Paris
5738,1454,2022-03-15 10:46:28,shipped,google_pay,Australia,Sydney
5739,779,2022-11-09 23:26:33,paid,apple_pay,Australia,London
5740,1706,2023-10-04 09:15:54,paid,bank_transfer,Italy,Berlin
5741,1858,2021-01-07 21:56:43,paid,bank_transfer,United Kingdom,Los Angeles
5742,321,2020-12-25 10:32:46,shipped,bank_transfer,Netherlands,Rome
5743,952,2022-05-13 16:55:33,pending,bank_transfer,Spain,Chicago
5744,1022,2023-05-26 22:54:25,refunded,google_pay,France,Bangalore
5745,571,2021-02-02 09:20:37,paid,credit_card,India,Melbourne
5746,429,2023-01-31 16:46:44,paid,credit_card,Germany,Los Angeles
5747,188,2020-07-10 03:48:05,shipped,paypal,Spain,Amsterdam
5748,850,2024-07-17 10:01:28,cancelled,paypal,United States,New York
5749,310,2024-12-18 15:33:57,refunded,apple_pay,Spain,Toronto
5750,29,2020-05-29 11:25:27,paid,google_pay,Netherlands,Paris
5751,958,2022-05-17 19:00:21,paid,paypal,Italy,London
5752,1074,2020-10-24 20:53:51,pending,apple_pay,United States,Rome
5753,1995,2024-12-17 15:48:19,paid,paypal,United States,Melbourne
5754,579,2022-05-31 20:44:26,refunded,bank_transfer,United Kingdom,Rome
5755,84,2024-05-08 04:46:13,paid,paypal,Spain,Rome
5756,1313,2021-05-16 12:00:28,paid,credit_card,Netherlands,Los Angeles
5757,1535,2020-05-29 10:02:03,shipped,bank_transfer,France,Vancouver
5758,1587,2021-12-06 05:53:16,pending,credit_card,Spain,Toronto
5759,1973,2021-01-01 11:26:47,shipped,credit_card,Italy,London
5760,1738,2022-04-11 17:43:31,paid,bank_transfer,Australia,Paris
5761,952,2024-05-15 18:34:52,cancelled,google_pay,India,Melbourne
5762,1967,2021-11-15 04:41:32,cancelled,paypal,Italy,Toronto
5763,1364,2023-08-12 18:59:33,shipped,google_pay,Canada,Madrid
5764,930,2020-07-11 04:59:47,shipped,apple_pay,Canada,London
5765,1324,2020-04-12 13:36:26,shipped,apple_pay,Australia,Chicago
5766,108,2021-07-11 04:29:08,refunded,apple_pay,United Kingdom,Toronto
5767,820,2023-03-29 13:58:50,paid,apple_pay,Italy,Paris
5768,196,2023-10-17 13:51:04,pending,google_pay,Italy,Paris
5769,1481,2021-02-07 04:16:49,pending,bank_transfer,Canada,Chicago
5770,895,2022-10-10 19:19:44,cancelled,credit_card,Germany,London
5771,1105,2024-08-28 04:10:31,paid,bank_transfer,Netherlands,Madrid
5772,1237,2020-06-17 20:51:21,pending,credit_card,France,Amsterdam
5773,984,2023-03-03 08:57:26,pending,credit_card,Australia,Mumbai
5774,1932,2020-04-21 03:42:33,shipped,paypal,Canada,Vancouver
5775,577,2022-05-26 11:33:37,paid,paypal,Italy,Toronto
5776,552,2023-07-31 02:14:41,cancelled,apple_pay,India,Mumbai
5777,147,2024-09-26 14:10:23,cancelled,bank_transfer,Spain,Toronto
5778,174,2021-12-30 09:52:01,cancelled,google_pay,United Kingdom,Paris
5779,807,2021-11-02 09:10:29,cancelled,paypal,Canada,Vancouver
5780,878,2022-11-01 12:17:23,shipped,google_pay,Italy,Madrid
5781,941,2022-11-15 01:25:57,cancelled,credit_card,United Kingdom,London
5782,837,2024-02-19 07:22:20,paid,bank_transfer,United Kingdom,Vancouver
5783,1649,2022-04-30 18:01:22,paid,paypal,United States,Chicago
5784,745,2023-05-01 13:30:03,paid,paypal,United Kingdom,Amsterdam
5785,487,2024-01-30 02:35:38,refunded,bank_transfer,Canada,Madrid
5786,144,2021-09-09 07:42:13,shipped,apple_pay,Italy,Madrid
5787,368,2022-04-14 01:51:31,shipped,bank_transfer,Italy,Chicago
5788,1374,2022-05-15 08:34:25,paid,google_pay,Germany,London
5789,1385,2021-08-18 22:32:19,paid,credit_card,Italy,Vancouver
5790,1114,2023-07-09 04:23:50,paid,bank_transfer,Spain,Berlin
5791,1639,2021-01-28 11:00:23,cancelled,apple_pay,Spain,Vancouver
5792,1112,2023-03-20 23:53:26,paid,apple_pay,Germany,Mumbai
5793,1733,2023-01-29 21:10:07,paid,paypal,United States,London
5794,335,2021-03-30 20:01:54,paid,apple_pay,Germany,New York
5795,1909,2023-05-24 06:51:33,paid,bank_transfer,Canada,Toronto
5796,533,2022-04-23 16:14:14,pending,apple_pay,Australia,Los Angeles
5797,997,2024-01-13 20:46:16,cancelled,paypal,Germany,Sydney
5798,741,2020-10-08 19:07:32,paid,bank_transfer,United States,Los Angeles
5799,65,2020-08-02 14:58:09,pending,google_pay,Spain,Chicago
5800,1970,2020-12-08 12:42:27,paid,credit_card,Italy,London
5801,1095,2022-07-26 07:54:17,cancelled,apple_pay,Spain,Madrid
5802,309,2021-01-03 16:25:52,paid,credit_card,United States,Bangalore
5803,26,2024-10-09 12:07:03,paid,google_pay,Italy,New York
5804,949,2022-02-19 05:09:37,shipped,google_pay,Germany,Madrid
5805,1753,2022-11-02 01:01:54,pending,credit_card,Canada,Toronto
5806,578,2024-04-23 03:39:07,cancelled,paypal,Germany,Melbourne
5807,615,2024-06-04 19:38:44,shipped,bank_transfer,India,Rome
5808,410,2022-09-08 06:18:39,paid,google_pay,Italy,Paris
5809,835,2023-09-12 10:04:17,shipped,credit_card,Canada,Chicago
5810,509,2024-08-01 21:19:53,pending,apple_pay,Spain,Paris
5811,870,2020-03-06 06:09:55,paid,credit_card,India,Berlin
5812,500,2023-01-29 02:01:49,paid,credit_card,Netherlands,Madrid
5813,229,2022-10-01 03:35:46,paid,apple_pay,Italy,Madrid
5814,1617,2020-12-25 03:04:48,shipped,apple_pay,Italy,Mumbai
5815,1383,2020-06-13 07:52:01,cancelled,apple_pay,India,Berlin
5816,1621,2023-06-23 17:51:54,shipped,credit_card,Australia,London
5817,225,2020-02-27 08:55:59,paid,credit_card,Canada,Los Angeles
5818,503,2023-04-23 18:21:06,cancelled,credit_card,Germany,Vancouver
5819,1052,2022-03-22 22:50:22,refunded,bank_transfer,Spain,Mumbai
5820,1113,2022-06-04 11:01:02,shipped,credit_card,United States,Amsterdam
5821,1917,2022-10-29 00:00:44,shipped,apple_pay,Italy,Chicago
5822,525,2021-04-13 11:30:12,paid,bank_transfer,Australia,Melbourne
5823,1931,2021-11-17 08:10:18,pending,google_pay,Netherlands,New York
5824,1497,2024-12-23 10:26:38,paid,apple_pay,Italy,Mumbai
5825,1740,2023-04-23 20:20:10,paid,apple_pay,Germany,New York
5826,1971,2021-06-06 02:41:32,pending,paypal,United Kingdom,Melbourne
5827,251,2022-04-15 10:45:15,shipped,bank_transfer,Australia,New York
5828,6,2020-12-28 08:17:20,refunded,bank_transfer,Netherlands,Toronto
5829,1374,2020-12-08 22:00:32,shipped,credit_card,France,Amsterdam
5830,1099,2021-12-15 07:50:23,paid,bank_transfer,Canada,Amsterdam
5831,1841,2021-11-30 16:11:55,paid,apple_pay,Canada,Paris
5832,1190,2023-06-21 14:21:07,paid,apple_pay,Germany,Los Angeles
5833,524,2023-06-12 15:35:07,shipped,bank_transfer,Australia,New York
5834,301,2023-01-01 19:45:04,refunded,apple_pay,Canada,Vancouver
5835,1537,2021-05-14 20:26:35,paid,bank_transfer,Italy,London
5836,1204,2021-04-19 11:07:04,paid,credit_card,Australia,Berlin
5837,1421,2024-01-24 07:07:45,paid,paypal,India,Madrid
5838,1424,2021-05-08 23:37:34,shipped,bank_transfer,Australia,Melbourne
5839,476,2022-11-15 09:22:31,paid,paypal,Spain,Chicago
5840,1740,2020-08-14 02:38:01,pending,bank_transfer,United Kingdom,Bangalore
5841,247,2021-04-28 05:18:18,paid,paypal,Spain,Vancouver
5842,891,2022-02-11 10:38:28,cancelled,bank_transfer,United Kingdom,Los Angeles
5843,1870,2021-04-01 09:05:16,refunded,credit_card,Germany,Chicago
5844,124,2021-10-10 14:47:07,shipped,google_pay,Australia,Toronto
5845,688,2023-05-23 10:55:44,paid,bank_transfer,Germany,Paris
5846,1606,2023-06-09 19:49:28,shipped,apple_pay,France,Paris
5847,367,2020-04-29 09:23:21,shipped,credit_card,Canada,Sydney
5848,1504,2024-08-20 07:13:26,paid,credit_card,United States,Rome
5849,1946,2024-09-06 11:43:50,paid,credit_card,Spain,Rome
5850,1348,2021-03-02 14:22:55,shipped,apple_pay,United Kingdom,Melbourne
5851,1339,2023-12-07 14:01:00,paid,paypal,India,Amsterdam
5852,1272,2023-07-17 08:56:30,shipped,paypal,Italy,New York
5853,1100,2024-08-23 18:40:39,paid,paypal,Australia,Rome
5854,1109,2020-03-01 09:46:09,pending,google_pay,United States,Mumbai
5855,745,2023-08-26 03:09:00,refunded,paypal,France,Vancouver
5856,813,2021-03-02 13:06:24,paid,paypal,Spain,Mumbai
5857,327,2021-04-06 14:35:23,paid,apple_pay,France,Sydney
5858,508,2023-06-19 08:41:23,cancelled,apple_pay,Netherlands,Los Angeles
5859,1897,2021-06-24 00:55:56,pending,paypal,United States,Toronto
5860,1677,2021-06-22 21:32:14,refunded,credit_card,Italy,Toronto
5861,1865,2020-08-30 02:27:50,paid,google_pay,United Kingdom,Toronto
5862,1520,2020-11-08 12:27:31,pending,google_pay,Germany,Rome
5863,127,2023-12-08 01:10:26,shipped,apple_pay,Spain,London
5864,1521,2022-06-08 07:12:04,pending,paypal,United States,Chicago
5865,988,2020-10-02 03:42:18,paid,bank_transfer,Netherlands,London
5866,1811,2021-01-21 16:35:33,paid,apple_pay,United States,Mumbai
5867,1958,2023-11-17 18:34:56,cancelled,credit_card,Germany,Amsterdam
5868,388,2022-03-05 09:21:26,cancelled,google_pay,Australia,Rome
5869,60,2022-08-17 07:10:19,paid,apple_pay,United Kingdom,New York
5870,792,2023-11-01 11:50:25,paid,google_pay,Spain,Madrid
5871,540,2023-03-17 02:05:29,pending,paypal,India,Amsterdam
5872,731,2021-05-19 21:08:13,cancelled,paypal,United Kingdom,Paris
5873,1859,2020-10-16 14:25:14,shipped,google_pay,Canada,London
5874,139,2024-10-29 08:42:24,pending,apple_pay,Canada,Amsterdam
5875,1181,2022-08-29 13:29:05,shipped,apple_pay,Canada,Paris
5876,899,2024-11-08 00:48:28,paid,credit_card,United States,Berlin
5877,312,2021-12-21 02:41:40,refunded,credit_card,India,Sydney
5878,1045,2021-06-24 02:31:38,shipped,apple_pay,Australia,Berlin
5879,105,2021-09-12 19:00:57,paid,google_pay,Australia,Mumbai
5880,366,2020-12-05 20:44:17,shipped,paypal,France,Sydney
5881,81,2021-12-27 11:14:01,paid,paypal,Netherlands,Chicago
5882,1953,2021-10-16 07:17:54,paid,google_pay,Australia,Madrid
5883,20,2023-08-15 18:20:14,paid,credit_card,Germany,Madrid
5884,1571,2022-10-18 03:40:25,pending,google_pay,France,New York
5885,334,2020-02-29 04:54:13,pending,bank_transfer,India,Toronto
5886,465,2024-03-27 05:42:46,paid,bank_transfer,Spain,Madrid
5887,70,2021-03-25 15:08:38,paid,paypal,Italy,Los Angeles
5888,1114,2023-11-15 20:41:20,refunded,credit_card,France,Rome
5889,1705,2020-08-08 01:03:50,pending,credit_card,Spain,Vancouver
5890,1450,2021-01-12 17:35:42,shipped,credit_card,France,Vancouver
5891,1727,2024-05-01 01:46:24,shipped,bank_transfer,France,Amsterdam
5892,902,2024-04-22 06:53:54,paid,paypal,Italy,Paris
5893,618,2024-05-21 15:42:30,paid,credit_card,Spain,Melbourne
5894,363,2023-11-07 23:34:43,pending,google_pay,Italy,Toronto
5895,1243,2020-11-12 21:12:47,paid,apple_pay,Germany,Bangalore
5896,1940,2023-04-10 21:35:52,pending,apple_pay,Italy,Toronto
5897,1285,2021-08-05 02:32:58,paid,paypal,Netherlands,Sydney
5898,1633,2022-01-02 23:04:32,pending,google_pay,Netherlands,Toronto
5899,109,2023-03-18 13:40:07,paid,paypal,Germany,Melbourne
5900,188,2020-12-03 15:45:26,shipped,paypal,Netherlands,Vancouver
5901,1848,2022-11-10 04:20:53,shipped,google_pay,Spain,Rome
5902,1200,2020-07-08 17:32:59,cancelled,google_pay,India,Sydney
5903,254,2024-04-18 02:36:53,shipped,paypal,Australia,Sydney
5904,302,2023-02-16 22:27:02,paid,bank_transfer,Netherlands,Toronto
5905,821,2021-05-15 16:55:32,cancelled,apple_pay,Italy,Chicago
5906,652,2022-08-01 15:37:37,paid,paypal,United States,Paris
5907,1016,2021-11-16 01:11:47,paid,google_pay,United Kingdom,Toronto
5908,54,2021-04-30 05:01:00,paid,google_pay,France,Sydney
5909,1871,2020-06-02 14:02:49,paid,credit_card,Italy,New York
5910,1904,2023-05-08 01:53:23,shipped,google_pay,United States,Toronto
5911,1948,2020-11-13 07:35:40,paid,bank_transfer,India,Chicago
5912,128,2022-11-02 08:31:26,shipped,bank_transfer,Canada,Vancouver
5913,620,2020-09-08 19:46:24,shipped,bank_transfer,Italy,Amsterdam
5914,493,2021-10-01 18:12:38,paid,paypal,United States,Los Angeles
5915,397,2022-04-15 03:02:54,paid,credit_card,United Kingdom,Paris
5916,989,2020-12-25 11:31:16,paid,bank_transfer,Australia,Vancouver
5917,1169,2020-06-25 09:46:10,paid,bank_transfer,Canada,Bangalore
5918,751,2022-01-07 14:19:04,refunded,bank_transfer,Germany,Chicago
5919,564,2023-06-10 18:09:55,shipped,paypal,Australia,Los Angeles
5920,1145,2024-02-23 02:03:22,refunded,paypal,United Kingdom,Vancouver
5921,630,2021-01-06 21:18:25,pending,google_pay,United Kingdom,Bangalore
5922,900,2021-12-24 15:09:05,refunded,apple_pay,France,Melbourne
5923,1534,2023-08-03 22:06:52,shipped,apple_pay,France,London
5924,1668,2021-08-13 16:39:24,pending,bank_transfer,Germany,Amsterdam
5925,1834,2022-05-31 13:27:03,shipped,apple_pay,France,Madrid
5926,413,2020-08-30 14:26:14,shipped,credit_card,Netherlands,Sydney
5927,1391,2023-01-23 07:17:22,refunded,google_pay,Italy,New York
5928,538,2020-02-29 17:56:16,paid,paypal,United Kingdom,Chicago
5929,1696,2021-07-28 17:11:34,pending,google_pay,Italy,Vancouver
5930,573,2022-07-08 22:05:39,paid,paypal,United States,Los Angeles
5931,1326,2020-03-25 15:36:30,paid,credit_card,United States,Chicago
5932,1594,2022-03-01 01:38:00,paid,paypal,Netherlands,Los Angeles
5933,1970,2020-09-08 19:43:17,refunded,google_pay,United States,Amsterdam
5934,311,2020-05-13 23:21:58,paid,credit_card,United Kingdom,Vancouver
5935,718,2023-09-03 20:09:41,paid,apple_pay,United Kingdom,Amsterdam
5936,977,2024-09-05 08:11:32,paid,google_pay,Netherlands,Los Angeles
5937,243,2022-04-07 12:13:31,pending,apple_pay,Italy,Paris
5938,71,2023-05-04 23:07:11,refunded,paypal,Canada,Vancouver
5939,234,2022-03-09 19:33:04,refunded,bank_transfer,Germany,Rome
5940,548,2021-04-24 23:54:04,refunded,bank_transfer,United States,Vancouver
5941,1933,2020-04-28 22:36:28,shipped,paypal,Australia,Los Angeles
5942,1588,2021-10-07 05:57:04,refunded,bank_transfer,Canada,Los Angeles
5943,1856,2024-05-04 08:15:51,shipped,credit_card,Germany,Toronto
5944,1942,2024-05-12 01:36:51,paid,credit_card,France,Chicago
5945,39,2023-10-05 09:09:48,shipped,apple_pay,France,Melbourne
5946,1048,2022-11-03 14:11:06,paid,apple_pay,Australia,Rome
5947,531,2022-06-06 14:06:19,refunded,google_pay,Netherlands,Mumbai
5948,1035,2023-01-30 08:13:22,shipped,apple_pay,Australia,Paris
5949,1426,2023-03-23 19:29:09,paid,google_pay,France,Madrid
5950,1004,2023-01-25 19:48:48,pending,apple_pay,United Kingdom,Madrid
5951,260,2024-12-30 19:34:06,cancelled,paypal,Spain,Mumbai
5952,895,2021-04-24 08:27:51,paid,apple_pay,Australia,Melbourne
5953,405,2024-05-20 08:06:53,shipped,google_pay,France,Amsterdam
5954,1474,2023-08-23 17:18:44,paid,bank_transfer,United Kingdom,Amsterdam
5955,1041,2023-04-17 21:04:20,pending,google_pay,France,Paris
5956,158,2020-02-10 14:45:52,refunded,credit_card,Spain,Vancouver
5957,141,2022-06-16 04:06:19,shipped,bank_transfer,France,Paris
5958,1547,2020-12-05 08:36:10,paid,paypal,Italy,Rome
5959,1633,2022-10-04 15:28:35,shipped,paypal,India,Toronto
5960,574,2021-10-05 00:29:24,paid,paypal,United Kingdom,Chicago
5961,1248,2021-01-12 09:03:08,refunded,bank_transfer,Netherlands,Amsterdam
5962,1259,2021-04-17 13:51:46,paid,credit_card,United States,Toronto
5963,139,2023-04-01 13:58:57,paid,paypal,Germany,Mumbai
5964,1585,2022-08-19 04:21:07,shipped,apple_pay,Netherlands,Mumbai
5965,1015,2024-03-22 04:09:58,paid,credit_card,India,Amsterdam
5966,1754,2023-04-10 18:53:44,paid,google_pay,Spain,Vancouver
5967,805,2021-03-28 10:58:50,paid,google_pay,India,Bangalore
5968,1964,2023-10-10 12:42:30,paid,apple_pay,United States,Toronto
5969,157,2022-07-15 06:59:13,pending,bank_transfer,United States,Toronto
5970,1527,2020-08-13 13:49:44,refunded,paypal,France,Melbourne
5971,860,2022-02-11 20:16:47,shipped,apple_pay,United Kingdom,Berlin
5972,1846,2023-05-29 05:29:11,shipped,bank_transfer,India,Toronto
5973,1888,2021-09-02 17:45:54,paid,bank_transfer,France,Vancouver
5974,1600,2022-08-28 00:23:17,paid,apple_pay,Italy,Chicago
5975,716,2020-01-16 00:26:53,pending,credit_card,Spain,Vancouver
5976,1927,2023-05-01 14:32:57,paid,bank_transfer,Germany,Vancouver
5977,1677,2020-03-29 14:25:06,paid,apple_pay,Italy,Vancouver
5978,1390,2024-02-13 23:12:13,paid,credit_card,Italy,Bangalore
5979,1932,2021-09-29 20:41:55,cancelled,paypal,Spain,Sydney
5980,294,2024-12-25 10:12:24,shipped,bank_transfer,United States,Rome
5981,1638,2021-12-27 07:30:42,paid,credit_card,India,London
5982,1092,2020-02-13 07:53:48,pending,credit_card,United States,Rome
5983,1867,2024-02-17 04:39:54,cancelled,credit_card,United States,Bangalore
5984,1166,2022-04-17 17:46:16,paid,google_pay,United States,Chicago
5985,5,2022-12-23 10:28:17,paid,credit_card,France,Amsterdam
5986,536,2020-05-31 14:21:41,shipped,credit_card,Italy,Melbourne
5987,684,2022-09-19 17:48:56,shipped,apple_pay,Germany,Rome
5988,957,2021-06-19 05:48:12,shipped,bank_transfer,United States,Chicago
5989,787,2023-08-16 21:53:18,paid,bank_transfer,Italy,Sydney
5990,124,2021-05-13 22:00:33,refunded,credit_card,Netherlands,Madrid
5991,1125,2023-03-27 01:08:43,shipped,paypal,United Kingdom,Sydney
5992,1489,2021-07-02 23:02:16,cancelled,credit_card,Canada,Sydney
5993,1449,2021-10-30 21:28:39,shipped,bank_transfer,France,Melbourne
5994,659,2022-07-15 16:05:59,shipped,google_pay,United States,Toronto
5995,1698,2022-11-15 00:27:45,paid,paypal,Netherlands,Bangalore
5996,840,2022-10-20 03:46:56,shipped,credit_card,Germany,Rome
5997,808,2021-11-30 05:41:50,paid,apple_pay,France,Rome
5998,141,2021-07-27 10:40:37,paid,credit_card,United States,Rome
5999,845,2021-08-06 06:01:31,shipped,paypal,Canada,Los Angeles
6000,364,2021-11-03 10:14:22,paid,bank_transfer,Canada,Berlin
6001,1178,2023-10-25 11:21:10,refunded,google_pay,Italy,Mumbai
6002,413,2021-05-08 21:32:17,shipped,google_pay,India,Bangalore
6003,663,2022-07-25 20:47:02,pending,apple_pay,France,London
6004,930,2020-07-24 19:41:42,refunded,paypal,Italy,Rome
6005,1618,2020-06-06 18:35:53,pending,bank_transfer,Australia,Madrid
6006,1390,2024-05-25 22:15:07,shipped,google_pay,United States,London
6007,1179,2021-09-02 15:21:35,paid,apple_pay,Australia,Melbourne
6008,109,2020-09-19 04:22:59,paid,paypal,United Kingdom,Melbourne
6009,1415,2024-12-22 14:46:57,paid,apple_pay,Spain,London
6010,1453,2020-12-27 10:34:58,paid,google_pay,Canada,Mumbai
6011,1521,2024-08-24 16:40:59,shipped,google_pay,Canada,Amsterdam
6012,1441,2023-09-19 09:53:17,paid,bank_transfer,Italy,Toronto
6013,536,2023-03-16 21:20:23,pending,google_pay,Italy,Paris
6014,1376,2020-08-30 21:23:41,paid,google_pay,Italy,New York
6015,909,2020-05-25 01:07:38,shipped,apple_pay,Netherlands,Vancouver
6016,987,2020-03-21 22:53:21,paid,google_pay,Netherlands,New York
6017,1156,2021-12-31 23:55:16,paid,bank_transfer,United States,Los Angeles
6018,828,2020-12-25 20:40:13,pending,bank_transfer,Spain,Bangalore
6019,553,2024-05-15 19:39:26,shipped,credit_card,United Kingdom,Berlin
6020,791,2024-08-16 21:11:30,shipped,apple_pay,France,Rome
6021,1714,2020-07-16 05:03:43,shipped,apple_pay,India,Los Angeles
6022,561,2020-10-30 01:12:02,paid,bank_transfer,France,Bangalore
6023,606,2023-01-20 23:36:41,shipped,apple_pay,Canada,London
6024,731,2020-05-11 08:14:02,shipped,bank_transfer,France,Toronto
6025,1038,2020-09-25 12:27:37,paid,credit_card,France,Rome
6026,1070,2021-05-02 00:27:56,pending,credit_card,Germany,Sydney
6027,1474,2023-10-08 05:54:40,shipped,bank_transfer,Germany,Mumbai
6028,1390,2023-05-12 19:41:14,shipped,credit_card,Netherlands,Sydney
6029,1623,2022-09-12 06:14:19,shipped,google_pay,United Kingdom,Melbourne
6030,1514,2024-03-29 10:23:02,shipped,paypal,United States,Vancouver
6031,1185,2024-04-20 15:37:28,shipped,credit_card,United Kingdom,New York
6032,344,2024-08-12 17:24:42,shipped,credit_card,Germany,Berlin
6033,729,2024-01-25 08:46:39,paid,paypal,India,Amsterdam
6034,860,2023-01-24 14:32:30,paid,credit_card,Germany,Mumbai
6035,643,2020-11-28 20:55:58,paid,credit_card,United States,Rome
6036,1131,2020-01-22 00:47:03,shipped,credit_card,United States,Chicago
6037,74,2023-02-10 01:22:24,paid,paypal,Australia,New York
6038,867,2023-08-29 17:38:21,pending,bank_transfer,Netherlands,Madrid
6039,1412,2024-06-06 21:42:18,paid,bank_transfer,United States,Sydney
6040,598,2022-03-21 01:22:27,paid,paypal,Germany,Toronto
6041,881,2023-03-13 10:04:14,paid,credit_card,Netherlands,Vancouver
6042,1137,2023-10-14 04:49:44,paid,google_pay,Netherlands,Sydney
6043,212,2022-12-13 10:04:24,paid,google_pay,United States,Los Angeles
6044,919,2021-07-16 23:15:18,cancelled,bank_transfer,Spain,Los Angeles
6045,790,2022-09-22 10:57:34,paid,bank_transfer,Italy,Toronto
6046,178,2021-10-15 22:00:17,paid,paypal,India,Toronto
6047,1457,2021-06-17 13:48:48,shipped,apple_pay,United Kingdom,London
6048,475,2024-06-05 05:17:05,paid,apple_pay,France,Madrid
6049,1651,2020-07-07 10:00:04,cancelled,google_pay,United States,Los Angeles
6050,914,2024-08-02 11:58:42,shipped,credit_card,Spain,Madrid
6051,1773,2024-08-22 11:25:22,refunded,apple_pay,Canada,Melbourne
6052,1830,2024-12-28 03:10:10,refunded,apple_pay,Italy,Berlin
6053,272,2024-12-04 01:44:52,paid,bank_transfer,Netherlands,New York
6054,1020,2021-03-21 00:58:29,shipped,apple_pay,United States,Madrid
6055,866,2022-03-21 12:17:53,paid,paypal,Spain,Berlin
6056,723,2023-01-24 18:45:56,shipped,paypal,France,Vancouver
6057,429,2021-01-03 23:29:00,pending,credit_card,Italy,Bangalore
6058,403,2023-08-04 00:18:02,shipped,bank_transfer,India,Sydney
6059,582,2023-08-11 14:21:26,refunded,apple_pay,Spain,Chicago
6060,1435,2020-05-06 21:53:24,shipped,apple_pay,Canada,London
6061,1153,2022-05-05 17:00:49,pending,paypal,United States,Vancouver
6062,184,2022-04-30 09:56:11,shipped,apple_pay,Netherlands,Madrid
6063,665,2023-01-19 00:30:16,paid,bank_transfer,Italy,Toronto
6064,1952,2024-02-17 09:44:10,shipped,apple_pay,Spain,Amsterdam
6065,945,2020-01-17 11:24:38,pending,apple_pay,France,Bangalore
6066,1519,2020-07-07 13:41:16,cancelled,paypal,Canada,Mumbai
6067,346,2024-05-12 12:17:47,paid,google_pay,India,Melbourne
6068,1086,2020-10-14 02:46:47,paid,google_pay,Italy,Berlin
6069,1626,2022-10-25 00:54:56,paid,credit_card,France,Bangalore
6070,1132,2022-11-26 02:34:59,shipped,apple_pay,United States,Vancouver
6071,847,2024-12-29 08:53:46,paid,bank_transfer,India,London
6072,1998,2021-10-07 21:44:30,paid,apple_pay,Australia,Mumbai
6073,1898,2024-12-27 19:07:10,paid,credit_card,Germany,Berlin
6074,1252,2022-11-25 19:35:21,cancelled,bank_transfer,Netherlands,Bangalore
6075,745,2021-07-21 16:24:50,paid,google_pay,Netherlands,London
6076,713,2023-10-12 12:15:09,shipped,google_pay,United States,Madrid
6077,1769,2022-02-02 12:42:34,shipped,credit_card,Australia,Amsterdam
6078,1288,2022-02-18 13:05:51,paid,credit_card,Germany,Mumbai
6079,1408,2023-08-02 22:14:29,paid,google_pay,Canada,Berlin
6080,294,2022-12-03 12:52:28,paid,paypal,Germany,Paris
6081,47,2024-11-08 04:21:48,shipped,apple_pay,Italy,Toronto
6082,479,2024-01-28 04:53:44,refunded,apple_pay,Australia,Mumbai
6083,796,2020-05-07 01:18:51,paid,credit_card,Canada,Rome
6084,1917,2021-10-10 06:58:36,paid,credit_card,Canada,Melbourne
6085,1488,2020-02-28 00:21:07,shipped,google_pay,France,Mumbai
6086,1730,2021-10-19 14:59:49,paid,apple_pay,United Kingdom,Chicago
6087,485,2021-07-19 14:05:02,shipped,bank_transfer,Germany,Madrid
6088,684,2022-12-08 18:22:01,paid,bank_transfer,United Kingdom,Los Angeles
6089,176,2021-12-02 00:38:18,pending,credit_card,Italy,Melbourne
6090,1866,2023-05-03 01:57:09,shipped,google_pay,Germany,Bangalore
6091,361,2024-08-17 12:02:18,shipped,apple_pay,Germany,Los Angeles
6092,1023,2021-10-04 11:32:44,paid,google_pay,Canada,Chicago
6093,1120,2020-04-19 17:42:56,pending,google_pay,France,Chicago
6094,1692,2020-11-19 20:02:22,shipped,bank_transfer,India,London
6095,253,2022-06-04 16:27:54,shipped,apple_pay,Canada,Sydney
6096,1952,2023-08-13 22:16:12,pending,credit_card,Germany,Melbourne
6097,187,2020-05-09 09:10:54,shipped,bank_transfer,Germany,Sydney
6098,28,2021-07-23 09:16:58,cancelled,credit_card,Italy,Toronto
6099,1069,2021-02-15 09:50:51,shipped,google_pay,United States,New York
6100,1753,2024-12-13 15:05:27,pending,credit_card,Italy,Mumbai
6101,1760,2023-09-22 19:54:35,paid,bank_transfer,Germany,Madrid
6102,980,2021-11-09 07:02:10,refunded,credit_card,United Kingdom,Amsterdam
6103,266,2020-07-10 20:20:48,paid,google_pay,India,Mumbai
6104,86,2023-10-16 20:11:46,shipped,paypal,United States,Vancouver
6105,1027,2023-11-03 13:42:41,shipped,apple_pay,Canada,London
6106,888,2023-07-23 20:52:10,shipped,google_pay,Australia,Paris
6107,393,2020-07-06 06:29:22,paid,google_pay,United States,Madrid
6108,1970,2021-09-29 09:49:41,shipped,google_pay,Italy,Berlin
6109,813,2022-12-10 01:21:03,pending,credit_card,Australia,Toronto
6110,128,2023-06-12 10:39:18,shipped,credit_card,Germany,Amsterdam
6111,1461,2023-04-18 01:26:50,shipped,paypal,India,Chicago
6112,1532,2023-03-13 03:11:13,paid,paypal,United States,Toronto
6113,424,2021-11-03 04:05:07,cancelled,credit_card,India,Mumbai
6114,1722,2022-01-28 12:01:39,shipped,google_pay,Netherlands,Paris
6115,1240,2024-12-18 12:05:09,paid,google_pay,Italy,London
6116,566,2020-04-09 06:36:53,shipped,paypal,Canada,Vancouver
6117,1638,2023-02-11 04:57:29,cancelled,google_pay,India,Bangalore
6118,1227,2022-02-13 13:46:00,paid,bank_transfer,Netherlands,Vancouver
6119,1016,2023-10-24 01:46:12,paid,paypal,Canada,Los Angeles
6120,1428,2022-07-05 00:17:27,shipped,apple_pay,United States,New York
6121,442,2024-08-29 21:45:16,paid,paypal,United States,Rome
6122,1773,2022-06-05 09:20:40,paid,bank_transfer,United States,Rome
6123,489,2022-05-16 04:32:40,paid,credit_card,Italy,London
6124,1477,2020-01-09 20:05:25,paid,apple_pay,Australia,Melbourne
6125,538,2022-11-05 22:51:37,paid,google_pay,United States,London
6126,437,2021-02-12 20:26:16,refunded,credit_card,Germany,Los Angeles
6127,353,2023-05-20 10:30:43,paid,paypal,India,Paris
6128,1432,2024-01-18 23:11:20,shipped,paypal,Australia,Bangalore
6129,353,2021-12-24 18:43:09,paid,paypal,France,Madrid
6130,796,2024-05-20 15:18:46,paid,credit_card,India,Sydney
6131,145,2023-06-05 21:32:00,shipped,apple_pay,Australia,Los Angeles
6132,1844,2023-10-13 15:10:20,shipped,credit_card,France,London
6133,1883,2023-06-14 11:30:21,pending,bank_transfer,United Kingdom,Madrid
6134,1489,2022-03-09 07:47:01,paid,bank_transfer,Australia,Madrid
6135,1302,2020-10-22 02:59:04,shipped,google_pay,United Kingdom,Mumbai
6136,376,2020-02-20 02:19:18,paid,google_pay,France,Paris
6137,1992,2024-10-30 19:21:17,paid,credit_card,Netherlands,Madrid
6138,1440,2024-11-02 15:38:32,cancelled,google_pay,United States,Los Angeles
6139,1039,2020-12-02 14:55:58,refunded,google_pay,United States,Toronto
6140,104,2022-11-28 10:05:40,shipped,paypal,Spain,Sydney
6141,1881,2021-06-02 07:12:39,cancelled,google_pay,United Kingdom,New York
6142,848,2023-08-21 21:00:24,refunded,google_pay,France,Toronto
6143,1062,2024-04-25 06:18:15,pending,credit_card,India,New York
6144,847,2021-05-08 13:36:48,paid,google_pay,France,Melbourne
6145,339,2021-05-11 04:36:34,shipped,apple_pay,Netherlands,Melbourne
6146,1528,2022-02-11 08:11:57,shipped,google_pay,Netherlands,Mumbai
6147,1876,2020-05-09 23:07:31,paid,apple_pay,Canada,Paris
6148,447,2021-08-30 17:39:29,paid,paypal,Germany,Berlin
6149,707,2020-01-13 05:38:09,shipped,bank_transfer,Italy,Madrid
6150,578,2023-02-16 07:52:31,paid,apple_pay,Germany,Bangalore
6151,1941,2024-07-08 14:08:28,shipped,paypal,Germany,Los Angeles
6152,512,2022-01-13 16:51:14,shipped,google_pay,United States,Los Angeles
6153,359,2022-07-25 08:31:21,shipped,bank_transfer,Italy,Rome
6154,214,2024-06-22 02:42:17,paid,apple_pay,United Kingdom,Paris
6155,1452,2024-03-19 03:07:41,pending,paypal,Germany,Vancouver
6156,560,2022-04-11 06:19:18,paid,bank_transfer,India,Rome
6157,1831,2021-01-06 17:06:00,pending,google_pay,India,London
6158,1160,2020-03-12 07:43:14,cancelled,credit_card,Canada,New York
6159,1757,2021-08-07 03:30:56,pending,google_pay,United Kingdom,Los Angeles
6160,797,2024-06-14 04:56:55,paid,bank_transfer,Netherlands,Amsterdam
6161,639,2021-12-03 04:01:19,paid,credit_card,United Kingdom,Vancouver
6162,1350,2020-03-26 11:26:20,paid,apple_pay,United Kingdom,Mumbai
6163,879,2023-11-22 00:25:23,shipped,apple_pay,United States,Los Angeles
6164,288,2020-12-12 03:02:04,refunded,bank_transfer,Spain,Melbourne
6165,137,2020-09-29 02:11:39,cancelled,apple_pay,Netherlands,Los Angeles
6166,10,2022-12-05 09:51:35,shipped,bank_transfer,India,Berlin
6167,248,2024-04-06 10:27:00,paid,paypal,Spain,Vancouver
6168,1915,2021-10-15 13:43:30,paid,google_pay,Netherlands,Madrid
6169,834,2020-08-29 00:36:47,paid,apple_pay,Australia,Amsterdam
6170,1222,2020-06-08 22:53:09,paid,apple_pay,Germany,Chicago
6171,1601,2021-07-20 18:58:05,paid,google_pay,Italy,Vancouver
6172,772,2021-01-19 16:01:32,shipped,credit_card,Netherlands,Berlin
6173,24,2023-01-09 01:57:09,refunded,bank_transfer,Australia,London
6174,1182,2022-01-05 18:38:55,shipped,paypal,United States,Rome
6175,1512,2021-04-22 10:17:42,cancelled,paypal,Australia,Rome
6176,1972,2020-08-29 23:13:20,shipped,paypal,India,Berlin
6177,664,2024-02-15 17:02:29,shipped,paypal,Australia,Chicago
6178,1372,2021-04-28 13:55:08,shipped,google_pay,Italy,Mumbai
6179,1741,2022-07-29 10:06:03,paid,google_pay,Australia,Vancouver
6180,913,2021-07-23 20:58:23,paid,credit_card,India,Rome
6181,594,2024-12-14 05:46:58,paid,apple_pay,Germany,New York
6182,1449,2020-12-12 04:36:18,pending,apple_pay,Canada,Mumbai
6183,1158,2020-02-03 17:49:54,paid,paypal,France,New York
6184,1841,2022-11-18 21:28:34,pending,google_pay,Germany,Chicago
6185,372,2021-10-02 14:21:14,pending,google_pay,United States,Madrid
6186,1464,2022-02-10 17:26:58,shipped,apple_pay,United States,Toronto
6187,1327,2020-06-24 11:13:19,paid,credit_card,Spain,Toronto
6188,30,2024-08-25 07:53:02,paid,apple_pay,United Kingdom,Paris
6189,600,2024-08-24 19:59:30,paid,credit_card,Canada,Rome
6190,413,2022-05-25 08:23:02,paid,bank_transfer,United States,Chicago
6191,1142,2024-08-17 23:13:16,paid,credit_card,United States,Madrid
6192,743,2022-04-18 17:27:51,paid,bank_transfer,France,Paris
6193,384,2023-10-20 05:43:22,shipped,paypal,Australia,New York
6194,1493,2023-11-10 10:38:36,cancelled,paypal,Spain,Amsterdam
6195,1843,2020-04-09 03:48:55,paid,bank_transfer,Canada,Berlin
6196,791,2022-02-11 15:54:44,paid,credit_card,Australia,Rome
6197,1738,2023-02-23 23:31:14,paid,bank_transfer,France,Rome
6198,1511,2024-04-04 05:47:38,shipped,apple_pay,United Kingdom,Mumbai
6199,1686,2023-09-13 16:33:41,shipped,paypal,France,Amsterdam
6200,682,2024-09-27 15:39:27,shipped,paypal,France,Madrid
6201,632,2021-11-13 16:35:58,cancelled,apple_pay,United Kingdom,Sydney
6202,879,2022-04-26 10:22:40,cancelled,credit_card,United States,New York
6203,1366,2022-12-28 14:11:40,paid,bank_transfer,United States,Melbourne
6204,929,2023-11-28 19:35:54,cancelled,paypal,United Kingdom,Vancouver
6205,1707,2024-08-02 08:44:03,paid,bank_transfer,Germany,Madrid
6206,1019,2022-06-26 06:12:21,paid,paypal,Australia,Madrid
6207,485,2020-11-28 19:27:52,shipped,google_pay,India,Los Angeles
6208,1532,2021-04-13 20:40:58,paid,paypal,India,Mumbai
6209,1111,2022-06-27 16:00:57,paid,bank_transfer,France,Sydney
6210,1002,2023-02-02 01:44:54,refunded,credit_card,United Kingdom,Melbourne
6211,1185,2024-03-02 02:47:37,shipped,apple_pay,United Kingdom,Mumbai
6212,497,2024-02-13 17:00:46,shipped,apple_pay,Germany,Bangalore
6213,116,2024-12-19 07:51:16,shipped,credit_card,Spain,Berlin
6214,864,2024-03-31 03:14:41,refunded,paypal,Germany,Berlin
6215,1419,2022-05-01 04:35:02,paid,google_pay,Canada,Berlin
6216,181,2020-06-25 15:13:31,paid,apple_pay,Australia,Melbourne
6217,369,2023-07-08 00:55:58,pending,google_pay,Spain,Vancouver
6218,93,2023-09-18 08:35:44,shipped,google_pay,Spain,Paris
6219,1219,2021-10-24 03:21:33,paid,apple_pay,United Kingdom,Mumbai
6220,1584,2023-01-22 05:47:54,shipped,google_pay,Germany,Melbourne
6221,200,2020-03-29 23:54:38,pending,apple_pay,Germany,Madrid
6222,1601,2021-09-03 16:49:42,cancelled,apple_pay,France,Madrid
6223,1441,2024-09-29 21:48:45,paid,credit_card,Netherlands,Bangalore
6224,1772,2021-03-22 13:24:35,paid,credit_card,Australia,Vancouver
6225,1913,2024-02-19 02:20:38,cancelled,bank_transfer,Netherlands,Vancouver
6226,466,2021-01-18 19:38:34,paid,apple_pay,United Kingdom,Rome
6227,594,2021-09-27 05:00:00,cancelled,bank_transfer,Germany,Melbourne
6228,1545,2020-11-03 03:17:15,paid,credit_card,Italy,Los Angeles
6229,1292,2022-06-30 12:52:57,paid,google_pay,Australia,Madrid
6230,1128,2022-11-09 02:55:47,paid,bank_transfer,Australia,Mumbai
6231,800,2024-09-04 04:50:39,paid,google_pay,Netherlands,Madrid
6232,875,2020-03-08 03:53:12,refunded,credit_card,Australia,Vancouver
6233,1891,2021-02-28 05:05:56,shipped,paypal,France,Melbourne
6234,781,2022-06-18 18:03:10,pending,apple_pay,France,Rome
6235,562,2020-03-28 23:39:05,paid,credit_card,Spain,New York
6236,1510,2022-06-30 22:28:53,shipped,google_pay,United States,New York
6237,238,2021-10-03 07:35:02,shipped,apple_pay,India,Berlin
6238,692,2023-11-04 23:11:11,shipped,google_pay,United States,Toronto
6239,808,2022-09-09 16:25:16,shipped,credit_card,Australia,London
6240,1102,2020-03-14 10:59:59,paid,bank_transfer,Spain,Amsterdam
6241,206,2020-03-09 22:56:23,shipped,paypal,United States,Paris
6242,648,2022-09-11 14:23:23,shipped,paypal,United States,Berlin
6243,407,2023-02-27 07:15:14,shipped,paypal,India,Los Angeles
6244,866,2020-09-02 23:53:20,paid,apple_pay,Australia,Vancouver
6245,1507,2021-12-26 08:19:10,shipped,apple_pay,Australia,London
6246,599,2021-05-14 05:01:48,paid,paypal,Spain,New York
6247,1273,2021-02-13 10:15:49,paid,google_pay,Canada,Toronto
6248,1074,2020-09-07 23:08:53,refunded,apple_pay,Netherlands,London
6249,870,2023-08-12 00:36:49,pending,apple_pay,France,Berlin
6250,715,2023-11-30 00:30:52,shipped,paypal,Italy,New York
6251,1752,2020-09-28 05:22:03,paid,credit_card,France,Rome
6252,1746,2020-09-07 14:01:39,shipped,paypal,Spain,Paris
6253,1696,2020-09-12 15:17:53,shipped,credit_card,United Kingdom,Berlin
6254,854,2024-01-06 19:12:31,shipped,google_pay,United States,Los Angeles
6255,678,2023-11-17 02:32:02,refunded,credit_card,Germany,Madrid
6256,1256,2020-07-15 23:11:06,paid,apple_pay,Germany,London
6257,912,2022-01-09 16:42:53,refunded,apple_pay,Spain,Melbourne
6258,1470,2023-04-07 20:19:18,paid,bank_transfer,United States,Rome
6259,1645,2021-11-16 23:34:20,paid,paypal,United Kingdom,Vancouver
6260,878,2022-04-19 16:01:27,cancelled,google_pay,Australia,Vancouver
6261,702,2020-07-11 13:21:23,paid,apple_pay,France,Bangalore
6262,1158,2022-11-05 04:11:03,paid,apple_pay,United Kingdom,Vancouver
6263,746,2020-10-18 07:17:18,refunded,credit_card,Canada,New York
6264,1305,2023-06-25 03:28:53,paid,google_pay,Australia,New York
6265,36,2023-08-25 10:42:26,shipped,credit_card,Germany,Sydney
6266,1858,2021-05-06 20:31:05,paid,credit_card,Germany,Sydney
6267,1635,2022-05-23 20:56:14,cancelled,apple_pay,Germany,Berlin
6268,1944,2020-04-02 15:29:58,shipped,bank_transfer,Netherlands,Madrid
6269,1,2024-08-03 09:06:29,pending,paypal,France,London
6270,1100,2024-02-03 04:18:41,shipped,credit_card,Australia,Vancouver
6271,532,2022-04-01 06:09:27,paid,credit_card,India,Sydney
6272,1289,2023-12-26 10:13:43,pending,paypal,Germany,Mumbai
6273,1649,2022-06-12 04:07:03,paid,credit_card,Germany,Vancouver
6274,1652,2022-03-21 14:47:55,paid,credit_card,Germany,Vancouver
6275,947,2022-06-21 19:29:48,refunded,google_pay,United Kingdom,New York
6276,641,2024-01-26 21:08:55,paid,bank_transfer,India,Berlin
6277,461,2021-11-11 06:49:26,refunded,credit_card,France,London
6278,1688,2022-01-31 00:55:20,shipped,google_pay,United Kingdom,Madrid
6279,1852,2023-03-31 09:39:52,paid,paypal,United States,Toronto
6280,1418,2023-12-17 10:57:51,cancelled,google_pay,Italy,London
6281,1497,2020-06-18 05:19:21,paid,google_pay,Italy,Rome
6282,973,2023-07-03 11:01:25,paid,paypal,United Kingdom,Paris
6283,874,2023-06-19 18:44:26,paid,bank_transfer,India,Bangalore
6284,993,2024-07-15 04:48:19,paid,google_pay,United Kingdom,Chicago
6285,618,2020-05-31 12:20:31,shipped,apple_pay,Netherlands,Sydney
6286,1978,2020-06-26 07:30:20,shipped,bank_transfer,Netherlands,Madrid
6287,62,2020-11-16 22:02:33,refunded,apple_pay,Spain,Toronto
6288,1561,2024-07-19 20:56:54,shipped,google_pay,United Kingdom,Melbourne
6289,1238,2022-05-30 11:57:16,shipped,google_pay,United States,Toronto
6290,1858,2020-09-18 21:47:38,paid,paypal,Germany,Sydney
6291,406,2024-03-06 15:25:24,paid,apple_pay,Australia,Mumbai
6292,1568,2023-10-10 08:51:08,cancelled,bank_transfer,Netherlands,Paris
6293,804,2020-01-20 01:47:45,shipped,bank_transfer,Canada,Berlin
6294,1624,2021-10-10 19:53:30,shipped,credit_card,United Kingdom,Melbourne
6295,1833,2023-10-08 15:40:51,paid,apple_pay,Germany,Los Angeles
6296,1386,2022-03-07 13:43:15,shipped,google_pay,Canada,Melbourne
6297,1365,2021-04-06 20:23:01,paid,apple_pay,Spain,Toronto
6298,1398,2024-03-17 08:30:06,shipped,paypal,Netherlands,Chicago
6299,908,2020-12-28 04:55:23,paid,paypal,Italy,Sydney
6300,1957,2023-03-19 10:09:12,refunded,bank_transfer,United Kingdom,Bangalore
6301,1752,2024-02-13 01:20:47,paid,paypal,France,Melbourne
6302,1381,2024-04-05 05:34:40,paid,paypal,Spain,Vancouver
6303,782,2023-08-16 02:41:50,shipped,credit_card,Spain,Berlin
6304,667,2024-08-03 18:53:48,refunded,google_pay,Italy,Amsterdam
6305,1093,2022-08-29 06:31:12,paid,google_pay,France,Los Angeles
6306,491,2020-11-30 03:26:09,cancelled,bank_transfer,United States,New York
6307,607,2021-04-10 21:46:57,paid,apple_pay,Spain,New York
6308,1247,2021-11-01 16:18:21,cancelled,credit_card,United States,Chicago
6309,896,2023-04-11 03:16:56,paid,google_pay,Germany,Melbourne
6310,245,2021-08-12 20:07:07,refunded,apple_pay,France,Melbourne
6311,468,2023-04-06 16:18:23,refunded,bank_transfer,India,Amsterdam
6312,1377,2022-11-10 11:15:34,paid,paypal,Australia,Mumbai
6313,668,2020-12-14 12:43:51,pending,paypal,Italy,New York
6314,1641,2020-07-12 23:25:46,paid,credit_card,Spain,Amsterdam
6315,422,2024-12-07 08:07:43,cancelled,credit_card,India,Bangalore
6316,391,2023-07-08 11:56:32,paid,bank_transfer,Germany,London
6317,1394,2020-06-27 02:37:54,shipped,bank_transfer,Canada,London
6318,1032,2022-09-05 15:10:38,refunded,google_pay,India,London
6319,812,2023-11-23 21:55:25,shipped,credit_card,Canada,Rome
6320,604,2021-04-01 13:15:12,paid,paypal,United States,New York
6321,82,2023-10-28 19:50:19,paid,apple_pay,France,Paris
6322,686,2023-07-12 01:51:32,refunded,credit_card,India,Paris
6323,1526,2023-05-26 19:32:20,paid,credit_card,United States,Vancouver
6324,1304,2024-04-13 19:03:17,paid,paypal,United States,Mumbai
6325,70,2021-10-13 01:29:58,paid,google_pay,India,New York
6326,1388,2023-05-21 19:32:06,shipped,apple_pay,India,Bangalore
6327,1999,2021-03-23 13:50:40,cancelled,paypal,Spain,Vancouver
6328,711,2024-05-14 01:23:59,paid,google_pay,India,Bangalore
6329,1090,2023-07-28 19:13:37,pending,google_pay,Spain,Rome
6330,350,2022-11-09 00:31:29,paid,bank_transfer,United Kingdom,Bangalore
6331,777,2024-01-07 16:52:12,pending,paypal,Australia,Chicago
6332,1620,2021-08-02 15:24:45,shipped,apple_pay,Australia,Rome
6333,1203,2022-02-05 17:45:36,shipped,apple_pay,France,Madrid
6334,1433,2023-02-17 18:36:09,shipped,apple_pay,Canada,New York
6335,191,2024-08-13 13:41:30,paid,paypal,France,Bangalore
6336,1981,2023-06-21 23:39:36,paid,google_pay,Canada,London
6337,231,2023-02-12 00:20:58,pending,apple_pay,United States,Melbourne
6338,1657,2022-04-15 09:32:02,paid,credit_card,Italy,Melbourne
6339,837,2020-06-30 05:15:36,pending,apple_pay,United Kingdom,Berlin
6340,997,2020-09-30 03:29:37,shipped,google_pay,Italy,Berlin
6341,793,2024-06-19 01:14:32,paid,paypal,Italy,Berlin
6342,493,2022-01-06 10:20:22,paid,credit_card,United Kingdom,Los Angeles
6343,1675,2023-09-26 12:37:58,paid,apple_pay,Germany,Vancouver
6344,397,2024-04-17 03:26:00,refunded,bank_transfer,Spain,Amsterdam
6345,892,2023-03-03 15:55:41,paid,paypal,India,Bangalore
6346,1556,2020-02-11 11:54:10,paid,paypal,Australia,Paris
6347,1299,2021-11-01 06:53:35,shipped,apple_pay,Italy,Los Angeles
6348,1804,2021-11-24 08:16:39,shipped,apple_pay,Australia,Madrid
6349,1274,2021-09-09 00:27:48,cancelled,apple_pay,Germany,London
6350,1760,2020-02-03 01:15:12,paid,credit_card,India,Rome
6351,1071,2022-03-28 11:51:00,paid,apple_pay,United States,Los Angeles
6352,1836,2023-01-12 01:32:16,pending,google_pay,United Kingdom,Madrid
6353,671,2020-04-22 10:05:28,cancelled,bank_transfer,United Kingdom,Amsterdam
6354,923,2024-04-12 11:06:11,cancelled,bank_transfer,France,Paris
6355,1696,2020-01-31 14:38:03,paid,credit_card,Spain,Bangalore
6356,1442,2024-08-10 11:31:34,shipped,google_pay,United Kingdom,Paris
6357,373,2024-01-31 10:39:18,paid,credit_card,United States,Berlin
6358,1818,2020-07-11 02:50:08,paid,paypal,Spain,Amsterdam
6359,1850,2020-10-11 05:20:52,paid,google_pay,Netherlands,Madrid
6360,1457,2021-05-29 06:32:00,shipped,apple_pay,India,Vancouver
6361,1729,2022-12-22 07:44:45,refunded,credit_card,Spain,New York
6362,747,2023-08-05 12:25:48,paid,credit_card,United Kingdom,Vancouver
6363,116,2023-10-06 00:37:21,paid,bank_transfer,Spain,Madrid
6364,1341,2021-02-25 06:26:27,pending,google_pay,Germany,Mumbai
6365,774,2024-08-30 00:54:10,paid,credit_card,Canada,Bangalore
6366,455,2024-05-22 15:21:09,shipped,google_pay,Australia,New York
6367,515,2021-08-17 16:24:20,paid,credit_card,India,Sydney
6368,618,2021-03-01 12:58:05,shipped,google_pay,Italy,New York
6369,403,2022-01-05 17:07:21,pending,paypal,India,Chicago
6370,471,2024-05-20 17:21:27,paid,apple_pay,Italy,Madrid
6371,1150,2023-11-16 01:51:43,paid,credit_card,Australia,Mumbai
6372,1911,2022-03-31 00:10:35,shipped,bank_transfer,Australia,Amsterdam
6373,1851,2023-11-29 16:02:11,paid,google_pay,Canada,Paris
6374,94,2021-04-11 06:32:39,pending,apple_pay,Italy,Berlin
6375,725,2022-07-16 03:41:26,pending,google_pay,United Kingdom,Los Angeles
6376,333,2023-04-15 18:16:29,paid,bank_transfer,Spain,Toronto
6377,978,2021-09-08 20:30:16,shipped,apple_pay,Netherlands,Mumbai
6378,1632,2020-09-01 06:56:20,paid,apple_pay,Italy,Mumbai
6379,1822,2021-12-15 16:00:06,paid,apple_pay,India,Vancouver
6380,738,2021-09-13 14:37:16,shipped,bank_transfer,United Kingdom,Madrid
6381,1882,2020-06-22 00:46:49,shipped,paypal,United States,Bangalore
6382,1470,2021-09-19 01:56:02,shipped,paypal,United Kingdom,London
6383,1702,2022-06-01 18:10:31,shipped,paypal,Canada,Melbourne
6384,1328,2023-10-28 15:21:43,cancelled,google_pay,Spain,Mumbai
6385,1973,2023-05-31 18:40:57,cancelled,bank_transfer,Spain,Los Angeles
6386,228,2020-01-26 12:52:53,shipped,apple_pay,Canada,Rome
6387,1750,2022-12-18 11:27:15,pending,apple_pay,United States,Rome
6388,954,2023-04-11 08:40:40,cancelled,credit_card,United States,Sydney
6389,791,2024-02-03 08:30:24,shipped,credit_card,Italy,Rome
6390,279,2020-05-22 07:40:17,paid,bank_transfer,Germany,New York
6391,1375,2020-10-25 01:12:16,shipped,bank_transfer,France,Madrid
6392,1023,2020-09-01 21:15:33,cancelled,paypal,Spain,Toronto
6393,879,2022-03-07 16:35:43,shipped,paypal,Australia,Bangalore
6394,940,2020-11-08 23:15:28,refunded,bank_transfer,France,Berlin
6395,1220,2023-08-08 06:14:41,cancelled,apple_pay,United Kingdom,Bangalore
6396,1362,2021-01-25 01:00:22,paid,apple_pay,Italy,Toronto
6397,782,2022-09-14 02:56:06,paid,paypal,Germany,Melbourne
6398,96,2020-06-19 21:14:42,paid,paypal,India,Vancouver
6399,361,2020-10-29 07:47:58,pending,apple_pay,Netherlands,Rome
6400,651,2021-01-16 10:30:09,shipped,google_pay,Germany,London
6401,1341,2023-07-13 06:58:38,shipped,apple_pay,Italy,Madrid
6402,304,2024-01-06 03:16:26,shipped,paypal,Germany,Rome
6403,615,2022-07-01 04:03:23,paid,apple_pay,Italy,Amsterdam
6404,19,2021-07-10 20:11:44,paid,apple_pay,United States,Chicago
6405,482,2023-01-12 01:02:58,paid,credit_card,France,Paris
6406,1868,2024-11-24 16:38:32,paid,apple_pay,United Kingdom,Rome
6407,1928,2023-07-30 10:23:14,shipped,apple_pay,Germany,Vancouver
6408,475,2023-11-10 18:51:45,shipped,paypal,United States,Amsterdam
6409,1304,2022-04-14 10:27:52,pending,credit_card,United Kingdom,Madrid
6410,1574,2024-05-27 21:48:55,paid,bank_transfer,Canada,Paris
6411,1470,2020-12-29 17:56:34,paid,paypal,United Kingdom,Vancouver
6412,1659,2023-06-27 23:55:02,paid,credit_card,France,Los Angeles
6413,1737,2020-09-29 01:04:52,paid,google_pay,Italy,Mumbai
6414,1815,2022-02-08 12:53:20,shipped,credit_card,Canada,Bangalore
6415,736,2021-06-15 12:10:45,pending,paypal,France,Chicago
6416,1485,2023-04-29 06:41:55,paid,apple_pay,India,Madrid
6417,1336,2023-08-24 02:26:01,shipped,credit_card,United Kingdom,Vancouver
6418,1933,2021-11-15 07:30:18,shipped,bank_transfer,India,Madrid
6419,629,2020-02-11 03:54:39,cancelled,bank_transfer,United States,Melbourne
6420,181,2020-07-27 21:32:26,paid,bank_transfer,India,Bangalore
6421,1714,2024-05-05 11:43:00,shipped,google_pay,Netherlands,London
6422,1019,2020-03-16 02:24:45,paid,bank_transfer,Spain,Rome
6423,357,2022-07-15 15:24:48,pending,apple_pay,United Kingdom,Mumbai
6424,360,2021-11-24 13:11:01,cancelled,bank_transfer,India,Madrid
6425,1916,2023-09-02 04:33:51,paid,paypal,Australia,Vancouver
6426,499,2023-05-19 16:33:11,cancelled,apple_pay,Germany,Vancouver
6427,1176,2021-10-19 06:58:30,shipped,apple_pay,France,Madrid
6428,250,2021-08-26 01:52:44,shipped,credit_card,Netherlands,Berlin
6429,1286,2022-09-07 08:21:04,cancelled,credit_card,Canada,Melbourne
6430,369,2020-08-01 11:02:59,refunded,credit_card,Germany,Toronto
6431,824,2023-01-27 16:16:12,shipped,apple_pay,Australia,Sydney
6432,1796,2022-05-04 01:34:20,shipped,credit_card,Netherlands,Paris
6433,1910,2020-12-24 19:00:45,paid,bank_transfer,United Kingdom,Paris
6434,413,2021-10-04 03:00:35,paid,credit_card,United States,New York
6435,393,2024-02-20 07:44:45,paid,credit_card,France,London
6436,1368,2022-12-19 05:59:56,cancelled,paypal,Netherlands,New York
6437,848,2024-08-22 11:40:54,paid,bank_transfer,Italy,Madrid
6438,1097,2021-08-10 19:31:48,pending,paypal,France,London
6439,1215,2024-02-03 18:39:13,paid,paypal,Germany,Mumbai
6440,572,2021-08-31 13:58:49,pending,bank_transfer,Italy,Berlin
6441,1181,2022-01-21 01:48:43,paid,credit_card,Italy,Berlin
6442,866,2021-11-14 16:43:52,shipped,bank_transfer,Spain,Chicago
6443,22,2021-03-04 22:31:03,refunded,bank_transfer,United Kingdom,London
6444,370,2020-11-11 00:28:35,shipped,apple_pay,Germany,Mumbai
6445,1913,2020-05-30 18:34:36,pending,paypal,Netherlands,Berlin
6446,715,2020-01-11 22:45:33,pending,apple_pay,Australia,Madrid
6447,986,2021-04-25 08:37:23,shipped,bank_transfer,United Kingdom,Mumbai
6448,1527,2021-06-29 20:34:38,shipped,google_pay,Netherlands,Rome
6449,1266,2020-02-03 08:11:04,shipped,bank_transfer,Spain,Vancouver
6450,1899,2023-01-10 08:24:25,paid,google_pay,France,New York
6451,493,2022-04-18 16:16:30,shipped,bank_transfer,Germany,Sydney
6452,1354,2020-08-23 08:54:03,paid,bank_transfer,France,Melbourne
6453,1899,2020-07-01 22:52:03,pending,credit_card,Italy,Vancouver
6454,374,2021-10-14 01:59:08,paid,apple_pay,United Kingdom,Vancouver
6455,211,2023-03-02 22:08:38,paid,bank_transfer,Canada,Los Angeles
6456,705,2021-10-13 15:13:03,paid,bank_transfer,Netherlands,Bangalore
6457,1329,2020-05-17 05:14:26,shipped,credit_card,Australia,Sydney
6458,1240,2021-02-02 08:17:52,shipped,google_pay,France,London
6459,1840,2022-12-27 10:22:52,paid,credit_card,Australia,Madrid
6460,1030,2023-07-27 19:25:18,shipped,paypal,India,London
6461,1928,2021-08-29 21:29:19,shipped,apple_pay,United Kingdom,Los Angeles
6462,521,2023-10-01 18:58:35,shipped,credit_card,Italy,Amsterdam
6463,714,2024-02-08 12:30:54,paid,google_pay,United Kingdom,Amsterdam
6464,1518,2022-02-12 13:35:23,paid,paypal,Canada,Mumbai
6465,911,2020-02-13 23:28:00,paid,google_pay,Netherlands,Berlin
6466,1389,2022-03-03 23:43:39,paid,credit_card,Australia,Madrid
6467,1444,2023-05-07 18:02:06,cancelled,google_pay,France,Amsterdam
6468,1080,2021-11-07 22:06:11,paid,apple_pay,Italy,Berlin
6469,1310,2020-07-15 23:26:06,paid,apple_pay,Italy,Madrid
6470,71,2022-07-23 12:26:30,shipped,apple_pay,Netherlands,Sydney
6471,1428,2021-08-11 02:18:50,pending,google_pay,Italy,Rome
6472,260,2022-09-06 07:11:00,shipped,credit_card,France,London
6473,1541,2022-08-11 09:36:58,pending,apple_pay,Netherlands,Vancouver
6474,1391,2020-02-29 22:16:20,shipped,bank_transfer,Spain,Sydney
6475,815,2023-12-10 19:48:45,paid,paypal,France,Mumbai
6476,611,2021-07-11 23:32:55,shipped,paypal,India,Chicago
6477,1937,2024-09-15 04:54:29,cancelled,google_pay,Spain,Toronto
6478,851,2023-07-05 21:47:22,paid,bank_transfer,Spain,Chicago
6479,1040,2020-07-06 23:42:53,pending,paypal,United Kingdom,Rome
6480,1211,2022-03-12 03:02:39,paid,apple_pay,India,Chicago
6481,1035,2024-03-18 10:21:07,cancelled,google_pay,Germany,London
6482,1084,2020-08-26 12:32:34,paid,bank_transfer,India,Paris
6483,856,2024-02-22 10:19:00,paid,credit_card,United Kingdom,Vancouver
6484,753,2023-02-02 05:58:06,shipped,google_pay,Spain,Los Angeles
6485,1094,2024-02-17 07:05:23,paid,paypal,India,Bangalore
6486,1498,2021-04-11 21:06:50,shipped,apple_pay,India,Vancouver
6487,1591,2020-04-02 10:39:22,paid,google_pay,India,Los Angeles
6488,234,2020-02-24 09:16:41,cancelled,bank_transfer,Australia,Rome
6489,1723,2021-12-29 04:36:39,paid,credit_card,United Kingdom,Berlin
6490,546,2023-02-26 08:44:02,paid,apple_pay,United States,Melbourne
6491,1823,2021-11-22 07:30:08,paid,google_pay,Germany,Los Angeles
6492,73,2020-11-27 03:34:08,paid,paypal,France,Madrid
6493,168,2023-08-10 03:27:15,paid,credit_card,Germany,Madrid
6494,1383,2022-01-19 01:01:29,paid,credit_card,Canada,Berlin
6495,325,2020-08-19 09:15:19,paid,paypal,Netherlands,Rome
6496,1000,2020-12-25 20:37:12,pending,paypal,Spain,London
6497,891,2023-09-29 19:47:45,paid,credit_card,Australia,Mumbai
6498,293,2024-08-31 03:17:57,pending,paypal,Australia,London
6499,1967,2020-09-16 16:33:02,paid,google_pay,United Kingdom,Rome
6500,760,2021-07-30 05:59:07,shipped,bank_transfer,France,Berlin
6501,1473,2021-03-30 01:52:42,shipped,google_pay,France,Berlin
6502,1347,2021-05-10 23:23:56,paid,apple_pay,France,Paris
6503,1283,2020-05-30 11:43:42,paid,apple_pay,United States,Berlin
6504,105,2022-05-09 03:46:50,shipped,paypal,India,London
6505,334,2022-05-12 22:43:53,shipped,paypal,Germany,Vancouver
6506,895,2022-02-22 04:02:42,cancelled,paypal,Spain,Rome
6507,1509,2020-12-05 13:58:34,paid,bank_transfer,Australia,Melbourne
6508,233,2021-07-20 02:07:44,shipped,paypal,United States,Madrid
6509,1556,2023-12-30 15:09:56,paid,bank_transfer,United Kingdom,Paris
6510,1174,2023-12-06 14:55:09,paid,apple_pay,Canada,Toronto
6511,727,2021-09-11 10:03:40,shipped,bank_transfer,United States,Toronto
6512,41,2020-02-25 20:55:08,paid,credit_card,Italy,Toronto
6513,812,2024-01-05 05:25:58,cancelled,paypal,Australia,Bangalore
6514,1342,2021-05-11 02:32:39,shipped,bank_transfer,France,Berlin
6515,1572,2024-07-15 12:51:32,paid,google_pay,Canada,Los Angeles
6516,1371,2022-12-17 07:22:35,shipped,bank_transfer,Spain,Vancouver
6517,620,2020-02-26 07:59:03,refunded,apple_pay,United Kingdom,Madrid
6518,330,2020-09-15 00:58:41,cancelled,apple_pay,Italy,Melbourne
6519,1532,2023-09-08 09:43:32,paid,credit_card,Netherlands,Bangalore
6520,868,2024-11-18 21:52:07,shipped,paypal,Spain,Mumbai
6521,447,2023-09-23 10:52:05,paid,paypal,United Kingdom,New York
6522,1325,2022-04-08 03:35:01,shipped,credit_card,Spain,Chicago
6523,1293,2023-03-08 21:02:43,pending,google_pay,United States,Melbourne
6524,1617,2020-04-23 11:07:38,shipped,google_pay,Germany,Berlin
6525,1609,2023-03-18 05:31:55,paid,credit_card,Germany,Melbourne
6526,1849,2022-06-16 06:17:52,paid,credit_card,France,Melbourne
6527,1873,2024-01-29 08:43:38,cancelled,bank_transfer,United Kingdom,New York
6528,1113,2022-07-07 03:24:00,pending,apple_pay,Spain,Chicago
6529,885,2021-07-17 05:18:46,refunded,credit_card,Australia,Rome
6530,18,2021-08-05 08:08:11,paid,bank_transfer,France,New York
6531,390,2023-10-15 20:59:15,shipped,apple_pay,United Kingdom,Paris
6532,846,2024-09-15 23:30:39,refunded,paypal,United States,Mumbai
6533,1674,2020-08-15 06:00:49,paid,credit_card,Canada,Vancouver
6534,152,2022-10-28 15:18:27,paid,bank_transfer,Canada,Rome
6535,225,2022-08-29 07:07:05,pending,paypal,Canada,Mumbai
6536,1422,2022-10-04 13:50:34,shipped,google_pay,Australia,Amsterdam
6537,1595,2023-05-06 07:40:16,refunded,credit_card,Germany,Bangalore
6538,781,2020-03-24 23:11:24,refunded,paypal,Australia,Mumbai
6539,228,2020-09-06 12:34:47,shipped,credit_card,Spain,Berlin
6540,937,2023-11-18 00:51:10,paid,bank_transfer,Canada,Rome
6541,1436,2021-05-10 09:06:01,cancelled,bank_transfer,United Kingdom,Mumbai
6542,63,2022-01-23 07:49:13,shipped,credit_card,United States,Amsterdam
6543,224,2024-11-23 18:22:38,paid,bank_transfer,Netherlands,Toronto
6544,144,2023-09-22 19:13:22,paid,google_pay,Spain,London
6545,320,2020-03-18 01:36:03,shipped,apple_pay,Italy,Berlin
6546,304,2023-11-13 02:55:38,paid,google_pay,France,New York
6547,1697,2020-05-13 02:32:37,paid,paypal,Germany,Bangalore
6548,359,2021-03-23 01:32:50,refunded,paypal,Spain,Madrid
6549,485,2020-08-07 10:37:23,shipped,paypal,Australia,Bangalore
6550,214,2024-01-01 10:27:06,paid,bank_transfer,France,Los Angeles
6551,471,2024-12-04 03:41:52,shipped,apple_pay,United Kingdom,Madrid
6552,1333,2020-10-19 20:53:42,cancelled,credit_card,India,Bangalore
6553,283,2021-08-20 10:49:33,refunded,credit_card,Germany,Los Angeles
6554,423,2023-08-03 22:01:44,paid,google_pay,United Kingdom,Bangalore
6555,1167,2020-04-13 22:11:24,shipped,paypal,Australia,London
6556,1292,2022-07-17 01:20:37,paid,credit_card,Netherlands,Melbourne
6557,1805,2021-09-22 19:56:05,paid,credit_card,United Kingdom,Melbourne
6558,1624,2022-02-19 15:19:11,shipped,google_pay,United Kingdom,Vancouver
6559,331,2023-08-01 21:34:59,paid,paypal,Netherlands,Madrid
6560,1773,2024-05-29 08:46:30,pending,bank_transfer,Italy,Toronto
6561,315,2024-04-22 07:46:28,pending,google_pay,Italy,Chicago
6562,1117,2021-07-31 10:59:35,shipped,apple_pay,Canada,Rome
6563,1832,2021-07-23 18:29:45,cancelled,apple_pay,France,Sydney
6564,709,2021-12-03 04:54:22,paid,credit_card,France,Melbourne
6565,48,2023-03-14 01:22:44,paid,credit_card,Italy,Rome
6566,1370,2024-06-22 08:44:48,refunded,bank_transfer,Australia,Vancouver
6567,1957,2021-06-29 05:50:12,paid,bank_transfer,Spain,Mumbai
6568,1729,2024-11-01 15:56:34,cancelled,paypal,Australia,Rome
6569,459,2021-09-30 02:20:08,pending,apple_pay,India,Toronto
6570,1987,2024-11-01 07:19:14,paid,google_pay,Italy,Sydney
6571,1916,2022-06-18 19:56:52,shipped,google_pay,United Kingdom,Bangalore
6572,542,2020-07-25 09:04:48,pending,bank_transfer,Australia,Rome
6573,1229,2023-11-17 13:59:00,paid,bank_transfer,Spain,Sydney
6574,378,2024-09-08 14:14:11,pending,bank_transfer,Germany,Madrid
6575,52,2020-07-05 12:00:30,paid,credit_card,Australia,Toronto
6576,757,2020-06-08 06:33:52,shipped,paypal,United Kingdom,Berlin
6577,147,2021-02-06 14:52:10,paid,apple_pay,Germany,Mumbai
6578,753,2020-09-26 17:23:06,paid,bank_transfer,Italy,Paris
6579,185,2024-12-24 20:40:42,refunded,google_pay,Italy,London
6580,366,2024-12-29 23:18:23,paid,credit_card,Spain,Chicago
6581,1468,2023-02-07 19:24:25,paid,apple_pay,Germany,Los Angeles
6582,1911,2021-09-12 09:24:47,refunded,bank_transfer,Italy,Amsterdam
6583,226,2023-01-15 04:37:06,paid,credit_card,United States,Rome
6584,1715,2022-11-13 14:03:50,paid,google_pay,France,Berlin
6585,228,2024-12-28 05:01:28,shipped,google_pay,United States,Rome
6586,285,2024-03-20 18:29:12,refunded,bank_transfer,Australia,Berlin
6587,102,2023-09-11 17:29:07,paid,apple_pay,Netherlands,Vancouver
6588,90,2024-12-24 03:04:54,shipped,google_pay,United States,Paris
6589,269,2021-10-30 06:06:56,shipped,google_pay,Canada,Vancouver
6590,833,2024-04-06 21:54:11,cancelled,bank_transfer,Germany,Melbourne
6591,1857,2020-08-26 08:42:12,refunded,apple_pay,United Kingdom,Chicago
6592,13,2020-08-16 10:20:50,pending,paypal,India,Melbourne
6593,1991,2021-06-04 19:48:11,cancelled,bank_transfer,Netherlands,Berlin
6594,1888,2023-08-19 08:58:48,cancelled,credit_card,India,Bangalore
6595,1436,2021-11-06 12:28:02,paid,credit_card,Spain,Vancouver
6596,275,2020-10-13 13:42:26,shipped,bank_transfer,Australia,Sydney
6597,1780,2024-12-14 00:42:41,paid,paypal,United States,Melbourne
6598,596,2020-04-05 02:59:45,paid,credit_card,United States,Mumbai
6599,735,2023-11-08 18:44:07,paid,google_pay,France,Los Angeles
6600,1040,2024-10-02 16:26:50,shipped,apple_pay,Netherlands,Toronto
6601,417,2022-03-26 15:05:15,paid,google_pay,France,Sydney
6602,321,2021-09-09 09:32:31,paid,credit_card,India,Mumbai
6603,1814,2023-01-12 07:59:44,paid,apple_pay,Spain,Bangalore
6604,1960,2020-06-10 09:52:01,pending,bank_transfer,Italy,Rome
6605,1974,2022-03-14 01:28:35,paid,google_pay,Canada,Los Angeles
6606,460,2023-06-29 13:11:38,shipped,paypal,Canada,Rome
6607,1826,2020-12-09 03:14:45,cancelled,bank_transfer,United Kingdom,Paris
6608,1750,2020-10-19 08:41:08,paid,paypal,Netherlands,New York
6609,337,2021-09-25 12:35:07,cancelled,bank_transfer,Spain,Mumbai
6610,1335,2020-07-21 03:42:31,paid,apple_pay,India,Mumbai
6611,1152,2024-04-24 14:16:23,refunded,apple_pay,United Kingdom,Madrid
6612,803,2021-01-18 01:11:55,paid,credit_card,Italy,Paris
6613,1180,2023-03-02 21:03:14,pending,credit_card,Spain,Vancouver
6614,710,2022-02-06 06:58:46,paid,google_pay,Germany,New York
6615,905,2023-02-23 23:19:55,pending,bank_transfer,Australia,New York
6616,1392,2024-05-13 16:34:29,pending,bank_transfer,Australia,Bangalore
6617,345,2022-07-09 03:53:32,cancelled,google_pay,Germany,Madrid
6618,315,2021-09-08 18:32:35,shipped,paypal,Netherlands,Madrid
6619,1717,2023-09-23 09:02:23,paid,google_pay,United States,Bangalore
6620,1263,2020-12-28 01:24:29,paid,google_pay,France,Melbourne
6621,49,2024-03-07 11:36:17,cancelled,bank_transfer,Netherlands,Sydney
6622,1959,2024-11-19 13:48:41,paid,paypal,United States,Vancouver
6623,602,2023-07-08 16:18:07,cancelled,apple_pay,United Kingdom,London
6624,245,2022-12-01 16:41:48,shipped,bank_transfer,India,Los Angeles
6625,1753,2024-06-17 12:05:10,paid,paypal,Canada,Paris
6626,1591,2020-11-27 19:04:26,pending,credit_card,Italy,London
6627,579,2021-01-18 06:45:37,paid,paypal,Spain,Vancouver
6628,113,2022-06-21 00:00:45,shipped,paypal,United States,Chicago
6629,131,2022-04-11 18:52:15,refunded,credit_card,United Kingdom,Los Angeles
6630,1437,2021-02-23 16:08:46,paid,google_pay,Spain,Los Angeles
6631,214,2022-04-30 05:14:07,paid,apple_pay,Italy,Mumbai
6632,1365,2024-09-21 07:47:58,paid,paypal,Canada,Sydney
6633,701,2024-07-29 13:37:36,cancelled,bank_transfer,France,Sydney
6634,1308,2024-12-30 23:14:31,pending,paypal,France,Sydney
6635,1065,2022-07-27 03:01:44,shipped,credit_card,United Kingdom,Bangalore
6636,1930,2021-03-15 09:52:18,pending,credit_card,Spain,Paris
6637,148,2022-01-28 13:36:58,refunded,google_pay,Australia,Mumbai
6638,32,2024-05-28 17:25:50,shipped,credit_card,Netherlands,Sydney
6639,377,2024-07-31 14:00:22,cancelled,bank_transfer,Italy,Madrid
6640,774,2021-12-30 07:08:29,paid,bank_transfer,Australia,Sydney
6641,1964,2020-11-21 14:33:30,shipped,apple_pay,Australia,Madrid
6642,302,2021-08-18 14:01:59,refunded,google_pay,Australia,Amsterdam
6643,1782,2023-01-12 03:17:24,cancelled,apple_pay,Italy,Vancouver
6644,1442,2022-02-15 13:57:50,shipped,apple_pay,United Kingdom,Rome
6645,1092,2020-06-29 13:12:39,paid,google_pay,Netherlands,London
6646,857,2021-08-23 00:37:09,cancelled,credit_card,India,Chicago
6647,1433,2020-08-21 02:18:12,paid,credit_card,United Kingdom,Amsterdam
6648,1332,2023-10-05 14:46:15,shipped,paypal,Canada,Bangalore
6649,290,2024-08-11 12:46:21,paid,bank_transfer,Spain,Madrid
6650,1443,2023-01-15 07:30:58,shipped,bank_transfer,Canada,Paris
6651,679,2024-04-03 14:07:41,pending,apple_pay,Netherlands,Chicago
6652,1092,2024-09-10 01:31:35,pending,google_pay,India,Los Angeles
6653,910,2022-05-01 01:22:14,cancelled,credit_card,France,Melbourne
6654,485,2023-07-02 14:15:56,refunded,google_pay,Germany,Vancouver
6655,427,2024-09-07 23:10:19,cancelled,paypal,India,Sydney
6656,1822,2022-07-11 16:13:13,pending,credit_card,United States,Berlin
6657,1225,2020-10-12 05:59:51,shipped,google_pay,Italy,Bangalore
6658,86,2021-07-19 15:39:55,cancelled,credit_card,Australia,Paris
6659,881,2022-07-03 20:27:19,cancelled,bank_transfer,United Kingdom,Amsterdam
6660,156,2022-10-10 06:01:53,pending,google_pay,Australia,Sydney
6661,1742,2021-10-06 09:03:06,paid,apple_pay,Spain,Vancouver
6662,793,2020-10-08 08:14:45,shipped,apple_pay,Canada,Madrid
6663,1305,2020-09-03 22:23:45,paid,bank_transfer,Australia,Rome
6664,1177,2022-07-09 18:15:35,paid,apple_pay,Netherlands,Melbourne
6665,1780,2024-09-05 04:21:57,shipped,paypal,France,Sydney
6666,876,2024-02-24 06:34:06,pending,credit_card,United States,New York
6667,1682,2024-06-19 21:03:17,shipped,apple_pay,India,Berlin
6668,666,2024-12-18 15:36:39,paid,credit_card,United States,Melbourne
6669,487,2024-06-03 17:58:40,pending,credit_card,United Kingdom,Rome
6670,1285,2021-03-24 06:50:16,paid,credit_card,Spain,Rome
6671,507,2021-06-25 01:25:28,refunded,bank_transfer,Germany,Amsterdam
6672,1776,2023-06-20 21:58:44,shipped,paypal,United Kingdom,Madrid
6673,651,2024-06-14 07:12:55,refunded,apple_pay,Canada,Vancouver
6674,1126,2020-08-11 03:01:47,shipped,credit_card,Australia,Los Angeles
6675,197,2021-08-29 05:42:59,paid,google_pay,Canada,Rome
6676,1602,2022-01-01 08:10:00,paid,credit_card,United Kingdom,Paris
6677,636,2024-01-26 23:10:20,refunded,credit_card,Italy,Mumbai
6678,1416,2022-03-02 01:54:17,pending,credit_card,Australia,Toronto
6679,549,2023-10-21 21:18:29,refunded,apple_pay,United States,Berlin
6680,396,2023-07-11 00:51:54,paid,bank_transfer,Canada,Chicago
6681,1502,2023-06-16 05:04:59,shipped,paypal,Netherlands,New York
6682,224,2022-03-28 06:57:49,shipped,google_pay,United Kingdom,Melbourne
6683,1472,2020-07-20 23:37:52,cancelled,paypal,Australia,Melbourne
6684,1702,2021-07-14 14:37:51,paid,google_pay,India,Berlin
6685,1697,2024-06-06 05:03:41,paid,credit_card,Spain,Vancouver
6686,313,2024-03-27 15:03:09,paid,google_pay,Netherlands,Berlin
6687,1129,2020-03-02 08:20:55,paid,credit_card,Australia,Berlin
6688,1248,2021-12-23 14:28:05,shipped,apple_pay,Italy,Rome
6689,431,2021-04-10 14:11:04,refunded,paypal,Canada,Berlin
6690,240,2020-02-10 17:04:37,paid,google_pay,Netherlands,Sydney
6691,708,2023-03-29 10:00:23,paid,credit_card,Netherlands,Amsterdam
6692,1284,2024-03-14 17:57:11,refunded,bank_transfer,Germany,Mumbai
6693,10,2021-11-07 16:15:51,pending,google_pay,United States,Madrid
6694,301,2023-02-08 03:34:40,refunded,bank_transfer,United Kingdom,Rome
6695,506,2023-03-22 04:21:08,shipped,bank_transfer,Australia,Melbourne
6696,151,2023-01-22 10:52:07,shipped,paypal,Italy,Rome
6697,1141,2023-05-22 17:55:38,paid,bank_transfer,Canada,Los Angeles
6698,1131,2021-12-05 11:24:56,shipped,google_pay,United States,London
6699,263,2021-01-28 20:55:09,refunded,paypal,United States,London
6700,1971,2020-04-25 01:47:38,paid,credit_card,Australia,Chicago
6701,134,2020-12-08 10:04:14,paid,google_pay,Netherlands,Berlin
6702,1319,2022-12-10 12:12:27,pending,credit_card,France,Los Angeles
6703,1881,2022-09-04 18:22:53,paid,apple_pay,Canada,Melbourne
6704,364,2021-03-17 04:49:49,cancelled,credit_card,Canada,Rome
6705,1948,2023-03-20 17:22:34,paid,paypal,United Kingdom,Madrid
6706,8,2020-07-17 04:38:25,shipped,bank_transfer,India,Rome
6707,300,2020-04-10 00:40:27,paid,apple_pay,Germany,Los Angeles
6708,37,2023-01-22 20:03:25,shipped,apple_pay,France,London
6709,1501,2023-07-08 14:26:09,paid,credit_card,Italy,Los Angeles
6710,809,2020-12-31 08:45:31,paid,google_pay,France,Toronto
6711,1609,2023-07-04 06:16:40,cancelled,bank_transfer,Spain,Melbourne
6712,902,2021-12-04 19:14:44,paid,apple_pay,France,Madrid
6713,742,2023-05-17 07:46:53,refunded,bank_transfer,United States,New York
6714,1822,2020-09-01 08:17:40,paid,apple_pay,United States,Berlin
6715,1281,2023-07-27 22:23:44,shipped,paypal,United States,Mumbai
6716,1784,2022-07-19 07:40:47,shipped,credit_card,Germany,Berlin
6717,1359,2022-08-29 18:59:56,pending,apple_pay,Australia,Los Angeles
6718,1116,2021-05-24 07:07:00,shipped,credit_card,Netherlands,Los Angeles
6719,1262,2023-03-05 19:18:22,refunded,paypal,United States,Rome
6720,1580,2022-08-14 10:22:23,cancelled,google_pay,Canada,Melbourne
6721,133,2024-08-21 17:08:31,shipped,apple_pay,Netherlands,New York
6722,1105,2022-05-08 18:10:45,shipped,credit_card,Spain,Mumbai
6723,36,2024-04-23 17:07:43,shipped,credit_card,Germany,Amsterdam
6724,384,2023-01-19 14:36:06,pending,credit_card,Germany,Chicago
6725,1007,2020-03-13 21:14:34,paid,google_pay,India,Madrid
6726,1455,2024-12-15 11:33:01,refunded,apple_pay,Spain,New York
6727,444,2022-04-08 19:46:50,pending,google_pay,Italy,Melbourne
6728,1084,2024-09-26 16:07:19,pending,paypal,Italy,Mumbai
6729,104,2022-03-04 14:03:07,pending,paypal,United States,Mumbai
6730,56,2020-07-15 06:31:34,shipped,bank_transfer,Italy,Rome
6731,1673,2022-05-12 01:30:12,paid,google_pay,United States,London
6732,1872,2024-12-18 17:17:41,shipped,bank_transfer,India,New York
6733,506,2024-11-28 16:01:17,shipped,google_pay,United States,Melbourne
6734,786,2020-11-16 08:11:55,paid,credit_card,Italy,Berlin
6735,1203,2023-05-23 22:17:58,shipped,apple_pay,United States,Los Angeles
6736,1361,2021-02-23 15:30:10,shipped,bank_transfer,Italy,Paris
6737,1028,2023-02-10 01:42:05,shipped,bank_transfer,France,Los Angeles
6738,1261,2021-05-16 09:39:37,pending,bank_transfer,Netherlands,Bangalore
6739,530,2020-04-23 00:55:18,pending,google_pay,India,London
6740,359,2021-04-23 18:36:44,paid,credit_card,Spain,London
6741,627,2024-07-20 08:07:29,cancelled,apple_pay,United States,Madrid
6742,1068,2024-03-17 20:30:05,refunded,credit_card,United States,London
6743,114,2022-02-12 10:00:11,paid,google_pay,United Kingdom,New York
6744,1265,2023-09-30 10:58:59,shipped,apple_pay,United Kingdom,Rome
6745,199,2021-01-16 06:06:48,shipped,google_pay,Italy,Paris
6746,963,2023-09-10 10:07:52,paid,paypal,Canada,New York
6747,881,2023-06-14 20:10:48,shipped,credit_card,India,Toronto
6748,660,2022-07-27 01:35:45,cancelled,credit_card,India,Vancouver
6749,513,2023-03-22 02:48:16,paid,credit_card,Germany,Mumbai
6750,117,2024-12-08 15:27:26,shipped,credit_card,Germany,Los Angeles
6751,259,2024-08-22 15:12:07,shipped,credit_card,United States,Mumbai
6752,1823,2021-08-13 08:39:35,paid,bank_transfer,Germany,Paris
6753,683,2023-06-02 09:58:48,paid,apple_pay,United States,Melbourne
6754,340,2020-02-25 16:53:00,paid,apple_pay,Australia,Bangalore
6755,727,2024-08-11 18:50:20,pending,google_pay,India,Chicago
6756,454,2023-05-04 06:40:11,paid,paypal,Netherlands,New York
6757,1556,2022-04-09 16:07:07,paid,bank_transfer,Netherlands,Paris
6758,1437,2023-05-18 17:01:23,pending,paypal,France,Chicago
6759,1228,2022-01-29 01:23:35,pending,bank_transfer,Italy,Amsterdam
6760,501,2024-08-22 00:33:24,shipped,paypal,India,Berlin
6761,1945,2021-05-27 08:54:48,paid,bank_transfer,Netherlands,Toronto
6762,578,2022-03-28 15:38:33,cancelled,apple_pay,Spain,Melbourne
6763,340,2021-10-21 19:26:46,shipped,google_pay,Italy,Toronto
6764,234,2024-08-12 06:19:18,paid,google_pay,Germany,New York
6765,1596,2021-06-09 20:14:57,cancelled,bank_transfer,United States,Paris
6766,635,2024-07-13 22:20:42,shipped,google_pay,Spain,Toronto
6767,1605,2022-05-01 04:23:19,cancelled,bank_transfer,India,Mumbai
6768,1642,2022-01-24 15:40:02,refunded,paypal,Spain,Chicago
6769,1309,2020-08-06 07:47:34,refunded,apple_pay,France,Sydney
6770,1982,2021-06-04 09:06:57,shipped,paypal,India,Toronto
6771,1260,2024-02-28 19:51:14,shipped,bank_transfer,France,Rome
6772,1659,2022-07-10 19:41:35,shipped,bank_transfer,Italy,Chicago
6773,1546,2023-10-09 01:44:41,paid,credit_card,United Kingdom,Chicago
6774,454,2020-03-14 08:53:39,pending,credit_card,Germany,Mumbai
6775,1396,2022-05-15 08:49:09,paid,paypal,Italy,Los Angeles
6776,40,2024-07-26 19:05:45,shipped,google_pay,Spain,Rome
6777,28,2023-04-06 08:13:19,shipped,apple_pay,United States,Berlin
6778,999,2024-02-22 20:27:32,paid,google_pay,Spain,Rome
6779,958,2021-11-26 19:25:33,shipped,bank_transfer,Germany,Vancouver
6780,1736,2020-04-03 00:59:24,shipped,apple_pay,Spain,New York
6781,1871,2020-05-11 10:36:47,shipped,paypal,Australia,Berlin
6782,723,2024-10-19 01:57:14,paid,bank_transfer,Spain,London
6783,1482,2020-05-02 22:20:15,cancelled,google_pay,Netherlands,New York
6784,1870,2024-09-30 06:20:20,cancelled,apple_pay,Canada,Chicago
6785,1479,2024-10-02 12:05:02,shipped,credit_card,Australia,Berlin
6786,660,2022-04-04 20:28:22,shipped,google_pay,Canada,Los Angeles
6787,1884,2023-01-17 02:57:14,pending,paypal,United States,Berlin
6788,1929,2020-02-23 12:22:48,shipped,paypal,Italy,New York
6789,717,2023-08-25 20:13:20,cancelled,paypal,Italy,Paris
6790,1112,2022-10-08 04:41:24,paid,bank_transfer,India,Toronto
6791,361,2023-03-15 16:27:02,shipped,credit_card,Netherlands,Los Angeles
6792,554,2020-07-22 11:56:38,shipped,credit_card,United States,Amsterdam
6793,1866,2024-03-08 06:42:57,paid,bank_transfer,Canada,Melbourne
6794,431,2024-01-12 09:24:22,paid,credit_card,United Kingdom,Sydney
6795,102,2023-07-22 07:11:25,paid,credit_card,Netherlands,Melbourne
6796,957,2024-02-23 22:36:35,paid,paypal,India,Berlin
6797,1312,2020-11-22 08:59:47,shipped,apple_pay,Canada,Sydney
6798,877,2022-12-11 01:25:20,shipped,bank_transfer,United States,Mumbai
6799,266,2020-09-12 10:19:12,paid,apple_pay,Germany,Vancouver
6800,326,2022-10-26 11:23:23,paid,apple_pay,United Kingdom,Sydney
6801,494,2024-12-03 23:06:20,paid,apple_pay,United States,Vancouver
6802,1711,2021-10-03 21:31:02,shipped,google_pay,Australia,Paris
6803,273,2024-02-16 00:50:02,paid,google_pay,United States,Sydney
6804,796,2023-08-27 03:35:49,paid,google_pay,France,Chicago
6805,1413,2020-03-14 05:48:52,shipped,paypal,United Kingdom,Berlin
6806,1034,2021-03-16 12:50:30,paid,google_pay,Canada,Melbourne
6807,609,2024-11-24 11:16:06,shipped,bank_transfer,Canada,Mumbai
6808,1915,2023-06-03 01:46:15,paid,bank_transfer,Italy,Vancouver
6809,243,2020-02-28 00:12:41,shipped,paypal,France,Melbourne
6810,1509,2022-09-18 02:35:26,shipped,google_pay,United Kingdom,London
6811,1294,2021-04-01 20:49:45,shipped,bank_transfer,Australia,London
6812,1219,2024-02-16 18:46:28,shipped,apple_pay,Germany,Vancouver
6813,945,2021-04-06 06:42:24,pending,google_pay,Canada,Berlin
6814,1976,2023-10-02 10:33:14,shipped,apple_pay,Italy,New York
6815,70,2022-07-09 02:50:37,shipped,credit_card,Canada,Rome
6816,1658,2024-09-24 07:37:59,shipped,google_pay,Italy,Madrid
6817,624,2024-09-05 01:16:31,shipped,google_pay,Spain,Melbourne
6818,1148,2023-12-02 10:05:43,shipped,bank_transfer,United Kingdom,Rome
6819,565,2020-07-25 10:56:44,cancelled,apple_pay,United Kingdom,Melbourne
6820,990,2024-12-15 20:14:25,shipped,credit_card,United States,Chicago
6821,82,2022-11-26 13:41:55,refunded,credit_card,Australia,Toronto
6822,201,2024-05-26 19:48:16,paid,bank_transfer,Australia,Amsterdam
6823,409,2024-09-01 11:59:13,pending,apple_pay,Australia,Bangalore
6824,775,2021-12-07 20:25:58,cancelled,bank_transfer,India,Berlin
6825,373,2023-08-29 23:45:24,paid,paypal,United Kingdom,Chicago
6826,826,2023-03-22 14:53:53,shipped,bank_transfer,Australia,Bangalore
6827,1813,2023-12-07 01:00:59,cancelled,credit_card,India,Madrid
6828,1628,2024-08-29 19:30:53,refunded,credit_card,Germany,Madrid
6829,976,2023-10-30 10:51:36,paid,paypal,Italy,Mumbai
6830,1045,2023-12-01 21:49:26,paid,bank_transfer,Canada,Paris
6831,30,2020-02-21 10:40:02,shipped,bank_transfer,Australia,Vancouver
6832,1825,2020-05-18 08:23:47,refunded,google_pay,United States,Sydney
6833,1921,2021-05-07 14:40:13,paid,google_pay,United States,Berlin
6834,48,2024-07-17 22:26:44,cancelled,paypal,Italy,Sydney
6835,1120,2022-12-20 04:03:24,refunded,bank_transfer,Canada,Sydney
6836,45,2024-01-26 01:59:25,paid,paypal,Germany,Berlin
6837,986,2024-12-11 08:11:50,pending,credit_card,India,London
6838,75,2024-09-30 23:08:08,refunded,credit_card,Canada,Los Angeles
6839,66,2020-12-04 00:13:18,refunded,google_pay,United Kingdom,Los Angeles
6840,1805,2023-08-11 07:29:21,shipped,google_pay,Canada,Melbourne
6841,17,2022-09-24 11:22:08,shipped,google_pay,Canada,London
6842,421,2020-01-15 07:38:16,paid,credit_card,Spain,Rome
6843,1706,2023-12-10 14:02:04,shipped,paypal,France,London
6844,1731,2023-03-22 07:29:24,paid,google_pay,Spain,Melbourne
6845,1980,2024-11-19 11:46:39,shipped,apple_pay,India,Berlin
6846,1585,2024-06-21 02:32:52,pending,credit_card,India,Berlin
6847,1374,2021-03-20 00:24:37,shipped,credit_card,United Kingdom,Vancouver
6848,1167,2020-02-07 06:49:35,shipped,paypal,United States,Rome
6849,1683,2022-08-03 18:19:18,paid,google_pay,France,Toronto
6850,1340,2022-11-13 19:20:19,refunded,paypal,India,Mumbai
6851,1519,2022-02-05 05:57:39,paid,apple_pay,Italy,Mumbai
6852,1183,2024-01-17 04:04:41,shipped,apple_pay,France,Bangalore
6853,316,2024-10-01 20:42:09,cancelled,bank_transfer,Canada,Mumbai
6854,535,2023-07-19 15:30:12,paid,google_pay,United Kingdom,London
6855,172,2024-03-29 21:05:10,paid,credit_card,United Kingdom,Vancouver
6856,123,2020-07-07 22:09:29,pending,google_pay,Netherlands,Toronto
6857,996,2023-01-26 11:51:43,paid,bank_transfer,Germany,Madrid
6858,1622,2020-08-21 02:24:27,shipped,credit_card,Spain,Toronto
6859,327,2021-08-12 15:31:27,pending,credit_card,India,Rome
6860,567,2024-01-13 13:00:14,pending,paypal,India,Paris
6861,210,2024-01-03 03:35:22,pending,apple_pay,Spain,Paris
6862,743,2022-09-26 16:41:41,shipped,apple_pay,Australia,Vancouver
6863,1706,2020-06-04 07:21:34,paid,google_pay,Australia,Los Angeles
6864,1127,2020-09-03 23:01:10,paid,apple_pay,Italy,Bangalore
6865,1414,2023-07-23 15:15:50,shipped,paypal,Spain,Amsterdam
6866,503,2021-10-26 04:15:43,paid,paypal,India,Los Angeles
6867,412,2022-07-04 13:02:19,shipped,paypal,India,Chicago
6868,1434,2022-08-26 17:55:03,shipped,apple_pay,Australia,Madrid
6869,427,2021-09-18 05:08:36,shipped,google_pay,Australia,Paris
6870,1389,2021-06-14 20:59:45,refunded,credit_card,Spain,Melbourne
6871,1754,2022-07-11 10:18:07,cancelled,paypal,Spain,Mumbai
6872,261,2020-02-26 02:28:34,pending,apple_pay,Italy,Paris
6873,1560,2022-11-10 02:16:20,paid,bank_transfer,Australia,Toronto
6874,1466,2022-06-12 12:52:50,pending,bank_transfer,Netherlands,Bangalore
6875,707,2023-06-09 17:27:07,cancelled,bank_transfer,Netherlands,Sydney
6876,279,2022-01-03 05:42:15,cancelled,credit_card,Italy,London
6877,905,2022-01-14 21:42:53,paid,bank_transfer,France,Melbourne
6878,1851,2022-03-07 02:04:08,cancelled,google_pay,Italy,Sydney
6879,1741,2023-10-26 18:20:10,paid,paypal,Spain,Chicago
6880,1126,2020-12-29 23:58:59,shipped,apple_pay,Canada,Berlin
6881,1840,2022-04-06 15:56:57,shipped,credit_card,India,Vancouver
6882,1208,2021-09-12 17:02:44,shipped,bank_transfer,United States,Los Angeles
6883,549,2023-02-07 15:14:12,refunded,google_pay,United States,Rome
6884,549,2023-06-24 11:57:08,paid,apple_pay,United Kingdom,Sydney
6885,1701,2023-04-12 23:01:09,paid,google_pay,United States,Vancouver
6886,1646,2023-03-10 14:49:26,pending,credit_card,India,New York
6887,535,2023-12-02 06:33:32,paid,bank_transfer,India,Berlin
6888,1342,2021-04-09 21:17:16,shipped,bank_transfer,Germany,Mumbai
6889,1892,2024-04-20 13:52:29,shipped,google_pay,India,New York
6890,1884,2022-08-28 19:37:29,paid,bank_transfer,India,New York
6891,758,2022-11-11 06:27:06,paid,bank_transfer,Germany,Madrid
6892,144,2021-12-01 22:52:03,shipped,google_pay,Germany,Berlin
6893,473,2024-12-06 09:43:48,shipped,paypal,Italy,Sydney
6894,1832,2023-03-28 20:26:32,cancelled,paypal,Australia,London
6895,929,2024-01-11 16:43:23,cancelled,bank_transfer,Canada,Chicago
6896,535,2020-01-31 20:53:07,shipped,apple_pay,India,Sydney
6897,821,2020-05-26 12:40:02,shipped,credit_card,France,Mumbai
6898,1329,2020-09-16 22:08:48,paid,credit_card,Australia,Mumbai
6899,1731,2023-04-18 07:38:14,shipped,paypal,Canada,Melbourne
6900,726,2020-10-29 05:21:23,shipped,apple_pay,Canada,New York
6901,260,2024-02-10 23:32:51,cancelled,google_pay,Italy,London
6902,546,2023-05-09 14:28:53,shipped,bank_transfer,Australia,Los Angeles
6903,740,2022-12-15 19:40:42,refunded,bank_transfer,Australia,Paris
6904,867,2022-02-28 06:32:58,paid,apple_pay,Germany,Amsterdam
6905,635,2021-06-14 16:20:29,shipped,google_pay,Spain,Bangalore
6906,1163,2023-03-02 07:09:39,cancelled,credit_card,Netherlands,Mumbai
6907,1470,2021-03-04 12:47:36,shipped,credit_card,Canada,Vancouver
6908,1889,2022-08-31 20:16:49,cancelled,bank_transfer,Italy,Los Angeles
6909,527,2021-08-13 06:28:52,paid,apple_pay,Germany,Sydney
6910,1448,2020-08-04 16:28:22,pending,apple_pay,Spain,Amsterdam
6911,410,2022-01-19 02:04:14,paid,apple_pay,India,Chicago
6912,1218,2020-09-24 03:43:17,shipped,paypal,Canada,New York
6913,102,2020-09-17 13:53:35,shipped,apple_pay,United States,Paris
6914,1541,2024-04-23 09:06:27,paid,bank_transfer,Netherlands,Rome
6915,1825,2024-05-15 17:11:37,refunded,paypal,Germany,New York
6916,82,2021-09-11 12:04:18,cancelled,paypal,Italy,Rome
6917,180,2021-04-24 08:07:25,shipped,credit_card,United Kingdom,Sydney
6918,599,2023-12-28 09:24:08,paid,paypal,Netherlands,Bangalore
6919,992,2024-03-01 02:23:43,shipped,paypal,United Kingdom,Toronto
6920,1403,2021-09-05 07:42:35,refunded,bank_transfer,India,Paris
6921,1662,2024-05-20 08:52:04,paid,credit_card,Netherlands,Paris
6922,405,2023-05-02 08:56:12,refunded,apple_pay,Australia,Melbourne
6923,603,2023-07-14 06:03:26,cancelled,google_pay,United States,London
6924,679,2021-07-19 19:45:36,paid,bank_transfer,Netherlands,Rome
6925,1692,2020-02-03 07:21:10,pending,paypal,United Kingdom,Toronto
6926,1070,2022-11-08 16:38:32,paid,paypal,Australia,Berlin
6927,1382,2020-08-17 01:43:08,shipped,google_pay,India,Madrid
6928,1019,2023-04-22 22:59:40,paid,google_pay,United Kingdom,London
6929,1010,2020-11-19 10:14:49,shipped,paypal,Germany,Sydney
6930,1701,2022-04-20 15:16:47,pending,paypal,Italy,Los Angeles
6931,1166,2021-10-16 00:01:10,cancelled,paypal,United States,Amsterdam
6932,818,2021-02-24 09:25:11,paid,bank_transfer,Netherlands,Rome
6933,716,2021-02-21 04:18:28,shipped,google_pay,Italy,Chicago
6934,1929,2020-01-07 02:03:42,cancelled,bank_transfer,Italy,Mumbai
6935,1159,2023-07-04 12:19:19,paid,google_pay,France,Berlin
6936,570,2024-06-13 15:12:27,shipped,google_pay,United Kingdom,Amsterdam
6937,818,2022-10-22 04:48:17,shipped,apple_pay,United States,Bangalore
6938,228,2023-03-12 00:42:54,pending,bank_transfer,United Kingdom,Madrid
6939,89,2021-05-18 09:35:25,refunded,apple_pay,Australia,Paris
6940,854,2022-10-11 02:07:49,paid,apple_pay,France,Chicago
6941,516,2023-08-22 23:32:58,shipped,google_pay,Australia,Paris
6942,1249,2023-02-20 13:24:02,paid,bank_transfer,Australia,Madrid
6943,1270,2021-01-09 19:50:09,paid,bank_transfer,India,Bangalore
6944,8,2020-08-20 05:58:48,paid,paypal,United Kingdom,New York
6945,94,2023-12-21 09:39:18,paid,paypal,Australia,Paris
6946,997,2020-07-08 08:54:52,shipped,bank_transfer,United Kingdom,Berlin
6947,1370,2022-01-15 22:53:39,paid,apple_pay,United States,Amsterdam
6948,817,2020-03-08 10:38:27,shipped,paypal,Italy,Chicago
6949,647,2024-04-16 00:03:42,pending,credit_card,United Kingdom,Amsterdam
6950,1560,2020-05-26 07:48:58,cancelled,credit_card,Canada,Vancouver
6951,1741,2023-05-22 08:41:38,paid,paypal,Australia,Sydney
6952,344,2021-07-24 08:20:53,cancelled,paypal,Italy,Mumbai
6953,1974,2021-02-20 10:37:28,cancelled,paypal,Germany,Amsterdam
6954,178,2020-05-03 06:21:48,refunded,paypal,France,London
6955,1886,2024-04-12 15:13:54,paid,bank_transfer,Netherlands,Toronto
6956,431,2024-04-21 13:07:30,cancelled,credit_card,United Kingdom,Toronto
6957,1912,2020-12-19 17:16:14,shipped,google_pay,India,Los Angeles
6958,1537,2021-02-10 07:01:30,paid,bank_transfer,Spain,Berlin
6959,492,2021-07-20 00:00:29,shipped,paypal,Spain,Vancouver
6960,1397,2022-03-02 17:22:52,cancelled,bank_transfer,Spain,Bangalore
6961,35,2021-01-05 23:15:54,shipped,bank_transfer,Netherlands,Rome
6962,1389,2024-11-02 12:20:07,shipped,paypal,France,Mumbai
6963,515,2020-05-05 23:49:56,shipped,credit_card,France,Amsterdam
6964,288,2024-07-24 12:27:56,paid,credit_card,Netherlands,Chicago
6965,674,2021-11-14 20:44:49,cancelled,credit_card,United Kingdom,Toronto
6966,982,2024-02-27 12:15:57,shipped,apple_pay,Germany,Rome
6967,878,2020-02-01 06:14:08,cancelled,google_pay,Canada,Bangalore
6968,961,2021-04-08 06:02:28,pending,apple_pay,France,Berlin
6969,1252,2020-03-21 22:36:17,paid,google_pay,United Kingdom,Amsterdam
6970,1732,2024-12-19 09:24:59,paid,google_pay,United Kingdom,London
6971,977,2021-09-03 21:48:17,shipped,paypal,Netherlands,Mumbai
6972,1375,2020-02-17 03:35:33,shipped,credit_card,France,Amsterdam
6973,591,2020-12-07 18:18:36,paid,credit_card,Netherlands,Madrid
6974,566,2022-06-24 00:50:37,paid,paypal,Italy,Rome
6975,1437,2020-07-23 13:47:03,shipped,credit_card,Spain,Paris
6976,1212,2024-10-31 00:02:20,shipped,google_pay,United Kingdom,Madrid
6977,1262,2024-01-03 17:45:28,shipped,google_pay,Netherlands,Amsterdam
6978,934,2021-03-20 18:05:52,cancelled,apple_pay,Spain,Sydney
6979,1693,2024-08-27 21:52:06,pending,apple_pay,Germany,Chicago
6980,547,2020-07-03 18:15:17,pending,bank_transfer,Germany,Sydney
6981,1765,2024-06-23 12:26:33,refunded,google_pay,Canada,Los Angeles
6982,937,2021-08-01 21:05:58,shipped,google_pay,Germany,Bangalore
6983,1687,2024-02-18 05:09:50,cancelled,paypal,India,Mumbai
6984,782,2022-09-05 11:06:33,shipped,google_pay,France,Madrid
6985,1438,2020-12-24 15:51:11,pending,paypal,Italy,Mumbai
6986,624,2024-08-04 14:00:21,cancelled,google_pay,United Kingdom,Berlin
6987,399,2021-04-10 22:09:40,paid,paypal,United States,Amsterdam
6988,1615,2024-10-01 13:01:16,pending,google_pay,Spain,Paris
6989,350,2023-07-23 00:55:12,paid,credit_card,Canada,Vancouver
6990,351,2024-04-24 02:27:07,cancelled,bank_transfer,India,Los Angeles
6991,404,2023-04-01 00:10:06,shipped,google_pay,United States,Bangalore
6992,61,2022-05-06 20:01:14,shipped,bank_transfer,India,Vancouver
6993,589,2020-02-08 15:13:19,paid,credit_card,India,Los Angeles
6994,25,2022-02-15 09:29:40,paid,paypal,Canada,Melbourne
6995,1201,2022-10-16 09:08:16,shipped,bank_transfer,United Kingdom,Paris
6996,66,2022-11-30 07:02:18,shipped,credit_card,Netherlands,Vancouver
6997,962,2022-01-21 05:27:07,paid,bank_transfer,Germany,Melbourne
6998,381,2020-09-08 12:25:48,refunded,paypal,Canada,Vancouver
6999,1170,2024-04-04 03:03:01,paid,bank_transfer,Germany,Chicago
7000,1602,2023-10-16 17:15:27,pending,bank_transfer,Australia,Vancouver
7001,1030,2023-11-17 22:09:07,cancelled,bank_transfer,France,Bangalore
7002,1222,2023-09-13 09:08:40,paid,google_pay,United Kingdom,Rome
7003,1397,2023-09-28 23:07:32,cancelled,google_pay,Italy,Mumbai
7004,2,2022-04-30 10:29:57,refunded,google_pay,India,Los Angeles
7005,1484,2023-08-10 11:58:48,shipped,google_pay,Australia,Madrid
7006,494,2020-01-17 17:05:21,shipped,google_pay,United Kingdom,Toronto
7007,1802,2024-05-29 08:09:58,shipped,paypal,United States,Madrid
7008,644,2020-07-07 23:48:55,cancelled,bank_transfer,United States,Los Angeles
7009,1165,2023-08-20 05:19:45,paid,bank_transfer,United Kingdom,Los Angeles
7010,48,2022-07-24 04:40:10,paid,bank_transfer,India,Berlin
7011,1449,2020-09-26 10:09:59,shipped,credit_card,United States,New York
7012,1461,2021-05-18 15:53:07,paid,credit_card,United States,Amsterdam
7013,1886,2020-07-20 09:05:08,pending,google_pay,Germany,New York
7014,1555,2024-04-13 19:11:10,shipped,apple_pay,United Kingdom,Los Angeles
7015,1922,2021-02-07 05:03:36,refunded,paypal,Germany,New York
7016,1661,2024-07-11 04:16:51,paid,bank_transfer,Italy,Madrid
7017,1662,2023-12-18 20:11:24,paid,credit_card,United States,Rome
7018,228,2023-12-02 23:11:46,refunded,google_pay,France,Vancouver
7019,1496,2021-02-02 22:12:11,shipped,apple_pay,Canada,Sydney
7020,1975,2021-08-18 22:47:19,paid,google_pay,India,Sydney
7021,1891,2024-05-10 20:03:40,paid,apple_pay,United Kingdom,Sydney
7022,800,2023-10-25 18:51:37,paid,apple_pay,Canada,Madrid
7023,1702,2022-10-01 20:20:52,pending,credit_card,Netherlands,Sydney
7024,209,2020-10-25 20:04:56,shipped,paypal,Australia,Bangalore
7025,368,2022-06-10 02:15:59,paid,apple_pay,Germany,Amsterdam
7026,269,2020-06-29 02:11:18,paid,credit_card,India,Paris
7027,1975,2021-05-22 18:33:53,paid,credit_card,Australia,Chicago
7028,1882,2021-05-05 20:00:55,paid,apple_pay,Germany,Rome
7029,1168,2022-08-23 06:17:11,refunded,bank_transfer,Italy,New York
7030,1338,2021-01-06 21:41:22,pending,paypal,Spain,Melbourne
7031,410,2024-10-30 05:25:40,paid,bank_transfer,India,Paris
7032,530,2024-11-06 21:14:09,cancelled,google_pay,Canada,Los Angeles
7033,1012,2024-01-11 02:42:41,cancelled,bank_transfer,United Kingdom,Bangalore
7034,318,2020-03-31 14:42:31,shipped,credit_card,United Kingdom,Paris
7035,145,2020-08-01 09:11:07,paid,google_pay,Spain,Amsterdam
7036,519,2022-09-03 10:13:39,paid,credit_card,Italy,Amsterdam
7037,768,2021-05-15 06:33:49,paid,bank_transfer,France,Sydney
7038,900,2020-03-08 01:33:02,shipped,credit_card,Netherlands,Los Angeles
7039,35,2020-03-02 21:50:31,paid,credit_card,India,Los Angeles
7040,1757,2021-01-22 19:34:41,paid,apple_pay,India,Los Angeles
7041,792,2023-09-26 18:57:04,paid,paypal,Italy,Bangalore
7042,1597,2024-05-01 07:11:40,paid,paypal,Germany,Sydney
7043,349,2020-03-08 07:55:21,paid,google_pay,Spain,Paris
7044,487,2023-02-09 10:57:56,shipped,paypal,France,Amsterdam
7045,495,2022-02-27 01:18:01,shipped,google_pay,United States,Toronto
7046,1095,2022-09-06 13:06:37,paid,credit_card,Italy,Paris
7047,965,2023-08-14 03:45:06,cancelled,paypal,India,Bangalore
7048,1992,2024-05-28 00:59:18,shipped,paypal,United Kingdom,Mumbai
7049,397,2022-02-22 00:44:15,paid,google_pay,Spain,Melbourne
7050,1046,2021-06-06 06:38:10,shipped,apple_pay,Canada,Chicago
7051,1616,2022-11-13 08:47:50,paid,google_pay,Australia,Bangalore
7052,815,2020-12-10 00:15:13,pending,credit_card,Netherlands,Vancouver
7053,1484,2022-04-02 13:17:43,refunded,credit_card,United States,New York
7054,45,2021-10-01 10:44:57,shipped,bank_transfer,India,Bangalore
7055,1566,2024-02-27 21:20:58,cancelled,apple_pay,Netherlands,Melbourne
7056,1386,2024-03-11 23:35:05,paid,credit_card,France,Vancouver
7057,1344,2021-04-08 05:37:28,cancelled,apple_pay,Germany,Los Angeles
7058,810,2022-05-30 12:14:38,paid,paypal,Spain,Sydney
7059,356,2023-06-06 17:15:16,pending,google_pay,Germany,Chicago
7060,1969,2023-07-15 11:09:05,paid,credit_card,Italy,Toronto
7061,124,2022-07-28 17:23:27,shipped,apple_pay,Canada,Paris
7062,1869,2020-09-10 18:44:27,paid,google_pay,United Kingdom,Madrid
7063,979,2021-01-07 21:08:42,pending,google_pay,India,Berlin
7064,1742,2021-07-25 09:51:49,refunded,credit_card,India,Madrid
7065,710,2023-01-08 01:27:37,paid,paypal,Italy,Melbourne
7066,1547,2020-12-18 11:59:49,cancelled,google_pay,Spain,Los Angeles
7067,636,2021-04-15 14:29:40,refunded,google_pay,Canada,Chicago
7068,243,2022-03-13 01:16:19,refunded,google_pay,United States,Mumbai
7069,1720,2024-04-06 07:23:21,cancelled,bank_transfer,Netherlands,New York
7070,143,2023-10-05 19:45:37,pending,credit_card,United States,Chicago
7071,1211,2020-02-09 21:05:15,shipped,credit_card,Canada,London
7072,1025,2023-06-15 08:01:54,paid,google_pay,Australia,Vancouver
7073,41,2021-03-03 10:43:18,shipped,bank_transfer,Netherlands,Vancouver
7074,779,2022-02-21 03:33:14,shipped,apple_pay,United Kingdom,Madrid
7075,1998,2022-01-13 20:19:05,shipped,google_pay,France,London
7076,1191,2021-09-28 23:34:20,paid,bank_transfer,United States,Vancouver
7077,138,2022-02-02 19:25:33,shipped,paypal,Netherlands,Vancouver
7078,1128,2022-06-05 19:34:58,pending,paypal,United States,New York
7079,12,2024-08-06 22:41:29,shipped,apple_pay,Italy,Toronto
7080,1473,2020-11-20 21:50:24,paid,apple_pay,Germany,Bangalore
7081,1073,2022-10-19 23:30:28,paid,paypal,United States,Sydney
7082,1875,2021-04-27 19:09:07,cancelled,bank_transfer,Germany,New York
7083,84,2021-08-24 00:23:44,shipped,credit_card,Australia,Melbourne
7084,540,2022-09-30 03:44:38,paid,paypal,Germany,Rome
7085,159,2021-12-04 11:00:43,shipped,apple_pay,France,Berlin
7086,604,2021-12-23 03:23:31,paid,paypal,France,Madrid
7087,544,2020-06-30 03:12:52,paid,bank_transfer,United Kingdom,Madrid
7088,1101,2020-11-21 02:57:38,paid,paypal,Spain,Rome
7089,1189,2021-01-30 13:29:05,shipped,google_pay,India,Paris
7090,1369,2023-07-19 11:06:43,shipped,apple_pay,Australia,Bangalore
7091,750,2024-01-15 17:12:07,paid,paypal,Germany,Sydney
7092,1679,2022-10-30 02:05:16,paid,credit_card,India,London
7093,320,2020-10-05 23:06:55,shipped,paypal,Australia,Madrid
7094,1265,2020-09-01 17:43:06,paid,bank_transfer,Australia,New York
7095,1036,2023-09-18 17:07:42,pending,paypal,Italy,Sydney
7096,481,2022-07-20 13:04:15,shipped,credit_card,Netherlands,New York
7097,1246,2021-06-28 01:58:59,cancelled,credit_card,United Kingdom,Vancouver
7098,228,2022-06-04 12:47:39,pending,paypal,India,Mumbai
7099,359,2023-02-03 11:33:19,shipped,google_pay,Netherlands,Rome
7100,1713,2023-01-30 13:56:23,cancelled,google_pay,France,Melbourne
7101,1437,2020-03-28 07:21:51,paid,paypal,Germany,Los Angeles
7102,1302,2021-09-25 06:27:15,paid,credit_card,Netherlands,New York
7103,1572,2023-06-09 00:55:31,paid,google_pay,United Kingdom,London
7104,433,2024-03-11 23:31:16,shipped,credit_card,Italy,Melbourne
7105,1746,2021-05-25 20:28:00,cancelled,paypal,Australia,Vancouver
7106,1767,2022-03-16 15:30:13,paid,apple_pay,Italy,Los Angeles
7107,367,2021-08-17 01:21:46,cancelled,google_pay,Italy,Vancouver
7108,1841,2020-09-15 20:38:10,shipped,paypal,France,Sydney
7109,945,2021-05-04 22:20:54,pending,apple_pay,United Kingdom,Vancouver
7110,114,2021-12-19 19:56:49,pending,apple_pay,Spain,Melbourne
7111,245,2024-11-13 05:03:42,paid,bank_transfer,Italy,Mumbai
7112,9,2024-02-17 10:51:13,refunded,credit_card,Germany,Melbourne
7113,177,2021-07-24 01:56:31,paid,credit_card,Australia,New York
7114,1683,2022-11-02 02:00:29,shipped,google_pay,Australia,Rome
7115,233,2024-12-23 04:42:58,paid,bank_transfer,France,Paris
7116,1861,2022-05-30 02:07:30,shipped,apple_pay,India,Madrid
7117,1023,2020-07-08 19:49:21,paid,bank_transfer,India,Sydney
7118,1099,2021-12-05 07:57:33,pending,credit_card,Spain,Amsterdam
7119,879,2023-09-19 16:27:53,paid,bank_transfer,India,Paris
7120,1727,2020-10-04 11:42:16,paid,paypal,Netherlands,Amsterdam
7121,164,2022-11-17 00:53:14,paid,bank_transfer,United Kingdom,Vancouver
7122,1642,2020-02-06 13:17:48,paid,credit_card,India,Madrid
7123,779,2020-01-14 08:35:38,paid,bank_transfer,India,Paris
7124,1200,2020-03-06 04:41:53,pending,paypal,United States,Bangalore
7125,217,2023-02-05 08:59:28,pending,paypal,Netherlands,Bangalore
7126,1336,2022-03-14 05:45:23,cancelled,credit_card,Italy,Melbourne
7127,1445,2024-05-30 08:03:37,paid,credit_card,United States,Mumbai
7128,751,2024-10-01 05:47:51,paid,bank_transfer,United States,Amsterdam
7129,230,2023-06-05 21:21:23,paid,google_pay,France,New York
7130,926,2023-08-09 01:31:32,shipped,credit_card,Spain,Rome
7131,1580,2021-05-17 03:52:05,shipped,apple_pay,Italy,Mumbai
7132,288,2023-11-14 21:34:00,paid,bank_transfer,France,New York
7133,556,2021-06-02 13:09:42,paid,paypal,France,Sydney
7134,764,2022-12-18 14:06:16,paid,bank_transfer,United States,Madrid
7135,610,2023-10-07 01:55:33,shipped,google_pay,India,Chicago
7136,1676,2021-03-18 10:57:16,shipped,google_pay,Spain,London
7137,1386,2020-12-15 13:07:50,paid,google_pay,Germany,Los Angeles
7138,932,2021-03-20 09:34:08,cancelled,google_pay,Canada,New York
7139,1165,2021-12-11 03:07:00,shipped,credit_card,Netherlands,Sydney
7140,129,2021-05-21 11:31:46,refunded,bank_transfer,France,Rome
7141,884,2024-03-11 04:59:22,paid,credit_card,Netherlands,Vancouver
7142,922,2023-09-13 10:08:43,shipped,paypal,United States,Rome
7143,724,2024-04-16 10:42:20,cancelled,bank_transfer,Italy,Bangalore
7144,1335,2023-10-16 19:39:49,shipped,apple_pay,Spain,Melbourne
7145,1490,2023-02-15 20:55:33,paid,bank_transfer,Australia,Los Angeles
7146,106,2021-11-14 11:00:27,cancelled,bank_transfer,Germany,Madrid
7147,1642,2021-05-26 17:14:21,shipped,google_pay,United States,Vancouver
7148,564,2024-04-07 11:08:53,paid,paypal,France,Bangalore
7149,1512,2022-03-30 01:50:12,pending,credit_card,Spain,New York
7150,1552,2022-02-12 11:51:24,shipped,credit_card,Germany,Los Angeles
7151,1111,2024-05-30 12:23:10,paid,apple_pay,Spain,Chicago
7152,852,2024-02-19 19:35:35,pending,credit_card,United Kingdom,Bangalore
7153,1269,2020-10-14 01:33:57,shipped,credit_card,Italy,Melbourne
7154,851,2023-03-11 11:51:38,shipped,paypal,Germany,Paris
7155,1710,2020-03-22 21:57:46,paid,credit_card,India,Chicago
7156,1305,2023-11-23 15:07:59,paid,bank_transfer,United States,London
7157,471,2024-01-18 04:39:07,paid,google_pay,India,Berlin
7158,1664,2022-07-17 09:29:25,shipped,google_pay,Australia,Madrid
7159,876,2021-09-13 23:28:56,pending,apple_pay,Spain,Los Angeles
7160,1329,2020-09-27 04:08:58,refunded,credit_card,Germany,Vancouver
7161,906,2021-05-27 21:01:04,paid,paypal,Germany,Vancouver
7162,828,2020-03-24 11:12:20,shipped,apple_pay,India,Melbourne
7163,23,2024-06-26 22:09:57,shipped,bank_transfer,Spain,Mumbai
7164,1562,2024-07-27 01:55:21,cancelled,bank_transfer,Italy,Paris
7165,373,2023-03-06 00:40:03,shipped,apple_pay,Germany,Paris
7166,208,2020-07-14 03:14:04,shipped,bank_transfer,Canada,Los Angeles
7167,1073,2022-01-04 10:57:48,cancelled,apple_pay,United Kingdom,Rome
7168,758,2022-11-02 23:01:36,shipped,bank_transfer,United Kingdom,Chicago
7169,1580,2021-12-31 15:35:15,paid,apple_pay,Australia,Los Angeles
7170,411,2024-08-02 07:41:35,paid,credit_card,United Kingdom,Amsterdam
7171,613,2020-06-08 04:01:38,cancelled,google_pay,Canada,Berlin
7172,831,2024-02-16 04:34:41,paid,google_pay,Netherlands,Mumbai
7173,645,2024-01-16 11:33:56,shipped,google_pay,France,London
7174,477,2023-10-14 11:39:13,cancelled,apple_pay,Germany,Los Angeles
7175,527,2021-01-12 21:40:09,paid,google_pay,United Kingdom,Rome
7176,1933,2020-01-21 12:41:42,shipped,credit_card,France,Mumbai
7177,178,2024-02-05 13:27:11,paid,paypal,India,Paris
7178,1496,2020-10-08 23:03:38,shipped,google_pay,India,London
7179,1705,2020-01-01 21:47:22,shipped,bank_transfer,Germany,Vancouver
7180,1626,2021-02-05 04:22:48,cancelled,credit_card,Australia,Melbourne
7181,532,2023-08-22 23:47:53,cancelled,apple_pay,India,Berlin
7182,1667,2020-01-04 20:43:14,refunded,credit_card,Canada,Los Angeles
7183,1806,2021-05-04 09:52:14,paid,paypal,Canada,Vancouver
7184,1535,2021-11-04 18:17:41,paid,apple_pay,India,Los Angeles
7185,440,2023-11-08 17:29:36,refunded,apple_pay,Netherlands,Toronto
7186,407,2020-08-03 19:06:18,shipped,bank_transfer,Germany,Toronto
7187,482,2020-02-21 15:37:36,paid,bank_transfer,France,Amsterdam
7188,1968,2024-06-19 16:37:00,paid,apple_pay,India,Madrid
7189,1543,2020-05-10 01:10:30,paid,credit_card,Netherlands,London
7190,1404,2020-10-30 22:05:53,shipped,google_pay,Spain,New York
7191,1179,2022-05-30 18:33:10,cancelled,google_pay,United States,Rome
7192,1504,2020-04-06 21:08:35,pending,google_pay,Netherlands,London
7193,212,2024-02-06 03:27:33,shipped,credit_card,United Kingdom,Toronto
7194,828,2022-05-11 23:52:25,shipped,apple_pay,India,Chicago
7195,653,2023-12-04 13:22:42,paid,apple_pay,United States,Melbourne
7196,1417,2023-11-21 06:51:41,refunded,bank_transfer,Canada,Bangalore
7197,219,2022-01-23 10:23:54,pending,credit_card,Germany,New York
7198,1960,2024-03-31 12:29:54,pending,paypal,Australia,Sydney
7199,446,2022-10-29 02:33:52,paid,bank_transfer,Germany,Melbourne
7200,453,2021-08-15 13:55:01,cancelled,credit_card,Canada,New York
7201,1984,2021-07-24 21:23:11,cancelled,paypal,France,Madrid
7202,1432,2021-01-12 20:08:49,paid,bank_transfer,United States,Mumbai
7203,771,2021-04-29 10:09:07,cancelled,bank_transfer,Canada,Los Angeles
7204,1179,2021-12-31 13:01:31,cancelled,credit_card,Spain,Rome
7205,968,2020-10-27 04:35:47,paid,credit_card,Italy,Mumbai
7206,1801,2024-02-09 18:01:49,paid,credit_card,Spain,Amsterdam
7207,499,2024-12-05 23:57:20,paid,google_pay,Canada,Paris
7208,1055,2022-07-20 19:36:22,paid,paypal,India,Vancouver
7209,906,2024-08-05 09:59:00,refunded,bank_transfer,Netherlands,Mumbai
7210,1656,2023-11-03 04:14:20,paid,google_pay,Canada,Melbourne
7211,1832,2022-06-04 18:29:21,paid,bank_transfer,United States,Los Angeles
7212,819,2022-06-28 01:19:15,shipped,credit_card,United Kingdom,Melbourne
7213,1511,2022-02-24 07:17:18,refunded,credit_card,France,Mumbai
7214,694,2023-09-20 13:47:58,paid,apple_pay,Germany,Vancouver
7215,1633,2021-08-28 12:38:09,shipped,bank_transfer,United States,Rome
7216,891,2024-11-01 15:05:47,paid,credit_card,Canada,Sydney
7217,1625,2020-04-01 20:05:35,paid,paypal,United Kingdom,Sydney
7218,163,2024-02-24 01:05:33,paid,apple_pay,France,Berlin
7219,37,2022-05-31 01:52:40,shipped,credit_card,Italy,Los Angeles
7220,1512,2021-11-10 10:36:06,shipped,bank_transfer,Netherlands,Berlin
7221,1034,2021-11-29 19:16:56,paid,bank_transfer,Australia,Amsterdam
7222,1793,2020-10-23 03:38:53,paid,google_pay,Germany,Berlin
7223,1294,2021-04-17 16:08:00,paid,credit_card,Spain,Sydney
7224,345,2023-05-05 22:30:42,paid,paypal,Spain,Berlin
7225,1236,2023-11-07 15:23:28,shipped,apple_pay,Australia,Sydney
7226,1250,2020-01-08 16:08:33,shipped,paypal,United States,Chicago
7227,1597,2021-09-11 22:07:09,paid,credit_card,India,Amsterdam
7228,795,2022-09-09 20:19:35,shipped,google_pay,United States,Los Angeles
7229,72,2023-06-29 20:54:13,cancelled,paypal,Italy,Los Angeles
7230,1887,2022-03-14 19:43:57,refunded,google_pay,United Kingdom,Toronto
7231,122,2022-05-03 07:59:44,cancelled,google_pay,Spain,Berlin
7232,420,2021-12-19 00:28:54,paid,paypal,United States,New York
7233,949,2022-06-02 20:09:41,paid,google_pay,France,Madrid
7234,171,2020-10-11 22:52:51,paid,credit_card,France,New York
7235,867,2020-11-05 21:32:25,cancelled,credit_card,Australia,Vancouver
7236,588,2020-07-19 17:34:32,paid,credit_card,France,Chicago
7237,133,2022-02-28 18:28:03,refunded,paypal,Germany,Madrid
7238,303,2023-09-19 02:40:33,refunded,bank_transfer,Canada,New York
7239,1685,2020-01-18 20:37:49,shipped,credit_card,Australia,Paris
7240,1737,2020-12-18 12:24:20,shipped,paypal,India,Chicago
7241,211,2022-03-30 18:25:11,paid,google_pay,Spain,Toronto
7242,1232,2024-02-25 16:19:06,shipped,google_pay,United Kingdom,Amsterdam
7243,1615,2020-09-11 00:16:13,paid,google_pay,Spain,Amsterdam
7244,1532,2022-11-03 15:32:34,shipped,bank_transfer,Canada,Sydney
7245,1189,2020-07-08 19:55:06,pending,bank_transfer,Australia,Los Angeles
7246,559,2022-12-16 05:58:07,shipped,bank_transfer,Canada,Rome
7247,585,2020-07-03 12:56:10,paid,google_pay,Germany,Vancouver
7248,1223,2023-11-11 19:16:39,paid,apple_pay,United States,Sydney
7249,1774,2021-02-16 22:37:54,paid,credit_card,France,Mumbai
7250,1849,2024-12-06 12:23:00,shipped,apple_pay,India,Sydney
7251,1454,2023-01-17 14:20:10,pending,bank_transfer,Australia,London
7252,539,2020-05-16 11:32:51,shipped,bank_transfer,India,London
7253,1534,2024-01-31 12:14:40,refunded,paypal,France,Berlin
7254,1080,2020-09-08 06:01:49,shipped,bank_transfer,Germany,Vancouver
7255,1676,2022-01-28 12:30:29,paid,apple_pay,United States,Toronto
7256,51,2024-03-05 18:13:16,cancelled,apple_pay,Spain,Amsterdam
7257,1559,2021-12-19 07:44:24,shipped,credit_card,Netherlands,Berlin
7258,1183,2024-11-25 21:35:59,shipped,apple_pay,France,Chicago
7259,789,2022-12-23 21:41:26,shipped,paypal,India,Amsterdam
7260,954,2024-09-11 16:52:16,pending,bank_transfer,United States,Toronto
7261,242,2024-02-23 18:22:16,cancelled,apple_pay,Canada,Amsterdam
7262,112,2022-06-19 09:48:24,shipped,paypal,Canada,Berlin
7263,58,2024-08-06 03:46:33,paid,apple_pay,Italy,Amsterdam
7264,101,2020-08-31 10:54:40,pending,bank_transfer,Germany,London
7265,137,2023-03-18 09:24:00,paid,credit_card,United Kingdom,Rome
7266,7,2021-08-14 04:45:13,refunded,bank_transfer,Italy,Chicago
7267,1835,2024-11-02 19:20:34,shipped,credit_card,Canada,Mumbai
7268,316,2024-02-21 11:09:35,paid,google_pay,United Kingdom,Mumbai
7269,1550,2021-08-20 04:40:52,shipped,paypal,United States,Bangalore
7270,1186,2023-08-07 23:21:30,paid,bank_transfer,United States,New York
7271,1128,2024-01-16 04:55:33,shipped,credit_card,Italy,Sydney
7272,768,2023-07-23 14:49:51,shipped,paypal,France,Sydney
7273,133,2023-10-14 20:18:14,refunded,apple_pay,Spain,Bangalore
7274,1192,2023-08-17 23:07:48,pending,bank_transfer,Italy,Amsterdam
7275,184,2022-05-20 18:40:49,paid,paypal,United States,Chicago
7276,293,2020-11-21 12:50:58,shipped,apple_pay,Italy,Madrid
7277,611,2020-10-05 20:05:56,refunded,bank_transfer,Germany,Vancouver
7278,1608,2024-11-04 19:58:27,shipped,bank_transfer,United Kingdom,Vancouver
7279,921,2021-01-18 08:29:38,paid,bank_transfer,United States,Toronto
7280,830,2023-09-04 05:21:13,paid,apple_pay,India,Sydney
7281,690,2023-01-28 13:33:40,refunded,google_pay,France,Los Angeles
7282,1789,2022-04-29 23:05:36,paid,apple_pay,Canada,Sydney
7283,1914,2024-12-31 06:43:10,paid,apple_pay,Canada,Chicago
7284,288,2020-11-14 17:17:06,refunded,bank_transfer,United Kingdom,London
7285,1263,2023-03-23 16:28:12,refunded,apple_pay,France,Berlin
7286,801,2022-05-15 20:19:57,shipped,google_pay,Canada,Los Angeles
7287,1694,2022-05-01 08:10:41,paid,credit_card,India,Los Angeles
7288,1092,2024-04-09 17:44:29,paid,apple_pay,Italy,New York
7289,631,2020-11-09 00:21:25,pending,paypal,United States,London
7290,1150,2020-10-28 23:29:42,shipped,paypal,United Kingdom,Chicago
7291,263,2024-08-02 11:57:45,shipped,credit_card,Germany,Chicago
7292,1351,2020-04-24 01:57:19,pending,bank_transfer,Canada,New York
7293,510,2023-07-20 18:38:03,shipped,apple_pay,Italy,Mumbai
7294,369,2024-03-22 15:18:35,cancelled,credit_card,Italy,Berlin
7295,483,2024-01-31 00:49:47,paid,bank_transfer,Italy,New York
7296,977,2023-11-09 14:43:50,paid,credit_card,India,Los Angeles
7297,1845,2020-10-10 08:24:06,pending,apple_pay,United Kingdom,Amsterdam
7298,1696,2023-07-29 02:44:10,pending,bank_transfer,Canada,Bangalore
7299,1200,2021-12-05 00:00:26,paid,apple_pay,France,New York
7300,617,2024-07-18 05:34:41,shipped,bank_transfer,Canada,Melbourne
7301,1124,2024-06-11 03:53:40,shipped,google_pay,Australia,Los Angeles
7302,778,2023-03-14 02:00:28,paid,bank_transfer,India,Toronto
7303,839,2020-05-17 00:47:29,paid,apple_pay,India,Amsterdam
7304,675,2024-05-09 16:07:43,shipped,bank_transfer,France,Bangalore
7305,1352,2021-09-24 06:17:01,paid,credit_card,Italy,Mumbai
7306,1945,2023-01-07 17:20:09,paid,paypal,Australia,Rome
7307,901,2021-02-06 08:49:12,shipped,credit_card,Netherlands,Paris
7308,1660,2023-04-18 19:27:43,refunded,apple_pay,Netherlands,Mumbai
7309,1420,2021-07-28 15:22:31,paid,bank_transfer,Australia,Bangalore
7310,816,2024-12-31 09:03:56,paid,apple_pay,India,Paris
7311,1549,2020-06-18 09:58:41,paid,apple_pay,Canada,New York
7312,1386,2020-04-14 13:28:12,shipped,credit_card,India,Rome
7313,470,2021-04-22 17:49:12,pending,credit_card,Australia,Los Angeles
7314,1287,2023-12-24 06:35:16,paid,credit_card,Netherlands,Rome
7315,1018,2023-02-11 16:15:52,shipped,paypal,Canada,Melbourne
7316,640,2021-12-26 22:45:16,shipped,credit_card,India,Los Angeles
7317,1233,2021-11-08 21:39:23,paid,google_pay,United States,Los Angeles
7318,1610,2023-04-21 06:13:09,refunded,credit_card,United Kingdom,London
7319,963,2023-04-08 01:01:38,shipped,paypal,United Kingdom,Mumbai
7320,543,2024-02-23 08:37:07,shipped,paypal,India,Rome
7321,1324,2021-10-01 09:41:33,paid,paypal,Australia,Madrid
7322,1463,2022-08-08 22:38:43,shipped,paypal,Italy,Sydney
7323,1459,2022-11-08 04:52:16,shipped,apple_pay,France,Amsterdam
7324,740,2022-09-09 22:08:05,paid,apple_pay,United States,Melbourne
7325,1657,2021-06-15 09:20:55,shipped,apple_pay,Netherlands,Mumbai
7326,1480,2022-04-08 12:42:29,paid,bank_transfer,India,Sydney
7327,1674,2022-12-19 04:58:01,paid,paypal,Australia,Mumbai
7328,636,2020-05-30 01:43:38,paid,bank_transfer,United States,New York
7329,1569,2024-11-27 10:06:39,cancelled,google_pay,United States,Bangalore
7330,1929,2023-02-17 18:56:09,shipped,google_pay,United States,London
7331,1796,2021-07-06 11:40:59,paid,apple_pay,Spain,New York
7332,1330,2024-05-05 16:17:31,paid,paypal,Netherlands,Madrid
7333,152,2021-05-22 19:06:43,shipped,paypal,United Kingdom,Rome
7334,789,2021-09-22 06:43:03,paid,bank_transfer,Netherlands,Los Angeles
7335,459,2022-09-11 14:30:03,shipped,credit_card,Canada,Paris
7336,1371,2021-11-18 13:50:58,shipped,google_pay,United States,Madrid
7337,1481,2020-11-29 18:52:22,shipped,bank_transfer,Netherlands,Amsterdam
7338,1855,2021-08-02 07:54:31,pending,bank_transfer,Spain,Rome
7339,861,2020-10-15 12:45:47,shipped,paypal,India,Madrid
7340,608,2020-09-27 11:57:07,shipped,credit_card,Spain,Sydney
7341,1269,2021-04-29 00:23:35,paid,google_pay,Germany,Los Angeles
7342,255,2024-08-05 23:57:43,paid,bank_transfer,Australia,Bangalore
7343,666,2021-05-24 04:31:32,shipped,paypal,Netherlands,Amsterdam
7344,934,2022-09-03 16:42:00,shipped,bank_transfer,Germany,Berlin
7345,901,2022-10-12 11:06:12,refunded,credit_card,India,Toronto
7346,1582,2024-06-14 00:48:15,pending,google_pay,Netherlands,Toronto
7347,1045,2022-04-14 10:46:59,paid,google_pay,Spain,Vancouver
7348,957,2021-12-16 19:25:33,paid,google_pay,Italy,Paris
7349,1684,2020-06-11 22:16:15,paid,credit_card,Netherlands,London
7350,294,2020-05-22 13:36:17,cancelled,bank_transfer,Canada,Los Angeles
7351,1909,2021-04-30 04:32:08,shipped,google_pay,France,Los Angeles
7352,1127,2023-12-05 12:17:06,paid,apple_pay,Germany,Berlin
7353,1342,2024-01-19 08:29:29,paid,apple_pay,Netherlands,Mumbai
7354,317,2020-01-19 08:34:51,shipped,apple_pay,Italy,Bangalore
7355,1429,2020-05-05 19:14:28,pending,google_pay,United Kingdom,Rome
7356,1221,2024-08-11 22:50:11,shipped,apple_pay,Netherlands,Mumbai
7357,1863,2024-01-03 11:38:03,shipped,google_pay,United Kingdom,Vancouver
7358,369,2023-05-26 19:32:20,paid,google_pay,Netherlands,Melbourne
7359,1115,2023-08-30 03:55:41,shipped,credit_card,Australia,Berlin
7360,962,2024-12-30 14:42:44,pending,paypal,Canada,New York
7361,61,2024-03-27 07:23:42,paid,apple_pay,United Kingdom,Los Angeles
7362,345,2020-10-02 20:01:17,shipped,google_pay,Netherlands,Paris
7363,200,2024-12-27 11:57:03,refunded,paypal,Australia,Paris
7364,1893,2021-09-20 07:09:27,paid,paypal,Italy,Madrid
7365,1745,2020-03-29 03:52:07,paid,paypal,United Kingdom,Amsterdam
7366,1172,2020-07-07 15:55:47,cancelled,paypal,Italy,Bangalore
7367,1201,2023-12-20 12:53:12,shipped,paypal,Netherlands,Amsterdam
7368,1743,2024-04-20 14:52:31,paid,credit_card,Spain,Amsterdam
7369,1741,2024-07-03 04:54:35,cancelled,google_pay,Spain,Berlin
7370,1659,2021-02-03 11:13:54,shipped,apple_pay,United States,Melbourne
7371,66,2024-09-15 17:29:20,shipped,bank_transfer,Spain,Los Angeles
7372,438,2022-01-02 13:20:59,shipped,paypal,Canada,Vancouver
7373,219,2023-06-28 10:41:33,paid,paypal,Australia,Chicago
7374,298,2021-01-08 22:30:13,shipped,bank_transfer,Italy,Berlin
7375,372,2022-09-03 14:27:05,shipped,google_pay,France,Rome
7376,495,2020-08-04 11:50:33,paid,apple_pay,India,Rome
7377,694,2021-11-22 21:50:34,cancelled,credit_card,India,Rome
7378,1796,2024-02-14 15:53:20,cancelled,apple_pay,Italy,Bangalore
7379,154,2024-11-01 09:39:20,refunded,bank_transfer,India,Bangalore
7380,1791,2022-11-02 08:16:41,shipped,paypal,Australia,Amsterdam
7381,976,2021-07-03 06:57:27,shipped,google_pay,Germany,Chicago
7382,1945,2023-04-26 11:39:11,paid,google_pay,Spain,Paris
7383,582,2022-08-16 10:49:35,paid,credit_card,United States,Rome
7384,1229,2020-02-14 16:43:55,paid,google_pay,Italy,Vancouver
7385,428,2020-05-12 14:25:42,shipped,google_pay,Spain,Paris
7386,1103,2021-11-28 13:07:04,paid,credit_card,Netherlands,Chicago
7387,333,2021-03-28 23:39:33,refunded,apple_pay,Canada,Amsterdam
7388,1537,2022-10-19 19:36:10,paid,google_pay,Canada,Amsterdam
7389,543,2022-05-01 02:44:17,shipped,paypal,United States,Madrid
7390,1415,2021-12-18 11:40:36,shipped,credit_card,India,Melbourne
7391,1585,2020-01-20 04:29:09,paid,paypal,Netherlands,Berlin
7392,871,2022-10-10 06:49:04,refunded,google_pay,India,Berlin
7393,1183,2021-02-10 13:24:28,paid,bank_transfer,France,Paris
7394,758,2023-08-19 16:33:28,paid,apple_pay,Italy,Chicago
7395,631,2020-12-29 19:14:16,shipped,google_pay,India,Toronto
7396,1371,2024-12-23 14:41:37,paid,bank_transfer,Canada,London
7397,145,2024-05-13 18:27:00,paid,credit_card,United States,Toronto
7398,1357,2021-05-03 01:58:30,shipped,paypal,Netherlands,Paris
7399,722,2020-08-23 18:27:40,paid,credit_card,Spain,Mumbai
7400,1319,2024-05-25 05:29:31,shipped,bank_transfer,United States,Rome
7401,41,2021-01-21 21:47:52,paid,apple_pay,Canada,Chicago
7402,719,2024-01-28 09:58:55,paid,bank_transfer,Italy,Rome
7403,1162,2021-02-15 05:18:57,paid,bank_transfer,Canada,Mumbai
7404,962,2021-10-10 21:52:01,cancelled,google_pay,Spain,Toronto
7405,1022,2022-04-05 11:01:21,shipped,paypal,India,Vancouver
7406,574,2023-01-24 08:30:11,paid,apple_pay,Netherlands,Vancouver
7407,1571,2024-01-29 13:12:22,pending,apple_pay,India,Paris
7408,282,2021-04-23 18:00:16,shipped,credit_card,Italy,Vancouver
7409,1287,2023-07-06 05:19:42,cancelled,paypal,Australia,Berlin
7410,619,2023-07-10 01:58:56,shipped,paypal,Australia,Los Angeles
7411,777,2020-05-29 04:12:00,paid,apple_pay,Italy,Toronto
7412,1824,2022-06-30 18:32:00,shipped,apple_pay,United Kingdom,Vancouver
7413,380,2024-03-10 18:52:52,paid,paypal,United Kingdom,Amsterdam
7414,1500,2024-07-26 14:51:44,paid,apple_pay,Canada,New York
7415,1768,2024-07-27 09:05:03,shipped,credit_card,Netherlands,Chicago
7416,826,2022-04-20 18:19:30,paid,google_pay,Italy,Toronto
7417,1989,2020-05-31 16:26:40,shipped,google_pay,United States,Sydney
7418,981,2020-05-30 11:17:47,paid,google_pay,Spain,Sydney
7419,157,2021-09-26 01:16:15,pending,apple_pay,India,Mumbai
7420,1334,2020-09-20 02:14:25,paid,apple_pay,France,Berlin
7421,533,2021-07-20 16:18:16,paid,google_pay,France,Rome
7422,1860,2023-11-16 13:29:59,shipped,google_pay,Germany,Toronto
7423,468,2024-01-03 00:16:03,paid,bank_transfer,Spain,Amsterdam
7424,901,2024-03-29 08:57:27,paid,paypal,United States,Berlin
7425,778,2021-04-07 05:46:38,cancelled,apple_pay,United Kingdom,Amsterdam
7426,1880,2024-11-30 12:22:02,paid,paypal,Germany,Melbourne
7427,201,2022-05-24 07:36:32,paid,credit_card,United States,Vancouver
7428,1005,2024-07-08 23:29:16,pending,google_pay,United States,Vancouver
7429,1206,2023-01-14 11:53:56,pending,apple_pay,Australia,London
7430,919,2020-10-17 02:59:08,refunded,google_pay,Germany,Chicago
7431,1834,2021-02-20 14:00:14,shipped,credit_card,France,Vancouver
7432,1259,2023-11-21 04:56:26,shipped,apple_pay,United Kingdom,Sydney
7433,445,2021-01-26 07:57:15,paid,credit_card,Spain,Los Angeles
7434,23,2022-05-16 21:50:22,paid,apple_pay,Australia,Toronto
7435,857,2020-04-07 14:44:22,cancelled,paypal,India,Madrid
7436,1709,2024-07-18 11:22:12,shipped,apple_pay,France,Mumbai
7437,1243,2024-05-05 05:29:29,refunded,apple_pay,Spain,Rome
7438,1658,2021-02-06 23:03:24,pending,credit_card,Germany,Paris
7439,1751,2022-09-19 17:14:29,paid,paypal,Spain,Los Angeles
7440,1586,2021-01-26 20:44:16,cancelled,google_pay,Italy,Vancouver
7441,335,2022-09-18 18:28:46,shipped,apple_pay,United Kingdom,Paris
7442,1255,2022-08-26 17:03:41,shipped,google_pay,Germany,Melbourne
7443,1103,2024-07-14 20:56:47,refunded,bank_transfer,Spain,New York
7444,116,2024-04-20 04:50:53,shipped,paypal,India,Vancouver
7445,294,2024-08-01 11:42:16,shipped,paypal,Italy,Mumbai
7446,167,2024-08-09 10:59:35,shipped,credit_card,Germany,London
7447,1418,2022-03-06 17:38:22,paid,apple_pay,Italy,Paris
7448,776,2024-05-04 17:49:37,refunded,google_pay,Spain,New York
7449,1244,2023-02-22 21:44:37,shipped,google_pay,Australia,Los Angeles
7450,256,2024-06-08 22:24:01,paid,apple_pay,France,Amsterdam
7451,53,2022-03-24 15:15:20,paid,google_pay,Australia,Los Angeles
7452,1884,2024-12-19 23:43:18,cancelled,bank_transfer,France,Melbourne
7453,893,2022-01-29 12:17:02,shipped,bank_transfer,Canada,Rome
7454,1590,2022-04-09 19:10:29,paid,google_pay,India,Toronto
7455,697,2021-05-19 07:13:14,shipped,paypal,Spain,Amsterdam
7456,1154,2022-12-12 13:10:45,paid,google_pay,United States,Mumbai
7457,282,2021-08-03 10:10:18,cancelled,paypal,Spain,Toronto
7458,1343,2024-02-06 20:32:25,refunded,credit_card,Canada,Mumbai
7459,740,2020-05-13 22:32:55,shipped,google_pay,United States,Rome
7460,1821,2023-06-29 13:29:46,paid,bank_transfer,Australia,Chicago
7461,1,2021-11-01 03:59:26,paid,paypal,France,Rome
7462,1018,2024-12-18 01:56:18,pending,credit_card,Netherlands,Berlin
7463,946,2020-11-12 10:10:32,shipped,google_pay,France,Chicago
7464,1570,2024-10-09 10:59:10,shipped,apple_pay,France,Los Angeles
7465,746,2021-02-08 08:46:16,paid,bank_transfer,Italy,Toronto
7466,1391,2024-04-02 00:29:14,paid,paypal,Netherlands,Madrid
7467,1017,2022-09-06 17:40:50,paid,bank_transfer,United States,Amsterdam
7468,641,2021-08-14 03:02:26,shipped,credit_card,United States,Paris
7469,1973,2022-05-07 02:17:25,paid,bank_transfer,Italy,Madrid
7470,819,2020-04-13 07:23:23,paid,bank_transfer,Italy,Bangalore
7471,1941,2023-04-01 09:23:51,shipped,apple_pay,Germany,Chicago
7472,1751,2021-02-10 16:32:46,paid,credit_card,Australia,Melbourne
7473,791,2020-03-02 09:50:35,paid,google_pay,United States,Bangalore
7474,1051,2024-11-25 17:38:57,pending,credit_card,Netherlands,London
7475,1470,2020-07-14 19:49:55,refunded,google_pay,Canada,Vancouver
7476,1483,2021-05-10 02:34:40,shipped,credit_card,Italy,Madrid
7477,618,2022-04-22 23:10:51,shipped,bank_transfer,Spain,Toronto
7478,1395,2021-11-04 07:15:29,cancelled,paypal,United States,Mumbai
7479,1961,2020-09-26 17:02:30,pending,apple_pay,Canada,Paris
7480,163,2024-04-30 14:37:59,cancelled,apple_pay,United States,Melbourne
7481,1939,2022-05-21 01:29:08,pending,credit_card,Netherlands,New York
7482,192,2024-11-03 09:57:39,paid,paypal,India,London
7483,1772,2022-11-17 00:54:20,refunded,bank_transfer,United States,Bangalore
7484,800,2024-02-07 10:31:32,shipped,apple_pay,Netherlands,Sydney
7485,1928,2023-12-11 06:15:21,paid,paypal,Spain,Berlin
7486,1822,2021-01-30 18:40:18,refunded,google_pay,Spain,Vancouver
7487,1238,2020-05-26 17:06:37,paid,bank_transfer,Canada,Melbourne
7488,656,2022-10-08 14:38:10,cancelled,apple_pay,Netherlands,Mumbai
7489,1716,2021-02-27 03:03:17,refunded,apple_pay,Italy,Paris
7490,1899,2020-10-27 17:58:27,shipped,credit_card,Italy,Madrid
7491,96,2020-10-12 15:41:09,shipped,bank_transfer,Canada,Mumbai
7492,1405,2020-03-06 05:53:22,paid,bank_transfer,Spain,Mumbai
7493,513,2020-04-05 22:26:46,shipped,apple_pay,France,Mumbai
7494,1904,2022-07-07 15:18:14,shipped,bank_transfer,Spain,Madrid
7495,1138,2022-06-16 19:51:16,paid,paypal,India,Paris
7496,605,2021-03-24 01:02:24,shipped,paypal,Spain,Berlin
7497,797,2021-05-31 05:47:00,shipped,google_pay,India,Mumbai
7498,806,2024-05-17 10:51:02,refunded,apple_pay,Spain,Madrid
7499,1573,2024-05-17 12:25:13,paid,apple_pay,Italy,Toronto
7500,236,2020-10-27 23:24:28,shipped,google_pay,United States,Berlin
7501,1807,2020-07-21 11:05:04,paid,credit_card,Italy,Los Angeles
7502,1176,2023-03-06 02:37:14,shipped,paypal,Spain,Mumbai
7503,1805,2022-08-02 08:11:46,paid,apple_pay,Australia,Vancouver
7504,1945,2023-12-13 19:06:22,refunded,bank_transfer,Italy,Chicago
7505,736,2020-09-27 00:47:19,shipped,google_pay,Italy,London
7506,512,2022-04-02 19:40:31,pending,bank_transfer,United Kingdom,Melbourne
7507,1205,2023-06-11 10:18:26,shipped,google_pay,Germany,Bangalore
7508,773,2023-06-12 11:37:32,paid,credit_card,Australia,Amsterdam
7509,448,2023-06-21 09:50:25,refunded,credit_card,United Kingdom,London
7510,274,2021-02-27 22:49:53,shipped,bank_transfer,France,Chicago
7511,338,2024-03-19 01:44:27,shipped,google_pay,United States,Chicago
7512,1278,2021-10-18 05:57:02,shipped,paypal,Spain,Toronto
7513,13,2023-02-09 10:48:00,paid,apple_pay,Canada,Madrid
7514,1305,2024-06-20 14:35:27,paid,credit_card,United States,Madrid
7515,90,2021-03-24 12:46:16,paid,credit_card,Italy,Vancouver
7516,1880,2020-03-20 11:26:23,shipped,google_pay,United Kingdom,Los Angeles
7517,1992,2021-10-29 23:36:32,paid,apple_pay,Netherlands,Sydney
7518,677,2020-08-08 06:06:09,pending,credit_card,India,Los Angeles
7519,708,2024-08-25 14:27:41,paid,credit_card,Italy,Toronto
7520,412,2022-10-10 21:58:03,refunded,paypal,United Kingdom,Amsterdam
7521,779,2022-07-13 00:14:41,cancelled,google_pay,United Kingdom,Toronto
7522,160,2021-09-05 02:52:32,shipped,bank_transfer,Spain,Madrid
7523,1393,2022-09-17 23:47:21,cancelled,google_pay,United Kingdom,Vancouver
7524,341,2022-04-05 02:31:54,paid,paypal,Italy,Amsterdam
7525,252,2020-06-09 07:50:58,paid,paypal,France,Paris
7526,1352,2024-01-31 05:41:27,paid,paypal,Spain,Berlin
7527,157,2022-02-12 06:19:03,shipped,apple_pay,Germany,London
7528,1539,2022-06-13 01:16:27,shipped,paypal,Germany,Vancouver
7529,169,2022-07-04 11:23:26,paid,google_pay,United States,Mumbai
7530,660,2023-02-09 20:17:13,paid,apple_pay,Italy,Vancouver
7531,1237,2023-12-27 13:51:00,paid,paypal,Germany,Amsterdam
7532,383,2021-06-03 18:06:24,paid,bank_transfer,France,Chicago
7533,1403,2021-06-19 12:18:23,paid,credit_card,United States,Chicago
7534,1655,2022-09-08 10:21:16,refunded,paypal,Australia,Toronto
7535,166,2022-05-10 06:27:18,pending,bank_transfer,France,Chicago
7536,1536,2021-02-25 20:51:09,cancelled,paypal,Spain,Chicago
7537,504,2022-10-16 03:52:42,shipped,paypal,India,London
7538,726,2021-01-08 10:31:21,shipped,paypal,France,New York
7539,42,2024-12-18 15:49:36,paid,google_pay,India,Amsterdam
7540,1335,2021-08-01 22:24:21,paid,paypal,Canada,Mumbai
7541,570,2024-08-21 15:29:06,paid,apple_pay,Spain,Chicago
7542,1997,2024-04-09 12:24:29,paid,apple_pay,United Kingdom,Amsterdam
7543,1299,2020-03-09 17:30:29,paid,bank_transfer,Germany,Amsterdam
7544,1140,2024-03-08 09:05:12,pending,credit_card,Australia,Melbourne
7545,1809,2022-09-16 17:09:34,paid,google_pay,India,Amsterdam
7546,208,2020-04-17 20:06:42,paid,apple_pay,France,Bangalore
7547,1749,2023-12-04 13:50:45,paid,credit_card,Canada,Chicago
7548,327,2023-03-25 16:07:19,paid,paypal,India,Sydney
7549,209,2020-04-20 23:45:56,pending,bank_transfer,India,Bangalore
7550,1616,2022-12-11 08:23:25,refunded,paypal,Germany,Amsterdam
7551,213,2024-09-29 05:33:13,cancelled,bank_transfer,Germany,Madrid
7552,300,2020-03-31 08:01:02,shipped,google_pay,United Kingdom,Vancouver
7553,458,2024-11-23 04:02:48,paid,apple_pay,United States,Berlin
7554,722,2024-03-12 21:15:19,paid,apple_pay,United Kingdom,Paris
7555,1540,2022-07-04 02:11:15,shipped,credit_card,Spain,London
7556,429,2022-11-30 13:32:46,paid,google_pay,Australia,Amsterdam
7557,288,2023-10-28 01:35:49,paid,paypal,India,Amsterdam
7558,1595,2023-06-18 02:40:37,shipped,google_pay,France,London
7559,1563,2023-08-23 04:35:29,paid,google_pay,United States,Vancouver
7560,325,2024-09-17 09:16:19,refunded,apple_pay,Germany,Sydney
7561,403,2022-10-10 20:45:27,refunded,credit_card,Spain,New York
7562,1356,2021-10-02 17:34:45,refunded,apple_pay,India,London
7563,1496,2021-03-23 09:29:18,pending,paypal,United States,Berlin
7564,446,2023-07-14 01:56:12,paid,credit_card,United Kingdom,Melbourne
7565,427,2020-07-28 00:42:23,paid,bank_transfer,United States,Amsterdam
7566,37,2020-05-12 08:49:58,pending,credit_card,India,Los Angeles
7567,1036,2021-08-07 19:58:45,shipped,bank_transfer,France,New York
7568,608,2024-03-15 19:30:22,shipped,bank_transfer,Australia,Vancouver
7569,1870,2020-12-31 00:58:39,shipped,bank_transfer,Italy,London
7570,861,2020-03-02 21:21:17,shipped,bank_transfer,Australia,Los Angeles
7571,229,2023-04-09 06:03:13,shipped,bank_transfer,India,Los Angeles
7572,1069,2021-12-13 20:47:32,refunded,apple_pay,India,Amsterdam
7573,1021,2024-12-07 16:51:57,paid,apple_pay,Spain,Amsterdam
7574,1646,2024-04-25 07:36:28,cancelled,google_pay,United Kingdom,New York
7575,836,2021-12-06 06:24:11,paid,paypal,United Kingdom,Vancouver
7576,166,2021-08-20 18:36:24,paid,apple_pay,India,Paris
7577,92,2024-10-11 02:36:28,shipped,apple_pay,Netherlands,Melbourne
7578,1259,2020-07-20 03:31:58,refunded,bank_transfer,Germany,New York
7579,850,2021-07-14 22:16:33,shipped,credit_card,United States,Melbourne
7580,1507,2020-03-20 05:26:17,paid,google_pay,United Kingdom,Amsterdam
7581,991,2024-05-11 17:35:06,shipped,paypal,United Kingdom,Los Angeles
7582,1890,2023-01-02 03:43:14,cancelled,paypal,Spain,Sydney
7583,45,2022-08-13 11:07:34,paid,paypal,Australia,Sydney
7584,1279,2024-03-06 14:39:57,paid,google_pay,United Kingdom,Bangalore
7585,806,2020-07-09 05:46:47,paid,bank_transfer,United States,New York
7586,586,2021-07-03 06:05:46,cancelled,bank_transfer,United States,Los Angeles
7587,1929,2023-12-22 21:13:41,refunded,apple_pay,Spain,Rome
7588,104,2020-07-01 07:39:22,shipped,google_pay,India,Madrid
7589,1755,2021-11-22 13:07:01,paid,paypal,Canada,New York
7590,1822,2021-05-09 11:12:20,paid,google_pay,Spain,Bangalore
7591,602,2021-07-16 14:53:45,paid,google_pay,Australia,Madrid
7592,1484,2023-05-28 18:59:47,refunded,paypal,Germany,Vancouver
7593,278,2020-09-08 03:13:41,paid,apple_pay,France,Vancouver
7594,992,2021-11-09 08:53:24,paid,google_pay,India,Paris
7595,1711,2023-03-05 19:13:29,paid,bank_transfer,India,Toronto
7596,489,2021-04-06 11:48:51,pending,paypal,Canada,Sydney
7597,275,2023-03-09 04:48:46,shipped,google_pay,United States,Berlin
7598,1753,2021-10-06 21:45:04,paid,paypal,United Kingdom,Los Angeles
7599,796,2021-12-17 00:30:15,pending,paypal,Australia,Paris
7600,1564,2023-11-10 23:11:22,cancelled,bank_transfer,Spain,Madrid
7601,963,2020-08-22 09:04:07,refunded,bank_transfer,United Kingdom,Vancouver
7602,737,2021-02-21 12:15:32,refunded,bank_transfer,Canada,Vancouver
7603,633,2022-03-18 09:53:50,paid,credit_card,Spain,Los Angeles
7604,750,2022-10-25 19:23:12,paid,paypal,Spain,New York
7605,1729,2022-03-28 16:27:09,cancelled,paypal,United States,Rome
7606,1895,2021-06-22 04:10:57,cancelled,paypal,India,Los Angeles
7607,1975,2022-11-09 23:47:02,refunded,google_pay,Canada,Paris
7608,221,2021-04-17 16:35:19,refunded,google_pay,Australia,Los Angeles
7609,1901,2021-06-06 23:42:30,paid,credit_card,Canada,Paris
7610,546,2021-08-17 23:32:34,paid,paypal,Spain,Los Angeles
7611,1522,2022-03-03 03:16:27,shipped,paypal,India,Mumbai
7612,1048,2022-01-20 12:35:06,shipped,apple_pay,Netherlands,Bangalore
7613,1593,2023-10-31 05:58:47,pending,paypal,United Kingdom,Madrid
7614,1537,2022-08-20 14:14:13,refunded,google_pay,Australia,Berlin
7615,1035,2024-05-06 06:25:57,paid,bank_transfer,Netherlands,New York
7616,457,2021-06-21 02:47:52,pending,bank_transfer,Netherlands,Vancouver
7617,376,2022-10-17 05:47:04,shipped,paypal,Italy,Madrid
7618,1286,2023-11-16 03:48:26,paid,bank_transfer,Spain,Amsterdam
7619,1129,2020-01-22 18:11:08,pending,google_pay,Australia,Mumbai
7620,1089,2020-12-17 07:14:21,cancelled,bank_transfer,France,Sydney
7621,278,2020-02-07 03:04:54,shipped,paypal,Italy,Paris
7622,1234,2022-12-03 10:53:47,paid,credit_card,India,Madrid
7623,1635,2020-08-06 00:25:20,cancelled,credit_card,United Kingdom,New York
7624,439,2023-07-23 15:09:32,pending,credit_card,Spain,Melbourne
7625,1658,2020-01-18 10:24:57,paid,google_pay,Australia,Paris
7626,854,2021-12-20 20:43:04,paid,paypal,Italy,Chicago
7627,899,2023-05-08 06:38:57,paid,bank_transfer,Italy,Rome
7628,24,2022-01-03 01:25:19,pending,paypal,France,Sydney
7629,1430,2023-03-12 21:28:26,cancelled,google_pay,Germany,Madrid
7630,1152,2022-12-24 11:06:04,shipped,paypal,Germany,New York
7631,256,2023-05-30 09:02:12,pending,credit_card,United Kingdom,Berlin
7632,1633,2023-11-12 16:03:47,pending,paypal,France,Vancouver
7633,1478,2024-02-24 21:24:22,cancelled,google_pay,Australia,Los Angeles
7634,112,2023-09-26 03:35:21,shipped,paypal,Germany,Paris
7635,340,2021-09-04 19:07:08,paid,paypal,Spain,Sydney
7636,598,2021-04-14 23:35:06,paid,credit_card,Spain,Chicago
7637,1694,2020-08-21 14:52:12,shipped,credit_card,Italy,Bangalore
7638,1984,2022-02-10 21:08:29,cancelled,apple_pay,France,Melbourne
7639,192,2021-06-10 12:31:40,paid,credit_card,United Kingdom,London
7640,69,2022-08-13 11:33:24,paid,apple_pay,Spain,Bangalore
7641,1943,2022-03-12 05:24:29,shipped,google_pay,Spain,Sydney
7642,374,2022-12-19 18:04:47,refunded,bank_transfer,Canada,London
7643,352,2022-11-08 10:54:04,shipped,apple_pay,Netherlands,Chicago
7644,955,2022-11-18 12:12:18,cancelled,google_pay,Canada,Madrid
7645,1855,2021-11-28 13:06:17,pending,apple_pay,Australia,New York
7646,211,2023-11-05 18:02:56,cancelled,bank_transfer,France,Rome
7647,391,2021-11-18 17:54:50,pending,paypal,Spain,Toronto
7648,893,2020-02-16 07:57:42,shipped,bank_transfer,Canada,Amsterdam
7649,605,2022-08-02 20:19:12,paid,google_pay,United Kingdom,Melbourne
7650,782,2021-06-13 13:11:36,paid,google_pay,Netherlands,Mumbai
7651,1085,2022-06-23 12:34:03,paid,credit_card,Australia,Paris
7652,845,2024-09-20 18:12:51,shipped,bank_transfer,Australia,Paris
7653,923,2021-06-21 06:13:43,pending,credit_card,Spain,London
7654,1271,2021-08-21 22:30:20,shipped,google_pay,Canada,Los Angeles
7655,1413,2020-04-23 12:09:50,pending,paypal,United States,Rome
7656,1588,2023-09-01 05:44:02,cancelled,bank_transfer,Germany,Sydney
7657,476,2023-12-21 17:26:54,shipped,google_pay,Spain,Vancouver
7658,1079,2022-04-23 10:17:54,shipped,paypal,Germany,Chicago
7659,1859,2020-09-19 20:20:15,paid,bank_transfer,India,Los Angeles
7660,827,2022-12-29 18:33:33,cancelled,google_pay,Netherlands,New York
7661,76,2024-01-28 03:59:09,paid,credit_card,Australia,Melbourne
7662,1514,2022-03-12 05:50:25,pending,apple_pay,Canada,New York
7663,1849,2024-08-08 03:55:27,shipped,google_pay,United States,Berlin
7664,82,2021-02-20 21:40:17,paid,paypal,Netherlands,Melbourne
7665,1283,2022-06-14 17:30:33,paid,bank_transfer,Australia,Paris
7666,1558,2021-02-18 05:59:08,paid,apple_pay,United States,Melbourne
7667,217,2022-05-07 12:43:30,paid,google_pay,Spain,Rome
7668,334,2020-02-14 21:52:09,cancelled,apple_pay,Netherlands,Bangalore
7669,1256,2023-06-27 00:15:17,cancelled,credit_card,Australia,Sydney
7670,1776,2024-09-16 15:25:46,paid,paypal,United States,Rome
7671,857,2024-01-18 05:18:21,paid,paypal,Italy,Vancouver
7672,175,2020-12-28 10:57:20,paid,google_pay,France,Los Angeles
7673,822,2024-05-06 07:46:15,pending,apple_pay,Italy,New York
7674,874,2024-04-09 18:16:20,paid,apple_pay,Canada,Chicago
7675,562,2020-01-21 14:21:45,paid,google_pay,United States,Los Angeles
7676,1451,2022-01-29 01:18:40,shipped,paypal,United States,Mumbai
7677,874,2022-11-16 14:41:54,paid,paypal,Germany,Berlin
7678,1464,2024-05-22 15:50:44,shipped,bank_transfer,Australia,Madrid
7679,1016,2023-03-16 02:43:47,shipped,credit_card,India,New York
7680,1565,2024-02-13 07:05:01,paid,bank_transfer,United Kingdom,New York
7681,296,2022-10-14 16:54:10,refunded,bank_transfer,Australia,Madrid
7682,92,2024-09-20 00:34:00,paid,paypal,United Kingdom,Mumbai
7683,1670,2023-06-15 23:13:33,shipped,bank_transfer,United States,Bangalore
7684,1809,2020-03-21 09:25:36,paid,bank_transfer,France,Paris
7685,995,2023-10-27 07:11:03,shipped,apple_pay,Italy,Chicago
7686,1735,2024-09-21 00:23:31,shipped,google_pay,United States,Sydney
7687,940,2021-11-26 21:40:26,pending,paypal,Spain,Rome
7688,1065,2022-12-16 12:51:06,shipped,credit_card,France,Toronto
7689,931,2024-01-10 05:24:15,cancelled,bank_transfer,Italy,Los Angeles
7690,1783,2022-05-28 23:38:57,shipped,paypal,Australia,Amsterdam
7691,1143,2023-10-27 20:38:38,shipped,apple_pay,Netherlands,London
7692,1415,2023-06-28 04:56:05,shipped,bank_transfer,United States,Vancouver
7693,723,2020-05-30 08:15:15,shipped,bank_transfer,United States,Berlin
7694,603,2021-03-31 22:34:31,paid,paypal,France,Chicago
7695,1050,2023-04-14 00:39:18,refunded,paypal,United States,Amsterdam
7696,1859,2021-02-27 03:43:39,paid,apple_pay,France,Paris
7697,1269,2023-06-26 05:12:10,paid,apple_pay,Italy,Melbourne
7698,1186,2024-10-03 02:25:43,shipped,google_pay,Germany,Amsterdam
7699,1717,2022-09-11 03:58:30,shipped,paypal,Canada,Amsterdam
7700,95,2023-02-22 11:38:19,refunded,credit_card,France,Berlin
7701,1345,2022-02-05 16:50:03,refunded,credit_card,Canada,Rome
7702,1542,2021-01-23 19:53:01,paid,credit_card,Spain,Rome
7703,995,2022-09-19 10:04:12,pending,bank_transfer,United Kingdom,Los Angeles
7704,547,2023-08-07 11:36:08,shipped,google_pay,United States,Madrid
7705,318,2022-07-18 08:31:18,refunded,apple_pay,Spain,Sydney
7706,1780,2024-04-28 13:18:12,paid,credit_card,Australia,Los Angeles
7707,304,2020-06-16 08:01:19,paid,paypal,Canada,Melbourne
7708,1816,2022-05-09 21:16:22,paid,apple_pay,Germany,New York
7709,246,2020-08-26 10:25:38,paid,paypal,India,Bangalore
7710,203,2022-11-12 15:20:44,shipped,apple_pay,Netherlands,Mumbai
7711,1868,2020-03-04 02:26:14,paid,google_pay,Australia,London
7712,1324,2024-01-22 07:05:55,cancelled,google_pay,India,New York
7713,583,2023-12-02 17:25:27,paid,apple_pay,Canada,London
7714,1766,2024-08-05 12:03:12,shipped,bank_transfer,India,Rome
7715,1318,2024-05-26 07:19:02,paid,credit_card,India,Chicago
7716,115,2022-09-07 20:31:39,paid,google_pay,Australia,Sydney
7717,1133,2023-08-28 15:08:56,cancelled,paypal,Netherlands,Melbourne
7718,1196,2024-04-26 07:32:23,paid,bank_transfer,Italy,Toronto
7719,566,2021-05-09 08:05:30,paid,bank_transfer,Australia,Bangalore
7720,700,2023-04-03 20:51:26,paid,paypal,Germany,Mumbai
7721,866,2022-05-10 03:23:49,refunded,apple_pay,Italy,Sydney
7722,1727,2023-12-31 20:01:43,paid,google_pay,Italy,Los Angeles
7723,1891,2020-08-20 06:06:13,pending,bank_transfer,Germany,Vancouver
7724,1607,2022-04-23 17:05:52,cancelled,paypal,Australia,Madrid
7725,1252,2022-12-04 04:51:32,paid,bank_transfer,Germany,New York
7726,63,2020-02-16 05:24:30,shipped,google_pay,France,New York
7727,1349,2023-12-22 18:04:18,paid,google_pay,Italy,Madrid
7728,1155,2021-12-13 22:10:38,pending,apple_pay,Netherlands,Vancouver
7729,547,2022-03-07 19:47:21,pending,bank_transfer,France,Berlin
7730,1456,2024-10-08 08:32:43,paid,bank_transfer,Spain,Bangalore
7731,1464,2021-09-12 22:03:02,cancelled,google_pay,Australia,Madrid
7732,1388,2024-03-22 11:23:43,shipped,google_pay,Australia,London
7733,517,2021-02-17 17:12:32,paid,apple_pay,Germany,Vancouver
7734,1982,2021-04-25 11:30:50,refunded,credit_card,Canada,Mumbai
7735,868,2022-05-10 23:38:26,paid,google_pay,United States,Vancouver
7736,74,2024-11-13 07:54:38,paid,bank_transfer,Canada,Berlin
7737,922,2024-01-15 21:10:32,shipped,apple_pay,Australia,Vancouver
7738,1672,2024-07-23 11:16:25,paid,bank_transfer,Netherlands,Mumbai
7739,1454,2021-11-17 05:26:31,paid,credit_card,United States,Bangalore
7740,933,2020-11-08 05:09:42,cancelled,bank_transfer,Netherlands,London
7741,1110,2024-02-02 00:57:33,cancelled,apple_pay,Germany,London
7742,1112,2020-01-30 05:17:40,refunded,apple_pay,France,Mumbai
7743,538,2024-06-30 22:05:40,paid,google_pay,Netherlands,Berlin
7744,1041,2021-02-19 20:54:37,paid,google_pay,India,Chicago
7745,1340,2020-10-04 00:04:28,shipped,bank_transfer,France,Toronto
7746,1956,2022-03-27 11:54:23,refunded,bank_transfer,Germany,Toronto
7747,1727,2024-09-17 00:00:43,cancelled,bank_transfer,Spain,Paris
7748,1232,2023-02-02 10:02:38,pending,apple_pay,Italy,Berlin
7749,601,2020-11-22 07:03:44,paid,google_pay,Canada,Melbourne
7750,1190,2023-01-15 20:21:02,pending,google_pay,United Kingdom,Melbourne
7751,1951,2020-02-24 19:39:44,paid,bank_transfer,United States,Toronto
7752,640,2024-08-30 18:20:20,shipped,apple_pay,United Kingdom,Berlin
7753,639,2021-07-22 19:51:12,shipped,apple_pay,Australia,New York
7754,1107,2021-03-31 04:04:42,cancelled,credit_card,Australia,Rome
7755,387,2020-08-23 03:52:35,shipped,paypal,Australia,Melbourne
7756,1975,2024-01-05 18:09:06,shipped,google_pay,Australia,Vancouver
7757,1591,2024-11-30 13:01:03,cancelled,apple_pay,Spain,London
7758,918,2021-05-08 05:34:31,paid,bank_transfer,Germany,Sydney
7759,961,2022-08-12 16:03:29,paid,apple_pay,United States,Madrid
7760,479,2021-04-19 02:25:08,shipped,apple_pay,Canada,Amsterdam
7761,483,2024-03-21 03:25:13,paid,google_pay,Spain,Los Angeles
7762,609,2021-03-18 17:17:50,paid,paypal,Germany,London
7763,454,2022-03-11 23:28:35,shipped,credit_card,United Kingdom,Amsterdam
7764,85,2022-10-16 08:23:54,shipped,paypal,Germany,Berlin
7765,1482,2021-01-01 01:07:55,shipped,bank_transfer,Italy,Rome
7766,613,2020-03-24 11:04:47,paid,google_pay,Spain,Vancouver
7767,620,2024-10-27 14:11:28,paid,credit_card,Netherlands,London
7768,197,2021-01-23 12:39:42,cancelled,bank_transfer,Germany,Bangalore
7769,65,2022-03-24 03:57:39,cancelled,google_pay,Italy,Vancouver
7770,474,2024-05-25 11:02:04,refunded,apple_pay,United Kingdom,Los Angeles
7771,562,2021-07-06 00:31:45,paid,paypal,Netherlands,Sydney
7772,3,2023-07-15 04:44:03,paid,paypal,India,Mumbai
7773,189,2024-08-29 03:18:26,shipped,bank_transfer,Netherlands,Chicago
7774,2000,2024-06-23 15:09:45,shipped,credit_card,United Kingdom,Paris
7775,1365,2022-09-04 12:57:19,refunded,credit_card,Italy,Mumbai
7776,1578,2023-05-10 03:06:04,pending,google_pay,United Kingdom,Mumbai
7777,1643,2022-02-12 20:42:47,shipped,credit_card,Spain,Mumbai
7778,1824,2022-07-04 17:19:37,shipped,apple_pay,Germany,Toronto
7779,908,2023-04-03 18:26:42,paid,apple_pay,Australia,Vancouver
7780,548,2023-02-03 16:52:53,paid,bank_transfer,India,Berlin
7781,634,2024-07-03 03:14:43,shipped,apple_pay,India,Chicago
7782,1702,2021-03-22 21:41:46,refunded,paypal,Italy,Sydney
7783,59,2023-12-24 06:54:47,cancelled,google_pay,France,Vancouver
7784,1026,2023-08-29 14:05:23,paid,apple_pay,France,Sydney
7785,1881,2020-08-22 08:08:34,paid,google_pay,India,Toronto
7786,740,2020-12-01 02:07:27,pending,google_pay,Canada,Los Angeles
7787,1577,2020-01-21 16:29:09,shipped,google_pay,Spain,Madrid
7788,246,2023-08-17 02:51:14,paid,apple_pay,Netherlands,Melbourne
7789,1942,2020-09-13 21:39:12,paid,paypal,Spain,Melbourne
7790,1669,2024-09-21 04:31:28,shipped,bank_transfer,India,Amsterdam
7791,1030,2024-05-27 04:40:04,paid,google_pay,Netherlands,Mumbai
7792,1002,2022-02-05 22:20:12,paid,credit_card,United Kingdom,Berlin
7793,587,2024-07-12 19:29:11,cancelled,credit_card,Germany,Sydney
7794,1810,2024-07-10 13:53:37,shipped,bank_transfer,United States,Toronto
7795,1175,2021-11-17 09:27:11,paid,bank_transfer,Italy,Madrid
7796,1693,2024-11-01 19:18:11,paid,apple_pay,Canada,Los Angeles
7797,1580,2024-08-16 18:36:00,paid,credit_card,Italy,London
7798,672,2021-06-15 02:11:56,paid,paypal,Italy,Amsterdam
7799,628,2024-09-30 12:06:07,cancelled,bank_transfer,India,Vancouver
7800,1954,2021-07-16 09:22:38,refunded,apple_pay,France,Amsterdam
7801,1253,2023-04-28 23:16:53,paid,bank_transfer,United States,Berlin
7802,177,2022-06-15 03:52:29,paid,apple_pay,France,Berlin
7803,677,2024-04-13 22:12:35,paid,credit_card,Spain,Melbourne
7804,828,2021-11-11 22:06:53,shipped,credit_card,France,Los Angeles
7805,576,2023-08-11 16:04:11,pending,bank_transfer,India,New York
7806,234,2023-10-31 02:42:09,shipped,credit_card,United Kingdom,Rome
7807,1443,2022-01-12 20:17:00,shipped,google_pay,United Kingdom,Sydney
7808,1413,2022-05-16 10:59:11,pending,bank_transfer,Spain,Los Angeles
7809,607,2022-02-19 14:17:19,paid,google_pay,Spain,Rome
7810,1700,2023-10-07 03:31:52,paid,bank_transfer,Spain,Los Angeles
7811,1311,2023-11-18 03:18:52,paid,apple_pay,Germany,Rome
7812,1429,2024-01-10 04:45:32,cancelled,credit_card,India,Madrid
7813,580,2022-12-31 09:39:24,shipped,google_pay,Canada,Chicago
7814,1207,2021-10-05 17:47:00,cancelled,bank_transfer,United States,Madrid
7815,655,2021-08-25 00:03:51,paid,paypal,Canada,London
7816,710,2022-10-09 12:57:03,cancelled,paypal,Canada,Sydney
7817,1324,2020-02-14 01:46:04,paid,apple_pay,United Kingdom,Chicago
7818,1268,2021-01-31 16:08:39,paid,bank_transfer,United Kingdom,Chicago
7819,1945,2023-08-10 13:19:30,cancelled,credit_card,Canada,Vancouver
7820,618,2020-03-29 08:41:40,paid,bank_transfer,Germany,Rome
7821,150,2021-02-07 10:43:07,cancelled,credit_card,Netherlands,Rome
7822,1012,2024-03-02 09:49:32,paid,apple_pay,Spain,Madrid
7823,1463,2023-11-29 06:49:56,pending,bank_transfer,France,Chicago
7824,180,2022-03-23 17:33:34,shipped,bank_transfer,Spain,Sydney
7825,1108,2022-09-19 17:48:48,cancelled,google_pay,United States,Los Angeles
7826,1793,2024-07-13 01:58:43,shipped,credit_card,Canada,Sydney
7827,1703,2021-03-25 09:21:30,paid,paypal,Spain,Toronto
7828,186,2024-11-11 08:11:30,paid,paypal,France,New York
7829,597,2022-06-17 07:54:06,shipped,credit_card,France,London
7830,30,2024-11-27 14:54:47,shipped,paypal,Germany,Berlin
7831,924,2020-05-02 22:52:34,pending,credit_card,United States,Madrid
7832,911,2021-05-23 07:15:47,refunded,google_pay,Canada,Toronto
7833,616,2020-05-03 04:04:27,refunded,google_pay,Australia,Los Angeles
7834,293,2023-05-27 09:43:08,shipped,bank_transfer,Canada,Madrid
7835,829,2020-09-18 10:44:26,paid,apple_pay,Spain,Melbourne
7836,555,2023-02-07 01:57:32,refunded,paypal,Spain,Madrid
7837,196,2021-05-13 12:07:24,paid,credit_card,India,Madrid
7838,460,2020-08-14 14:18:18,paid,bank_transfer,United Kingdom,Chicago
7839,1013,2020-06-21 12:30:01,paid,paypal,United States,Mumbai
7840,838,2023-05-24 01:13:46,paid,apple_pay,Italy,Bangalore
7841,1540,2020-12-03 06:52:40,paid,bank_transfer,Germany,Bangalore
7842,1041,2024-06-26 15:59:06,shipped,bank_transfer,France,Melbourne
7843,541,2022-07-12 15:31:42,pending,bank_transfer,Spain,Paris
7844,1019,2020-01-17 21:28:53,paid,bank_transfer,Canada,Vancouver
7845,1337,2021-12-26 02:44:13,pending,google_pay,United Kingdom,Bangalore
7846,479,2020-08-28 06:37:29,paid,bank_transfer,Australia,Sydney
7847,1105,2021-10-14 22:55:02,refunded,apple_pay,Australia,Berlin
7848,1512,2022-09-07 04:54:56,cancelled,credit_card,Netherlands,Chicago
7849,1608,2022-01-26 14:52:40,shipped,bank_transfer,France,Chicago
7850,840,2020-09-01 05:50:17,refunded,apple_pay,Australia,Bangalore
7851,1613,2023-11-24 01:52:11,cancelled,bank_transfer,Netherlands,Paris
7852,1256,2020-03-05 13:55:11,shipped,apple_pay,India,Madrid
7853,1089,2021-12-26 15:10:33,paid,apple_pay,United Kingdom,London
7854,1585,2023-09-10 08:44:38,cancelled,bank_transfer,United States,Amsterdam
7855,1642,2022-07-23 15:50:24,shipped,paypal,Canada,Vancouver
7856,1179,2022-09-27 20:10:47,paid,apple_pay,Italy,Sydney
7857,1953,2020-10-27 09:04:39,shipped,apple_pay,United States,Paris
7858,1932,2023-04-15 07:56:15,paid,google_pay,Netherlands,Los Angeles
7859,1769,2022-10-11 18:27:34,pending,credit_card,Germany,Amsterdam
7860,976,2020-07-23 02:17:01,cancelled,apple_pay,India,Berlin
7861,370,2023-09-22 10:54:50,paid,credit_card,Netherlands,Melbourne
7862,1637,2024-10-14 02:34:08,paid,credit_card,Germany,Amsterdam
7863,383,2023-01-19 20:23:36,pending,paypal,India,Madrid
7864,734,2023-02-19 10:39:20,refunded,apple_pay,Netherlands,Madrid
7865,836,2022-08-04 13:43:03,shipped,bank_transfer,France,Sydney
7866,355,2023-11-15 12:59:13,paid,credit_card,France,Bangalore
7867,1044,2023-01-13 15:38:57,paid,paypal,Australia,Los Angeles
7868,1063,2021-05-04 04:43:50,refunded,google_pay,India,Berlin
7869,1554,2023-12-04 13:59:21,shipped,credit_card,Italy,Chicago
7870,1422,2024-09-19 19:57:59,shipped,bank_transfer,United States,Melbourne
7871,1730,2020-11-12 13:54:40,shipped,google_pay,Germany,Sydney
7872,863,2020-08-30 02:25:51,cancelled,paypal,Spain,Madrid
7873,1873,2023-03-07 06:34:34,shipped,google_pay,United Kingdom,Bangalore
7874,100,2024-03-03 22:12:17,shipped,credit_card,Spain,Toronto
7875,1431,2024-12-26 06:09:15,pending,paypal,Canada,Vancouver
7876,438,2024-08-20 01:41:29,paid,bank_transfer,Canada,Chicago
7877,3,2021-02-27 13:15:40,paid,google_pay,United States,Madrid
7878,1761,2024-07-27 15:28:03,paid,google_pay,Italy,Los Angeles
7879,3,2021-07-03 13:12:52,paid,bank_transfer,Spain,Melbourne
7880,1752,2024-06-26 02:21:06,shipped,bank_transfer,Germany,Amsterdam
7881,1759,2024-03-12 03:45:07,shipped,bank_transfer,India,Vancouver
7882,200,2022-11-08 17:23:57,shipped,paypal,Canada,Rome
7883,655,2020-07-28 19:14:20,paid,apple_pay,Netherlands,Mumbai
7884,1285,2022-03-02 14:21:38,pending,apple_pay,Australia,Berlin
7885,635,2024-03-10 07:22:15,shipped,credit_card,Germany,Chicago
7886,1695,2020-08-31 20:21:43,refunded,credit_card,Spain,Los Angeles
7887,1123,2023-11-10 07:46:12,pending,bank_transfer,Canada,Mumbai
7888,424,2024-04-19 08:20:59,cancelled,google_pay,Spain,New York
7889,1179,2020-07-07 23:42:28,paid,credit_card,Spain,Rome
7890,203,2020-08-02 08:36:03,shipped,google_pay,France,Amsterdam
7891,813,2020-12-20 14:48:15,refunded,apple_pay,India,Melbourne
7892,1071,2022-05-11 05:00:18,paid,apple_pay,United States,Bangalore
7893,921,2022-05-21 07:06:00,cancelled,credit_card,Spain,Berlin
7894,258,2021-08-06 19:14:13,pending,paypal,Netherlands,Melbourne
7895,1797,2022-01-25 20:08:29,paid,paypal,Netherlands,Madrid
7896,1887,2023-03-16 16:36:12,shipped,google_pay,United States,Amsterdam
7897,538,2024-02-16 23:39:43,refunded,apple_pay,Netherlands,Mumbai
7898,1809,2020-01-05 18:08:12,shipped,google_pay,France,Rome
7899,1517,2022-10-03 01:05:55,refunded,google_pay,Netherlands,Mumbai
7900,89,2021-03-03 17:51:21,paid,apple_pay,Australia,Paris
7901,1282,2023-03-06 11:53:35,paid,bank_transfer,India,Los Angeles
7902,1414,2020-05-16 16:45:15,paid,paypal,Germany,New York
7903,65,2023-08-01 07:15:28,paid,credit_card,Italy,Melbourne
7904,1862,2021-07-07 14:00:20,paid,apple_pay,Australia,Los Angeles
7905,801,2024-10-29 09:39:29,shipped,bank_transfer,United States,Mumbai
7906,1243,2021-11-04 01:22:20,shipped,apple_pay,India,Rome
7907,1344,2023-08-25 12:51:21,refunded,bank_transfer,Italy,Vancouver
7908,1007,2023-02-05 20:11:54,shipped,credit_card,Australia,Sydney
7909,373,2024-11-14 04:49:39,paid,google_pay,India,Chicago
7910,587,2023-02-15 00:19:13,pending,apple_pay,Netherlands,Rome
7911,1413,2023-05-02 00:46:37,shipped,paypal,France,Vancouver
7912,1367,2021-08-31 16:48:56,paid,google_pay,Canada,Toronto
7913,301,2021-01-07 20:28:37,shipped,credit_card,Germany,Vancouver
7914,1069,2024-08-19 10:52:13,paid,credit_card,Australia,Chicago
7915,705,2023-06-23 11:50:35,paid,paypal,India,Rome
7916,1642,2021-11-15 05:05:14,shipped,bank_transfer,United States,London
7917,1354,2021-07-27 12:09:02,shipped,google_pay,Italy,Vancouver
7918,545,2023-11-10 09:38:58,cancelled,paypal,France,Los Angeles
7919,1384,2023-05-25 08:47:48,pending,apple_pay,Spain,Toronto
7920,1644,2022-12-20 20:59:53,paid,apple_pay,Canada,Amsterdam
7921,698,2022-01-26 12:40:22,shipped,apple_pay,Spain,Berlin
7922,1045,2021-09-09 15:28:04,paid,paypal,Italy,Mumbai
7923,129,2023-10-11 12:23:34,paid,apple_pay,India,Bangalore
7924,1206,2024-10-20 02:27:06,paid,google_pay,Netherlands,New York
7925,1326,2023-06-10 14:35:26,shipped,apple_pay,United Kingdom,Chicago
7926,1758,2024-05-13 22:03:52,shipped,apple_pay,Australia,Toronto
7927,977,2023-09-26 06:38:28,cancelled,credit_card,United States,Rome
7928,563,2022-11-02 04:09:02,paid,google_pay,Canada,Paris
7929,905,2024-02-19 19:02:12,shipped,google_pay,Germany,Mumbai
7930,1596,2024-04-15 18:04:13,paid,bank_transfer,Italy,Los Angeles
7931,720,2023-08-19 14:26:40,shipped,google_pay,United Kingdom,London
7932,1043,2020-12-01 06:24:39,paid,credit_card,United Kingdom,Los Angeles
7933,1875,2022-12-27 08:53:02,shipped,paypal,United Kingdom,Chicago
7934,1651,2020-05-03 05:14:04,refunded,google_pay,Netherlands,Chicago
7935,713,2022-11-23 00:06:28,pending,paypal,United Kingdom,London
7936,1065,2023-10-14 04:06:58,paid,bank_transfer,Netherlands,Amsterdam
7937,535,2024-12-23 10:54:25,cancelled,google_pay,India,Rome
7938,63,2021-04-05 06:38:56,pending,apple_pay,France,Toronto
7939,1500,2020-02-27 22:52:22,shipped,bank_transfer,Germany,Rome
7940,815,2023-07-24 15:11:13,paid,google_pay,Italy,Amsterdam
7941,591,2024-06-11 12:03:11,paid,google_pay,United Kingdom,Mumbai
7942,1230,2023-03-22 04:16:52,shipped,apple_pay,Spain,Berlin
7943,235,2021-05-28 23:42:56,paid,paypal,Netherlands,Sydney
7944,1967,2020-11-09 11:32:00,paid,paypal,Australia,Madrid
7945,868,2023-08-28 10:47:13,shipped,apple_pay,United Kingdom,Madrid
7946,1615,2024-06-06 00:57:16,refunded,bank_transfer,Australia,New York
7947,886,2022-02-28 22:56:23,paid,bank_transfer,Canada,Toronto
7948,1982,2022-06-22 07:04:51,paid,paypal,Spain,Chicago
7949,815,2021-05-01 09:58:20,shipped,credit_card,United Kingdom,New York
7950,139,2022-12-28 10:16:10,shipped,bank_transfer,India,Sydney
7951,160,2021-10-06 23:52:31,paid,credit_card,Canada,Amsterdam
7952,425,2022-09-08 13:52:51,refunded,paypal,United States,Berlin
7953,1152,2022-11-28 19:45:59,refunded,bank_transfer,Italy,Chicago
7954,929,2021-08-23 09:58:57,refunded,apple_pay,Canada,Amsterdam
7955,1079,2022-12-01 13:40:58,paid,apple_pay,Italy,Bangalore
7956,1566,2023-03-11 06:50:34,pending,bank_transfer,India,Paris
7957,1332,2020-08-30 07:49:54,shipped,bank_transfer,Italy,Melbourne
7958,1759,2024-03-07 08:35:42,shipped,apple_pay,Germany,Vancouver
7959,954,2024-06-13 02:32:06,pending,apple_pay,United States,Toronto
7960,124,2023-11-11 21:26:58,shipped,apple_pay,Canada,Paris
7961,1586,2024-07-27 19:19:24,cancelled,paypal,France,Los Angeles
7962,1675,2021-05-28 09:15:48,pending,credit_card,United Kingdom,Los Angeles
7963,558,2021-06-07 04:21:47,shipped,apple_pay,India,London
7964,1529,2022-06-05 22:03:52,shipped,bank_transfer,Netherlands,Los Angeles
7965,1268,2024-06-05 23:55:49,paid,apple_pay,Italy,New York
7966,1273,2023-08-19 08:19:04,paid,google_pay,Germany,Amsterdam
7967,840,2024-01-19 01:03:14,paid,credit_card,United States,Vancouver
7968,585,2020-06-29 23:56:55,paid,credit_card,Germany,Sydney
7969,869,2021-11-09 05:54:08,shipped,apple_pay,Australia,Bangalore
7970,799,2024-11-28 23:18:23,shipped,google_pay,Canada,Paris
7971,858,2023-01-06 10:32:21,shipped,bank_transfer,Netherlands,London
7972,1792,2022-06-15 02:57:04,refunded,apple_pay,Italy,Melbourne
7973,793,2024-05-08 22:56:13,shipped,bank_transfer,United Kingdom,London
7974,1037,2022-10-08 10:02:00,cancelled,bank_transfer,United Kingdom,Madrid
7975,40,2024-12-09 04:15:45,shipped,credit_card,Germany,Rome
7976,872,2024-09-10 15:06:28,pending,bank_transfer,Australia,Chicago
7977,1290,2024-08-21 10:36:26,refunded,bank_transfer,Australia,New York
7978,1022,2020-02-11 12:43:13,shipped,apple_pay,United Kingdom,Vancouver
7979,555,2023-05-05 12:52:15,paid,google_pay,Australia,New York
7980,1037,2023-07-31 17:11:02,paid,bank_transfer,Canada,Mumbai
7981,1243,2024-05-09 04:52:57,shipped,paypal,Canada,Vancouver
7982,267,2021-12-22 17:19:58,shipped,google_pay,Canada,Vancouver
7983,1758,2020-02-08 13:07:08,paid,google_pay,Netherlands,Bangalore
7984,1611,2024-11-09 23:47:40,paid,paypal,United Kingdom,Toronto
7985,378,2024-02-10 22:20:23,pending,google_pay,United States,Amsterdam
7986,875,2020-02-20 02:07:08,paid,google_pay,United States,New York
7987,900,2020-06-21 18:40:34,paid,credit_card,India,London
7988,1066,2020-05-31 20:28:35,cancelled,bank_transfer,Germany,Mumbai
7989,901,2022-02-08 08:26:53,cancelled,apple_pay,India,New York
7990,490,2022-03-11 14:15:01,paid,google_pay,Canada,Mumbai
7991,1890,2023-05-15 13:15:11,pending,credit_card,Canada,Paris
7992,1489,2024-03-07 03:27:35,paid,apple_pay,Italy,Rome
7993,1264,2020-11-23 10:38:27,shipped,google_pay,France,Los Angeles
7994,1982,2024-08-31 12:20:38,refunded,credit_card,United Kingdom,Mumbai
7995,1590,2022-03-17 14:42:15,cancelled,apple_pay,United States,Melbourne
7996,1088,2023-03-13 16:45:44,pending,bank_transfer,Spain,Berlin
7997,803,2024-03-21 04:47:34,paid,paypal,Germany,Madrid
7998,782,2023-08-21 10:34:13,paid,apple_pay,United States,New York
7999,1263,2023-08-05 19:42:17,cancelled,apple_pay,Australia,Toronto
8000,1874,2020-03-25 01:34:27,shipped,credit_card,Australia,London
8001,487,2020-12-31 16:11:51,shipped,google_pay,Australia,Melbourne
8002,1222,2024-11-10 23:04:41,paid,bank_transfer,Australia,Vancouver
8003,1234,2023-05-07 05:11:30,pending,google_pay,Canada,Toronto
8004,410,2023-08-08 13:33:33,paid,bank_transfer,Netherlands,Madrid
8005,1619,2020-03-25 02:03:48,shipped,apple_pay,Spain,New York
8006,1373,2024-09-20 23:25:56,cancelled,credit_card,United Kingdom,Sydney
8007,499,2022-12-12 11:06:58,shipped,paypal,Spain,Toronto
8008,1548,2021-05-29 10:11:23,shipped,bank_transfer,Germany,Paris
8009,228,2020-11-07 16:10:56,shipped,google_pay,Netherlands,Chicago
8010,1935,2021-06-04 10:22:02,paid,paypal,Netherlands,Mumbai
8011,178,2021-12-04 22:26:16,shipped,apple_pay,France,New York
8012,637,2023-01-09 18:09:14,refunded,google_pay,United Kingdom,Mumbai
8013,977,2022-06-27 16:04:58,paid,apple_pay,France,Rome
8014,813,2024-12-15 01:05:29,shipped,google_pay,France,London
8015,1072,2024-11-10 10:26:44,paid,bank_transfer,France,Melbourne
8016,401,2023-11-22 14:25:19,cancelled,bank_transfer,India,Paris
8017,1457,2020-01-27 12:16:45,shipped,credit_card,United Kingdom,Mumbai
8018,700,2024-07-08 10:53:43,paid,bank_transfer,United States,London
8019,836,2024-06-02 14:07:04,paid,paypal,India,Mumbai
8020,1500,2020-06-29 21:55:36,shipped,paypal,India,Berlin
8021,434,2021-12-31 20:06:13,pending,paypal,France,Chicago
8022,536,2024-06-01 21:35:58,shipped,credit_card,Netherlands,Toronto
8023,1309,2024-03-18 04:42:15,paid,paypal,France,London
8024,928,2024-01-21 08:50:27,shipped,google_pay,United Kingdom,Toronto
8025,613,2024-08-17 00:13:50,refunded,bank_transfer,United States,New York
8026,959,2020-04-18 14:43:22,refunded,google_pay,Germany,Sydney
8027,263,2022-08-03 00:41:49,refunded,apple_pay,Australia,Chicago
8028,452,2020-01-18 00:02:41,pending,credit_card,United States,Toronto
8029,429,2021-01-10 17:11:21,pending,bank_transfer,Netherlands,New York
8030,1046,2024-12-17 03:08:02,paid,bank_transfer,Canada,Paris
8031,1919,2020-05-04 05:41:51,shipped,google_pay,Italy,London
8032,768,2020-02-02 13:47:03,shipped,credit_card,Netherlands,Mumbai
8033,1020,2022-05-06 04:25:11,shipped,credit_card,Netherlands,Chicago
8034,1152,2021-06-30 23:17:21,paid,apple_pay,Netherlands,Sydney
8035,825,2021-05-03 10:17:44,shipped,paypal,Netherlands,Vancouver
8036,217,2023-07-11 04:44:00,refunded,paypal,India,London
8037,813,2021-08-19 23:53:35,pending,paypal,India,Vancouver
8038,1125,2024-01-08 08:36:46,paid,paypal,Australia,Vancouver
8039,797,2022-06-25 04:54:02,refunded,google_pay,Italy,Bangalore
8040,285,2021-09-10 23:31:31,paid,google_pay,United Kingdom,Melbourne
8041,1356,2024-06-08 02:59:52,shipped,google_pay,Australia,Chicago
8042,302,2020-01-15 20:31:35,shipped,apple_pay,Germany,Toronto
8043,888,2024-09-12 03:35:50,shipped,credit_card,United Kingdom,New York
8044,1902,2024-05-17 06:00:37,paid,google_pay,Spain,Sydney
8045,1379,2020-05-16 16:57:54,paid,credit_card,India,Berlin
8046,1623,2021-05-05 13:09:24,paid,google_pay,Canada,Vancouver
8047,490,2022-03-16 09:03:47,shipped,apple_pay,France,Amsterdam
8048,113,2020-02-25 12:16:49,shipped,credit_card,Australia,Melbourne
8049,723,2023-04-08 22:15:55,paid,paypal,Spain,Rome
8050,940,2021-02-15 17:26:34,refunded,apple_pay,Canada,Madrid
8051,65,2024-05-15 08:21:12,paid,credit_card,Canada,Sydney
8052,1098,2020-04-29 12:56:57,paid,paypal,United Kingdom,Vancouver
8053,841,2022-01-23 06:45:33,paid,credit_card,France,London
8054,608,2022-09-13 05:57:39,shipped,paypal,Germany,Los Angeles
8055,688,2023-09-14 12:58:14,paid,apple_pay,United States,Melbourne
8056,1979,2023-03-16 18:23:21,shipped,paypal,Australia,Chicago
8057,1149,2020-06-25 10:45:36,paid,credit_card,Italy,Los Angeles
8058,785,2024-10-04 22:21:57,paid,credit_card,India,New York
8059,903,2022-01-07 14:50:56,shipped,bank_transfer,France,Berlin
8060,1627,2024-08-25 12:22:24,shipped,google_pay,Germany,Berlin
8061,203,2023-08-05 17:20:52,paid,paypal,Italy,Berlin
8062,754,2021-06-29 09:36:13,paid,bank_transfer,Netherlands,Los Angeles
8063,390,2021-05-12 14:58:23,paid,apple_pay,Italy,Los Angeles
8064,347,2022-09-24 03:23:11,refunded,paypal,France,Bangalore
8065,855,2020-05-08 19:07:32,shipped,bank_transfer,Spain,Paris
8066,121,2021-01-09 10:14:59,refunded,apple_pay,Canada,London
8067,1929,2021-04-24 07:31:27,pending,apple_pay,India,Chicago
8068,1371,2022-02-12 07:32:39,paid,google_pay,France,Chicago
8069,164,2023-03-31 19:13:23,cancelled,apple_pay,France,Bangalore
8070,1370,2024-03-08 16:45:28,paid,bank_transfer,Spain,Mumbai
8071,1705,2023-02-19 04:52:47,paid,paypal,Spain,Madrid
8072,838,2020-03-18 13:34:03,paid,paypal,Netherlands,Sydney
8073,903,2022-04-21 20:53:49,paid,bank_transfer,Germany,Mumbai
8074,1066,2023-01-20 12:21:53,paid,bank_transfer,Italy,Vancouver
8075,674,2024-05-14 10:27:08,refunded,apple_pay,Italy,Chicago
8076,604,2023-02-02 06:10:26,paid,paypal,Spain,Madrid
8077,1968,2024-12-02 05:43:43,paid,apple_pay,Spain,Vancouver
8078,129,2021-03-06 19:22:29,shipped,google_pay,United Kingdom,Amsterdam
8079,1253,2022-01-30 05:19:34,refunded,apple_pay,United Kingdom,Berlin
8080,815,2022-06-06 15:51:58,paid,google_pay,India,Chicago
8081,1105,2023-08-14 18:25:13,shipped,credit_card,United Kingdom,London
8082,1533,2024-04-24 11:11:04,shipped,paypal,Spain,Melbourne
8083,935,2024-12-09 14:24:42,paid,google_pay,India,Los Angeles
8084,66,2021-05-25 12:25:53,refunded,google_pay,Netherlands,Rome
8085,934,2022-11-08 18:52:57,paid,credit_card,Netherlands,Melbourne
8086,1661,2023-07-30 15:39:09,paid,google_pay,Germany,Los Angeles
8087,299,2021-08-19 21:50:07,paid,google_pay,Australia,Vancouver
8088,1751,2020-04-07 17:34:20,paid,apple_pay,Italy,London
8089,1638,2020-10-09 19:29:41,paid,credit_card,India,Melbourne
8090,533,2023-08-08 10:51:37,paid,credit_card,United States,Los Angeles
8091,33,2020-03-27 08:01:06,paid,credit_card,United Kingdom,Berlin
8092,757,2023-09-18 13:06:10,cancelled,google_pay,Australia,Madrid
8093,1730,2023-04-16 09:30:39,paid,bank_transfer,India,New York
8094,772,2021-08-05 16:13:36,paid,bank_transfer,India,Rome
8095,1081,2022-04-11 08:15:33,paid,bank_transfer,Germany,Bangalore
8096,214,2021-12-15 21:38:02,pending,credit_card,Germany,Melbourne
8097,1323,2020-10-03 07:15:15,paid,google_pay,Netherlands,Sydney
8098,1859,2020-03-23 16:28:56,paid,google_pay,France,Madrid
8099,31,2020-11-19 12:49:19,paid,paypal,Australia,Los Angeles
8100,1226,2022-01-11 05:52:13,pending,paypal,United Kingdom,Los Angeles
8101,879,2023-03-13 19:36:39,shipped,paypal,Italy,Chicago
8102,290,2022-08-20 01:38:01,cancelled,google_pay,Australia,Madrid
8103,553,2024-01-12 13:47:44,shipped,apple_pay,Australia,Berlin
8104,1767,2023-05-17 03:44:19,pending,credit_card,Australia,Amsterdam
8105,979,2021-08-04 15:19:27,refunded,credit_card,Spain,Los Angeles
8106,1784,2024-02-27 20:23:27,shipped,credit_card,Spain,Toronto
8107,1691,2021-04-17 00:50:10,refunded,google_pay,Canada,Berlin
8108,119,2024-10-28 13:08:01,shipped,credit_card,Canada,Toronto
8109,1185,2020-12-29 10:08:51,shipped,bank_transfer,United Kingdom,Chicago
8110,834,2022-09-12 08:49:17,shipped,credit_card,Australia,Los Angeles
8111,1956,2020-07-19 12:45:48,refunded,apple_pay,Canada,Paris
8112,1430,2022-05-03 01:55:18,paid,bank_transfer,India,Mumbai
8113,1930,2022-12-20 22:21:21,pending,google_pay,India,Bangalore
8114,1295,2022-06-17 01:04:14,shipped,apple_pay,Netherlands,Chicago
8115,1585,2020-09-13 09:15:00,refunded,credit_card,India,Amsterdam
8116,1779,2020-12-30 07:28:32,shipped,apple_pay,Italy,New York
8117,1391,2020-02-07 05:17:17,paid,apple_pay,France,Madrid
8118,1901,2024-09-05 11:38:45,cancelled,paypal,United States,Mumbai
8119,401,2021-10-28 07:38:23,refunded,apple_pay,United Kingdom,Sydney
8120,1760,2023-10-09 10:28:40,cancelled,google_pay,Netherlands,Berlin
8121,1935,2023-03-14 03:33:05,paid,paypal,Germany,Mumbai
8122,1862,2021-03-08 07:55:37,cancelled,apple_pay,United States,London
8123,1527,2023-03-28 10:58:36,paid,credit_card,Spain,Vancouver
8124,670,2021-08-20 14:15:17,paid,apple_pay,Australia,Paris
8125,423,2023-04-09 01:06:27,pending,bank_transfer,India,Vancouver
8126,406,2021-03-14 16:25:22,paid,bank_transfer,India,Mumbai
8127,703,2023-09-02 14:25:22,paid,apple_pay,France,Rome
8128,1586,2020-04-25 22:01:31,cancelled,bank_transfer,Netherlands,Paris
8129,21,2022-05-30 16:41:34,shipped,apple_pay,Netherlands,Melbourne
8130,472,2022-05-01 20:18:35,cancelled,google_pay,Italy,Melbourne
8131,1947,2022-04-02 03:18:56,paid,bank_transfer,Italy,Amsterdam
8132,763,2022-10-17 23:31:53,pending,paypal,Netherlands,Los Angeles
8133,22,2020-10-19 05:59:38,shipped,apple_pay,Australia,Amsterdam
8134,1816,2021-02-27 06:34:44,cancelled,google_pay,India,London
8135,778,2022-09-01 02:24:15,paid,paypal,Australia,Paris
8136,1755,2021-05-30 23:16:07,paid,apple_pay,France,New York
8137,689,2024-01-19 16:43:58,paid,credit_card,France,Sydney
8138,1266,2020-11-12 10:01:52,shipped,apple_pay,Germany,Vancouver
8139,882,2022-09-05 05:09:18,pending,bank_transfer,United Kingdom,Vancouver
8140,1694,2021-06-01 09:59:25,paid,bank_transfer,Germany,Amsterdam
8141,1874,2022-05-16 06:57:45,paid,apple_pay,France,Madrid
8142,889,2020-01-21 00:55:46,paid,credit_card,United States,Mumbai
8143,1100,2023-11-20 19:53:19,paid,credit_card,Netherlands,Los Angeles
8144,1607,2023-07-16 19:19:51,paid,google_pay,Canada,Paris
8145,1460,2024-07-01 17:26:04,paid,bank_transfer,Canada,Bangalore
8146,231,2024-06-19 11:07:36,paid,paypal,France,Sydney
8147,920,2022-10-29 12:31:52,refunded,paypal,United States,Toronto
8148,568,2020-06-06 05:30:27,shipped,bank_transfer,United Kingdom,Los Angeles
8149,1942,2022-12-09 04:00:03,cancelled,paypal,India,Toronto
8150,1714,2021-10-04 18:15:52,shipped,credit_card,India,Los Angeles
8151,523,2023-08-29 10:17:53,shipped,credit_card,Netherlands,Vancouver
8152,1350,2021-11-18 08:33:54,shipped,apple_pay,Australia,Los Angeles
8153,979,2023-09-11 05:32:16,paid,google_pay,Netherlands,Vancouver
8154,1251,2021-08-28 20:00:57,pending,paypal,Canada,Madrid
8155,1328,2020-05-05 20:48:12,paid,apple_pay,Italy,Melbourne
8156,839,2024-09-23 17:09:14,paid,bank_transfer,Germany,Berlin
8157,1905,2021-11-15 05:31:54,refunded,google_pay,Netherlands,Melbourne
8158,1570,2022-05-07 16:45:24,refunded,paypal,United States,Melbourne
8159,1020,2021-11-08 04:39:24,shipped,paypal,Canada,Bangalore
8160,198,2020-03-11 14:19:10,shipped,google_pay,Germany,Vancouver
8161,1188,2024-12-25 09:35:56,pending,credit_card,India,Melbourne
8162,1848,2022-12-05 14:05:35,shipped,credit_card,Netherlands,Vancouver
8163,1277,2020-05-02 14:24:58,refunded,bank_transfer,Italy,Mumbai
8164,37,2024-08-08 04:40:54,shipped,credit_card,Germany,Toronto
8165,1020,2023-12-29 15:55:19,paid,paypal,United States,Bangalore
8166,1722,2023-02-28 09:24:14,pending,credit_card,United States,Paris
8167,840,2024-07-02 11:01:34,paid,google_pay,United Kingdom,Bangalore
8168,1932,2021-01-01 22:00:59,shipped,google_pay,United States,Sydney
8169,400,2022-04-15 21:04:29,pending,google_pay,Netherlands,Amsterdam
8170,1904,2020-08-05 12:39:44,paid,apple_pay,Germany,New York
8171,501,2023-01-01 04:23:39,shipped,credit_card,Australia,Mumbai
8172,1801,2020-03-19 03:30:18,paid,apple_pay,India,Madrid
8173,1382,2022-08-30 02:07:17,paid,paypal,France,Madrid
8174,1471,2021-11-19 20:43:08,paid,credit_card,Italy,Amsterdam
8175,946,2024-12-29 07:17:49,paid,apple_pay,Canada,Rome
8176,1138,2023-01-20 04:24:55,paid,bank_transfer,Netherlands,Bangalore
8177,1035,2024-09-09 22:12:34,cancelled,apple_pay,Italy,Sydney
8178,350,2022-10-04 22:50:58,refunded,apple_pay,France,Vancouver
8179,548,2024-03-22 11:00:16,cancelled,apple_pay,France,Mumbai
8180,488,2020-09-02 13:39:00,cancelled,google_pay,Italy,Rome
8181,124,2021-08-13 18:03:24,shipped,apple_pay,United States,Berlin
8182,762,2024-09-02 17:27:55,paid,apple_pay,Germany,Bangalore
8183,1911,2020-08-21 01:38:06,paid,apple_pay,Australia,Madrid
8184,1897,2020-02-14 15:48:53,paid,google_pay,India,Bangalore
8185,993,2020-01-16 00:00:29,paid,credit_card,Australia,Paris
8186,1958,2021-07-30 01:38:08,shipped,apple_pay,Canada,Berlin
8187,1492,2021-09-08 22:01:19,cancelled,google_pay,Netherlands,Vancouver
8188,1555,2021-03-03 12:11:33,refunded,apple_pay,Netherlands,Amsterdam
8189,294,2021-09-07 13:44:52,paid,bank_transfer,Spain,Chicago
8190,848,2022-06-30 22:19:34,cancelled,paypal,Netherlands,New York
8191,1081,2022-01-17 07:53:58,cancelled,paypal,Spain,Bangalore
8192,102,2023-12-22 13:13:16,paid,paypal,Italy,Chicago
8193,181,2023-05-30 14:12:42,paid,apple_pay,United States,Los Angeles
8194,448,2024-10-23 11:55:56,shipped,google_pay,Germany,Melbourne
8195,1707,2022-04-21 18:41:32,paid,apple_pay,Australia,Bangalore
8196,768,2023-05-30 11:22:00,paid,paypal,Italy,Chicago
8197,1714,2024-02-11 00:02:37,shipped,credit_card,Italy,Mumbai
8198,655,2023-08-18 03:12:26,paid,apple_pay,Canada,Rome
8199,936,2023-11-28 00:57:07,cancelled,bank_transfer,Netherlands,Sydney
8200,1136,2024-10-12 10:19:46,paid,bank_transfer,Australia,Rome
8201,1030,2021-07-06 06:25:29,refunded,google_pay,France,Bangalore
8202,1819,2023-02-07 08:55:15,paid,bank_transfer,Australia,Melbourne
8203,1783,2020-06-23 02:06:57,shipped,apple_pay,Netherlands,Mumbai
8204,1906,2024-10-30 12:48:15,paid,apple_pay,Spain,Sydney
8205,1768,2020-02-03 01:35:54,paid,apple_pay,Netherlands,Sydney
8206,149,2022-03-06 08:08:52,cancelled,credit_card,United Kingdom,New York
8207,785,2020-08-02 18:15:30,shipped,credit_card,Italy,Paris
8208,285,2024-04-20 01:35:54,shipped,credit_card,United Kingdom,Vancouver
8209,1363,2024-09-13 11:21:46,shipped,apple_pay,United Kingdom,Toronto
8210,641,2020-09-28 01:49:00,paid,credit_card,France,Mumbai
8211,1647,2023-05-23 11:57:53,cancelled,apple_pay,United States,Toronto
8212,1232,2023-04-24 00:20:11,shipped,paypal,France,Paris
8213,1434,2021-08-14 06:37:47,shipped,apple_pay,Spain,Amsterdam
8214,1731,2024-02-27 10:08:26,paid,apple_pay,Germany,Bangalore
8215,1535,2023-11-13 18:23:26,cancelled,paypal,Netherlands,Los Angeles
8216,25,2022-08-27 21:29:27,pending,apple_pay,India,Chicago
8217,1865,2024-10-07 17:13:02,paid,credit_card,India,London
8218,1126,2020-02-08 12:11:22,refunded,credit_card,Netherlands,Mumbai
8219,188,2024-01-13 22:54:37,paid,credit_card,India,Los Angeles
8220,640,2023-02-28 04:19:04,shipped,bank_transfer,France,Paris
8221,126,2022-03-05 01:42:39,paid,apple_pay,Netherlands,Berlin
8222,1090,2021-05-29 12:29:46,paid,paypal,France,New York
8223,799,2022-08-01 00:36:08,paid,bank_transfer,France,Los Angeles
8224,1056,2020-05-07 20:32:03,paid,apple_pay,Netherlands,London
8225,1113,2022-08-06 18:11:02,paid,apple_pay,France,Melbourne
8226,1338,2022-06-22 07:14:59,shipped,google_pay,Germany,Paris
8227,375,2020-05-05 03:32:53,shipped,bank_transfer,Italy,Amsterdam
8228,1393,2021-03-10 00:20:09,paid,apple_pay,Canada,Melbourne
8229,1439,2021-02-27 03:05:09,paid,bank_transfer,Canada,Amsterdam
8230,869,2023-02-26 09:46:25,shipped,apple_pay,Spain,Berlin
8231,511,2024-03-03 13:40:40,shipped,credit_card,United States,Paris
8232,1988,2023-12-17 16:30:49,shipped,apple_pay,Italy,Chicago
8233,260,2022-02-06 13:06:49,shipped,google_pay,United States,Paris
8234,1837,2024-04-24 21:08:45,cancelled,bank_transfer,Germany,Amsterdam
8235,1409,2024-02-15 22:49:00,cancelled,apple_pay,Netherlands,Vancouver
8236,1071,2020-03-04 13:39:02,refunded,bank_transfer,United States,Melbourne
8237,69,2021-12-01 13:03:31,shipped,paypal,Canada,Paris
8238,807,2021-12-09 01:20:40,refunded,credit_card,Canada,Toronto
8239,605,2020-10-23 01:11:46,paid,paypal,United Kingdom,Bangalore
8240,1628,2023-01-05 01:52:01,paid,credit_card,United States,Amsterdam
8241,140,2021-09-22 20:55:54,paid,paypal,Netherlands,Madrid
8242,1066,2024-02-15 15:16:47,paid,apple_pay,Canada,Mumbai
8243,576,2024-02-05 04:34:18,shipped,credit_card,United Kingdom,Los Angeles
8244,749,2024-10-20 05:01:24,paid,paypal,India,Mumbai
8245,630,2021-08-01 23:07:23,refunded,paypal,India,Bangalore
8246,1453,2022-08-29 23:10:04,cancelled,credit_card,Italy,Los Angeles
8247,422,2020-07-23 11:32:04,pending,paypal,United Kingdom,Toronto
8248,971,2020-05-27 10:05:31,shipped,apple_pay,Canada,Amsterdam
8249,234,2024-06-26 01:13:15,paid,bank_transfer,India,Chicago
8250,848,2022-06-27 09:49:11,paid,credit_card,Italy,Rome
8251,12,2023-04-20 05:49:54,cancelled,paypal,Canada,Los Angeles
8252,569,2024-06-04 02:48:41,paid,credit_card,United Kingdom,Toronto
8253,753,2023-09-02 00:15:12,shipped,bank_transfer,France,Toronto
8254,1280,2023-01-26 02:10:09,cancelled,apple_pay,Italy,Toronto
8255,450,2024-04-19 21:38:19,shipped,credit_card,Spain,New York
8256,1767,2023-02-09 10:21:30,pending,credit_card,Spain,Paris
8257,1105,2022-03-31 02:24:45,shipped,credit_card,Germany,Mumbai
8258,1543,2023-12-17 11:49:03,pending,apple_pay,Canada,Rome
8259,1285,2023-04-30 08:49:21,shipped,apple_pay,United Kingdom,Amsterdam
8260,310,2024-07-29 01:32:40,pending,apple_pay,Germany,Los Angeles
8261,1513,2024-07-02 22:01:32,paid,credit_card,India,Toronto
8262,1364,2022-07-09 03:47:47,pending,bank_transfer,Canada,Bangalore
8263,461,2022-06-09 13:30:02,pending,apple_pay,Germany,Toronto
8264,705,2020-03-06 06:24:05,shipped,paypal,Germany,Berlin
8265,765,2023-05-14 06:22:52,paid,paypal,Spain,Melbourne
8266,1966,2024-02-20 23:41:44,refunded,credit_card,United States,Sydney
8267,1005,2021-06-17 10:13:55,cancelled,apple_pay,Germany,Mumbai
8268,928,2023-01-18 17:27:19,paid,bank_transfer,Netherlands,Chicago
8269,1351,2021-10-05 05:43:22,refunded,bank_transfer,Italy,Berlin
8270,196,2023-03-28 04:16:42,paid,bank_transfer,Germany,Paris
8271,1298,2023-09-23 15:23:26,shipped,credit_card,Australia,Amsterdam
8272,72,2022-07-28 18:43:05,pending,bank_transfer,Canada,Amsterdam
8273,1184,2020-02-09 09:31:52,paid,credit_card,Italy,Berlin
8274,1641,2024-10-07 08:19:15,paid,google_pay,Canada,Vancouver
8275,285,2024-03-24 07:43:30,shipped,bank_transfer,United States,Vancouver
8276,532,2021-04-01 19:27:30,pending,credit_card,Australia,Toronto
8277,1112,2020-06-17 11:04:39,shipped,google_pay,Netherlands,Madrid
8278,326,2022-07-24 11:38:50,pending,paypal,Spain,Rome
8279,1889,2022-09-05 04:56:32,shipped,apple_pay,Spain,Melbourne
8280,1784,2022-11-28 21:02:01,pending,credit_card,Italy,Mumbai
8281,1946,2021-09-20 17:48:55,paid,credit_card,Italy,Los Angeles
8282,63,2024-05-26 07:38:57,cancelled,google_pay,India,Madrid
8283,317,2020-07-10 06:19:11,shipped,apple_pay,Australia,London
8284,970,2021-01-15 14:04:25,pending,bank_transfer,Germany,Bangalore
8285,244,2022-07-06 06:07:48,shipped,credit_card,Australia,Paris
8286,374,2022-04-17 07:24:37,paid,credit_card,France,Madrid
8287,393,2020-02-02 17:29:52,pending,paypal,Germany,Toronto
8288,1608,2021-05-14 05:28:12,pending,credit_card,United Kingdom,Melbourne
8289,102,2021-01-26 00:08:13,paid,credit_card,Italy,Toronto
8290,427,2020-06-13 04:29:26,paid,credit_card,Germany,Bangalore
8291,1814,2020-03-18 01:45:40,paid,bank_transfer,Italy,Toronto
8292,1447,2022-11-28 18:43:50,paid,apple_pay,Germany,Paris
8293,1883,2023-01-13 20:55:24,paid,paypal,Germany,Madrid
8294,303,2022-04-09 20:12:05,paid,credit_card,United Kingdom,Toronto
8295,1906,2022-03-04 23:16:31,shipped,bank_transfer,Spain,Los Angeles
8296,1485,2023-08-25 18:29:55,shipped,apple_pay,Italy,Vancouver
8297,1642,2020-08-14 03:08:12,paid,bank_transfer,United Kingdom,Los Angeles
8298,887,2023-12-28 23:03:55,shipped,paypal,India,Mumbai
8299,734,2020-08-08 17:44:36,paid,credit_card,Germany,Chicago
8300,877,2022-12-04 21:45:29,paid,bank_transfer,Canada,Berlin
8301,155,2021-06-03 23:54:56,paid,google_pay,France,New York
8302,1849,2021-02-14 22:56:58,shipped,paypal,Spain,New York
8303,530,2024-02-13 21:41:28,paid,apple_pay,Canada,Melbourne
8304,1693,2023-10-11 01:27:35,refunded,bank_transfer,United Kingdom,Berlin
8305,225,2020-06-29 21:51:26,paid,bank_transfer,Germany,Toronto
8306,920,2021-01-26 02:20:47,paid,credit_card,Canada,Toronto
8307,1669,2023-08-07 11:03:10,paid,google_pay,United Kingdom,Madrid
8308,700,2022-12-01 19:40:57,cancelled,bank_transfer,United Kingdom,Los Angeles
8309,644,2020-06-23 15:15:35,paid,bank_transfer,Netherlands,London
8310,272,2022-11-22 08:07:27,paid,credit_card,Spain,Mumbai
8311,800,2021-07-29 05:48:38,paid,google_pay,Spain,Toronto
8312,1293,2021-04-02 06:00:13,paid,apple_pay,United States,Mumbai
8313,655,2023-10-06 11:34:48,refunded,google_pay,Italy,Sydney
8314,71,2022-01-17 16:43:16,shipped,bank_transfer,Australia,London
8315,879,2024-10-11 23:54:51,shipped,credit_card,Italy,Bangalore
8316,1835,2020-05-02 19:33:03,shipped,apple_pay,Germany,Mumbai
8317,1381,2021-10-06 20:17:04,paid,google_pay,Australia,Toronto
8318,641,2022-12-30 08:17:33,paid,paypal,Australia,Madrid
8319,321,2022-01-10 08:42:11,cancelled,google_pay,Netherlands,New York
8320,1377,2023-12-19 14:43:05,shipped,paypal,Canada,Mumbai
8321,237,2024-01-05 19:55:22,paid,apple_pay,United Kingdom,Toronto
8322,299,2020-05-07 19:41:30,shipped,bank_transfer,Germany,Mumbai
8323,826,2020-02-24 15:36:14,shipped,credit_card,United States,London
8324,1757,2023-08-16 13:18:36,pending,bank_transfer,Italy,Paris
8325,1021,2023-05-19 03:06:44,cancelled,paypal,United Kingdom,Berlin
8326,1475,2021-05-23 03:14:42,shipped,credit_card,United States,Berlin
8327,1119,2022-04-24 00:34:17,pending,paypal,India,Melbourne
8328,1734,2022-11-01 13:19:55,paid,google_pay,United States,Amsterdam
8329,1247,2023-09-14 21:52:20,shipped,google_pay,United States,Mumbai
8330,971,2022-04-10 07:38:48,paid,google_pay,Spain,Chicago
8331,1748,2024-07-02 19:43:24,cancelled,credit_card,Australia,Berlin
8332,775,2022-04-27 09:44:01,paid,google_pay,Italy,Toronto
8333,1092,2021-02-07 13:14:11,paid,bank_transfer,India,Bangalore
8334,1733,2024-08-15 16:25:27,paid,credit_card,Australia,Paris
8335,599,2022-07-31 17:55:00,shipped,paypal,Netherlands,Toronto
8336,582,2022-11-18 17:44:30,shipped,apple_pay,France,Chicago
8337,425,2022-09-30 16:43:45,refunded,credit_card,Australia,Bangalore
8338,141,2022-01-06 02:54:18,paid,apple_pay,Canada,Chicago
8339,914,2023-02-18 16:11:54,shipped,apple_pay,Italy,Rome
8340,725,2023-05-26 06:14:34,pending,bank_transfer,France,Rome
8341,994,2022-01-04 22:32:39,shipped,bank_transfer,United Kingdom,Rome
8342,848,2023-01-07 22:01:43,shipped,apple_pay,Australia,Rome
8343,1419,2024-03-06 10:22:47,shipped,paypal,United Kingdom,Rome
8344,1448,2022-07-26 12:48:20,cancelled,paypal,Italy,Paris
8345,1194,2024-12-21 14:50:27,paid,paypal,Australia,Mumbai
8346,1938,2022-09-26 07:57:10,paid,google_pay,Netherlands,Chicago
8347,64,2020-08-15 17:10:20,pending,google_pay,Italy,Berlin
8348,467,2021-11-01 18:17:28,pending,apple_pay,Netherlands,Bangalore
8349,667,2022-03-15 02:10:23,shipped,apple_pay,Spain,Berlin
8350,1749,2024-11-04 12:48:56,refunded,credit_card,Netherlands,Madrid
8351,1387,2022-10-02 18:43:45,shipped,bank_transfer,United States,Bangalore
8352,1165,2021-09-26 17:02:13,paid,paypal,United Kingdom,New York
8353,656,2021-09-27 06:45:52,shipped,apple_pay,Germany,Mumbai
8354,415,2023-03-29 20:52:54,shipped,google_pay,Germany,New York
8355,5,2024-12-28 13:45:05,paid,credit_card,Italy,Berlin
8356,870,2020-02-25 00:23:13,pending,bank_transfer,Australia,Madrid
8357,261,2021-09-15 16:52:09,shipped,bank_transfer,Australia,London
8358,1945,2023-12-13 06:37:57,paid,credit_card,Netherlands,Mumbai
8359,1192,2020-10-11 15:14:05,paid,credit_card,Spain,Bangalore
8360,313,2024-09-22 01:46:02,pending,paypal,Italy,Toronto
8361,720,2023-02-03 09:45:09,refunded,google_pay,United States,Mumbai
8362,867,2024-09-13 15:36:55,paid,bank_transfer,Spain,New York
8363,778,2021-09-03 05:14:26,paid,google_pay,Australia,New York
8364,783,2021-12-11 09:43:54,refunded,google_pay,India,London
8365,1689,2021-02-16 23:56:26,paid,credit_card,Italy,Madrid
8366,1908,2023-05-05 14:10:23,paid,bank_transfer,France,Los Angeles
8367,1311,2020-08-23 13:40:52,paid,apple_pay,United Kingdom,New York
8368,1467,2020-10-17 07:57:14,pending,bank_transfer,Australia,Bangalore
8369,252,2021-11-09 05:57:26,refunded,apple_pay,Spain,Bangalore
8370,804,2020-06-30 18:06:51,pending,paypal,United States,Mumbai
8371,1539,2024-05-10 18:41:44,paid,paypal,Germany,Chicago
8372,304,2022-09-11 03:47:28,cancelled,credit_card,United Kingdom,Paris
8373,1649,2023-06-17 13:26:26,shipped,bank_transfer,Spain,New York
8374,1232,2020-06-29 07:48:03,shipped,bank_transfer,Italy,Melbourne
8375,579,2024-07-30 23:54:30,paid,credit_card,India,Mumbai
8376,1763,2021-10-12 21:08:31,refunded,paypal,United States,Madrid
8377,90,2020-03-03 19:08:18,paid,bank_transfer,United States,Paris
8378,82,2023-04-01 07:25:23,shipped,apple_pay,Spain,Paris
8379,378,2023-12-28 15:27:59,paid,google_pay,Canada,Madrid
8380,715,2021-10-02 03:05:03,paid,google_pay,United Kingdom,New York
8381,1798,2021-04-21 18:32:35,paid,paypal,Canada,Los Angeles
8382,26,2024-05-24 21:00:52,paid,bank_transfer,Australia,Berlin
8383,517,2022-05-17 16:16:41,paid,credit_card,Canada,Rome
8384,1074,2024-05-20 20:08:35,shipped,google_pay,India,Madrid
8385,1712,2024-08-10 13:21:08,paid,apple_pay,Netherlands,Madrid
8386,831,2023-02-20 05:10:17,refunded,paypal,Italy,Madrid
8387,506,2023-05-06 03:53:45,paid,credit_card,Australia,Toronto
8388,292,2021-05-25 03:52:44,paid,credit_card,Germany,Berlin
8389,1660,2022-05-20 22:51:30,paid,apple_pay,Spain,Chicago
8390,1490,2021-03-03 04:42:42,cancelled,paypal,France,Rome
8391,413,2023-05-01 09:50:57,pending,apple_pay,United Kingdom,Paris
8392,1,2024-02-06 14:35:59,refunded,bank_transfer,Spain,Vancouver
8393,1248,2020-09-29 04:04:21,shipped,apple_pay,Australia,Toronto
8394,1307,2022-02-25 21:53:39,shipped,paypal,Netherlands,Rome
8395,673,2023-08-02 23:36:09,paid,apple_pay,United States,Melbourne
8396,27,2024-12-23 11:25:37,paid,credit_card,Canada,Toronto
8397,1257,2021-08-24 07:56:38,shipped,bank_transfer,India,Chicago
8398,540,2022-12-31 12:15:26,paid,credit_card,United States,Bangalore
8399,375,2020-08-03 00:30:03,shipped,credit_card,Germany,Madrid
8400,536,2022-12-31 10:26:51,paid,apple_pay,United States,Bangalore
8401,1976,2021-08-16 12:45:23,cancelled,bank_transfer,United States,Amsterdam
8402,956,2020-09-27 15:01:23,shipped,bank_transfer,Germany,Chicago
8403,391,2020-05-27 17:07:43,paid,credit_card,Netherlands,Mumbai
8404,1589,2021-10-12 03:14:18,cancelled,credit_card,Australia,Toronto
8405,987,2022-12-06 14:12:38,paid,paypal,Spain,New York
8406,850,2020-10-04 08:32:56,shipped,google_pay,Spain,Mumbai
8407,870,2023-01-29 15:02:01,cancelled,paypal,India,Los Angeles
8408,1952,2023-08-06 05:59:48,paid,bank_transfer,Australia,Amsterdam
8409,1433,2022-01-29 10:06:42,refunded,credit_card,Australia,Vancouver
8410,1733,2021-06-26 11:17:37,paid,bank_transfer,Germany,Madrid
8411,142,2024-12-01 00:14:22,shipped,apple_pay,Australia,Berlin
8412,444,2024-08-31 02:18:50,paid,apple_pay,France,Bangalore
8413,20,2024-06-09 08:14:03,shipped,credit_card,Spain,Berlin
8414,1737,2023-04-12 01:32:29,cancelled,apple_pay,France,Sydney
8415,1864,2023-10-13 01:00:45,shipped,paypal,United Kingdom,Los Angeles
8416,1643,2022-07-16 11:31:53,refunded,credit_card,Spain,Vancouver
8417,1550,2020-02-25 18:44:52,pending,credit_card,France,Mumbai
8418,880,2023-04-05 07:19:21,cancelled,apple_pay,Australia,Madrid
8419,1635,2020-09-07 19:06:38,shipped,apple_pay,Italy,New York
8420,287,2022-08-19 12:31:46,paid,apple_pay,France,Melbourne
8421,495,2022-08-08 01:33:42,cancelled,bank_transfer,Netherlands,Los Angeles
8422,611,2020-12-13 23:14:07,paid,apple_pay,Canada,Mumbai
8423,1984,2021-10-04 15:03:14,shipped,google_pay,France,Vancouver
8424,1601,2022-10-25 07:59:09,refunded,credit_card,India,Mumbai
8425,159,2022-11-30 20:48:27,refunded,credit_card,France,Los Angeles
8426,257,2023-04-28 12:03:13,paid,paypal,Italy,Melbourne
8427,1111,2024-12-26 12:37:31,cancelled,paypal,United States,Rome
8428,952,2022-05-22 00:59:00,paid,google_pay,France,Los Angeles
8429,1997,2024-12-10 14:28:44,refunded,google_pay,France,Madrid
8430,279,2024-12-09 16:18:27,shipped,google_pay,United Kingdom,Mumbai
8431,242,2021-03-13 20:31:11,paid,bank_transfer,Italy,Sydney
8432,199,2020-05-12 00:47:17,pending,bank_transfer,United Kingdom,Los Angeles
8433,621,2022-05-12 18:42:17,cancelled,paypal,United States,Amsterdam
8434,639,2023-12-12 04:33:40,pending,google_pay,France,Berlin
8435,181,2021-01-05 09:41:08,paid,bank_transfer,Canada,Berlin
8436,380,2023-12-20 15:17:38,cancelled,paypal,Canada,Bangalore
8437,582,2021-04-25 10:10:03,pending,paypal,Netherlands,Madrid
8438,363,2020-06-17 21:05:39,paid,google_pay,Canada,New York
8439,1275,2024-02-27 02:51:35,paid,paypal,Italy,Vancouver
8440,665,2020-10-08 16:49:00,shipped,google_pay,Australia,Madrid
8441,1720,2022-12-26 17:03:12,shipped,bank_transfer,Netherlands,Melbourne
8442,1819,2023-02-14 19:21:05,refunded,bank_transfer,India,Mumbai
8443,547,2023-04-03 03:35:17,shipped,google_pay,France,Berlin
8444,1154,2020-09-18 00:30:34,cancelled,credit_card,Italy,Bangalore
8445,452,2022-01-24 04:51:35,pending,credit_card,Australia,Sydney
8446,475,2022-03-08 15:36:04,cancelled,apple_pay,Netherlands,Melbourne
8447,3,2024-06-19 05:31:36,refunded,apple_pay,United Kingdom,London
8448,1031,2023-02-15 07:43:38,shipped,bank_transfer,Italy,Bangalore
8449,552,2021-07-18 11:19:09,paid,bank_transfer,India,Amsterdam
8450,565,2022-03-18 12:33:57,shipped,bank_transfer,United States,Los Angeles
8451,993,2024-04-10 07:18:28,paid,apple_pay,France,Rome
8452,405,2020-02-18 12:53:46,paid,credit_card,Canada,Madrid
8453,238,2023-04-08 17:08:14,shipped,bank_transfer,Canada,Toronto
8454,906,2021-07-30 07:44:28,paid,credit_card,Australia,New York
8455,1713,2024-02-10 06:35:52,shipped,google_pay,India,Chicago
8456,1990,2024-07-10 15:43:30,shipped,paypal,Canada,Vancouver
8457,722,2022-12-17 02:55:47,shipped,google_pay,Italy,Chicago
8458,1000,2024-04-04 13:17:59,paid,credit_card,Australia,Madrid
8459,414,2020-10-04 00:22:34,paid,bank_transfer,United States,Berlin
8460,1218,2022-11-11 09:58:46,shipped,paypal,Australia,Madrid
8461,1784,2023-08-29 22:03:43,pending,paypal,Canada,Sydney
8462,1403,2024-06-17 03:49:17,paid,bank_transfer,France,New York
8463,1734,2020-03-05 12:51:34,shipped,bank_transfer,Canada,Vancouver
8464,716,2020-01-14 16:31:54,shipped,paypal,United Kingdom,New York
8465,1860,2021-01-02 04:31:37,shipped,paypal,Italy,Toronto
8466,386,2024-02-06 21:31:16,paid,apple_pay,Italy,Amsterdam
8467,1762,2022-10-08 21:16:54,cancelled,bank_transfer,Spain,Mumbai
8468,1805,2022-02-17 21:42:49,refunded,apple_pay,Canada,London
8469,1261,2021-10-18 04:25:21,shipped,bank_transfer,United Kingdom,Melbourne
8470,1393,2024-01-17 20:52:57,paid,bank_transfer,Netherlands,Paris
8471,1772,2020-10-15 15:50:53,refunded,credit_card,Australia,London
8472,1724,2023-05-05 15:20:12,paid,google_pay,Germany,Paris
8473,1708,2023-11-06 04:57:33,shipped,google_pay,Italy,London
8474,1574,2024-11-06 22:02:09,shipped,credit_card,Germany,Chicago
8475,1447,2022-01-25 08:33:51,refunded,apple_pay,Netherlands,Chicago
8476,487,2020-06-29 11:18:36,paid,paypal,Australia,London
8477,532,2021-09-20 03:20:46,cancelled,google_pay,Germany,Los Angeles
8478,110,2022-04-17 04:57:35,cancelled,apple_pay,Spain,Vancouver
8479,1973,2021-02-15 16:42:18,paid,apple_pay,Spain,Paris
8480,593,2024-11-27 13:17:19,shipped,paypal,India,Amsterdam
8481,174,2023-12-16 20:45:50,paid,paypal,Canada,New York
8482,1826,2023-03-19 22:40:59,cancelled,paypal,Canada,Bangalore
8483,22,2024-12-13 16:12:06,paid,bank_transfer,Netherlands,Chicago
8484,1354,2024-08-10 04:51:29,shipped,apple_pay,India,London
8485,1293,2024-07-27 19:53:46,pending,apple_pay,Australia,New York
8486,651,2020-10-20 07:37:54,refunded,paypal,France,New York
8487,1241,2020-10-06 21:25:20,refunded,paypal,United Kingdom,Paris
8488,903,2022-11-18 15:19:46,paid,paypal,India,Madrid
8489,1716,2021-11-03 22:11:41,cancelled,apple_pay,Italy,London
8490,1768,2021-10-11 08:22:44,paid,google_pay,Spain,Amsterdam
8491,1904,2024-05-07 04:19:33,cancelled,bank_transfer,Canada,Melbourne
8492,1390,2024-08-17 19:34:24,refunded,apple_pay,India,Berlin
8493,824,2021-01-14 23:37:34,paid,google_pay,United Kingdom,Paris
8494,810,2020-02-03 09:15:13,shipped,google_pay,Italy,Rome
8495,452,2020-10-27 18:28:28,paid,google_pay,Italy,Chicago
8496,861,2020-07-18 17:54:29,refunded,paypal,Germany,Chicago
8497,1955,2022-09-08 19:10:29,shipped,paypal,United States,New York
8498,1393,2024-12-31 00:58:25,refunded,paypal,Spain,London
8499,1928,2020-07-31 04:50:44,paid,credit_card,France,Paris
8500,1749,2024-06-03 10:49:49,shipped,paypal,United Kingdom,Berlin
8501,1567,2023-11-08 04:32:40,shipped,apple_pay,France,Amsterdam
8502,933,2020-03-26 01:33:47,shipped,bank_transfer,Spain,Rome
8503,630,2024-03-19 23:36:34,shipped,bank_transfer,Canada,Mumbai
8504,1495,2020-10-27 02:13:24,pending,credit_card,India,Bangalore
8505,1086,2021-11-28 07:48:52,shipped,apple_pay,Netherlands,Chicago
8506,1513,2021-01-24 07:02:56,shipped,credit_card,Canada,New York
8507,1398,2024-02-01 13:20:13,refunded,credit_card,United States,Vancouver
8508,1239,2023-01-08 09:37:27,paid,apple_pay,Canada,Berlin
8509,1306,2020-03-02 13:29:27,refunded,credit_card,India,Paris
8510,674,2024-06-05 04:19:45,shipped,google_pay,Canada,New York
8511,1003,2022-12-06 18:49:17,shipped,google_pay,Netherlands,Amsterdam
8512,1311,2021-04-29 12:03:28,paid,paypal,Australia,Madrid
8513,969,2020-03-25 10:45:47,paid,google_pay,Netherlands,Sydney
8514,1813,2022-05-14 05:39:50,paid,bank_transfer,Canada,Berlin
8515,1403,2022-06-02 01:08:10,pending,credit_card,India,Mumbai
8516,333,2024-10-30 00:11:48,pending,apple_pay,Spain,London
8517,1509,2022-06-15 06:23:21,shipped,bank_transfer,Germany,Paris
8518,1122,2024-11-16 09:09:27,paid,google_pay,Italy,Amsterdam
8519,340,2020-02-10 03:11:51,refunded,google_pay,India,Toronto
8520,146,2022-11-23 17:15:40,paid,google_pay,United States,Amsterdam
8521,1696,2021-06-25 06:03:46,shipped,apple_pay,France,Berlin
8522,1117,2024-11-26 18:36:08,pending,bank_transfer,United Kingdom,Vancouver
8523,1334,2021-06-09 00:09:20,cancelled,apple_pay,India,Bangalore
8524,969,2024-06-13 07:05:23,paid,paypal,Germany,Chicago
8525,254,2021-08-19 07:59:31,refunded,bank_transfer,France,Bangalore
8526,600,2022-05-26 18:32:33,cancelled,credit_card,Italy,Amsterdam
8527,500,2024-09-04 10:49:23,shipped,google_pay,United States,Madrid
8528,1242,2024-01-26 01:14:30,shipped,paypal,Germany,London
8529,788,2021-07-23 06:13:32,paid,bank_transfer,Netherlands,London
8530,1563,2020-04-07 16:45:17,cancelled,bank_transfer,Australia,Rome
8531,643,2022-05-09 18:27:44,paid,credit_card,Spain,Paris
8532,921,2024-01-06 21:26:59,paid,paypal,Australia,Los Angeles
8533,364,2022-11-06 06:55:22,paid,credit_card,Spain,Paris
8534,864,2021-02-24 16:20:58,shipped,credit_card,Australia,Los Angeles
8535,570,2023-09-15 13:41:17,paid,apple_pay,United States,Chicago
8536,1629,2021-05-26 11:02:53,shipped,apple_pay,Netherlands,Amsterdam
8537,1857,2021-04-18 23:32:54,shipped,credit_card,United Kingdom,Bangalore
8538,406,2024-02-07 20:21:07,shipped,credit_card,Germany,Berlin
8539,1939,2023-11-28 07:05:16,shipped,google_pay,Italy,Sydney
8540,1706,2022-10-13 23:23:56,shipped,apple_pay,India,Vancouver
8541,1816,2024-05-02 03:35:13,cancelled,apple_pay,Spain,Bangalore
8542,380,2023-10-19 14:33:04,pending,credit_card,Italy,Bangalore
8543,195,2020-12-17 10:44:00,cancelled,paypal,Germany,Mumbai
8544,1001,2024-02-20 10:26:05,shipped,paypal,Italy,Bangalore
8545,1848,2024-05-31 16:34:20,shipped,bank_transfer,Spain,Madrid
8546,1446,2020-12-24 08:43:20,pending,credit_card,Germany,Bangalore
8547,1574,2020-12-27 12:40:02,paid,google_pay,Germany,Vancouver
8548,989,2023-01-25 02:55:05,cancelled,bank_transfer,India,Toronto
8549,1433,2024-06-05 21:36:08,cancelled,credit_card,Germany,Bangalore
8550,1336,2021-09-05 06:54:41,cancelled,bank_transfer,United States,Chicago
8551,768,2021-12-27 22:15:14,paid,apple_pay,United Kingdom,Mumbai
8552,1102,2021-12-11 20:53:58,pending,apple_pay,Germany,Chicago
8553,173,2024-01-16 04:02:36,shipped,apple_pay,India,Berlin
8554,95,2024-04-25 17:47:39,cancelled,bank_transfer,United Kingdom,Toronto
8555,1447,2024-04-25 21:49:40,pending,apple_pay,Germany,Berlin
8556,1893,2021-03-30 13:43:41,paid,google_pay,Spain,Toronto
8557,1424,2022-04-03 05:45:37,shipped,bank_transfer,France,Sydney
8558,368,2022-09-28 16:46:03,refunded,paypal,Germany,Sydney
8559,1881,2020-05-22 14:35:31,shipped,apple_pay,United States,Vancouver
8560,245,2020-02-22 18:28:20,paid,google_pay,Spain,Vancouver
8561,899,2023-04-06 11:16:36,shipped,bank_transfer,France,Bangalore
8562,1232,2021-06-10 00:45:50,shipped,apple_pay,Netherlands,Los Angeles
8563,274,2020-07-03 20:24:56,shipped,google_pay,India,London
8564,661,2022-09-19 19:29:56,shipped,google_pay,Netherlands,Madrid
8565,1343,2021-11-29 03:54:21,shipped,apple_pay,Germany,Bangalore
8566,1675,2024-12-29 13:05:43,shipped,paypal,Italy,Rome
8567,1704,2023-07-16 14:14:22,paid,google_pay,United States,Chicago
8568,308,2020-08-01 09:43:09,shipped,google_pay,Netherlands,Amsterdam
8569,239,2024-11-05 13:04:52,paid,paypal,Spain,Rome
8570,644,2024-01-04 00:34:40,shipped,paypal,Australia,Berlin
8571,458,2024-11-28 19:49:07,shipped,credit_card,Italy,Berlin
8572,1016,2021-11-17 09:43:12,shipped,bank_transfer,France,Paris
8573,358,2020-01-08 18:17:34,cancelled,google_pay,Canada,Rome
8574,964,2021-09-12 13:33:08,shipped,bank_transfer,Spain,Los Angeles
8575,958,2023-05-18 13:54:43,cancelled,paypal,Netherlands,Mumbai
8576,368,2021-09-18 14:34:01,shipped,paypal,Australia,London
8577,1497,2024-09-05 17:47:16,shipped,apple_pay,Italy,Bangalore
8578,1067,2022-10-14 22:01:42,paid,google_pay,Italy,Chicago
8579,738,2020-11-09 03:13:52,pending,google_pay,Germany,Bangalore
8580,828,2022-12-29 23:23:46,paid,credit_card,Australia,Mumbai
8581,360,2023-09-09 14:56:17,paid,bank_transfer,Germany,London
8582,1677,2023-11-19 16:53:12,pending,credit_card,Canada,Bangalore
8583,49,2022-10-11 07:19:05,cancelled,apple_pay,United Kingdom,Rome
8584,610,2020-10-20 13:00:39,shipped,bank_transfer,France,Mumbai
8585,1928,2022-09-19 10:00:27,pending,bank_transfer,India,London
8586,268,2024-09-06 21:03:17,paid,bank_transfer,France,London
8587,1575,2020-01-19 13:50:03,cancelled,bank_transfer,Germany,Rome
8588,1910,2022-05-09 03:13:19,shipped,credit_card,Canada,Los Angeles
8589,356,2020-12-09 06:49:39,paid,credit_card,United States,Rome
8590,64,2020-01-15 03:00:20,paid,bank_transfer,United States,Bangalore
8591,1189,2020-06-10 04:25:43,cancelled,credit_card,France,Paris
8592,5,2022-09-12 14:25:58,paid,bank_transfer,Italy,Amsterdam
8593,13,2024-07-15 19:56:13,shipped,paypal,Italy,Mumbai
8594,599,2020-01-23 04:37:31,refunded,credit_card,France,Melbourne
8595,1879,2022-05-09 02:53:37,pending,credit_card,United States,Los Angeles
8596,1434,2022-08-20 01:13:48,shipped,credit_card,France,Sydney
8597,778,2022-03-23 21:32:23,pending,paypal,United States,London
8598,1146,2023-07-08 23:02:01,shipped,google_pay,Netherlands,Los Angeles
8599,876,2024-11-17 12:53:17,paid,google_pay,France,Los Angeles
8600,312,2021-02-28 06:25:14,shipped,credit_card,India,Toronto
8601,94,2022-12-17 21:06:51,shipped,apple_pay,United States,Mumbai
8602,598,2024-05-16 19:28:01,paid,apple_pay,Italy,Paris
8603,1341,2022-07-10 19:58:50,shipped,credit_card,Canada,Madrid
8604,133,2024-10-17 01:35:52,refunded,bank_transfer,United Kingdom,Paris
8605,495,2023-05-20 21:31:38,shipped,bank_transfer,Spain,Toronto
8606,1946,2021-08-23 12:41:30,shipped,paypal,United Kingdom,Melbourne
8607,271,2020-07-12 03:43:32,paid,bank_transfer,Netherlands,Madrid
8608,11,2024-08-08 11:38:24,paid,apple_pay,Spain,Mumbai
8609,697,2022-02-02 12:37:57,paid,google_pay,Netherlands,Rome
8610,854,2020-11-29 13:00:50,paid,paypal,Germany,London
8611,1946,2022-09-29 07:53:32,paid,apple_pay,Spain,London
8612,811,2020-05-15 21:52:27,refunded,paypal,United Kingdom,New York
8613,58,2021-01-20 12:23:54,shipped,apple_pay,United Kingdom,Mumbai
8614,1498,2020-04-14 04:34:14,shipped,bank_transfer,Australia,Amsterdam
8615,1516,2021-09-07 12:23:18,paid,bank_transfer,India,New York
8616,399,2020-01-24 14:09:52,shipped,bank_transfer,Canada,Melbourne
8617,1490,2023-04-09 19:27:34,paid,apple_pay,Germany,Chicago
8618,525,2021-06-30 08:06:56,shipped,credit_card,United Kingdom,Berlin
8619,745,2024-03-17 07:31:44,paid,credit_card,India,Rome
8620,835,2024-04-03 00:18:16,paid,apple_pay,United States,Madrid
8621,1196,2023-09-23 22:59:44,paid,apple_pay,Netherlands,Bangalore
8622,1987,2021-04-01 21:30:23,paid,apple_pay,Canada,Chicago
8623,1562,2021-05-14 14:55:34,paid,credit_card,Canada,Madrid
8624,424,2020-03-13 13:11:27,shipped,apple_pay,Canada,Madrid
8625,1513,2021-10-09 04:38:22,cancelled,google_pay,India,Paris
8626,789,2024-11-14 05:36:32,shipped,bank_transfer,United States,Los Angeles
8627,1396,2020-01-12 08:58:23,paid,credit_card,Germany,Melbourne
8628,918,2020-12-14 20:21:44,paid,credit_card,India,Rome
8629,779,2021-06-17 12:30:14,paid,paypal,France,Berlin
8630,932,2022-09-07 08:09:13,refunded,paypal,United Kingdom,New York
8631,1192,2021-08-09 02:53:59,refunded,bank_transfer,Australia,Berlin
8632,909,2023-12-01 11:35:43,paid,bank_transfer,Spain,Vancouver
8633,361,2024-06-18 11:23:42,paid,credit_card,Spain,Bangalore
8634,1065,2023-07-30 21:46:20,paid,apple_pay,United Kingdom,Rome
8635,1799,2022-12-08 08:33:44,paid,credit_card,India,Los Angeles
8636,317,2024-12-21 14:24:07,paid,credit_card,Australia,New York
8637,1719,2021-10-08 09:03:51,paid,credit_card,Australia,London
8638,1792,2024-01-29 13:28:19,shipped,bank_transfer,France,Bangalore
8639,1983,2021-01-25 11:32:47,cancelled,bank_transfer,United Kingdom,Vancouver
8640,1906,2020-11-15 23:23:39,cancelled,apple_pay,United States,Bangalore
8641,705,2022-08-05 05:00:54,shipped,apple_pay,United Kingdom,Chicago
8642,1749,2021-02-01 14:41:49,paid,paypal,Italy,Melbourne
8643,1702,2021-01-24 02:11:03,refunded,credit_card,Italy,Amsterdam
8644,738,2020-11-27 01:11:12,shipped,credit_card,United Kingdom,Berlin
8645,614,2020-03-17 23:47:54,paid,google_pay,Netherlands,Toronto
8646,65,2023-09-06 04:27:03,paid,credit_card,Australia,Berlin
8647,513,2020-09-01 07:09:38,shipped,paypal,Australia,Amsterdam
8648,1333,2021-02-26 01:52:54,shipped,credit_card,India,Sydney
8649,818,2023-05-13 03:23:27,cancelled,paypal,United States,Mumbai
8650,989,2024-01-21 20:23:32,paid,credit_card,Australia,Paris
8651,702,2021-01-17 08:57:01,paid,google_pay,Spain,Berlin
8652,380,2020-07-01 03:37:02,pending,bank_transfer,Italy,Melbourne
8653,1040,2022-03-21 13:10:56,paid,bank_transfer,United States,London
8654,1153,2023-01-14 12:26:06,cancelled,credit_card,India,Amsterdam
8655,1739,2023-05-27 05:46:15,paid,paypal,France,Berlin
8656,1507,2022-05-16 22:21:58,cancelled,bank_transfer,Australia,Vancouver
8657,1586,2020-03-03 06:42:32,shipped,credit_card,United States,Los Angeles
8658,361,2020-06-19 17:57:19,paid,apple_pay,United Kingdom,Vancouver
8659,1545,2023-02-22 06:12:17,paid,credit_card,United Kingdom,Vancouver
8660,1935,2023-05-05 00:40:08,shipped,credit_card,India,Melbourne
8661,769,2023-12-16 13:37:52,cancelled,paypal,United Kingdom,Paris
8662,221,2022-04-08 20:11:54,paid,paypal,India,Chicago
8663,1728,2022-02-15 13:25:13,pending,credit_card,Canada,Vancouver
8664,1911,2024-07-04 19:46:54,shipped,paypal,United Kingdom,Amsterdam
8665,556,2023-06-16 09:02:12,paid,apple_pay,Netherlands,Paris
8666,490,2021-02-18 13:29:18,pending,paypal,Spain,London
8667,1287,2023-03-28 11:51:51,paid,bank_transfer,India,London
8668,1517,2020-11-29 14:29:35,shipped,apple_pay,France,Mumbai
8669,480,2020-10-15 14:47:42,refunded,google_pay,India,Bangalore
8670,197,2024-09-04 08:22:53,shipped,paypal,Italy,Paris
8671,866,2021-09-30 13:38:27,paid,google_pay,Italy,Bangalore
8672,127,2021-02-28 20:20:42,paid,apple_pay,Australia,Berlin
8673,545,2020-02-11 13:41:50,refunded,credit_card,Australia,Mumbai
8674,917,2021-05-31 03:45:03,shipped,credit_card,Italy,Toronto
8675,1061,2023-03-23 22:56:32,paid,bank_transfer,Canada,Toronto
8676,1590,2023-07-24 04:10:48,cancelled,google_pay,United States,Melbourne
8677,1476,2022-11-14 07:29:45,paid,apple_pay,Italy,Melbourne
8678,1989,2022-04-13 02:01:59,pending,google_pay,Spain,Toronto
8679,960,2024-01-07 04:44:00,paid,apple_pay,Australia,Berlin
8680,1670,2020-09-10 16:39:35,paid,google_pay,Netherlands,Melbourne
8681,1573,2022-02-18 05:55:22,shipped,bank_transfer,United States,Bangalore
8682,1463,2023-07-16 18:30:12,paid,apple_pay,United Kingdom,Chicago
8683,226,2022-02-06 03:47:30,shipped,google_pay,Australia,Bangalore
8684,884,2021-10-14 22:06:28,paid,credit_card,Germany,Madrid
8685,208,2021-07-07 09:49:23,shipped,apple_pay,United States,Mumbai
8686,497,2022-09-20 12:08:54,paid,apple_pay,Australia,New York
8687,706,2021-05-24 17:56:46,shipped,apple_pay,France,Berlin
8688,47,2022-07-22 21:15:45,paid,paypal,Spain,Mumbai
8689,1436,2024-03-06 01:36:44,paid,bank_transfer,France,New York
8690,1170,2020-03-22 20:06:53,paid,credit_card,United Kingdom,Rome
8691,1989,2023-10-09 08:03:16,refunded,google_pay,United States,Los Angeles
8692,354,2023-09-14 02:34:06,paid,bank_transfer,Netherlands,New York
8693,1830,2022-10-27 07:26:57,paid,google_pay,Australia,Rome
8694,1442,2024-09-11 20:02:28,paid,google_pay,India,Chicago
8695,88,2023-04-02 17:22:40,paid,bank_transfer,Germany,Melbourne
8696,431,2020-02-04 10:51:47,refunded,bank_transfer,Italy,Vancouver
8697,336,2022-07-21 14:15:52,paid,credit_card,Italy,Amsterdam
8698,1238,2023-05-18 18:46:47,shipped,bank_transfer,United States,Paris
8699,229,2021-01-01 00:22:52,paid,apple_pay,United States,Bangalore
8700,1214,2024-09-12 19:47:01,paid,apple_pay,United Kingdom,Berlin
8701,321,2021-07-08 04:09:20,paid,google_pay,Netherlands,New York
8702,1619,2023-06-10 01:41:23,paid,apple_pay,United States,Sydney
8703,1543,2023-02-17 19:35:35,shipped,apple_pay,India,Mumbai
8704,1127,2023-02-12 21:21:01,shipped,bank_transfer,France,Madrid
8705,182,2020-07-10 16:51:34,paid,google_pay,Australia,Chicago
8706,1834,2022-06-29 21:57:15,shipped,credit_card,Spain,Toronto
8707,276,2022-05-21 23:57:14,shipped,google_pay,Australia,Amsterdam
8708,759,2020-12-24 07:51:07,pending,google_pay,Australia,Melbourne
8709,240,2021-05-30 00:38:07,paid,apple_pay,Italy,Melbourne
8710,866,2022-06-26 16:23:28,shipped,apple_pay,Canada,Mumbai
8711,844,2022-04-18 22:33:01,paid,paypal,Australia,Berlin
8712,422,2022-08-11 20:25:53,paid,apple_pay,United States,Mumbai
8713,500,2024-08-13 01:15:13,paid,bank_transfer,India,Mumbai
8714,1529,2022-06-04 04:19:43,paid,paypal,Netherlands,Chicago
8715,1763,2020-12-23 15:16:46,paid,apple_pay,Netherlands,Sydney
8716,1548,2021-07-28 18:30:46,paid,google_pay,United States,Amsterdam
8717,1648,2021-02-04 13:18:49,cancelled,google_pay,Spain,Mumbai
8718,96,2023-02-21 22:55:19,pending,apple_pay,United States,Berlin
8719,1630,2022-06-02 06:53:10,refunded,bank_transfer,France,Bangalore
8720,1188,2021-06-09 08:15:48,paid,paypal,Australia,London
8721,1528,2022-01-02 03:19:53,refunded,paypal,France,Madrid
8722,892,2022-04-05 22:55:26,paid,credit_card,Italy,Rome
8723,1089,2020-02-22 20:16:32,cancelled,bank_transfer,Germany,Chicago
8724,13,2022-03-14 12:20:16,paid,google_pay,United States,Chicago
8725,634,2020-02-21 22:04:24,shipped,paypal,United States,Sydney
8726,1295,2024-02-13 13:38:21,paid,paypal,India,Chicago
8727,809,2023-06-09 11:44:40,shipped,apple_pay,Germany,London
8728,844,2024-11-25 23:18:00,paid,credit_card,India,Toronto
8729,1101,2022-11-02 12:42:47,shipped,apple_pay,Netherlands,Chicago
8730,1493,2021-11-16 07:03:48,shipped,apple_pay,Australia,Chicago
8731,1950,2020-05-09 14:19:42,shipped,paypal,Netherlands,Berlin
8732,1584,2024-08-12 17:38:55,refunded,paypal,India,Berlin
8733,1311,2022-12-22 09:31:22,shipped,google_pay,United States,Toronto
8734,114,2022-11-03 06:30:16,paid,paypal,Italy,Rome
8735,1203,2023-02-26 20:45:48,shipped,paypal,Italy,Chicago
8736,1569,2020-08-27 09:38:22,cancelled,credit_card,India,New York
8737,1360,2021-10-01 05:39:13,pending,bank_transfer,Canada,Madrid
8738,1093,2024-09-11 12:06:15,paid,google_pay,United States,Chicago
8739,248,2022-10-23 10:39:44,paid,apple_pay,Canada,Berlin
8740,1197,2020-12-26 03:00:34,cancelled,credit_card,India,Los Angeles
8741,458,2021-10-06 16:35:52,shipped,apple_pay,United Kingdom,Amsterdam
8742,1590,2022-06-13 05:36:38,refunded,paypal,France,London
8743,379,2024-06-18 10:12:57,paid,apple_pay,Australia,Bangalore
8744,230,2022-07-14 20:56:58,paid,credit_card,India,Toronto
8745,563,2021-09-03 15:33:26,shipped,apple_pay,Italy,Vancouver
8746,367,2020-08-05 07:16:57,paid,credit_card,United States,Vancouver
8747,1671,2021-03-21 05:06:52,paid,credit_card,United Kingdom,Mumbai
8748,309,2024-09-23 12:15:03,shipped,credit_card,India,Chicago
8749,1263,2023-01-01 03:34:57,shipped,apple_pay,Australia,New York
8750,436,2020-07-28 17:37:02,paid,paypal,United States,Berlin
8751,1052,2021-04-17 03:17:43,pending,paypal,Canada,Berlin
8752,795,2022-07-09 12:20:48,shipped,bank_transfer,Canada,Chicago
8753,453,2020-02-06 03:42:12,paid,paypal,Australia,Berlin
8754,1048,2022-02-06 21:47:49,paid,google_pay,Germany,Vancouver
8755,275,2022-02-19 01:53:32,paid,bank_transfer,Spain,Madrid
8756,1147,2022-07-29 11:00:16,refunded,apple_pay,Germany,Paris
8757,1255,2021-10-19 20:32:38,pending,paypal,Canada,London
8758,1842,2023-11-11 09:04:06,paid,apple_pay,India,Vancouver
8759,1990,2024-04-03 22:58:08,cancelled,paypal,Italy,Berlin
8760,535,2023-03-01 17:22:26,shipped,bank_transfer,Germany,Mumbai
8761,304,2023-05-04 19:06:36,shipped,credit_card,Italy,London
8762,1494,2022-03-09 07:50:24,shipped,bank_transfer,Netherlands,Melbourne
8763,1667,2023-10-03 13:18:47,paid,paypal,France,Chicago
8764,1157,2022-12-20 18:53:16,paid,bank_transfer,Australia,Melbourne
8765,1397,2020-07-13 05:45:29,paid,google_pay,Canada,Melbourne
8766,1161,2021-08-26 15:41:21,shipped,credit_card,United States,Mumbai
8767,1704,2021-07-10 15:50:39,paid,apple_pay,Spain,Bangalore
8768,178,2022-06-19 02:25:34,refunded,credit_card,Australia,Amsterdam
8769,1826,2020-04-23 11:30:37,shipped,bank_transfer,India,Paris
8770,1520,2022-08-31 04:01:05,cancelled,credit_card,Canada,Sydney
8771,697,2020-01-19 01:11:16,shipped,credit_card,Netherlands,Chicago
8772,1673,2022-01-15 21:20:39,paid,paypal,Italy,Amsterdam
8773,533,2022-03-26 21:37:26,shipped,apple_pay,Canada,Paris
8774,1695,2024-07-23 07:27:20,paid,bank_transfer,Germany,Rome
8775,1643,2021-11-01 18:34:47,shipped,apple_pay,Spain,Berlin
8776,408,2022-11-16 09:44:08,paid,apple_pay,Netherlands,Bangalore
8777,523,2021-09-30 22:51:32,shipped,bank_transfer,Italy,Sydney
8778,655,2021-05-28 02:32:35,paid,bank_transfer,Germany,London
8779,448,2024-07-06 11:53:50,shipped,apple_pay,France,Paris
8780,1297,2024-12-11 00:38:53,paid,credit_card,Australia,Vancouver
8781,1025,2024-10-02 07:59:54,shipped,bank_transfer,Canada,New York
8782,1782,2023-02-11 08:59:57,paid,credit_card,United States,Mumbai
8783,981,2024-05-31 00:09:29,shipped,google_pay,Italy,Bangalore
8784,66,2023-09-23 08:57:11,cancelled,paypal,Netherlands,Rome
8785,1390,2024-06-25 12:05:09,shipped,apple_pay,Germany,Chicago
8786,1209,2024-04-10 05:30:32,pending,paypal,India,London
8787,1554,2021-04-28 03:48:58,paid,google_pay,Canada,Los Angeles
8788,343,2023-03-04 23:19:02,paid,paypal,Germany,Rome
8789,945,2021-01-17 17:52:17,shipped,google_pay,Spain,Toronto
8790,1003,2020-01-15 10:55:46,paid,google_pay,Spain,Madrid
8791,534,2024-03-05 19:38:20,shipped,google_pay,United States,New York
8792,1928,2023-06-23 10:44:20,paid,google_pay,India,New York
8793,1608,2022-07-31 19:22:14,shipped,bank_transfer,Netherlands,Rome
8794,1127,2023-02-08 00:23:01,paid,paypal,Italy,London
8795,1732,2020-05-29 15:51:52,cancelled,bank_transfer,Italy,Rome
8796,1913,2023-08-11 05:19:14,shipped,paypal,India,Amsterdam
8797,1415,2020-05-07 04:12:36,refunded,google_pay,India,Madrid
8798,1431,2021-08-02 03:01:17,shipped,credit_card,Canada,Vancouver
8799,258,2024-11-17 13:36:10,shipped,paypal,United Kingdom,Mumbai
8800,201,2023-07-17 22:13:30,pending,bank_transfer,Italy,Chicago
8801,1369,2020-03-05 17:39:29,paid,apple_pay,Germany,Amsterdam
8802,490,2020-02-26 05:34:04,shipped,paypal,United Kingdom,Vancouver
8803,706,2022-09-24 07:57:10,shipped,paypal,Netherlands,Toronto
8804,1179,2022-03-03 12:47:45,refunded,bank_transfer,United Kingdom,Madrid
8805,1563,2021-06-01 23:38:50,paid,apple_pay,Italy,New York
8806,86,2021-08-30 13:11:42,paid,bank_transfer,United States,Melbourne
8807,135,2021-02-25 13:40:21,paid,google_pay,Australia,Toronto
8808,1246,2024-03-20 04:34:14,paid,paypal,Spain,Paris
8809,1662,2023-10-14 10:11:47,cancelled,credit_card,Spain,Los Angeles
8810,1839,2023-05-12 22:01:34,refunded,apple_pay,Germany,Madrid
8811,1798,2021-01-19 21:59:43,paid,google_pay,Netherlands,New York
8812,372,2021-07-27 19:52:43,paid,bank_transfer,United Kingdom,Chicago
8813,1505,2021-03-14 19:45:54,pending,apple_pay,United Kingdom,Toronto
8814,529,2020-07-18 19:43:10,refunded,credit_card,India,Rome
8815,637,2022-09-29 08:21:51,paid,bank_transfer,Netherlands,Los Angeles
8816,706,2021-11-12 15:07:55,pending,paypal,Canada,Los Angeles
8817,1435,2024-06-24 01:19:57,shipped,paypal,France,Toronto
8818,995,2024-02-17 11:47:49,pending,bank_transfer,Netherlands,Chicago
8819,1748,2023-02-22 13:03:36,pending,apple_pay,Spain,London
8820,905,2024-01-13 16:58:06,paid,google_pay,Netherlands,Paris
8821,1468,2022-12-08 22:05:49,paid,credit_card,Germany,Melbourne
8822,1823,2022-09-28 05:09:09,paid,google_pay,Spain,Berlin
8823,1594,2021-02-05 10:52:47,refunded,apple_pay,Italy,Sydney
8824,10,2022-06-22 11:34:31,paid,google_pay,France,Vancouver
8825,240,2023-11-26 19:29:49,pending,google_pay,Germany,Bangalore
8826,724,2022-04-08 02:15:00,paid,apple_pay,Spain,Rome
8827,1652,2022-08-26 20:20:01,paid,paypal,Germany,Vancouver
8828,1011,2024-09-21 23:23:45,cancelled,google_pay,Italy,Madrid
8829,1991,2021-01-06 17:58:49,refunded,apple_pay,Australia,Vancouver
8830,1201,2021-12-30 08:55:46,refunded,credit_card,India,Mumbai
8831,960,2024-10-12 03:36:21,shipped,google_pay,United Kingdom,Los Angeles
8832,654,2022-07-13 21:15:04,refunded,paypal,Australia,Madrid
8833,1317,2020-10-18 17:56:16,cancelled,paypal,Netherlands,Chicago
8834,1409,2024-02-11 23:41:14,pending,paypal,Netherlands,Vancouver
8835,569,2022-11-29 19:23:29,shipped,google_pay,Germany,Paris
8836,1693,2021-02-18 02:13:00,pending,paypal,Germany,Toronto
8837,1833,2021-08-09 22:21:04,pending,paypal,France,Madrid
8838,1908,2020-11-07 04:35:13,refunded,paypal,Germany,Los Angeles
8839,1188,2023-07-18 21:47:55,paid,paypal,India,Berlin
8840,1772,2020-02-12 01:45:27,paid,apple_pay,Spain,Paris
8841,1861,2023-06-13 13:54:22,shipped,apple_pay,Germany,Melbourne
8842,1324,2021-12-18 04:12:24,paid,google_pay,United States,Mumbai
8843,1091,2022-08-26 20:17:27,paid,paypal,United Kingdom,Melbourne
8844,1916,2021-02-01 03:26:40,cancelled,google_pay,Spain,Sydney
8845,902,2022-08-11 22:30:49,refunded,apple_pay,Germany,London
8846,802,2020-11-26 12:50:20,shipped,google_pay,Italy,Bangalore
8847,1870,2023-07-12 09:06:42,shipped,google_pay,France,Chicago
8848,1543,2020-11-29 14:41:33,paid,paypal,Spain,New York
8849,315,2021-07-28 23:12:04,cancelled,paypal,United States,Vancouver
8850,304,2023-01-08 05:20:59,shipped,credit_card,United Kingdom,Berlin
8851,1464,2021-12-03 23:40:17,cancelled,bank_transfer,United Kingdom,Madrid
8852,599,2022-09-14 04:27:02,shipped,paypal,Spain,Melbourne
8853,368,2023-07-18 18:35:20,shipped,google_pay,Australia,Toronto
8854,1046,2022-04-02 19:15:52,paid,google_pay,Netherlands,Berlin
8855,523,2024-05-15 14:40:16,pending,credit_card,Canada,New York
8856,1813,2020-04-04 07:01:26,pending,paypal,United States,Paris
8857,1198,2024-04-17 02:30:46,shipped,google_pay,Spain,Mumbai
8858,619,2024-06-22 12:59:40,refunded,paypal,Germany,Amsterdam
8859,893,2022-01-06 03:56:57,cancelled,google_pay,India,London
8860,132,2021-05-07 03:28:50,shipped,apple_pay,Spain,Toronto
8861,1077,2021-04-10 22:28:37,cancelled,paypal,Germany,Chicago
8862,1242,2021-06-14 08:39:40,pending,paypal,Australia,Berlin
8863,938,2024-11-04 15:08:50,shipped,apple_pay,Spain,London
8864,709,2021-12-17 18:52:19,shipped,bank_transfer,Netherlands,Melbourne
8865,1180,2024-07-08 18:56:03,shipped,paypal,India,Berlin
8866,899,2020-02-02 21:03:25,paid,credit_card,Italy,London
8867,1001,2024-04-18 02:34:06,shipped,google_pay,India,Los Angeles
8868,1975,2024-06-28 00:58:00,paid,paypal,Australia,Chicago
8869,615,2021-03-31 06:22:56,paid,google_pay,United States,Berlin
8870,149,2020-10-29 11:33:43,shipped,credit_card,Italy,Los Angeles
8871,1130,2023-09-30 14:00:24,shipped,bank_transfer,France,Melbourne
8872,1216,2023-08-27 20:25:46,shipped,credit_card,United States,Melbourne
8873,143,2022-09-26 15:43:30,shipped,apple_pay,Italy,Sydney
8874,1729,2022-07-05 00:43:37,paid,paypal,United States,Paris
8875,364,2021-03-17 03:18:22,paid,credit_card,Netherlands,New York
8876,1650,2020-10-03 21:58:57,refunded,bank_transfer,Australia,Toronto
8877,812,2020-11-23 11:02:37,pending,apple_pay,United States,Los Angeles
8878,629,2024-04-14 14:58:10,refunded,bank_transfer,Canada,Vancouver
8879,1719,2022-06-27 01:37:48,paid,credit_card,France,Mumbai
8880,1648,2020-01-28 05:58:42,pending,credit_card,Spain,Los Angeles
8881,322,2021-10-08 07:14:48,paid,paypal,Spain,Berlin
8882,1898,2021-02-10 21:04:31,cancelled,credit_card,Spain,Sydney
8883,1607,2022-08-06 14:32:46,shipped,credit_card,Italy,Berlin
8884,1447,2022-10-14 23:58:07,cancelled,google_pay,India,Melbourne
8885,1501,2024-02-25 16:01:37,shipped,paypal,India,Vancouver
8886,602,2020-12-09 11:04:43,cancelled,apple_pay,Australia,Toronto
8887,443,2022-08-29 08:34:59,cancelled,paypal,Canada,Sydney
8888,1559,2022-05-01 23:48:38,pending,bank_transfer,Canada,Melbourne
8889,704,2020-10-21 03:27:38,paid,bank_transfer,Australia,Chicago
8890,1802,2024-06-28 18:06:40,paid,bank_transfer,United Kingdom,Sydney
8891,1184,2023-11-17 03:12:57,paid,apple_pay,Italy,Rome
8892,1749,2023-05-04 16:40:03,pending,google_pay,Australia,New York
8893,1396,2024-08-04 20:20:27,shipped,bank_transfer,Italy,Mumbai
8894,285,2024-11-28 04:15:12,paid,apple_pay,India,London
8895,14,2022-06-25 18:05:15,shipped,paypal,Spain,New York
8896,509,2024-07-29 16:22:43,shipped,google_pay,Spain,Madrid
8897,9,2020-01-30 22:13:58,paid,bank_transfer,India,London
8898,303,2023-11-02 10:43:08,shipped,apple_pay,Germany,Sydney
8899,23,2020-01-07 07:29:55,pending,bank_transfer,Canada,Bangalore
8900,369,2020-09-27 23:38:38,paid,apple_pay,Germany,New York
8901,231,2023-02-06 11:48:29,shipped,paypal,Germany,Mumbai
8902,109,2022-04-27 20:42:34,refunded,bank_transfer,United States,Amsterdam
8903,1817,2023-02-17 01:53:34,paid,bank_transfer,United States,Paris
8904,380,2022-04-14 10:02:55,shipped,paypal,Spain,Madrid
8905,1208,2023-01-18 04:40:56,pending,apple_pay,Canada,Vancouver
8906,47,2024-06-17 03:01:46,shipped,paypal,Australia,Toronto
8907,954,2023-11-16 18:21:01,shipped,apple_pay,Spain,Paris
8908,179,2020-05-28 01:01:05,paid,credit_card,Italy,London
8909,873,2021-10-03 13:35:24,shipped,paypal,United Kingdom,Melbourne
8910,272,2023-03-02 18:24:15,shipped,google_pay,Australia,New York
8911,1255,2022-08-09 00:54:28,shipped,apple_pay,Netherlands,Los Angeles
8912,1187,2021-02-15 10:15:01,pending,paypal,United States,Los Angeles
8913,1292,2024-10-28 02:06:14,shipped,apple_pay,Canada,Madrid
8914,1014,2021-04-24 19:46:57,shipped,google_pay,France,New York
8915,1508,2022-04-28 18:28:48,shipped,credit_card,France,Sydney
8916,1238,2022-05-30 04:15:06,shipped,apple_pay,Canada,Toronto
8917,96,2023-06-30 20:18:56,paid,apple_pay,Australia,Sydney
8918,281,2023-09-29 12:27:26,pending,paypal,Netherlands,Chicago
8919,1320,2020-04-04 10:49:21,paid,google_pay,Germany,New York
8920,1310,2023-03-11 08:12:13,shipped,bank_transfer,India,New York
8921,1370,2021-04-04 03:54:37,shipped,credit_card,United Kingdom,Chicago
8922,1584,2022-11-27 22:11:33,paid,google_pay,Spain,Toronto
8923,365,2024-06-06 15:27:00,shipped,paypal,France,Berlin
8924,1394,2023-06-30 02:27:38,pending,paypal,Netherlands,Toronto
8925,1296,2022-12-14 06:10:39,paid,google_pay,Netherlands,Bangalore
8926,272,2021-04-14 19:50:04,paid,paypal,India,New York
8927,670,2023-10-24 06:21:33,pending,credit_card,Germany,Toronto
8928,1050,2022-04-01 02:40:33,shipped,credit_card,Italy,Sydney
8929,1085,2022-03-19 19:26:46,shipped,apple_pay,Germany,Chicago
8930,1686,2024-11-14 05:34:10,paid,credit_card,Italy,Paris
8931,204,2021-04-28 09:04:46,paid,google_pay,United Kingdom,London
8932,1153,2020-03-16 14:59:23,paid,credit_card,United Kingdom,Sydney
8933,227,2021-06-24 05:38:40,cancelled,credit_card,Germany,Sydney
8934,971,2024-11-11 05:26:57,cancelled,google_pay,Netherlands,Paris
8935,1470,2021-10-14 18:19:02,paid,apple_pay,United States,London
8936,150,2021-08-12 05:56:52,shipped,google_pay,United States,London
8937,1641,2024-02-20 09:57:46,pending,google_pay,Italy,Chicago
8938,598,2020-07-24 12:18:32,shipped,bank_transfer,United Kingdom,Madrid
8939,47,2024-06-24 21:20:46,shipped,credit_card,France,Chicago
8940,251,2022-08-22 21:50:20,paid,bank_transfer,Spain,Paris
8941,1828,2023-07-19 17:32:14,paid,paypal,Italy,Los Angeles
8942,1858,2023-03-14 02:44:20,paid,google_pay,Australia,Berlin
8943,463,2024-01-01 11:18:14,pending,credit_card,United Kingdom,Los Angeles
8944,1678,2022-09-17 11:20:47,paid,paypal,Netherlands,Sydney
8945,843,2024-09-17 00:52:50,paid,bank_transfer,Spain,Los Angeles
8946,1508,2023-12-06 07:27:40,paid,google_pay,Australia,Bangalore
8947,915,2022-04-21 11:33:24,shipped,paypal,India,Madrid
8948,472,2023-02-22 10:55:33,pending,google_pay,United States,Amsterdam
8949,836,2022-01-11 13:45:52,paid,apple_pay,Spain,New York
8950,287,2022-05-25 05:13:32,paid,bank_transfer,Germany,Bangalore
8951,258,2021-02-13 06:22:27,cancelled,apple_pay,France,Rome
8952,1362,2023-10-30 12:16:08,shipped,google_pay,Spain,Rome
8953,75,2021-12-18 19:35:08,paid,apple_pay,Canada,Chicago
8954,1184,2021-02-20 21:59:16,shipped,paypal,Italy,New York
8955,1836,2023-09-19 18:02:00,shipped,bank_transfer,France,Sydney
8956,362,2021-01-09 23:09:19,pending,bank_transfer,Netherlands,Vancouver
8957,252,2020-11-14 09:15:15,paid,bank_transfer,India,Melbourne
8958,833,2022-03-04 18:16:22,shipped,bank_transfer,Netherlands,Sydney
8959,1938,2022-12-02 03:26:57,shipped,apple_pay,Spain,Mumbai
8960,899,2024-03-17 20:54:08,shipped,paypal,Germany,London
8961,1021,2024-06-03 19:57:30,shipped,credit_card,Canada,Berlin
8962,104,2024-04-05 05:26:15,refunded,paypal,Italy,Amsterdam
8963,1295,2020-12-16 15:52:37,refunded,bank_transfer,India,London
8964,252,2021-05-04 09:07:39,shipped,credit_card,France,Amsterdam
8965,1354,2022-08-08 08:58:00,cancelled,credit_card,France,Madrid
8966,1268,2022-06-03 11:16:20,shipped,credit_card,Netherlands,Paris
8967,1715,2022-04-18 05:53:59,shipped,bank_transfer,Italy,New York
8968,1062,2020-06-13 20:17:31,cancelled,google_pay,Spain,Berlin
8969,646,2023-01-15 23:39:03,paid,bank_transfer,India,Amsterdam
8970,931,2020-11-19 11:50:55,shipped,credit_card,Australia,Sydney
8971,509,2021-01-07 00:08:42,refunded,apple_pay,Australia,Rome
8972,564,2020-08-09 07:58:45,refunded,google_pay,United States,Rome
8973,1499,2023-11-28 13:10:27,shipped,apple_pay,Canada,Berlin
8974,1271,2022-05-15 15:20:26,refunded,credit_card,France,Berlin
8975,1985,2023-09-12 11:03:54,paid,paypal,France,New York
8976,1353,2024-06-26 20:41:41,shipped,bank_transfer,Netherlands,Toronto
8977,1959,2021-02-23 21:26:42,paid,bank_transfer,Canada,Toronto
8978,812,2022-06-29 06:24:48,shipped,apple_pay,Italy,London
8979,1533,2020-03-30 19:18:15,paid,paypal,Netherlands,Vancouver
8980,1997,2020-08-04 14:28:47,pending,credit_card,France,Sydney
8981,93,2022-09-15 01:36:41,pending,credit_card,Netherlands,Mumbai
8982,866,2023-01-17 00:29:49,paid,paypal,Australia,Los Angeles
8983,1002,2024-03-18 06:53:56,cancelled,paypal,Spain,Chicago
8984,1571,2022-10-04 09:03:42,pending,credit_card,Canada,Melbourne
8985,1653,2023-07-02 06:01:28,pending,google_pay,France,Chicago
8986,1572,2022-04-20 08:24:20,paid,credit_card,France,Bangalore
8987,1730,2022-09-30 14:44:33,pending,apple_pay,United States,Berlin
8988,217,2020-02-21 03:32:06,pending,google_pay,Germany,Mumbai
8989,1097,2024-11-09 18:51:39,paid,apple_pay,Canada,Madrid
8990,839,2020-04-26 03:05:24,shipped,bank_transfer,France,Sydney
8991,26,2023-05-12 09:42:49,paid,bank_transfer,Germany,New York
8992,1885,2023-01-15 11:25:35,shipped,paypal,France,New York
8993,1927,2024-08-30 14:17:33,paid,credit_card,Germany,Sydney
8994,1098,2021-04-26 22:55:47,shipped,apple_pay,India,Toronto
8995,1589,2024-10-25 03:01:34,pending,paypal,Australia,Los Angeles
8996,404,2020-06-09 15:31:43,paid,google_pay,Germany,Bangalore
8997,1598,2023-05-08 09:31:48,paid,google_pay,Italy,Toronto
8998,1284,2024-08-06 00:18:28,pending,credit_card,Netherlands,Paris
8999,260,2020-05-01 21:07:32,paid,credit_card,Italy,London
9000,110,2020-06-11 22:20:09,cancelled,credit_card,India,Sydney
9001,1115,2020-11-16 17:20:28,paid,google_pay,Italy,Berlin
9002,380,2020-07-08 05:26:40,cancelled,bank_transfer,Australia,Madrid
9003,597,2024-09-29 19:57:21,paid,google_pay,India,Mumbai
9004,1806,2024-11-16 03:00:10,pending,credit_card,Germany,Rome
9005,616,2021-11-27 20:51:53,shipped,google_pay,Italy,Bangalore
9006,1296,2022-06-12 04:11:07,paid,google_pay,Australia,New York
9007,1906,2021-05-14 10:04:46,shipped,bank_transfer,Netherlands,London
9008,1284,2021-11-05 07:46:01,shipped,google_pay,United States,London
9009,729,2023-03-07 06:00:16,pending,bank_transfer,United States,Berlin
9010,928,2022-04-24 07:40:55,paid,credit_card,Germany,Bangalore
9011,1359,2024-04-06 07:30:16,shipped,credit_card,Italy,Mumbai
9012,658,2021-02-05 07:12:35,paid,bank_transfer,India,New York
9013,1571,2023-04-29 11:59:58,paid,credit_card,Australia,Paris
9014,157,2024-09-18 14:53:47,shipped,paypal,France,London
9015,1025,2021-07-03 21:46:18,shipped,apple_pay,Germany,Bangalore
9016,281,2024-05-13 01:14:23,refunded,paypal,Australia,Vancouver
9017,856,2022-01-25 02:04:21,shipped,apple_pay,Italy,Rome
9018,41,2024-07-20 13:00:57,shipped,apple_pay,Spain,Toronto
9019,570,2020-11-19 15:42:56,paid,credit_card,Australia,Amsterdam
9020,691,2022-10-20 07:55:03,pending,google_pay,India,Paris
9021,1869,2023-05-16 06:51:27,refunded,apple_pay,Spain,Bangalore
9022,869,2021-06-28 04:38:03,shipped,apple_pay,United Kingdom,Mumbai
9023,955,2020-06-30 23:49:27,pending,bank_transfer,France,Sydney
9024,353,2020-04-02 22:28:00,shipped,credit_card,Canada,Melbourne
9025,278,2021-05-11 09:01:11,pending,credit_card,Canada,Madrid
9026,329,2020-05-03 08:04:11,shipped,apple_pay,Canada,Berlin
9027,1905,2021-07-30 00:35:43,shipped,credit_card,Australia,Bangalore
9028,1249,2024-05-23 23:53:39,shipped,credit_card,United Kingdom,Los Angeles
9029,537,2024-01-07 09:14:08,shipped,credit_card,Australia,Amsterdam
9030,1268,2022-02-07 13:54:42,cancelled,paypal,Canada,London
9031,746,2022-07-23 21:53:05,paid,credit_card,France,Sydney
9032,770,2022-01-03 23:48:00,cancelled,credit_card,Italy,Paris
9033,503,2024-12-30 13:05:59,paid,paypal,United States,Los Angeles
9034,1117,2023-11-04 04:11:39,paid,paypal,India,Rome
9035,1067,2024-12-22 13:29:00,pending,google_pay,Spain,London
9036,981,2021-03-27 06:27:36,shipped,credit_card,United States,New York
9037,1054,2024-12-03 19:54:43,shipped,bank_transfer,United States,New York
9038,972,2023-03-11 15:42:17,refunded,google_pay,Spain,Berlin
9039,1440,2021-08-26 01:25:46,refunded,paypal,United Kingdom,Chicago
9040,439,2024-03-02 18:35:38,shipped,bank_transfer,United States,Vancouver
9041,1590,2022-09-04 08:20:26,cancelled,apple_pay,India,Bangalore
9042,744,2023-06-17 21:42:44,paid,credit_card,Spain,Los Angeles
9043,199,2023-09-02 18:19:30,shipped,credit_card,France,Bangalore
9044,324,2021-06-10 18:50:46,paid,bank_transfer,Italy,Chicago
9045,418,2022-11-07 17:09:55,shipped,credit_card,Australia,New York
9046,1475,2022-01-06 13:34:59,cancelled,bank_transfer,Canada,Los Angeles
9047,447,2024-03-11 17:44:56,paid,credit_card,United Kingdom,Paris
9048,1899,2021-09-14 06:34:38,paid,paypal,United Kingdom,Madrid
9049,1725,2021-08-05 21:39:57,paid,credit_card,Italy,Mumbai
9050,1071,2024-02-01 14:45:10,refunded,apple_pay,United Kingdom,Vancouver
9051,1302,2020-12-22 12:37:16,paid,apple_pay,France,Paris
9052,312,2023-03-10 09:02:20,pending,paypal,Canada,Vancouver
9053,1071,2024-04-08 14:59:20,shipped,google_pay,United States,Amsterdam
9054,1314,2024-06-29 10:22:50,cancelled,apple_pay,Italy,Toronto
9055,1080,2021-05-30 13:50:24,refunded,bank_transfer,Spain,Chicago
9056,1488,2023-10-16 23:15:22,paid,credit_card,Italy,Mumbai
9057,226,2020-06-08 15:01:35,shipped,apple_pay,Netherlands,Mumbai
9058,1156,2021-06-16 01:52:33,shipped,google_pay,Australia,Amsterdam
9059,178,2023-03-26 10:19:18,paid,bank_transfer,United Kingdom,Los Angeles
9060,1111,2022-03-24 16:07:59,paid,credit_card,France,Chicago
9061,155,2024-11-20 14:32:16,pending,bank_transfer,United Kingdom,Rome
9062,1552,2023-10-10 15:31:11,shipped,apple_pay,Canada,Bangalore
9063,1648,2022-08-07 01:56:08,paid,paypal,India,Melbourne
9064,1686,2023-01-18 18:25:24,pending,apple_pay,Netherlands,Amsterdam
9065,1295,2024-03-19 14:20:04,cancelled,google_pay,Italy,Amsterdam
9066,1388,2024-06-28 01:10:32,paid,paypal,Germany,Sydney
9067,1653,2022-06-03 10:18:38,paid,google_pay,United States,Rome
9068,1557,2021-04-14 11:37:57,shipped,apple_pay,Netherlands,Rome
9069,937,2023-09-25 19:44:51,paid,google_pay,India,Vancouver
9070,1033,2024-04-07 20:14:06,cancelled,credit_card,Australia,Melbourne
9071,1030,2024-12-05 02:41:07,paid,google_pay,Netherlands,Melbourne
9072,1324,2021-04-18 15:40:56,paid,apple_pay,Canada,New York
9073,514,2020-11-27 09:08:29,pending,credit_card,Germany,Toronto
9074,563,2020-03-18 08:54:04,paid,paypal,India,Melbourne
9075,725,2023-06-04 11:20:46,cancelled,credit_card,United Kingdom,Sydney
9076,1422,2023-03-11 17:32:42,shipped,credit_card,France,Berlin
9077,1211,2021-09-26 05:49:47,paid,bank_transfer,France,Los Angeles
9078,1008,2021-04-27 23:02:41,shipped,bank_transfer,India,Paris
9079,1706,2021-01-30 11:40:37,shipped,bank_transfer,Germany,New York
9080,514,2021-08-04 23:22:28,cancelled,credit_card,India,Berlin
9081,579,2022-09-30 11:19:10,refunded,apple_pay,Germany,Melbourne
9082,644,2025-01-01 18:00:19,shipped,paypal,India,Berlin
9083,86,2023-09-05 11:16:35,paid,google_pay,United Kingdom,Chicago
9084,1477,2022-01-14 20:50:22,shipped,google_pay,Italy,Madrid
9085,1312,2023-06-11 10:47:42,paid,google_pay,Canada,Mumbai
9086,1515,2022-01-16 00:47:26,cancelled,paypal,United States,Vancouver
9087,1473,2020-11-17 01:58:09,paid,paypal,Spain,Rome
9088,820,2022-07-10 19:48:59,cancelled,apple_pay,United States,Los Angeles
9089,1723,2020-07-24 15:32:02,shipped,google_pay,Italy,Bangalore
9090,1537,2022-03-30 04:33:08,paid,apple_pay,United States,Berlin
9091,1213,2023-01-25 23:43:09,paid,google_pay,United States,New York
9092,277,2024-09-23 00:57:55,refunded,bank_transfer,France,Mumbai
9093,71,2021-09-23 07:37:36,paid,apple_pay,France,Toronto
9094,657,2021-02-12 07:13:39,paid,paypal,United States,Rome
9095,1512,2024-04-13 18:04:19,refunded,paypal,Canada,Amsterdam
9096,1859,2023-06-09 21:24:18,paid,credit_card,United Kingdom,New York
9097,912,2023-03-02 02:21:23,paid,google_pay,Spain,Amsterdam
9098,1535,2021-10-24 00:51:59,shipped,paypal,United States,Bangalore
9099,1280,2024-07-09 23:56:00,paid,google_pay,Spain,Vancouver
9100,451,2023-10-10 17:02:14,paid,apple_pay,France,Chicago
9101,756,2021-01-20 23:14:16,shipped,apple_pay,United States,Paris
9102,1759,2020-01-07 17:20:37,paid,google_pay,United States,Vancouver
9103,1334,2024-10-12 11:59:35,cancelled,apple_pay,Canada,Vancouver
9104,1453,2022-03-20 11:44:33,shipped,apple_pay,Spain,Toronto
9105,1210,2024-11-28 02:10:17,shipped,credit_card,Australia,Melbourne
9106,1343,2020-11-24 20:50:20,paid,credit_card,Germany,New York
9107,894,2023-06-30 13:15:18,shipped,apple_pay,United Kingdom,Los Angeles
9108,1714,2020-03-08 01:53:16,paid,paypal,France,Rome
9109,447,2024-03-16 11:45:52,refunded,paypal,United States,London
9110,436,2022-11-24 06:15:56,paid,credit_card,United States,Vancouver
9111,401,2023-06-17 22:04:29,shipped,google_pay,Germany,Sydney
9112,1736,2022-05-12 23:25:13,shipped,apple_pay,Italy,Sydney
9113,206,2021-02-16 11:29:22,refunded,apple_pay,United States,Sydney
9114,1466,2022-09-02 01:48:02,cancelled,apple_pay,United Kingdom,Mumbai
9115,467,2024-01-23 18:46:53,paid,paypal,India,Chicago
9116,792,2023-05-16 23:38:30,paid,bank_transfer,India,Los Angeles
9117,1302,2024-07-14 10:51:33,paid,apple_pay,Italy,London
9118,1910,2024-11-02 20:52:32,shipped,credit_card,United Kingdom,Paris
9119,32,2022-10-31 01:57:40,paid,paypal,Italy,Rome
9120,1299,2022-09-28 11:39:26,paid,paypal,Spain,Toronto
9121,859,2020-09-11 16:55:31,cancelled,paypal,France,Toronto
9122,48,2024-09-24 05:02:55,refunded,bank_transfer,United States,Chicago
9123,1702,2022-03-05 14:02:25,paid,google_pay,Australia,London
9124,1668,2020-08-23 10:55:54,shipped,credit_card,France,Bangalore
9125,816,2024-06-02 16:02:58,shipped,credit_card,United States,Amsterdam
9126,887,2022-06-14 22:28:45,shipped,paypal,United States,London
9127,1788,2024-08-03 05:20:12,shipped,paypal,Germany,London
9128,1695,2023-08-22 14:14:36,paid,credit_card,Italy,Berlin
9129,1797,2020-06-11 12:17:50,paid,bank_transfer,United Kingdom,Los Angeles
9130,172,2021-06-01 12:45:59,refunded,google_pay,Australia,Madrid
9131,47,2024-12-17 07:17:55,shipped,apple_pay,Australia,Mumbai
9132,1597,2022-09-29 09:10:18,shipped,paypal,Italy,Paris
9133,1949,2020-04-27 12:43:35,paid,credit_card,Germany,Madrid
9134,1702,2020-10-17 10:20:55,paid,bank_transfer,France,Melbourne
9135,1592,2020-07-04 00:46:09,cancelled,google_pay,Canada,Berlin
9136,1281,2020-05-09 08:57:54,cancelled,credit_card,Canada,Paris
9137,971,2024-07-27 22:13:15,paid,google_pay,France,New York
9138,1223,2021-03-02 20:08:56,shipped,paypal,France,Rome
9139,694,2021-08-02 21:39:02,paid,bank_transfer,Spain,Berlin
9140,1343,2023-04-09 19:27:53,paid,bank_transfer,Germany,Toronto
9141,373,2024-12-25 09:53:28,paid,bank_transfer,United States,Paris
9142,1311,2023-11-01 08:47:51,cancelled,google_pay,Canada,Paris
9143,1143,2023-11-30 07:05:11,paid,paypal,United States,Paris
9144,467,2024-11-19 08:30:18,refunded,apple_pay,United Kingdom,Bangalore
9145,1183,2020-06-05 22:40:19,paid,credit_card,Italy,Amsterdam
9146,1248,2021-10-25 23:31:54,paid,google_pay,France,Vancouver
9147,760,2021-05-22 11:54:37,refunded,paypal,Australia,Rome
9148,278,2023-03-22 14:24:23,shipped,paypal,Spain,Berlin
9149,653,2022-05-20 17:57:17,paid,apple_pay,France,Madrid
9150,1119,2023-10-25 19:00:39,paid,credit_card,Netherlands,Rome
9151,1242,2023-02-28 17:52:03,shipped,paypal,United States,London
9152,36,2022-11-05 07:50:43,shipped,google_pay,India,Melbourne
9153,265,2021-12-05 01:28:36,paid,paypal,India,Los Angeles
9154,1900,2024-11-11 06:53:37,cancelled,paypal,India,Bangalore
9155,678,2021-01-05 14:25:26,paid,bank_transfer,United Kingdom,Chicago
9156,897,2023-04-05 15:48:34,paid,bank_transfer,United States,Rome
9157,486,2021-08-12 03:47:39,paid,bank_transfer,India,Bangalore
9158,972,2021-08-16 00:17:24,pending,apple_pay,Canada,Sydney
9159,391,2022-10-13 02:39:50,shipped,credit_card,Spain,Madrid
9160,774,2021-01-24 19:07:27,paid,credit_card,United Kingdom,Sydney
9161,1298,2021-07-21 17:13:35,shipped,google_pay,India,New York
9162,988,2024-02-05 22:28:42,paid,credit_card,United Kingdom,Toronto
9163,96,2021-05-09 17:54:25,cancelled,credit_card,Italy,Paris
9164,373,2020-12-15 08:16:34,pending,google_pay,Canada,New York
9165,271,2021-11-25 16:19:08,paid,paypal,Germany,Melbourne
9166,1578,2023-08-02 18:03:40,paid,apple_pay,United States,Paris
9167,887,2024-03-06 15:09:53,shipped,bank_transfer,Netherlands,New York
9168,1925,2021-10-05 13:01:07,shipped,google_pay,United Kingdom,Rome
9169,551,2021-07-10 08:16:49,paid,credit_card,India,Amsterdam
9170,455,2022-08-02 16:24:13,shipped,bank_transfer,Spain,Chicago
9171,65,2022-02-02 05:16:00,refunded,apple_pay,Canada,New York
9172,84,2023-04-18 22:50:50,refunded,bank_transfer,Canada,Chicago
9173,1315,2022-04-23 05:24:53,pending,bank_transfer,Netherlands,Sydney
9174,1164,2024-06-08 04:18:57,paid,bank_transfer,France,Mumbai
9175,805,2022-10-19 19:58:56,pending,paypal,United Kingdom,Paris
9176,1185,2020-12-07 06:59:09,cancelled,google_pay,Canada,Madrid
9177,729,2023-03-18 04:51:50,cancelled,apple_pay,Italy,New York
9178,1294,2020-08-31 23:38:49,cancelled,bank_transfer,Netherlands,Melbourne
9179,948,2022-03-20 12:33:41,shipped,bank_transfer,Netherlands,Amsterdam
9180,1497,2023-08-10 10:43:36,paid,paypal,France,Melbourne
9181,1530,2021-03-27 12:59:55,shipped,paypal,Netherlands,New York
9182,1731,2022-08-02 00:41:39,paid,bank_transfer,India,New York
9183,421,2020-03-05 21:00:07,paid,credit_card,India,London
9184,585,2021-05-20 10:20:15,refunded,credit_card,Spain,Mumbai
9185,320,2023-10-07 02:37:30,cancelled,paypal,India,New York
9186,1991,2024-09-17 19:06:16,paid,apple_pay,United States,Melbourne
9187,1762,2024-08-27 19:29:41,shipped,google_pay,Netherlands,Mumbai
9188,1886,2021-10-22 22:51:36,pending,paypal,Netherlands,Bangalore
9189,1272,2021-08-16 04:46:48,shipped,credit_card,Germany,Mumbai
9190,420,2020-08-03 20:31:53,shipped,credit_card,United States,Amsterdam
9191,1158,2020-03-14 22:38:13,shipped,paypal,Canada,Los Angeles
9192,936,2020-06-23 03:02:28,shipped,google_pay,United States,Rome
9193,724,2020-01-03 14:14:27,paid,apple_pay,Australia,Los Angeles
9194,1373,2024-01-26 10:55:58,shipped,google_pay,India,Sydney
9195,682,2022-06-05 19:52:12,paid,paypal,United States,Toronto
9196,1047,2022-08-28 19:09:40,cancelled,bank_transfer,United Kingdom,Melbourne
9197,143,2020-12-29 12:25:47,paid,paypal,France,London
9198,1535,2024-11-12 00:26:54,shipped,apple_pay,Spain,New York
9199,1917,2022-12-09 00:12:01,paid,apple_pay,France,Chicago
9200,1625,2022-04-15 07:46:51,pending,apple_pay,Germany,New York
9201,784,2021-11-11 20:32:18,pending,apple_pay,Italy,Madrid
9202,1353,2023-08-28 20:58:51,paid,apple_pay,Canada,Mumbai
9203,1524,2020-02-12 08:56:32,cancelled,apple_pay,Italy,Chicago
9204,1162,2022-09-07 08:10:13,shipped,credit_card,Netherlands,Rome
9205,1370,2024-07-02 11:15:40,paid,credit_card,Netherlands,Toronto
9206,1911,2022-09-29 07:23:56,paid,credit_card,Italy,Madrid
9207,1329,2021-10-16 11:13:17,refunded,apple_pay,United States,Sydney
9208,1406,2023-10-15 01:07:06,pending,google_pay,Italy,Los Angeles
9209,118,2023-07-06 22:49:53,pending,google_pay,India,Los Angeles
9210,512,2022-04-23 06:45:30,shipped,apple_pay,United Kingdom,Sydney
9211,1456,2020-06-15 16:29:42,shipped,paypal,United States,Amsterdam
9212,364,2020-05-11 03:10:57,pending,bank_transfer,India,Madrid
9213,678,2021-02-11 11:47:07,paid,paypal,Canada,Vancouver
9214,1462,2024-07-28 09:10:26,paid,paypal,United Kingdom,New York
9215,101,2024-12-18 04:21:00,refunded,apple_pay,Netherlands,Mumbai
9216,910,2021-06-22 05:37:33,shipped,credit_card,France,Berlin
9217,1572,2024-12-15 00:42:23,paid,google_pay,Italy,Mumbai
9218,863,2024-07-09 20:30:39,paid,bank_transfer,United Kingdom,London
9219,696,2020-10-05 21:27:12,refunded,paypal,United States,Melbourne
9220,1819,2022-08-17 18:00:11,paid,credit_card,United Kingdom,Toronto
9221,246,2024-03-25 19:56:47,paid,bank_transfer,France,Chicago
9222,536,2020-03-22 02:50:26,cancelled,apple_pay,Canada,Sydney
9223,145,2023-12-10 22:12:40,pending,bank_transfer,United Kingdom,Melbourne
9224,1596,2021-07-03 19:01:02,paid,paypal,Netherlands,London
9225,786,2021-10-04 21:54:58,shipped,bank_transfer,India,Chicago
9226,44,2020-01-21 00:16:44,shipped,google_pay,Canada,Toronto
9227,1060,2023-07-25 03:30:15,pending,bank_transfer,Spain,Rome
9228,13,2023-06-22 20:04:15,shipped,apple_pay,Spain,Melbourne
9229,322,2022-01-31 07:58:45,shipped,credit_card,United States,Bangalore
9230,1068,2023-04-28 06:22:27,cancelled,bank_transfer,Italy,Melbourne
9231,625,2023-05-10 10:20:05,shipped,paypal,Canada,Bangalore
9232,1893,2023-01-29 10:50:53,shipped,apple_pay,Italy,Toronto
9233,1982,2024-12-03 08:19:49,paid,bank_transfer,India,Los Angeles
9234,720,2023-03-28 20:53:40,paid,bank_transfer,Germany,Chicago
9235,1569,2022-03-23 19:23:09,shipped,credit_card,Italy,Sydney
9236,100,2024-12-26 00:15:57,shipped,google_pay,Australia,Madrid
9237,964,2023-05-01 19:48:17,shipped,apple_pay,Spain,Toronto
9238,765,2023-09-20 14:13:01,paid,google_pay,Italy,Rome
9239,1084,2023-01-01 11:59:50,paid,credit_card,United Kingdom,Los Angeles
9240,880,2020-05-31 19:54:32,paid,google_pay,United States,Bangalore
9241,573,2020-02-03 06:34:59,shipped,paypal,Netherlands,Rome
9242,300,2020-01-01 10:48:26,shipped,apple_pay,France,Amsterdam
9243,630,2024-03-25 22:52:48,refunded,credit_card,Netherlands,Mumbai
9244,654,2023-03-16 09:57:30,pending,paypal,United Kingdom,Paris
9245,1528,2020-12-29 03:48:40,paid,google_pay,United States,London
9246,989,2020-10-29 18:31:33,shipped,bank_transfer,France,Los Angeles
9247,149,2022-05-01 02:58:53,refunded,apple_pay,Spain,Berlin
9248,152,2020-03-02 21:53:41,refunded,paypal,India,Rome
9249,298,2023-10-09 14:55:10,shipped,bank_transfer,Germany,Bangalore
9250,1985,2024-11-05 02:46:36,shipped,bank_transfer,India,New York
9251,327,2024-01-18 21:20:34,paid,google_pay,Spain,London
9252,1770,2021-09-28 15:18:26,shipped,credit_card,Germany,Melbourne
9253,1135,2020-08-06 12:00:25,pending,apple_pay,France,Madrid
9254,705,2023-01-18 05:34:17,refunded,google_pay,Spain,Paris
9255,744,2020-06-30 02:21:19,paid,apple_pay,France,New York
9256,793,2022-01-26 07:19:14,paid,google_pay,United States,New York
9257,112,2020-02-08 06:32:28,paid,google_pay,Spain,Melbourne
9258,787,2024-01-25 21:26:47,cancelled,google_pay,Australia,Mumbai
9259,1891,2022-12-15 21:18:29,paid,paypal,Australia,Melbourne
9260,832,2024-11-02 01:42:55,cancelled,bank_transfer,United States,Sydney
9261,206,2024-10-21 14:13:42,shipped,google_pay,Canada,Chicago
9262,479,2024-10-14 20:51:25,pending,credit_card,Italy,Melbourne
9263,310,2022-08-01 08:03:01,paid,google_pay,India,Chicago
9264,233,2024-01-19 21:31:43,paid,bank_transfer,Spain,Los Angeles
9265,663,2020-02-26 01:32:58,shipped,apple_pay,Netherlands,Toronto
9266,1760,2022-01-06 13:11:04,paid,bank_transfer,Canada,Amsterdam
9267,1849,2024-02-24 00:42:28,shipped,google_pay,Canada,Bangalore
9268,1104,2023-08-11 22:33:31,paid,apple_pay,Netherlands,Berlin
9269,369,2020-11-17 04:51:52,paid,bank_transfer,Canada,London
9270,516,2021-08-16 23:31:20,shipped,apple_pay,United States,Toronto
9271,1889,2022-09-13 22:14:54,paid,apple_pay,Spain,Melbourne
9272,618,2022-09-06 06:22:32,cancelled,paypal,Canada,Mumbai
9273,1964,2021-01-09 09:41:08,refunded,bank_transfer,Germany,Melbourne
9274,1144,2023-09-13 02:42:26,pending,credit_card,Australia,London
9275,1012,2022-03-28 09:13:06,paid,paypal,Canada,Los Angeles
9276,1772,2022-10-07 08:38:03,paid,paypal,Canada,Bangalore
9277,1944,2022-05-20 13:03:20,shipped,apple_pay,Germany,Bangalore
9278,1725,2021-03-19 21:11:10,shipped,bank_transfer,Canada,Toronto
9279,446,2023-10-10 17:02:49,shipped,credit_card,Spain,Paris
9280,1517,2020-10-12 14:21:28,cancelled,paypal,Canada,Paris
9281,1618,2024-09-16 07:56:09,paid,paypal,Canada,New York
9282,1906,2021-06-27 03:14:35,paid,bank_transfer,United States,Amsterdam
9283,715,2024-07-18 03:04:03,paid,apple_pay,United Kingdom,Bangalore
9284,62,2024-05-02 14:03:36,paid,credit_card,France,Melbourne
9285,505,2024-02-08 04:23:49,shipped,apple_pay,Italy,London
9286,1632,2022-08-26 15:13:28,paid,credit_card,Spain,London
9287,720,2020-07-01 00:46:12,refunded,bank_transfer,Germany,Amsterdam
9288,480,2023-03-12 11:00:41,paid,bank_transfer,Spain,Madrid
9289,31,2022-02-03 01:28:26,shipped,apple_pay,Italy,Mumbai
9290,74,2021-05-22 09:26:27,paid,paypal,United States,Sydney
9291,1793,2022-07-15 22:18:46,cancelled,google_pay,United States,Bangalore
9292,494,2024-03-02 07:45:21,paid,credit_card,Germany,Berlin
9293,1936,2021-01-25 11:11:00,shipped,bank_transfer,Canada,Rome
9294,879,2024-02-07 16:00:07,cancelled,paypal,Canada,Amsterdam
9295,608,2020-01-09 00:28:24,paid,credit_card,United States,Los Angeles
9296,1592,2021-06-06 17:47:20,pending,google_pay,France,Rome
9297,7,2024-04-15 04:32:06,shipped,bank_transfer,France,Toronto
9298,1889,2024-09-22 02:03:13,refunded,paypal,India,Melbourne
9299,1114,2024-02-17 03:54:19,refunded,bank_transfer,Canada,New York
9300,178,2024-01-25 20:17:14,shipped,bank_transfer,France,Los Angeles
9301,1671,2020-10-19 13:28:57,paid,bank_transfer,Canada,Melbourne
9302,681,2023-05-07 16:34:40,cancelled,credit_card,Germany,Los Angeles
9303,658,2020-01-04 14:53:02,refunded,bank_transfer,Australia,Berlin
9304,1613,2024-03-07 06:23:02,shipped,google_pay,Spain,Amsterdam
9305,1413,2022-02-07 02:52:40,shipped,bank_transfer,France,Amsterdam
9306,1540,2020-12-02 11:07:43,paid,google_pay,Australia,London
9307,1393,2020-04-20 18:08:20,refunded,paypal,Germany,Sydney
9308,716,2024-11-23 15:47:39,refunded,google_pay,Australia,Bangalore
9309,810,2021-08-13 16:00:14,cancelled,google_pay,Netherlands,Paris
9310,538,2022-05-25 10:58:04,refunded,google_pay,United States,Sydney
9311,586,2023-06-21 11:19:58,paid,credit_card,Canada,Melbourne
9312,905,2020-05-06 03:50:25,shipped,bank_transfer,United States,Los Angeles
9313,456,2024-06-28 20:31:04,shipped,google_pay,France,Amsterdam
9314,938,2021-06-25 18:36:38,paid,credit_card,France,Madrid
9315,431,2023-03-10 05:20:41,paid,apple_pay,Italy,Mumbai
9316,1343,2020-11-09 08:44:35,cancelled,credit_card,France,Rome
9317,983,2022-01-07 09:55:52,paid,apple_pay,Germany,Amsterdam
9318,1532,2021-06-16 20:18:18,paid,google_pay,United States,Paris
9319,925,2021-01-17 01:11:41,refunded,google_pay,Spain,New York
9320,925,2021-07-29 15:24:25,paid,paypal,United States,Bangalore
9321,315,2020-07-27 20:05:00,refunded,bank_transfer,United States,Bangalore
9322,871,2024-02-26 02:30:44,shipped,apple_pay,United States,Toronto
9323,1885,2020-04-23 20:34:22,shipped,apple_pay,Spain,Vancouver
9324,355,2021-01-11 19:19:46,shipped,google_pay,Canada,Mumbai
9325,1703,2022-02-14 02:39:28,cancelled,bank_transfer,Germany,Madrid
9326,834,2024-03-20 16:10:53,shipped,bank_transfer,Germany,Rome
9327,1841,2020-07-04 07:11:49,paid,google_pay,United Kingdom,Mumbai
9328,1081,2020-01-14 16:58:51,paid,paypal,Germany,Bangalore
9329,1489,2022-01-16 20:29:24,cancelled,bank_transfer,United Kingdom,Vancouver
9330,1271,2020-03-07 19:28:58,cancelled,google_pay,United States,Paris
9331,637,2020-09-15 14:38:37,paid,bank_transfer,Canada,Madrid
9332,1806,2021-02-06 02:46:50,refunded,google_pay,Netherlands,Chicago
9333,59,2020-02-24 05:19:27,paid,google_pay,Germany,Bangalore
9334,376,2022-11-27 12:15:03,refunded,apple_pay,Germany,Melbourne
9335,1435,2022-05-21 07:48:34,shipped,bank_transfer,Australia,Sydney
9336,667,2022-04-19 10:07:21,refunded,apple_pay,Italy,Rome
9337,773,2020-08-23 08:46:38,shipped,credit_card,Italy,Amsterdam
9338,1326,2020-04-30 08:31:15,shipped,credit_card,Germany,Paris
9339,1882,2022-03-24 05:57:13,pending,bank_transfer,Germany,Chicago
9340,1695,2022-06-02 15:54:49,shipped,bank_transfer,Netherlands,Paris
9341,1953,2023-10-25 01:25:49,paid,bank_transfer,Germany,Chicago
9342,70,2020-07-12 10:13:55,shipped,paypal,United States,Vancouver
9343,1257,2023-08-25 00:06:36,paid,google_pay,France,Berlin
9344,736,2021-11-19 16:11:34,pending,bank_transfer,Australia,Rome
9345,1515,2020-06-17 19:46:40,shipped,paypal,Netherlands,Toronto
9346,810,2020-01-13 17:23:23,cancelled,paypal,India,Melbourne
9347,1201,2023-04-05 13:35:19,refunded,credit_card,Canada,New York
9348,1358,2020-03-26 15:35:32,refunded,credit_card,Netherlands,Toronto
9349,52,2022-12-13 03:46:56,paid,bank_transfer,Germany,Bangalore
9350,1418,2024-12-30 07:26:34,pending,paypal,United States,New York
9351,809,2022-04-12 09:35:34,paid,google_pay,United Kingdom,Mumbai
9352,601,2021-05-19 21:09:57,shipped,paypal,Spain,London
9353,114,2024-10-11 08:06:27,paid,apple_pay,India,Sydney
9354,411,2023-07-04 19:48:25,paid,apple_pay,Australia,Toronto
9355,83,2021-02-16 04:29:30,paid,apple_pay,Canada,Chicago
9356,1189,2021-06-09 19:16:16,shipped,google_pay,United Kingdom,Los Angeles
9357,250,2021-04-10 08:05:30,paid,google_pay,Netherlands,Los Angeles
9358,156,2020-04-06 12:50:42,cancelled,paypal,Netherlands,Berlin
9359,1514,2020-09-13 03:46:24,paid,paypal,Netherlands,Los Angeles
9360,722,2021-05-24 02:19:17,cancelled,google_pay,Netherlands,Mumbai
9361,161,2024-01-29 07:40:06,shipped,bank_transfer,India,Chicago
9362,1480,2024-11-16 15:22:29,shipped,apple_pay,India,Berlin
9363,1092,2023-05-01 04:05:01,shipped,credit_card,France,Bangalore
9364,1442,2023-08-01 03:05:20,cancelled,apple_pay,France,Berlin
9365,1365,2022-06-08 21:12:28,shipped,apple_pay,United Kingdom,Vancouver
9366,1660,2023-11-11 13:18:59,pending,bank_transfer,Netherlands,Amsterdam
9367,1740,2024-04-23 21:17:02,paid,credit_card,United Kingdom,Los Angeles
9368,1893,2023-02-06 20:44:15,paid,google_pay,United Kingdom,Bangalore
9369,545,2023-11-20 17:00:04,shipped,apple_pay,Italy,Amsterdam
9370,554,2023-08-20 14:25:05,shipped,apple_pay,United Kingdom,Toronto
9371,524,2023-03-22 07:39:26,shipped,credit_card,Spain,Berlin
9372,542,2023-11-22 06:28:33,paid,apple_pay,United Kingdom,Paris
9373,1276,2024-08-06 22:02:54,shipped,credit_card,United Kingdom,London
9374,672,2021-12-19 01:23:14,pending,google_pay,Canada,Los Angeles
9375,708,2020-02-11 14:17:44,shipped,paypal,India,Sydney
9376,1346,2024-06-05 18:25:55,pending,paypal,Germany,London
9377,1607,2023-07-14 02:34:47,paid,credit_card,Germany,Berlin
9378,606,2020-01-01 09:43:45,shipped,google_pay,United Kingdom,New York
9379,717,2020-08-08 04:51:42,shipped,apple_pay,Australia,Madrid
9380,1270,2021-05-20 12:54:38,paid,google_pay,United Kingdom,New York
9381,1915,2024-09-09 22:44:04,paid,credit_card,Canada,Rome
9382,908,2021-10-12 00:49:14,paid,bank_transfer,Australia,Madrid
9383,836,2020-08-19 15:28:16,shipped,bank_transfer,Spain,Madrid
9384,1295,2024-12-15 18:18:09,paid,bank_transfer,France,Madrid
9385,956,2022-03-11 15:39:34,cancelled,apple_pay,United States,Melbourne
9386,945,2023-08-15 14:05:12,paid,credit_card,United Kingdom,Madrid
9387,1951,2020-02-22 03:07:32,shipped,apple_pay,Spain,Sydney
9388,1547,2023-03-17 06:34:41,shipped,apple_pay,Canada,Amsterdam
9389,773,2021-12-29 13:31:19,paid,bank_transfer,Netherlands,Chicago
9390,84,2021-04-03 09:51:34,paid,credit_card,India,London
9391,616,2023-09-07 03:45:15,cancelled,apple_pay,Italy,New York
9392,1532,2024-11-16 19:09:42,refunded,paypal,Australia,Bangalore
9393,840,2023-04-17 03:35:37,pending,paypal,Canada,Rome
9394,1463,2023-10-14 00:43:22,refunded,google_pay,United Kingdom,New York
9395,1289,2023-02-16 14:24:05,refunded,paypal,Australia,Toronto
9396,1580,2023-09-05 00:57:21,paid,paypal,Australia,Vancouver
9397,51,2020-03-22 02:56:49,shipped,apple_pay,United Kingdom,Amsterdam
9398,1270,2020-08-15 22:23:11,paid,apple_pay,United States,Rome
9399,928,2020-01-08 19:00:33,refunded,credit_card,Canada,London
9400,1794,2022-10-26 05:24:25,paid,bank_transfer,Italy,Los Angeles
9401,829,2024-11-09 21:11:28,pending,credit_card,Netherlands,Mumbai
9402,1277,2024-02-27 15:57:53,pending,google_pay,Germany,Chicago
9403,1970,2022-06-23 03:24:30,shipped,google_pay,India,Paris
9404,1627,2024-08-28 04:09:37,cancelled,credit_card,Italy,Paris
9405,256,2024-09-14 20:40:01,shipped,google_pay,Germany,Sydney
9406,1886,2020-01-02 21:10:16,shipped,credit_card,Australia,Madrid
9407,1840,2020-08-08 02:51:52,shipped,credit_card,Netherlands,London
9408,509,2023-08-06 04:53:10,pending,paypal,United Kingdom,Sydney
9409,1143,2023-04-09 00:11:20,pending,paypal,Germany,London
9410,1279,2020-11-22 20:11:58,pending,paypal,United Kingdom,Los Angeles
9411,1613,2022-11-19 07:49:51,paid,credit_card,Australia,Bangalore
9412,1215,2021-11-02 12:22:15,paid,credit_card,France,Melbourne
9413,1613,2022-12-29 13:39:05,shipped,google_pay,Spain,London
9414,1250,2022-05-01 08:14:57,shipped,paypal,India,Toronto
9415,1072,2024-09-26 08:31:36,refunded,apple_pay,Spain,Chicago
9416,1631,2020-11-01 07:12:20,shipped,apple_pay,United States,Bangalore
9417,528,2021-03-15 12:04:43,paid,paypal,Canada,Bangalore
9418,763,2023-03-15 07:21:06,refunded,google_pay,United States,New York
9419,1551,2022-12-11 17:23:18,paid,bank_transfer,India,Paris
9420,1829,2020-04-26 23:59:12,paid,bank_transfer,Canada,Chicago
9421,1959,2023-06-05 23:52:40,shipped,google_pay,Spain,Mumbai
9422,1779,2020-10-03 13:47:36,paid,google_pay,Canada,Madrid
9423,939,2023-04-15 16:37:15,paid,bank_transfer,Italy,Los Angeles
9424,110,2023-07-31 02:03:23,refunded,credit_card,Spain,Madrid
9425,116,2020-06-25 23:03:46,paid,apple_pay,Canada,Chicago
9426,1767,2023-06-08 14:54:47,pending,apple_pay,Netherlands,New York
9427,487,2020-10-12 04:28:04,paid,credit_card,Germany,Rome
9428,1645,2024-06-12 08:13:08,shipped,google_pay,Germany,Sydney
9429,1794,2024-12-17 09:42:13,paid,bank_transfer,Germany,Toronto
9430,172,2023-11-28 12:10:06,shipped,paypal,Australia,Paris
9431,716,2024-01-27 18:33:54,paid,apple_pay,Australia,Mumbai
9432,1193,2020-06-17 02:18:10,paid,credit_card,India,Los Angeles
9433,1667,2023-05-17 13:00:07,paid,bank_transfer,United Kingdom,London
9434,1810,2024-07-30 00:33:51,shipped,google_pay,Netherlands,Berlin
9435,134,2022-01-27 03:37:54,paid,credit_card,United Kingdom,Los Angeles
9436,1244,2024-10-30 22:57:04,paid,bank_transfer,Germany,Amsterdam
9437,1758,2023-08-11 11:07:45,pending,apple_pay,Germany,Bangalore
9438,607,2021-12-31 21:30:29,pending,apple_pay,Australia,London
9439,963,2022-02-14 04:21:19,refunded,apple_pay,Italy,Chicago
9440,469,2023-01-24 10:40:20,shipped,credit_card,United States,Bangalore
9441,1116,2024-09-07 01:05:54,shipped,apple_pay,Spain,Madrid
9442,1681,2022-04-08 18:13:01,paid,apple_pay,Germany,Melbourne
9443,492,2023-01-06 08:52:07,paid,google_pay,United Kingdom,Berlin
9444,174,2021-12-31 00:09:50,cancelled,bank_transfer,Netherlands,Berlin
9445,1384,2023-03-31 19:34:45,paid,bank_transfer,Australia,Berlin
9446,418,2020-09-16 19:58:04,refunded,bank_transfer,Germany,London
9447,1649,2022-07-29 07:24:07,shipped,bank_transfer,France,London
9448,1887,2023-05-18 18:37:05,paid,bank_transfer,France,Rome
9449,1784,2022-06-18 01:11:44,paid,credit_card,Germany,London
9450,1666,2023-01-10 22:54:50,shipped,paypal,United States,New York
9451,1396,2021-01-03 07:35:07,paid,google_pay,Australia,Toronto
9452,693,2023-04-12 17:46:38,pending,google_pay,Netherlands,Melbourne
9453,1597,2022-12-09 19:55:52,shipped,paypal,Australia,New York
9454,308,2023-10-12 00:16:05,shipped,credit_card,United States,Amsterdam
9455,165,2024-06-26 01:50:34,shipped,bank_transfer,Italy,Los Angeles
9456,1870,2022-01-10 18:33:07,cancelled,bank_transfer,France,Rome
9457,787,2021-05-03 16:26:48,paid,paypal,Netherlands,Vancouver
9458,519,2020-06-19 17:12:47,paid,google_pay,United Kingdom,London
9459,215,2021-09-17 09:15:31,paid,apple_pay,Germany,Mumbai
9460,1261,2021-03-06 19:34:38,cancelled,google_pay,Netherlands,Amsterdam
9461,1482,2022-11-11 12:40:35,shipped,google_pay,Italy,Berlin
9462,1233,2020-09-23 16:48:05,paid,paypal,France,Madrid
9463,415,2020-01-19 22:03:41,paid,apple_pay,India,Paris
9464,850,2024-04-26 09:14:24,cancelled,bank_transfer,India,Amsterdam
9465,225,2021-08-19 21:57:50,paid,google_pay,Italy,Melbourne
9466,1602,2022-02-06 14:24:41,shipped,apple_pay,United Kingdom,Amsterdam
9467,1958,2021-09-28 13:54:21,paid,google_pay,United Kingdom,Madrid
9468,1422,2021-10-28 18:59:50,paid,paypal,Germany,Amsterdam
9469,1497,2020-02-22 19:40:18,shipped,bank_transfer,France,Madrid
9470,1037,2020-06-06 09:59:17,shipped,credit_card,Australia,Sydney
9471,655,2021-11-05 06:45:42,paid,bank_transfer,Australia,Rome
9472,195,2023-02-19 20:56:22,paid,bank_transfer,Spain,Amsterdam
9473,1938,2020-04-18 23:09:05,refunded,bank_transfer,Spain,Madrid
9474,443,2021-06-10 19:34:17,shipped,paypal,United Kingdom,Chicago
9475,1099,2023-07-03 12:34:25,paid,google_pay,India,Sydney
9476,1347,2023-01-22 07:43:12,refunded,paypal,Australia,Madrid
9477,1481,2021-10-29 15:26:54,paid,google_pay,Australia,Sydney
9478,209,2023-06-22 11:01:25,cancelled,google_pay,Germany,Toronto
9479,1637,2020-01-24 16:26:22,paid,apple_pay,Spain,Bangalore
9480,325,2024-01-15 02:58:44,paid,apple_pay,United States,Paris
9481,80,2022-10-14 01:45:52,shipped,google_pay,Germany,Sydney
9482,1844,2022-10-05 14:28:39,paid,bank_transfer,Italy,Rome
9483,293,2022-03-31 15:27:59,shipped,paypal,Germany,Bangalore
9484,613,2021-04-23 18:03:23,shipped,credit_card,Canada,Sydney
9485,804,2020-04-15 19:40:52,shipped,paypal,United Kingdom,Los Angeles
9486,75,2021-02-21 07:25:07,cancelled,paypal,Germany,Madrid
9487,129,2022-01-11 11:57:24,paid,paypal,United States,Chicago
9488,1358,2024-04-09 00:06:51,paid,credit_card,France,Madrid
9489,71,2023-06-04 15:16:12,pending,google_pay,France,Rome
9490,875,2022-01-16 10:21:02,refunded,apple_pay,Italy,Madrid
9491,212,2024-01-07 01:11:13,paid,bank_transfer,Australia,Bangalore
9492,691,2022-04-04 21:02:00,shipped,bank_transfer,United Kingdom,Los Angeles
9493,1516,2020-01-14 11:24:45,paid,paypal,Germany,Paris
9494,1367,2023-11-22 01:01:58,paid,bank_transfer,Italy,Rome
9495,1136,2022-10-27 03:00:33,refunded,bank_transfer,United States,Amsterdam
9496,1242,2022-11-16 03:16:42,paid,paypal,France,Mumbai
9497,552,2022-02-01 22:43:24,shipped,paypal,France,Berlin
9498,1617,2020-10-21 17:36:10,paid,bank_transfer,France,London
9499,777,2020-02-01 19:03:57,paid,paypal,Germany,Toronto
9500,1876,2022-06-27 20:48:00,cancelled,apple_pay,Netherlands,Berlin
9501,288,2024-10-14 04:29:29,refunded,credit_card,Italy,Amsterdam
9502,1062,2023-04-26 07:24:21,paid,apple_pay,United States,Los Angeles
9503,579,2022-01-29 20:31:43,paid,credit_card,Spain,Paris
9504,854,2021-12-23 01:49:47,paid,apple_pay,Italy,New York
9505,1829,2021-07-20 11:41:10,shipped,apple_pay,Italy,Berlin
9506,920,2020-05-13 16:10:09,paid,credit_card,United States,Madrid
9507,535,2024-10-28 04:50:38,pending,apple_pay,France,Toronto
9508,453,2022-05-19 10:56:58,pending,paypal,Australia,Madrid
9509,1649,2020-12-12 18:23:27,refunded,paypal,India,Los Angeles
9510,1922,2024-07-09 05:02:57,refunded,google_pay,Canada,New York
9511,1235,2023-07-11 08:41:29,pending,apple_pay,United States,Chicago
9512,426,2020-10-17 14:47:52,shipped,apple_pay,France,Los Angeles
9513,1463,2022-02-23 20:02:25,shipped,paypal,Spain,Amsterdam
9514,1691,2020-12-03 07:33:01,cancelled,bank_transfer,Australia,London
9515,293,2024-03-26 09:30:32,paid,credit_card,Australia,Paris
9516,1744,2024-05-12 23:45:28,pending,apple_pay,United Kingdom,Toronto
9517,1003,2020-04-30 02:47:40,shipped,google_pay,United Kingdom,Los Angeles
9518,564,2021-09-17 04:45:53,paid,bank_transfer,France,Chicago
9519,382,2023-04-19 01:47:16,paid,paypal,Germany,Chicago
9520,1237,2024-03-06 06:48:25,refunded,apple_pay,United States,Bangalore
9521,928,2023-07-16 20:46:12,paid,credit_card,Australia,Los Angeles
9522,893,2023-01-16 03:12:26,paid,google_pay,United Kingdom,London
9523,1481,2024-09-22 11:01:36,paid,google_pay,Netherlands,Mumbai
9524,59,2023-11-23 14:00:24,paid,apple_pay,India,Madrid
9525,1496,2021-07-01 18:12:52,pending,apple_pay,Netherlands,Amsterdam
9526,1665,2023-11-07 08:42:33,paid,google_pay,India,Madrid
9527,1988,2021-10-25 15:00:27,shipped,apple_pay,France,Melbourne
9528,594,2021-10-26 14:08:16,paid,credit_card,Australia,Paris
9529,829,2020-09-11 23:04:38,shipped,paypal,India,Madrid
9530,228,2020-12-17 11:19:39,paid,google_pay,Italy,Chicago
9531,766,2022-01-13 20:56:29,cancelled,credit_card,India,New York
9532,1485,2023-11-14 13:52:28,paid,apple_pay,Germany,Los Angeles
9533,1164,2022-06-25 14:51:41,paid,google_pay,Italy,Rome
9534,1189,2023-11-03 10:07:53,shipped,apple_pay,Netherlands,Chicago
9535,495,2021-05-26 10:04:17,refunded,google_pay,Italy,Mumbai
9536,172,2020-01-25 21:34:58,shipped,credit_card,France,Madrid
9537,876,2020-02-29 07:34:31,paid,google_pay,Spain,Madrid
9538,70,2024-03-11 23:53:02,shipped,credit_card,United Kingdom,New York
9539,1963,2021-04-05 13:13:57,pending,apple_pay,United States,Sydney
9540,1486,2020-12-15 15:13:53,pending,google_pay,India,New York
9541,1346,2021-08-22 12:53:34,cancelled,bank_transfer,Spain,Toronto
9542,983,2024-11-28 09:22:00,shipped,google_pay,Australia,London
9543,243,2022-12-30 02:06:48,shipped,bank_transfer,Germany,Toronto
9544,133,2020-12-27 21:18:05,paid,bank_transfer,Australia,Berlin
9545,1071,2023-03-12 17:19:21,paid,credit_card,Australia,Rome
9546,1257,2021-11-07 09:55:01,pending,google_pay,Canada,Paris
9547,539,2020-04-02 03:26:01,paid,apple_pay,United Kingdom,Vancouver
9548,1202,2022-03-25 10:12:52,pending,paypal,Spain,Berlin
9549,1510,2021-03-18 12:56:01,refunded,paypal,Canada,Madrid
9550,1056,2022-12-14 15:47:18,refunded,apple_pay,Germany,New York
9551,1901,2022-10-26 14:59:03,cancelled,paypal,Germany,New York
9552,486,2023-07-19 03:36:13,refunded,apple_pay,India,Toronto
9553,795,2023-02-21 00:44:35,cancelled,credit_card,Canada,London
9554,1031,2020-02-28 00:39:45,paid,google_pay,United Kingdom,Melbourne
9555,1424,2023-10-28 15:47:58,shipped,google_pay,Germany,Amsterdam
9556,1380,2022-05-21 16:15:59,pending,google_pay,India,Toronto
9557,1715,2022-07-20 17:10:17,paid,apple_pay,Italy,Chicago
9558,1887,2024-06-07 20:08:28,paid,bank_transfer,Netherlands,Berlin
9559,749,2022-05-23 19:40:56,paid,apple_pay,United Kingdom,London
9560,1777,2020-04-25 05:52:01,paid,paypal,India,Paris
9561,340,2020-10-05 05:53:29,shipped,credit_card,United Kingdom,Toronto
9562,1228,2020-03-10 08:48:04,shipped,paypal,France,Paris
9563,584,2021-08-10 18:15:12,paid,credit_card,United States,Amsterdam
9564,1978,2022-05-16 18:57:16,paid,paypal,Australia,Vancouver
9565,1038,2023-05-04 09:56:42,pending,bank_transfer,Germany,Bangalore
9566,1235,2022-08-03 10:25:34,shipped,paypal,Netherlands,Mumbai
9567,1779,2021-08-03 04:10:09,paid,credit_card,Australia,Melbourne
9568,416,2021-06-09 20:43:27,paid,paypal,United States,Los Angeles
9569,536,2021-02-04 15:28:55,paid,bank_transfer,India,Vancouver
9570,875,2021-07-23 12:46:03,paid,apple_pay,Italy,Madrid
9571,822,2024-09-20 13:01:08,paid,bank_transfer,Canada,Melbourne
9572,489,2023-09-12 12:59:51,shipped,apple_pay,Germany,Vancouver
9573,293,2023-10-26 05:03:19,shipped,paypal,France,Bangalore
9574,881,2024-02-01 21:56:30,pending,google_pay,France,Paris
9575,1101,2021-06-27 21:12:52,paid,bank_transfer,Spain,Los Angeles
9576,1065,2023-11-25 19:21:56,shipped,bank_transfer,Netherlands,Sydney
9577,1927,2024-05-26 09:09:00,paid,paypal,India,Sydney
9578,265,2021-01-30 18:59:59,shipped,paypal,France,Toronto
9579,1132,2024-08-02 15:30:36,pending,apple_pay,Italy,London
9580,1694,2024-05-27 14:29:48,paid,apple_pay,India,Paris
9581,1733,2021-02-13 11:20:05,pending,apple_pay,India,Amsterdam
9582,203,2023-10-04 16:36:18,paid,paypal,Germany,Amsterdam
9583,949,2024-06-01 12:53:49,refunded,credit_card,Germany,Melbourne
9584,802,2024-03-09 09:41:01,paid,credit_card,Australia,Paris
9585,309,2023-11-27 22:04:09,pending,google_pay,Canada,Los Angeles
9586,1571,2023-03-31 01:55:57,paid,bank_transfer,United States,Paris
9587,1450,2023-02-26 09:20:03,paid,google_pay,Canada,Vancouver
9588,260,2022-09-26 21:43:11,shipped,credit_card,Spain,Los Angeles
9589,126,2021-07-22 17:14:35,pending,credit_card,India,Berlin
9590,1512,2020-05-24 22:31:49,shipped,credit_card,Germany,Madrid
9591,955,2024-01-26 10:26:31,refunded,credit_card,Canada,Berlin
9592,654,2024-12-08 00:11:30,shipped,google_pay,Italy,Sydney
9593,347,2021-04-03 19:34:29,shipped,bank_transfer,United Kingdom,Chicago
9594,69,2024-10-27 09:06:35,shipped,google_pay,Italy,Bangalore
9595,817,2020-04-08 22:10:36,paid,credit_card,Netherlands,Rome
9596,1112,2021-08-24 17:37:14,paid,credit_card,United States,Vancouver
9597,403,2024-05-24 05:36:36,shipped,google_pay,United Kingdom,Rome
9598,959,2021-02-12 08:27:22,pending,credit_card,Italy,Paris
9599,588,2023-04-26 03:30:27,paid,credit_card,United Kingdom,Rome
9600,459,2021-06-12 00:35:40,pending,bank_transfer,United States,Chicago
9601,593,2023-05-15 07:59:18,refunded,apple_pay,Canada,Chicago
9602,278,2022-05-27 10:14:08,shipped,paypal,United Kingdom,Paris
9603,345,2024-05-27 17:39:29,cancelled,google_pay,Italy,Mumbai
9604,1700,2022-12-08 07:51:07,paid,credit_card,Spain,Amsterdam
9605,1629,2022-08-29 12:15:18,paid,credit_card,United States,Los Angeles
9606,533,2023-03-12 21:52:40,shipped,google_pay,Germany,Vancouver
9607,902,2020-02-06 11:51:19,shipped,apple_pay,India,London
9608,560,2023-05-26 17:12:25,paid,google_pay,United Kingdom,Bangalore
9609,1777,2024-12-03 08:36:05,refunded,credit_card,India,Berlin
9610,271,2020-11-05 10:21:35,cancelled,paypal,Canada,Bangalore
9611,1609,2024-08-12 16:04:24,shipped,google_pay,United Kingdom,Madrid
9612,1077,2023-12-28 16:01:40,shipped,apple_pay,India,Melbourne
9613,1397,2023-06-26 07:30:52,pending,credit_card,Netherlands,Los Angeles
9614,857,2021-04-03 19:43:35,paid,google_pay,Australia,Vancouver
9615,53,2023-10-24 05:48:04,pending,credit_card,India,Vancouver
9616,1047,2023-07-25 16:59:58,paid,credit_card,United States,Rome
9617,1388,2020-10-14 00:33:23,paid,bank_transfer,United States,Madrid
9618,1624,2023-01-22 15:39:55,paid,apple_pay,India,Melbourne
9619,1250,2021-03-26 21:32:17,pending,paypal,France,Vancouver
9620,1658,2020-06-26 14:03:54,shipped,google_pay,United States,Paris
9621,46,2020-08-10 00:55:21,paid,bank_transfer,India,London
9622,1967,2023-09-17 02:54:27,paid,apple_pay,India,Berlin
9623,1094,2021-08-25 19:03:26,paid,paypal,Australia,Rome
9624,385,2023-02-14 16:27:50,pending,bank_transfer,Australia,Chicago
9625,1564,2021-05-13 17:50:25,pending,credit_card,Italy,Sydney
9626,1998,2022-10-06 19:19:58,cancelled,paypal,United States,Bangalore
9627,539,2024-11-06 11:44:49,shipped,bank_transfer,Italy,Los Angeles
9628,1238,2023-02-07 22:40:44,paid,google_pay,Spain,Berlin
9629,1332,2021-01-06 12:09:41,paid,google_pay,Australia,Melbourne
9630,950,2023-04-22 04:15:05,paid,google_pay,India,Sydney
9631,929,2021-04-07 02:22:35,refunded,credit_card,Italy,Amsterdam
9632,1404,2021-05-08 16:16:06,refunded,bank_transfer,Italy,Rome
9633,1778,2022-06-24 16:15:12,shipped,paypal,United Kingdom,Amsterdam
9634,451,2022-01-21 13:09:59,paid,paypal,France,Rome
9635,1131,2023-05-10 14:01:48,cancelled,apple_pay,Italy,Bangalore
9636,1258,2020-04-29 07:24:38,shipped,apple_pay,Spain,Amsterdam
9637,1328,2021-11-09 07:19:23,paid,google_pay,France,Berlin
9638,753,2023-01-08 17:01:48,pending,paypal,United States,Toronto
9639,601,2020-12-11 12:18:24,cancelled,bank_transfer,Netherlands,New York
9640,422,2023-09-05 01:32:56,shipped,credit_card,India,Madrid
9641,1576,2021-08-21 02:22:10,shipped,credit_card,United Kingdom,Rome
9642,496,2020-02-20 20:38:24,shipped,credit_card,Italy,Los Angeles
9643,706,2022-08-31 10:34:44,shipped,paypal,India,Los Angeles
9644,1139,2023-04-24 22:24:47,pending,apple_pay,Germany,Paris
9645,991,2021-06-26 17:41:09,paid,credit_card,India,Paris
9646,1184,2020-05-11 22:22:40,pending,credit_card,Germany,Mumbai
9647,140,2020-05-16 06:31:22,refunded,paypal,Spain,London
9648,1141,2023-11-13 04:33:28,shipped,credit_card,Netherlands,Mumbai
9649,1686,2024-08-27 11:47:24,paid,google_pay,Australia,New York
9650,596,2020-02-02 04:08:25,shipped,apple_pay,Spain,Madrid
9651,151,2022-01-28 06:27:59,shipped,bank_transfer,United States,Bangalore
9652,551,2024-12-04 20:52:46,shipped,paypal,United States,Toronto
9653,997,2024-09-25 03:10:32,shipped,google_pay,Italy,New York
9654,546,2021-04-30 04:00:37,paid,credit_card,France,Chicago
9655,1653,2023-03-17 04:29:37,pending,paypal,France,Amsterdam
9656,941,2021-03-20 01:51:52,cancelled,google_pay,Netherlands,Berlin
9657,535,2022-01-22 09:46:50,paid,google_pay,Germany,Berlin
9658,652,2024-02-09 20:53:36,paid,apple_pay,India,Rome
9659,368,2022-01-03 16:46:36,paid,paypal,Spain,Chicago
9660,1437,2022-02-26 20:51:59,shipped,paypal,United Kingdom,Mumbai
9661,1216,2023-07-20 00:52:14,refunded,google_pay,France,Berlin
9662,255,2021-11-15 15:26:54,cancelled,credit_card,United Kingdom,Bangalore
9663,1864,2021-12-12 17:33:23,shipped,paypal,Netherlands,Toronto
9664,576,2023-01-16 04:14:20,paid,google_pay,Canada,Paris
9665,14,2021-11-02 13:00:05,paid,bank_transfer,United States,Chicago
9666,281,2022-05-26 09:54:23,cancelled,google_pay,Italy,Rome
9667,1031,2021-11-02 07:17:21,paid,google_pay,Canada,Rome
9668,22,2024-09-05 03:41:03,paid,credit_card,Italy,Melbourne
9669,950,2021-11-04 03:50:07,refunded,apple_pay,United States,Amsterdam
9670,1313,2024-01-06 18:47:49,paid,apple_pay,Spain,Mumbai
9671,1990,2020-10-13 23:30:19,paid,bank_transfer,Italy,Madrid
9672,1475,2024-11-15 15:06:16,paid,google_pay,Germany,Amsterdam
9673,693,2023-12-24 14:47:14,paid,bank_transfer,United States,Berlin
9674,1192,2021-07-22 12:26:05,paid,apple_pay,France,Bangalore
9675,572,2021-12-24 14:32:41,refunded,bank_transfer,France,Berlin
9676,1269,2023-05-23 15:37:18,paid,apple_pay,Spain,Amsterdam
9677,1376,2022-02-28 13:46:28,refunded,credit_card,Netherlands,Bangalore
9678,1367,2023-02-19 19:36:38,pending,apple_pay,United Kingdom,Madrid
9679,1097,2022-06-24 08:12:51,pending,credit_card,Canada,Vancouver
9680,1878,2020-11-27 04:55:03,paid,paypal,Australia,Toronto
9681,305,2020-02-23 03:47:29,pending,google_pay,Australia,Mumbai
9682,745,2020-07-22 09:23:39,paid,apple_pay,Italy,Chicago
9683,1128,2023-06-13 23:06:52,pending,credit_card,France,Berlin
9684,1515,2022-06-09 18:57:20,refunded,google_pay,Australia,Bangalore
9685,1926,2021-09-07 06:26:16,shipped,bank_transfer,Germany,Berlin
9686,650,2022-09-08 21:23:51,shipped,credit_card,Spain,Vancouver
9687,1858,2024-03-06 18:47:29,paid,apple_pay,United Kingdom,Bangalore
9688,699,2022-10-17 09:39:54,shipped,bank_transfer,India,Sydney
9689,1616,2024-07-30 13:20:52,shipped,bank_transfer,Netherlands,London
9690,458,2022-12-16 18:06:08,shipped,paypal,Spain,Los Angeles
9691,1399,2024-01-28 06:01:40,pending,bank_transfer,India,Vancouver
9692,621,2022-08-21 07:27:30,pending,paypal,Canada,New York
9693,1801,2023-04-13 10:19:44,shipped,credit_card,United States,Vancouver
9694,1811,2024-05-13 13:01:27,paid,paypal,United Kingdom,Rome
9695,369,2022-08-13 00:29:03,shipped,google_pay,Spain,Vancouver
9696,1,2024-07-10 08:58:28,paid,apple_pay,Germany,Los Angeles
9697,687,2024-07-23 08:50:21,refunded,paypal,United States,Los Angeles
9698,1082,2024-08-31 08:15:27,shipped,apple_pay,Germany,London
9699,891,2024-02-03 15:45:15,paid,apple_pay,United States,Sydney
9700,576,2023-12-02 17:57:24,pending,google_pay,Germany,Chicago
9701,1316,2023-12-11 11:14:57,paid,apple_pay,Canada,New York
9702,638,2024-06-22 14:29:33,paid,google_pay,Canada,Mumbai
9703,689,2024-08-16 19:58:04,paid,paypal,Spain,Berlin
9704,431,2023-08-07 07:54:49,pending,bank_transfer,Netherlands,Paris
9705,1015,2021-10-09 20:03:48,refunded,credit_card,United States,Amsterdam
9706,870,2024-10-01 22:42:55,shipped,google_pay,India,Madrid
9707,264,2024-12-04 20:47:35,paid,paypal,Italy,Amsterdam
9708,1913,2021-03-14 15:37:54,paid,apple_pay,Germany,Chicago
9709,824,2023-12-07 10:04:16,cancelled,bank_transfer,United States,New York
9710,272,2022-04-20 22:02:27,paid,bank_transfer,Australia,Bangalore
9711,151,2022-10-27 19:03:29,paid,credit_card,United Kingdom,Berlin
9712,567,2023-03-01 19:00:32,paid,bank_transfer,Germany,Paris
9713,855,2024-07-08 21:46:01,shipped,apple_pay,Spain,Toronto
9714,270,2020-11-26 18:03:00,shipped,bank_transfer,United States,Sydney
9715,1448,2022-12-05 20:44:15,cancelled,apple_pay,India,Amsterdam
9716,527,2021-07-23 23:21:16,paid,bank_transfer,Italy,Vancouver
9717,1581,2024-09-30 07:04:26,refunded,google_pay,Spain,Paris
9718,1607,2023-07-17 09:32:23,shipped,credit_card,Canada,Sydney
9719,1113,2021-04-28 06:44:53,paid,credit_card,France,Toronto
9720,1799,2024-08-01 13:54:14,paid,credit_card,Netherlands,Mumbai
9721,1285,2021-08-27 02:38:55,cancelled,credit_card,France,Rome
9722,715,2020-01-26 18:29:34,shipped,google_pay,India,Sydney
9723,123,2020-02-09 05:04:49,shipped,paypal,United Kingdom,Berlin
9724,305,2021-09-27 03:55:55,paid,bank_transfer,India,Toronto
9725,942,2023-07-25 07:34:04,shipped,apple_pay,Germany,Los Angeles
9726,841,2020-11-21 10:18:01,shipped,google_pay,United Kingdom,Amsterdam
9727,1839,2022-01-21 19:01:24,paid,credit_card,Italy,Melbourne
9728,1322,2023-07-13 02:27:32,refunded,bank_transfer,India,Chicago
9729,908,2020-02-08 11:07:43,shipped,apple_pay,Italy,Rome
9730,531,2024-04-01 02:13:20,refunded,apple_pay,United Kingdom,Sydney
9731,1307,2022-09-28 02:08:24,cancelled,credit_card,United States,Madrid
9732,1826,2024-09-13 14:23:20,shipped,bank_transfer,Spain,Mumbai
9733,1522,2023-12-03 01:00:46,paid,bank_transfer,Italy,New York
9734,1831,2020-01-24 23:53:49,shipped,bank_transfer,France,Amsterdam
9735,696,2024-10-23 08:07:49,paid,paypal,Netherlands,Sydney
9736,1114,2024-02-03 17:53:40,pending,bank_transfer,Australia,Amsterdam
9737,450,2020-11-20 15:57:59,refunded,apple_pay,France,Melbourne
9738,1019,2021-03-23 11:53:25,shipped,credit_card,Spain,Los Angeles
9739,1109,2023-12-18 13:40:02,paid,google_pay,Italy,London
9740,1208,2022-02-09 16:11:36,shipped,paypal,Spain,Sydney
9741,1322,2024-05-20 13:15:15,shipped,paypal,Australia,Toronto
9742,89,2024-10-14 20:33:27,refunded,google_pay,France,Rome
9743,1098,2024-09-09 02:26:25,shipped,google_pay,United States,Los Angeles
9744,1440,2024-05-09 19:05:39,shipped,paypal,Canada,Chicago
9745,262,2021-07-19 15:40:28,shipped,apple_pay,Netherlands,Mumbai
9746,1157,2022-10-27 07:55:34,shipped,credit_card,Australia,Paris
9747,216,2021-09-17 14:06:45,paid,paypal,Australia,Toronto
9748,1891,2020-06-08 00:15:13,shipped,bank_transfer,Germany,New York
9749,541,2023-05-09 20:31:27,shipped,paypal,Italy,Toronto
9750,1483,2022-06-14 22:59:20,shipped,apple_pay,Spain,Bangalore
9751,1767,2023-09-28 07:28:03,paid,google_pay,Germany,Melbourne
9752,318,2022-04-10 13:16:22,refunded,bank_transfer,Australia,Paris
9753,117,2022-05-03 19:09:13,paid,credit_card,Germany,Amsterdam
9754,918,2024-12-12 14:51:04,shipped,paypal,Spain,Sydney
9755,1711,2024-09-22 05:12:06,pending,paypal,Germany,New York
9756,805,2024-11-21 11:59:40,shipped,paypal,Australia,Madrid
9757,1043,2021-08-03 20:54:49,paid,apple_pay,India,London
9758,1694,2024-03-07 22:35:05,shipped,google_pay,Spain,London
9759,1016,2023-06-14 13:51:20,paid,google_pay,United States,Berlin
9760,1159,2020-11-04 03:31:28,shipped,paypal,Italy,Melbourne
9761,218,2024-03-29 11:33:27,paid,apple_pay,Germany,Madrid
9762,309,2022-08-28 09:30:29,paid,google_pay,France,Rome
9763,804,2021-08-21 22:19:15,paid,bank_transfer,Canada,New York
9764,316,2024-07-01 21:34:45,pending,bank_transfer,United Kingdom,Melbourne
9765,620,2022-08-18 23:01:42,pending,paypal,France,Paris
9766,1122,2024-05-10 07:58:05,paid,google_pay,United States,London
9767,573,2022-02-27 16:27:14,pending,credit_card,United States,Bangalore
9768,1510,2021-01-13 10:30:04,refunded,bank_transfer,Australia,Berlin
9769,1407,2024-12-16 14:44:53,shipped,apple_pay,Italy,New York
9770,125,2024-11-25 00:47:55,paid,apple_pay,United States,Amsterdam
9771,1984,2024-01-08 20:32:55,paid,bank_transfer,France,Amsterdam
9772,1543,2024-01-07 13:02:27,paid,google_pay,Germany,Berlin
9773,1395,2021-04-11 06:10:12,paid,google_pay,Netherlands,Berlin
9774,709,2022-05-13 03:36:43,shipped,apple_pay,Spain,Toronto
9775,1605,2023-07-14 09:59:49,paid,paypal,France,New York
9776,1426,2022-03-22 12:02:20,shipped,paypal,United States,Madrid
9777,542,2020-06-14 07:40:53,refunded,apple_pay,Germany,Sydney
9778,151,2023-04-26 09:45:14,shipped,apple_pay,United States,Berlin
9779,1253,2023-07-05 02:41:56,paid,apple_pay,Australia,Vancouver
9780,762,2023-08-16 16:50:20,paid,apple_pay,Netherlands,Amsterdam
9781,55,2023-05-18 15:11:51,shipped,paypal,Italy,Chicago
9782,1743,2021-03-07 23:30:06,cancelled,paypal,Germany,New York
9783,438,2021-03-08 10:46:43,paid,apple_pay,France,Chicago
9784,969,2021-05-01 07:13:08,pending,google_pay,United Kingdom,Chicago
9785,284,2024-06-07 11:46:13,refunded,apple_pay,Germany,Paris
9786,1090,2022-10-06 16:16:25,shipped,apple_pay,Canada,Sydney
9787,1627,2024-10-28 18:43:33,cancelled,apple_pay,India,Rome
9788,812,2024-07-05 01:22:42,refunded,google_pay,Netherlands,Melbourne
9789,1454,2021-06-30 20:49:44,paid,apple_pay,Canada,Chicago
9790,1950,2020-04-07 15:01:06,cancelled,credit_card,Canada,Amsterdam
9791,1787,2022-02-16 08:44:49,pending,apple_pay,India,Madrid
9792,533,2020-10-19 13:13:35,shipped,bank_transfer,Germany,Mumbai
9793,466,2022-01-19 20:30:29,paid,bank_transfer,Germany,Amsterdam
9794,953,2020-09-01 15:51:11,shipped,google_pay,Australia,Melbourne
9795,408,2021-02-10 13:37:08,paid,bank_transfer,United States,Vancouver
9796,1964,2021-01-31 03:07:01,paid,credit_card,Canada,Sydney
9797,1462,2020-01-25 00:43:03,shipped,apple_pay,United Kingdom,Toronto
9798,1557,2023-03-12 16:07:51,paid,credit_card,Germany,Berlin
9799,1909,2024-02-29 07:20:41,shipped,apple_pay,United Kingdom,London
9800,907,2023-01-03 22:10:32,refunded,paypal,United States,Sydney
9801,577,2024-07-02 09:03:31,paid,apple_pay,Germany,Paris
9802,84,2021-11-15 06:23:00,paid,credit_card,Germany,London
9803,365,2020-02-28 07:13:42,paid,bank_transfer,Italy,London
9804,448,2023-09-25 07:34:24,refunded,credit_card,Australia,Toronto
9805,158,2021-01-21 12:21:07,shipped,google_pay,India,Rome
9806,550,2021-06-15 08:15:25,shipped,apple_pay,Netherlands,London
9807,254,2024-09-14 15:35:40,pending,paypal,France,Melbourne
9808,1323,2022-04-21 10:44:47,paid,credit_card,Italy,Toronto
9809,1062,2021-11-29 01:16:54,paid,google_pay,Netherlands,Los Angeles
9810,1965,2022-07-15 07:31:05,pending,bank_transfer,Canada,Berlin
9811,1857,2024-05-12 05:33:20,paid,credit_card,Spain,Toronto
9812,970,2023-12-05 20:25:02,pending,credit_card,France,New York
9813,1902,2021-05-01 18:32:24,shipped,credit_card,France,Vancouver
9814,1848,2023-11-03 20:18:44,paid,google_pay,Australia,Paris
9815,840,2021-01-06 10:36:37,cancelled,google_pay,United States,Amsterdam
9816,209,2021-05-12 07:31:45,shipped,bank_transfer,France,Chicago
9817,1885,2022-06-12 04:08:38,pending,google_pay,Canada,Amsterdam
9818,1499,2024-09-17 01:37:41,shipped,apple_pay,Netherlands,London
9819,1143,2022-01-11 02:20:24,paid,paypal,United Kingdom,Vancouver
9820,527,2021-10-12 15:28:23,shipped,google_pay,Italy,Amsterdam
9821,1516,2022-12-15 10:24:43,paid,apple_pay,Spain,London
9822,325,2023-11-17 22:11:37,paid,credit_card,India,Los Angeles
9823,1270,2024-01-04 13:38:38,shipped,credit_card,Italy,Paris
9824,1876,2024-10-08 22:11:37,cancelled,google_pay,Australia,Rome
9825,898,2022-11-01 08:25:11,shipped,paypal,India,Rome
9826,1549,2020-07-28 01:48:46,pending,paypal,Australia,New York
9827,1169,2023-12-27 11:16:09,shipped,google_pay,Italy,Los Angeles
9828,850,2023-09-09 10:34:08,cancelled,credit_card,India,Bangalore
9829,1441,2023-04-30 20:31:07,shipped,bank_transfer,India,Mumbai
9830,1,2020-04-17 05:49:54,pending,apple_pay,Italy,London
9831,1992,2024-01-31 06:04:10,shipped,paypal,France,Sydney
9832,1282,2024-12-15 22:55:08,cancelled,credit_card,Italy,Berlin
9833,1552,2020-10-31 00:34:50,pending,paypal,Italy,Toronto
9834,371,2021-03-15 10:33:47,shipped,paypal,Italy,Berlin
9835,1479,2021-02-19 23:25:00,shipped,google_pay,Italy,Bangalore
9836,1976,2022-12-06 05:24:05,paid,apple_pay,Canada,Chicago
9837,334,2020-07-17 00:48:08,paid,credit_card,Spain,New York
9838,772,2024-03-21 17:29:54,paid,credit_card,India,London
9839,1859,2021-10-09 17:11:52,shipped,google_pay,Italy,Bangalore
9840,785,2020-09-20 16:22:16,shipped,paypal,France,Los Angeles
9841,1170,2023-07-23 23:26:37,shipped,bank_transfer,Netherlands,Chicago
9842,882,2022-07-22 18:41:44,paid,apple_pay,India,Melbourne
9843,301,2023-10-12 11:45:03,shipped,credit_card,Netherlands,Toronto
9844,1691,2022-03-21 13:51:15,shipped,bank_transfer,Netherlands,Paris
9845,1473,2023-02-07 05:59:19,shipped,bank_transfer,Canada,Vancouver
9846,1627,2022-12-17 16:22:10,paid,credit_card,Italy,Amsterdam
9847,551,2021-10-10 12:21:04,shipped,paypal,Spain,Berlin
9848,826,2021-01-13 05:59:04,paid,credit_card,India,Melbourne
9849,1248,2022-08-30 12:17:49,paid,google_pay,Italy,Toronto
9850,1836,2021-08-04 08:56:48,cancelled,credit_card,United Kingdom,Paris
9851,1241,2023-11-17 10:28:56,shipped,bank_transfer,United States,Chicago
9852,1634,2023-08-23 14:56:53,paid,google_pay,Spain,Chicago
9853,105,2023-10-31 15:58:43,refunded,google_pay,Netherlands,Paris
9854,1700,2020-05-06 20:28:15,pending,bank_transfer,France,Melbourne
9855,1369,2023-11-28 11:09:41,shipped,apple_pay,United States,Toronto
9856,604,2023-10-16 02:31:23,pending,paypal,France,New York
9857,1240,2023-01-16 01:10:30,shipped,google_pay,United States,Melbourne
9858,633,2023-06-29 09:02:48,shipped,google_pay,Spain,Madrid
9859,1889,2024-12-10 20:53:03,paid,credit_card,United Kingdom,Los Angeles
9860,219,2023-11-08 07:19:44,cancelled,bank_transfer,Italy,Bangalore
9861,1034,2024-07-14 23:40:00,shipped,bank_transfer,Canada,Chicago
9862,1703,2022-08-14 05:14:31,cancelled,paypal,United Kingdom,Paris
9863,504,2021-04-17 05:22:13,shipped,apple_pay,Netherlands,Toronto
9864,696,2021-11-09 17:36:43,shipped,bank_transfer,United States,Paris
9865,813,2023-07-13 23:30:56,shipped,apple_pay,Italy,Melbourne
9866,1560,2023-04-01 19:57:14,shipped,bank_transfer,United States,Berlin
9867,1787,2021-08-16 18:48:48,shipped,bank_transfer,India,Madrid
9868,176,2020-12-21 08:34:39,shipped,credit_card,France,Berlin
9869,596,2022-09-12 20:07:10,cancelled,bank_transfer,Germany,Mumbai
9870,42,2023-04-19 01:01:09,pending,credit_card,India,Berlin
9871,1996,2021-06-19 04:11:36,shipped,apple_pay,Spain,Madrid
9872,1226,2020-03-03 18:14:09,cancelled,paypal,Canada,Sydney
9873,371,2024-08-30 18:05:16,pending,apple_pay,Australia,Toronto
9874,1594,2020-08-05 02:46:23,paid,credit_card,Germany,Toronto
9875,52,2020-01-27 08:54:10,refunded,credit_card,Netherlands,Sydney
9876,1438,2024-08-20 18:28:02,shipped,google_pay,India,Berlin
9877,145,2021-11-24 10:24:00,paid,google_pay,United Kingdom,Chicago
9878,414,2024-08-02 15:35:29,paid,bank_transfer,India,Berlin
9879,1643,2020-08-09 07:09:09,shipped,google_pay,Netherlands,Melbourne
9880,297,2021-04-05 15:17:27,paid,bank_transfer,Canada,London
9881,199,2020-01-03 04:31:26,refunded,credit_card,United Kingdom,Rome
9882,1920,2023-08-19 01:42:13,shipped,credit_card,Australia,Chicago
9883,753,2023-07-03 11:36:30,paid,apple_pay,United States,Rome
9884,410,2020-05-21 16:13:56,pending,credit_card,Australia,Paris
9885,254,2021-09-22 08:44:58,refunded,credit_card,Canada,Rome
9886,464,2021-03-26 00:58:44,pending,paypal,Italy,Melbourne
9887,1485,2023-06-07 20:49:12,refunded,paypal,Italy,Toronto
9888,705,2022-07-27 11:48:23,paid,paypal,Italy,Amsterdam
9889,594,2022-06-15 13:06:44,paid,credit_card,Canada,Madrid
9890,659,2021-05-12 09:20:11,pending,paypal,Canada,Bangalore
9891,174,2020-12-12 19:03:21,paid,credit_card,India,Melbourne
9892,1365,2022-03-08 01:20:26,shipped,bank_transfer,Italy,Paris
9893,1429,2021-05-21 09:16:47,shipped,google_pay,Netherlands,Toronto
9894,1181,2021-07-14 13:06:16,paid,google_pay,Australia,Bangalore
9895,256,2020-02-29 04:23:18,paid,credit_card,India,Paris
9896,182,2020-06-28 10:41:28,paid,apple_pay,France,Amsterdam
9897,2,2024-07-25 00:45:51,refunded,paypal,Germany,Toronto
9898,1069,2024-05-23 14:02:45,shipped,apple_pay,Australia,Toronto
9899,669,2022-04-15 09:38:55,shipped,paypal,United States,Chicago
9900,1922,2021-03-04 08:34:26,refunded,credit_card,India,Rome
9901,1071,2023-11-09 09:50:05,shipped,paypal,India,Amsterdam
9902,115,2024-12-13 10:37:10,cancelled,bank_transfer,Australia,Amsterdam
9903,884,2020-12-19 15:40:03,paid,credit_card,Spain,Vancouver
9904,1118,2022-07-31 00:07:46,paid,credit_card,India,Madrid
9905,1713,2021-10-07 21:32:53,pending,apple_pay,Germany,New York
9906,1055,2024-04-20 09:43:00,paid,google_pay,United States,Melbourne
9907,380,2022-12-08 10:53:32,paid,paypal,Italy,Paris
9908,584,2020-04-13 18:49:22,paid,credit_card,Australia,Bangalore
9909,1719,2020-08-21 11:44:56,shipped,google_pay,Canada,Madrid
9910,1475,2023-04-21 14:43:28,shipped,apple_pay,Spain,Toronto
9911,676,2020-12-12 16:54:23,paid,paypal,United States,New York
9912,172,2024-09-18 00:19:14,shipped,google_pay,Spain,Rome
9913,1875,2020-12-10 00:51:45,paid,google_pay,France,New York
9914,1293,2022-07-25 12:18:24,pending,credit_card,Germany,Sydney
9915,1257,2021-07-29 15:33:24,refunded,apple_pay,France,Chicago
9916,1857,2022-05-19 02:31:28,refunded,bank_transfer,United States,Berlin
9917,1409,2022-12-28 21:41:47,paid,bank_transfer,Italy,Sydney
9918,109,2024-08-15 14:14:50,shipped,paypal,United States,Toronto
9919,786,2021-07-17 23:45:47,shipped,credit_card,India,Mumbai
9920,1666,2024-02-17 08:46:23,pending,google_pay,Australia,New York
9921,1375,2022-11-16 12:10:30,paid,google_pay,Netherlands,Rome
9922,365,2024-12-01 17:43:13,cancelled,paypal,Australia,Madrid
9923,1710,2021-09-07 23:52:31,shipped,apple_pay,India,Berlin
9924,1909,2023-01-22 17:22:07,shipped,paypal,Australia,Melbourne
9925,1988,2023-08-03 12:45:12,pending,paypal,United States,New York
9926,1826,2021-11-05 03:16:33,pending,paypal,Netherlands,New York
9927,528,2022-01-10 06:38:39,shipped,apple_pay,Spain,London
9928,588,2021-02-20 20:20:10,shipped,apple_pay,France,Berlin
9929,1575,2021-08-21 14:03:06,pending,google_pay,Germany,Bangalore
9930,1670,2021-09-15 04:05:48,paid,bank_transfer,Netherlands,Paris
9931,407,2020-06-02 11:11:57,paid,credit_card,Italy,New York
9932,869,2022-11-18 14:55:57,paid,google_pay,Italy,Vancouver
9933,1426,2022-08-02 17:48:02,pending,bank_transfer,Germany,Vancouver
9934,1426,2023-01-28 11:14:10,paid,credit_card,Netherlands,London
9935,726,2021-10-05 05:31:43,pending,bank_transfer,Canada,Melbourne
9936,1998,2021-07-28 22:12:17,shipped,bank_transfer,Australia,Chicago
9937,342,2021-05-24 04:04:28,refunded,bank_transfer,India,Rome
9938,161,2020-10-02 02:31:38,paid,apple_pay,Spain,Vancouver
9939,1196,2022-08-06 13:00:40,shipped,google_pay,France,Melbourne
9940,1891,2021-06-17 20:10:12,paid,apple_pay,Canada,Madrid
9941,1563,2023-05-24 13:23:32,shipped,apple_pay,United States,Bangalore
9942,368,2023-06-11 19:51:45,paid,apple_pay,Canada,Los Angeles
9943,1943,2020-05-27 01:24:05,pending,google_pay,Spain,Mumbai
9944,1368,2021-01-25 10:40:58,shipped,credit_card,Netherlands,Melbourne
9945,787,2020-01-19 04:57:51,paid,google_pay,Australia,Sydney
9946,1740,2021-04-06 15:57:01,cancelled,credit_card,Italy,Toronto
9947,798,2023-08-09 11:09:49,cancelled,apple_pay,Netherlands,London
9948,1055,2022-04-12 07:41:20,paid,apple_pay,United States,London
9949,240,2021-05-09 18:03:01,cancelled,credit_card,Italy,Madrid
9950,80,2022-01-21 00:44:00,pending,apple_pay,Italy,Vancouver
9951,885,2023-08-22 12:54:55,paid,google_pay,Netherlands,Rome
9952,1382,2020-06-14 10:32:30,paid,credit_card,United Kingdom,London
9953,358,2021-02-05 06:41:27,paid,credit_card,Germany,Bangalore
9954,1810,2022-06-25 06:24:49,shipped,google_pay,Canada,Chicago
9955,1333,2022-06-18 05:43:26,paid,bank_transfer,Netherlands,Madrid
9956,1127,2024-03-02 22:46:06,paid,apple_pay,Germany,London
9957,1230,2022-10-27 21:31:57,shipped,paypal,Spain,London
9958,768,2020-12-23 02:22:38,paid,bank_transfer,Spain,Los Angeles
9959,1806,2021-01-05 18:15:36,cancelled,bank_transfer,Italy,Bangalore
9960,659,2021-12-12 04:51:00,paid,bank_transfer,Italy,Los Angeles
9961,1429,2024-08-02 19:19:43,paid,credit_card,United Kingdom,London
9962,1814,2022-08-17 02:51:40,paid,bank_transfer,Italy,Madrid
9963,1285,2020-05-29 13:34:42,pending,bank_transfer,Canada,Chicago
9964,553,2023-07-14 03:05:10,paid,bank_transfer,France,Paris
9965,138,2021-12-27 23:39:47,paid,google_pay,Germany,London
9966,484,2022-08-24 15:32:42,shipped,credit_card,Italy,Madrid
9967,456,2022-05-14 16:08:59,paid,paypal,Germany,Sydney
9968,1729,2023-04-14 13:31:58,paid,credit_card,India,Toronto
9969,141,2022-10-24 19:25:11,paid,google_pay,India,Bangalore
9970,123,2022-01-19 21:02:24,shipped,bank_transfer,Australia,Berlin
9971,421,2022-12-28 16:35:21,cancelled,credit_card,France,New York
9972,1039,2022-09-15 12:48:55,paid,apple_pay,Italy,Chicago
9973,1334,2022-02-18 06:17:43,paid,bank_transfer,Australia,Toronto
9974,988,2023-01-27 15:39:36,paid,credit_card,Canada,Amsterdam
9975,1419,2023-04-08 03:28:45,paid,credit_card,Australia,London
9976,30,2023-10-17 12:04:10,pending,credit_card,United States,Vancouver
9977,598,2023-12-05 12:17:06,shipped,google_pay,Netherlands,Amsterdam
9978,1292,2022-05-29 10:04:23,shipped,apple_pay,Canada,Los Angeles
9979,153,2021-05-17 11:22:38,paid,credit_card,United States,Vancouver
9980,367,2024-09-24 00:24:04,cancelled,google_pay,United States,Chicago
9981,962,2024-06-18 17:49:24,shipped,apple_pay,Canada,Vancouver
9982,1553,2021-11-09 12:30:59,shipped,bank_transfer,Netherlands,Toronto
9983,135,2021-05-29 12:36:58,shipped,credit_card,Netherlands,New York
9984,597,2022-03-25 08:27:17,shipped,google_pay,United States,London
9985,159,2024-09-11 00:54:34,shipped,bank_transfer,France,Rome
9986,549,2022-04-11 02:52:39,cancelled,bank_transfer,Netherlands,Los Angeles
9987,1182,2024-12-04 16:46:38,pending,credit_card,Netherlands,Bangalore
9988,1887,2022-03-10 21:43:35,cancelled,google_pay,France,Rome
9989,1151,2020-10-20 11:06:23,paid,google_pay,India,London
9990,1604,2021-05-31 00:52:31,cancelled,bank_transfer,Australia,Sydney
9991,1937,2022-06-24 06:53:31,shipped,bank_transfer,Netherlands,Bangalore
9992,1353,2022-03-26 04:19:31,cancelled,paypal,Spain,Berlin
9993,478,2021-11-27 02:24:10,paid,apple_pay,France,Vancouver
9994,476,2020-12-09 19:04:14,paid,credit_card,Australia,Toronto
9995,993,2023-08-07 20:12:23,pending,bank_transfer,Canada,Madrid
9996,1267,2023-02-12 14:24:03,cancelled,credit_card,Australia,Madrid
9997,312,2023-08-06 08:17:25,paid,paypal,Canada,Bangalore
9998,1040,2022-04-29 12:17:19,cancelled,apple_pay,Germany,Melbourne
9999,1076,2023-11-02 00:48:25,paid,credit_card,United Kingdom,Paris
10000,1356,2020-11-03 23:04:17,refunded,credit_card,United States,Madrid
