order_item_id,order_id,product_id,quantity,unit_price,discount
1,3957,236,3,383.46,15
2,9468,179,5,237.43,15
3,560,274,3,53.21,15
4,8507,9,5,150.86,0
5,8054,95,5,69.49,0
6,6235,74,5,224.24,0
7,7734,73,2,222.38,10
8,899,280,4,319.72,15
9,2659,272,1,120.04,0
10,8632,190,2,22.53,0
11,3936,248,1,149.84,0
12,9845,243,1,297.01,15
13,1384,22,5,193.70,15
14,2373,169,5,65.85,0
15,5938,84,5,124.05,15
16,8360,239,3,320.95,10
17,4498,45,5,382.91,15
18,1336,290,2,25.70,0
19,3186,7,4,263.49,0
20,3632,86,1,365.04,5
21,5546,70,1,315.23,15
22,5878,154,5,343.92,5
23,6176,45,2,382.91,10
24,8572,22,1,193.70,0
25,2730,87,4,84.63,0
26,7472,151,4,214.50,15
27,3666,195,4,282.87,15
28,9244,159,1,217.33,10
29,5943,171,2,132.85,15
30,8381,62,3,78.99,0
31,5107,87,1,84.63,5
32,8083,182,3,183.61,0
33,1893,42,4,309.17,10
34,6361,179,3,237.43,0
35,8904,125,3,327.79,0
36,1013,140,4,120.30,10
37,2688,62,4,78.99,15
38,8958,85,1,114.41,0
39,1794,281,5,263.43,15
40,4754,54,4,316.28,0
41,3973,181,5,259.05,0
42,2550,289,4,90.69,10
43,7145,18,4,318.44,10
44,9759,82,2,278.93,0
45,8410,71,2,167.32,5
46,6829,216,1,301.09,5
47,6558,12,3,161.29,0
48,8974,196,1,160.55,0
49,6822,243,1,297.01,0
50,1774,18,1,318.44,10
51,7653,14,3,106.54,15
52,1636,88,1,42.74,0
53,4230,207,3,326.57,5
54,2539,292,1,136.17,0
55,1945,244,3,146.67,15
56,5266,247,1,202.30,15
57,9144,27,4,65.87,0
58,7170,223,4,23.99,10
59,7614,32,1,318.14,0
60,7756,182,4,183.61,0
61,6327,204,2,197.94,0
62,6322,245,1,310.10,0
63,7201,31,5,136.27,0
64,8910,151,4,214.50,5
65,6621,126,2,68.11,0
66,2796,165,4,273.91,10
67,173,47,5,202.34,10
68,6872,98,1,115.13,0
69,7713,39,3,49.89,0
70,3684,260,5,294.26,15
71,4156,16,5,386.04,0
72,9352,189,5,299.32,0
73,9567,40,2,226.87,0
74,5076,117,3,350.39,10
75,1319,263,1,116.93,0
76,429,153,4,174.41,5
77,6199,227,4,303.25,0
78,6502,151,4,214.50,0
79,5511,225,2,338.57,0
80,7112,41,4,89.26,0
81,3707,69,4,156.10,5
82,2895,133,2,47.71,0
83,1269,192,4,90.00,0
84,5176,254,1,396.05,0
85,8053,114,3,156.49,0
86,3926,80,5,392.68,15
87,6552,25,2,157.60,10
88,999,249,4,124.21,10
89,3791,284,4,111.58,5
90,8289,219,5,30.27,5
91,46,30,1,190.99,0
92,5902,201,5,68.26,10
93,1915,223,4,23.99,10
94,2072,173,1,178.93,10
95,8114,280,2,319.72,0
96,7057,105,3,338.11,15
97,2667,235,5,43.63,5
98,9460,2,2,340.09,5
99,761,39,5,49.89,10
100,9556,193,4,85.60,10
101,1948,48,5,72.09,0
102,437,199,4,378.96,15
103,2286,223,2,23.99,0
104,2215,279,4,313.02,5
105,2615,80,4,392.68,5
106,6388,136,1,222.85,10
107,8541,292,4,136.17,0
108,6821,185,4,48.99,10
109,3958,51,1,340.30,0
110,9512,191,1,226.42,0
111,5240,73,3,222.38,5
112,7489,72,4,370.40,0
113,6479,180,4,323.47,5
114,8676,135,4,387.74,0
115,5026,43,3,232.40,0
116,635,270,1,246.69,15
117,4231,80,2,392.68,0
118,1042,282,1,381.21,0
119,4714,224,1,8.13,0
120,7319,35,5,335.83,15
121,1269,174,5,232.35,0
122,6828,146,1,44.01,5
123,4122,36,5,229.35,5
124,4742,5,1,235.25,10
125,3579,86,5,365.04,0
126,3252,145,4,94.23,0
127,1374,38,3,200.72,15
128,6088,196,5,160.55,5
129,1344,127,3,126.84,0
130,3426,220,5,131.34,15
131,2038,221,3,33.76,0
132,1678,223,2,23.99,0
133,6517,61,5,175.74,0
134,3376,179,5,237.43,15
135,8267,231,2,64.44,15
136,7480,83,3,80.10,15
137,152,147,3,344.67,15
138,5542,14,3,106.54,5
139,1368,226,1,348.65,10
140,6138,251,4,113.15,5
141,1429,222,5,345.59,15
142,7932,133,1,47.71,0
143,866,170,4,67.45,0
144,7753,192,1,90.00,5
145,7367,198,3,116.63,0
146,7154,67,3,134.74,0
147,8430,67,3,134.74,0
148,8856,151,3,214.50,0
149,3034,83,5,80.10,5
150,1552,18,2,318.44,5
151,9791,291,2,25.51,15
152,9332,199,5,378.96,0
153,722,134,1,378.20,0
154,6682,283,3,390.13,0
155,5183,163,3,20.58,10
156,7221,27,1,65.87,5
157,3641,107,1,65.37,10
158,6917,40,4,226.87,0
159,8842,279,4,313.02,15
160,2904,292,5,136.17,15
161,5200,109,2,97.22,5
162,6536,240,5,117.00,0
163,1073,114,2,156.49,0
164,254,101,5,167.15,5
165,7826,244,2,146.67,0
166,33,255,4,339.07,5
167,5679,84,4,124.05,15
168,6769,293,3,58.98,10
169,6178,231,4,64.44,5
170,155,107,3,65.37,15
171,2331,187,5,234.45,0
172,3499,94,3,66.86,0
173,4184,216,2,301.09,5
174,50,106,5,66.50,15
175,314,13,3,97.73,15
176,1489,215,4,252.10,0
177,9014,224,4,8.13,0
178,9848,236,5,383.46,10
179,2760,78,3,33.23,10
180,5593,252,3,24.03,0
181,8549,261,4,297.20,15
182,8127,86,1,365.04,0
183,5610,49,1,123.44,15
184,26,93,2,28.93,15
185,7517,90,1,206.30,0
186,391,93,4,28.93,10
187,7091,120,5,388.54,10
188,6513,180,1,323.47,0
189,1256,139,4,321.64,0
190,8575,206,5,31.78,0
191,3602,230,1,323.29,10
192,3412,75,3,347.15,0
193,5827,293,1,58.98,15
194,9284,147,1,344.67,10
195,6547,197,1,208.34,10
196,9623,265,2,366.02,0
197,8158,198,3,116.63,0
198,9644,22,1,193.70,5
199,1829,173,1,178.93,0
200,8085,85,2,114.41,15
201,6725,15,1,254.29,0
202,5666,2,3,340.09,15
203,764,77,3,338.07,15
204,4738,197,1,208.34,0
205,9768,258,3,171.69,5
206,5484,251,2,113.15,0
207,325,131,5,91.11,5
208,2970,272,4,120.04,10
209,2932,115,5,353.64,15
210,5232,89,4,285.99,0
211,7847,187,4,234.45,10
212,3096,176,2,367.34,5
213,8392,16,1,386.04,0
214,8045,149,5,70.07,10
215,3606,174,4,232.35,0
216,3056,69,1,156.10,0
217,3424,209,3,188.28,0
218,5765,121,2,251.05,0
219,1975,10,1,228.01,0
220,8694,287,2,257.71,5
221,1222,75,5,347.15,0
222,4578,296,2,93.52,10
223,2803,99,3,283.04,0
224,3396,285,5,258.56,0
225,2154,25,1,157.60,0
226,5013,34,4,297.79,15
227,6533,279,2,313.02,10
228,5965,209,4,188.28,5
229,8630,17,5,353.82,0
230,9730,189,2,299.32,0
231,664,127,4,126.84,15
232,7625,255,3,339.07,0
233,6265,296,3,93.52,5
234,4907,259,4,201.35,0
235,5008,265,4,366.02,10
236,106,159,3,217.33,10
237,9428,148,3,119.97,15
238,7323,64,3,245.58,15
239,3542,282,4,381.21,0
240,1422,124,3,320.32,5
241,68,246,2,62.04,0
242,2985,109,4,97.22,5
243,4499,209,4,188.28,5
244,8509,279,3,313.02,0
245,8784,81,1,191.34,0
246,7092,200,2,67.84,0
247,4380,34,2,297.79,5
248,5235,68,5,277.33,15
249,8131,47,3,202.34,5
250,6912,164,1,395.54,10
251,8623,145,5,94.23,5
252,8351,42,4,309.17,5
253,49,62,1,78.99,0
254,8782,50,3,311.33,10
255,4904,70,4,315.23,0
256,2447,79,4,19.52,15
257,7537,65,1,76.41,0
258,7351,298,5,253.90,15
259,5654,250,4,178.43,10
260,1657,110,5,326.74,0
261,8668,50,5,311.33,10
262,525,21,3,299.77,0
263,4867,30,5,190.99,5
264,8546,297,1,30.06,15
265,6952,154,1,343.92,10
266,7473,95,1,69.49,0
267,3027,123,2,106.64,15
268,6989,299,3,277.33,0
269,9873,295,2,307.36,0
270,8790,77,4,338.07,15
271,8683,105,2,338.11,0
272,4040,89,1,285.99,10
273,1665,130,4,200.63,10
274,3950,29,5,34.87,15
275,90,234,5,268.61,0
276,5804,15,5,254.29,0
277,2152,40,4,226.87,10
278,7505,110,5,326.74,0
279,8924,139,3,321.64,0
280,4448,65,2,76.41,0
281,2048,270,4,246.69,0
282,7333,142,2,249.44,0
283,8300,107,4,65.37,0
284,2192,75,4,347.15,15
285,7357,90,3,206.30,15
286,454,17,1,353.82,0
287,7886,233,4,245.00,15
288,3954,195,1,282.87,5
289,3525,111,5,225.30,0
290,7758,208,2,389.11,5
291,6036,96,2,264.06,5
292,2565,264,4,38.50,10
293,7824,125,5,327.79,0
294,3401,134,4,378.20,10
295,2361,283,1,390.13,0
296,7204,117,1,350.39,10
297,3420,70,4,315.23,0
298,300,34,1,297.79,0
299,6013,148,5,119.97,15
300,7801,53,2,200.65,0
301,4445,63,2,199.37,10
302,4584,134,1,378.20,10
303,4694,173,5,178.93,15
304,2484,62,5,78.99,5
305,4964,88,2,42.74,10
306,4602,255,1,339.07,15
307,8832,159,2,217.33,0
308,7233,139,5,321.64,10
309,7346,147,1,344.67,5
310,270,205,3,150.21,15
311,6475,190,3,22.53,0
312,1017,71,2,167.32,15
313,4571,127,3,126.84,15
314,9236,220,2,131.34,5
315,7885,108,3,261.20,10
316,5715,41,4,89.26,0
317,6500,65,1,76.41,0
318,9385,12,5,161.29,0
319,4382,192,4,90.00,0
320,7080,232,5,182.33,5
321,7603,83,5,80.10,0
322,7898,195,4,282.87,0
323,5318,2,2,340.09,15
324,4162,131,2,91.11,0
325,6749,21,1,299.77,0
326,8522,81,4,191.34,5
327,2373,6,5,190.26,5
328,8769,123,2,106.64,0
329,4907,68,4,277.33,15
330,457,171,2,132.85,0
331,1880,186,2,146.92,15
332,3393,211,2,323.51,0
333,3916,300,3,60.59,15
334,8509,281,1,263.43,5
335,9197,149,2,70.07,0
336,7728,127,4,126.84,0
337,6511,168,2,156.48,0
338,6346,18,4,318.44,0
339,2530,109,3,97.22,15
340,1061,87,4,84.63,5
341,2685,223,5,23.99,0
342,6743,232,2,182.33,0
343,1662,30,2,190.99,10
344,3544,61,4,175.74,10
345,5475,163,2,20.58,5
346,7724,286,3,362.28,10
347,2057,67,4,134.74,0
348,914,256,5,343.78,0
349,6520,38,4,200.72,10
350,180,234,3,268.61,0
351,4222,19,3,20.40,15
352,5973,215,4,252.10,15
353,6180,110,5,326.74,0
354,2241,51,3,340.30,0
355,359,240,3,117.00,15
356,7430,90,5,206.30,10
357,1560,205,5,150.21,10
358,6692,22,4,193.70,0
359,1462,249,1,124.21,0
360,9900,130,5,200.63,0
361,7348,233,1,245.00,0
362,8813,50,1,311.33,0
363,9901,140,2,120.30,15
364,3300,139,4,321.64,0
365,6740,216,5,301.09,10
366,3818,91,5,371.67,10
367,6489,239,5,320.95,10
368,1374,300,4,60.59,0
369,7202,60,3,275.96,0
370,2622,250,2,178.43,0
371,4628,64,5,245.58,10
372,7811,75,5,347.15,5
373,14,66,5,206.27,10
374,5561,251,4,113.15,0
375,9752,152,4,359.63,15
376,4612,250,4,178.43,0
377,5302,34,5,297.79,15
378,8452,198,5,116.63,10
379,5853,112,5,121.23,10
380,2787,150,1,181.60,5
381,8015,276,2,342.04,0
382,2408,39,2,49.89,0
383,2996,42,3,309.17,5
384,9585,197,2,208.34,0
385,9584,80,2,392.68,0
386,2728,52,5,51.91,0
387,2730,254,3,396.05,0
388,7803,29,5,34.87,5
389,5260,163,4,20.58,10
390,8712,5,1,235.25,0
391,5596,46,4,252.91,10
392,6894,48,2,72.09,10
393,5609,117,3,350.39,0
394,6092,40,1,226.87,0
395,4342,229,2,324.76,15
396,3086,287,4,257.71,0
397,7207,96,5,264.06,5
398,1582,64,1,245.58,0
399,9769,63,4,199.37,10
400,2781,192,1,90.00,10
401,7935,33,4,330.23,0
402,3410,127,5,126.84,0
403,5164,104,1,188.19,5
404,4172,18,5,318.44,0
405,4168,123,5,106.64,0
406,8742,147,2,344.67,15
407,6574,102,5,102.20,0
408,5491,87,4,84.63,5
409,6694,31,5,136.27,15
410,6670,235,3,43.63,5
411,9479,229,4,324.76,0
412,2110,214,5,163.02,15
413,7619,225,4,338.57,5
414,1586,152,4,359.63,10
415,7402,170,1,67.45,15
416,9996,161,3,291.83,10
417,5812,150,2,181.60,10
418,8585,102,4,102.20,10
419,3268,165,2,273.91,0
420,1017,253,5,286.72,0
421,587,170,1,67.45,0
422,916,270,1,246.69,5
423,9697,78,4,33.23,0
424,5982,36,2,229.35,0
425,8206,281,3,263.43,15
426,3839,84,2,124.05,0
427,4722,244,1,146.67,10
428,2150,63,1,199.37,0
429,112,162,3,270.73,15
430,4448,159,2,217.33,10
431,4724,30,1,190.99,5
432,7743,15,2,254.29,0
433,6769,130,3,200.63,0
434,7268,178,4,308.38,0
435,2950,190,4,22.53,5
436,2137,226,1,348.65,0
437,528,45,1,382.91,5
438,4640,20,2,344.16,10
439,6045,132,2,356.02,5
440,6084,77,5,338.07,0
441,4796,183,5,78.33,0
442,4035,225,4,338.57,0
443,7202,217,4,395.04,0
444,9483,165,1,273.91,0
445,6379,176,3,367.34,0
446,2946,43,1,232.40,10
447,4654,194,3,212.39,15
448,5877,262,4,265.12,10
449,9078,281,4,263.43,0
450,3924,274,1,53.21,15
451,5452,284,5,111.58,0
452,5643,54,4,316.28,15
453,3704,277,4,219.37,15
454,4035,149,3,70.07,0
455,3948,78,2,33.23,15
456,687,56,3,372.10,10
457,7575,17,1,353.82,5
458,2139,28,4,82.43,0
459,3946,92,5,50.16,15
460,3345,141,4,53.20,0
461,868,221,1,33.76,0
462,5254,76,3,297.26,15
463,6277,244,1,146.67,0
464,2334,275,3,59.35,0
465,5843,249,4,124.21,5
466,6695,63,5,199.37,0
467,7207,35,2,335.83,10
468,3272,161,5,291.83,10
469,5585,256,1,343.78,15
470,8662,191,3,226.42,0
471,7707,105,2,338.11,10
472,4437,294,1,200.35,0
473,1271,166,5,314.43,5
474,128,133,1,47.71,15
475,3609,160,1,132.63,0
476,6482,17,2,353.82,0
477,2000,235,3,43.63,5
478,6438,62,5,78.99,5
479,5374,279,1,313.02,0
480,4195,264,1,38.50,0
481,1288,223,2,23.99,0
482,6865,185,1,48.99,0
483,7916,107,2,65.37,0
484,7567,260,3,294.26,0
485,352,263,4,116.93,5
486,3806,33,3,330.23,0
487,7025,136,5,222.85,0
488,2572,163,4,20.58,0
489,8585,20,5,344.16,10
490,6458,70,2,315.23,10
491,6578,106,1,66.50,15
492,3111,94,2,66.86,0
493,9707,20,2,344.16,0
494,1206,299,5,277.33,5
495,3950,24,2,74.40,0
496,4543,109,2,97.22,10
497,3461,13,2,97.73,0
498,1315,286,2,362.28,5
499,8173,15,1,254.29,5
500,6423,243,4,297.01,0
501,473,233,3,245.00,0
502,720,292,1,136.17,15
503,2101,92,4,50.16,0
504,4024,124,3,320.32,10
505,6890,72,3,370.40,15
506,366,164,4,395.54,15
507,1185,211,4,323.51,0
508,2212,157,3,87.60,10
509,6933,104,4,188.19,0
510,3061,45,2,382.91,0
511,8362,81,4,191.34,5
512,5913,274,2,53.21,10
513,576,264,5,38.50,10
514,3840,293,2,58.98,10
515,7199,38,3,200.72,5
516,6408,63,1,199.37,15
517,3513,169,2,65.85,0
518,4373,228,2,335.11,0
519,5483,191,2,226.42,0
520,7992,267,4,208.17,0
521,5899,211,2,323.51,0
522,8890,153,2,174.41,0
523,4826,269,5,79.59,0
524,120,211,5,323.51,5
525,5046,6,5,190.26,0
526,4770,33,3,330.23,0
527,8980,125,4,327.79,10
528,3278,117,4,350.39,0
529,543,56,5,372.10,0
530,4505,265,5,366.02,0
531,2830,248,5,149.84,15
532,2962,76,4,297.26,5
533,1819,108,2,261.20,10
534,1274,252,1,24.03,15
535,5585,10,1,228.01,5
536,5478,94,2,66.86,5
537,6416,19,3,20.40,15
538,2496,180,4,323.47,0
539,9118,187,2,234.45,10
540,7967,250,3,178.43,0
541,3114,253,5,286.72,0
542,5192,85,4,114.41,15
543,1386,269,4,79.59,0
544,8449,90,1,206.30,0
545,1558,297,3,30.06,0
546,2740,218,3,385.74,5
547,5322,197,2,208.34,10
548,1318,274,5,53.21,0
549,6943,139,4,321.64,0
550,2402,79,1,19.52,10
551,6119,12,3,161.29,0
552,3142,69,4,156.10,5
553,600,278,3,334.45,10
554,5397,135,1,387.74,10
555,5649,37,4,258.60,0
556,1905,282,1,381.21,15
557,1197,245,1,310.10,5
558,1721,242,4,67.91,10
559,1506,245,4,310.10,10
560,573,168,4,156.48,0
561,4569,218,2,385.74,15
562,3664,98,4,115.13,0
563,3465,158,3,214.14,10
564,5882,48,2,72.09,10
565,5405,165,1,273.91,5
566,1984,233,1,245.00,15
567,915,170,4,67.45,10
568,3529,220,3,131.34,0
569,5254,37,1,258.60,15
570,5714,80,4,392.68,5
571,3900,293,4,58.98,0
572,6850,209,1,188.28,0
573,6231,82,3,278.93,0
574,636,28,4,82.43,0
575,5967,167,1,245.05,0
576,3332,111,4,225.30,5
577,2645,37,1,258.60,0
578,6063,67,5,134.74,0
579,6254,24,4,74.40,10
580,5738,55,2,396.81,0
581,7621,67,5,134.74,0
582,681,94,2,66.86,0
583,1198,183,5,78.33,0
584,1643,297,4,30.06,15
585,2811,290,2,25.70,0
586,7593,63,1,199.37,15
587,6566,38,3,200.72,10
588,1594,180,5,323.47,0
589,8404,120,5,388.54,0
590,383,35,4,335.83,0
591,2996,63,3,199.37,0
592,2408,30,5,190.99,0
593,9047,262,3,265.12,10
594,4116,22,5,193.70,0
595,508,165,5,273.91,10
596,8937,75,4,347.15,10
597,962,258,1,171.69,5
598,1667,40,4,226.87,15
599,5093,130,2,200.63,0
600,6782,189,3,299.32,15
601,1579,262,5,265.12,0
602,5205,294,1,200.35,0
603,4290,129,5,265.34,0
604,5746,152,4,359.63,10
605,3257,225,4,338.57,0
606,8200,88,4,42.74,0
607,4613,205,3,150.21,0
608,5070,151,5,214.50,10
609,7709,149,1,70.07,5
610,8276,26,2,122.89,0
611,8052,111,4,225.30,15
612,7619,50,2,311.33,5
613,8129,157,3,87.60,15
614,3981,16,4,386.04,10
615,7787,199,3,378.96,0
616,5344,122,2,222.97,0
617,9545,270,3,246.69,15
618,375,116,3,368.79,10
619,6514,65,3,76.41,10
620,9185,13,4,97.73,0
621,9862,182,5,183.61,15
622,2920,224,5,8.13,0
623,7982,77,1,338.07,0
624,654,26,3,122.89,15
625,6160,156,3,344.64,0
626,5262,199,5,378.96,5
627,358,146,5,44.01,15
628,9082,292,4,136.17,0
629,602,135,1,387.74,10
630,7091,8,4,357.93,0
631,7243,183,2,78.33,10
632,9369,228,5,335.11,0
633,7386,276,2,342.04,5
634,3186,91,3,371.67,0
635,2907,219,2,30.27,0
636,8267,243,2,297.01,15
637,2014,5,1,235.25,0
638,8826,245,5,310.10,10
639,8922,262,2,265.12,0
640,2542,104,4,188.19,0
641,7806,232,4,182.33,10
642,4926,211,3,323.51,0
643,3629,42,4,309.17,10
644,3131,10,2,228.01,0
645,2747,166,3,314.43,5
646,9893,15,1,254.29,15
647,7452,110,3,326.74,5
648,3706,96,2,264.06,10
649,7768,278,4,334.45,0
650,9118,93,4,28.93,10
651,1670,83,5,80.10,15
652,3566,112,3,121.23,0
653,4350,11,1,176.97,0
654,4461,258,5,171.69,15
655,3893,173,5,178.93,0
656,9226,271,5,327.62,0
657,8937,257,1,63.30,15
658,6332,106,1,66.50,15
659,4114,33,1,330.23,15
660,494,145,5,94.23,0
661,2683,15,3,254.29,0
662,4708,196,3,160.55,0
663,2839,8,5,357.93,5
664,2855,255,2,339.07,0
665,7884,206,4,31.78,0
666,5670,213,1,37.84,5
667,3238,106,5,66.50,10
668,8320,95,3,69.49,5
669,7839,91,5,371.67,15
670,3471,63,1,199.37,10
671,2007,53,1,200.65,0
672,2402,73,4,222.38,0
673,3218,261,3,297.20,15
674,1161,81,2,191.34,0
675,920,34,5,297.79,15
676,8118,130,5,200.63,10
677,4838,70,3,315.23,10
678,7084,40,4,226.87,0
679,3621,88,5,42.74,0
680,6108,273,3,341.96,0
681,9504,278,4,334.45,0
682,2356,101,1,167.15,15
683,7103,185,2,48.99,0
684,9990,67,5,134.74,0
685,5578,136,4,222.85,5
686,5602,273,3,341.96,0
687,9106,148,1,119.97,10
688,7196,163,1,20.58,0
689,8586,41,3,89.26,0
690,3165,155,5,190.98,15
691,4147,260,1,294.26,0
692,2311,167,5,245.05,5
693,8606,69,3,156.10,0
694,6599,285,2,258.56,15
695,5338,83,5,80.10,0
696,2559,234,3,268.61,15
697,9261,289,5,90.69,0
698,9055,24,1,74.40,0
699,8125,123,4,106.64,0
700,3296,10,2,228.01,0
701,1890,67,3,134.74,5
702,6753,234,1,268.61,0
703,2149,96,1,264.06,0
704,7337,50,3,311.33,0
705,3745,31,5,136.27,0
706,4215,269,3,79.59,10
707,9107,282,1,381.21,15
708,3977,22,1,193.70,0
709,9453,110,3,326.74,0
710,2939,271,4,327.62,5
711,9043,266,3,7.51,0
712,4209,96,4,264.06,0
713,1234,63,1,199.37,10
714,7192,143,3,374.36,0
715,6057,200,4,67.84,0
716,4160,267,1,208.17,5
717,8392,1,1,281.65,5
718,6761,232,2,182.33,15
719,9746,149,2,70.07,5
720,8697,223,5,23.99,0
721,2061,3,3,369.07,5
722,2025,93,3,28.93,0
723,5046,215,5,252.10,0
724,9965,88,3,42.74,0
725,1037,131,5,91.11,0
726,6344,87,2,84.63,0
727,6109,45,4,382.91,0
728,1539,78,1,33.23,0
729,9791,45,5,382.91,0
730,9665,7,4,263.49,15
731,9337,137,1,288.60,5
732,3658,111,1,225.30,5
733,8941,239,5,320.95,15
734,2445,28,4,82.43,0
735,6724,100,2,371.65,0
736,4296,3,5,369.07,15
737,9734,3,2,369.07,0
738,6268,40,5,226.87,10
739,4796,83,5,80.10,0
740,7819,300,3,60.59,0
741,522,114,4,156.49,0
742,268,72,1,370.40,15
743,157,139,5,321.64,10
744,2473,94,5,66.86,0
745,6485,54,4,316.28,0
746,8374,248,3,149.84,0
747,2952,247,2,202.30,5
748,9200,224,3,8.13,15
749,8691,163,2,20.58,0
750,6796,145,2,94.23,10
751,4000,267,4,208.17,15
752,4468,141,5,53.20,15
753,289,106,3,66.50,10
754,2713,48,3,72.09,0
755,9802,297,1,30.06,15
756,1478,169,3,65.85,0
757,8714,158,3,214.14,0
758,6193,132,3,356.02,5
759,5861,26,5,122.89,5
760,2637,164,2,395.54,0
761,5620,15,4,254.29,0
762,6958,63,4,199.37,10
763,3230,214,3,163.02,15
764,7597,63,3,199.37,10
765,2910,130,5,200.63,0
766,3587,223,2,23.99,0
767,2555,36,3,229.35,15
768,3382,160,5,132.63,5
769,4021,169,3,65.85,0
770,6325,148,3,119.97,10
771,6300,119,5,86.31,5
772,7227,91,1,371.67,0
773,5104,14,5,106.54,10
774,8972,148,3,119.97,0
775,1055,30,1,190.99,15
776,7084,108,1,261.20,15
777,2304,148,3,119.97,10
778,6363,193,2,85.60,15
779,1870,96,2,264.06,0
780,6550,224,4,8.13,15
781,9468,272,2,120.04,10
782,6229,105,3,338.11,0
783,2580,268,4,226.31,15
784,7750,91,4,371.67,10
785,8409,149,2,70.07,0
786,3975,129,1,265.34,5
787,3617,105,1,338.11,10
788,861,196,1,160.55,0
789,1845,126,4,68.11,10
790,4457,254,5,396.05,5
791,4148,98,4,115.13,10
792,8446,59,2,213.06,15
793,8847,202,3,268.66,10
794,9446,261,4,297.20,0
795,5238,14,3,106.54,0
796,7414,250,4,178.43,0
797,2614,212,1,324.30,5
798,2346,279,4,313.02,0
799,1694,175,1,372.30,10
800,1563,168,1,156.48,10
801,6177,163,5,20.58,0
802,7185,150,3,181.60,0
803,5713,258,1,171.69,0
804,5494,129,5,265.34,0
805,2045,161,5,291.83,0
806,6058,126,5,68.11,0
807,5444,235,2,43.63,10
808,951,127,4,126.84,0
809,3019,41,1,89.26,0
810,3400,222,3,345.59,0
811,175,288,5,66.37,0
812,4648,251,2,113.15,5
813,8042,68,2,277.33,5
814,99,2,2,340.09,5
815,9394,236,2,383.46,0
816,5120,171,3,132.85,5
817,7809,260,4,294.26,0
818,5830,171,2,132.85,0
819,3952,59,3,213.06,5
820,6854,33,4,330.23,10
821,4985,151,3,214.50,0
822,3129,155,4,190.98,0
823,5337,209,5,188.28,5
824,1146,97,2,234.59,15
825,3619,62,1,78.99,0
826,7816,238,1,200.57,0
827,7196,242,3,67.91,5
828,6216,153,2,174.41,0
829,5256,279,3,313.02,10
830,8668,133,5,47.71,5
831,3312,228,5,335.11,0
832,573,98,4,115.13,5
833,6712,119,2,86.31,10
834,369,34,2,297.79,0
835,1923,46,4,252.91,5
836,2410,9,5,150.86,0
837,3152,94,4,66.86,15
838,429,191,4,226.42,10
839,1965,187,3,234.45,5
840,9334,245,3,310.10,15
841,5432,63,3,199.37,0
842,2263,62,5,78.99,15
843,9719,126,5,68.11,5
844,697,182,1,183.61,5
845,4871,262,4,265.12,0
846,4665,136,3,222.85,10
847,6925,188,5,61.43,0
848,1781,19,3,20.40,5
849,5272,267,3,208.17,5
850,1354,46,5,252.91,0
851,8876,132,3,356.02,5
852,8931,207,4,326.57,5
853,6962,271,5,327.62,15
854,7486,42,5,309.17,15
855,4443,21,3,299.77,0
856,307,134,3,378.20,0
857,254,24,4,74.40,10
858,5327,84,5,124.05,0
859,9410,167,2,245.05,0
860,9489,118,1,351.34,5
861,6708,62,4,78.99,10
862,919,107,2,65.37,15
863,4152,157,2,87.60,10
864,1527,143,3,374.36,5
865,3051,71,3,167.32,15
866,6677,277,1,219.37,10
867,9389,283,2,390.13,0
868,8104,258,2,171.69,15
869,1138,68,3,277.33,5
870,4792,211,4,323.51,5
871,6726,109,5,97.22,0
872,8466,35,3,335.83,0
873,2491,279,5,313.02,10
874,9249,34,2,297.79,15
875,4583,15,3,254.29,0
876,7604,75,5,347.15,5
877,8839,47,2,202.34,10
878,7153,230,2,323.29,5
879,7375,98,2,115.13,10
880,2962,263,2,116.93,10
881,5748,29,1,34.87,10
882,3133,105,2,338.11,15
883,9063,159,5,217.33,10
884,226,224,2,8.13,5
885,7398,77,3,338.07,15
886,1031,133,2,47.71,0
887,4938,218,5,385.74,0
888,6923,248,4,149.84,15
889,9751,68,1,277.33,5
890,193,260,4,294.26,0
891,9382,85,4,114.41,5
892,7866,159,4,217.33,0
893,7269,69,4,156.10,10
894,5154,153,4,174.41,0
895,9904,1,3,281.65,0
896,4989,255,2,339.07,10
897,1892,35,1,335.83,0
898,541,226,3,348.65,0
899,3365,188,4,61.43,0
900,5076,111,4,225.30,10
901,4546,46,2,252.91,0
902,8591,295,5,307.36,0
903,8617,287,5,257.71,15
904,1783,278,3,334.45,0
905,7269,214,1,163.02,5
906,2054,292,3,136.17,5
907,7703,89,5,285.99,0
908,5546,112,5,121.23,5
909,2717,95,2,69.49,10
910,6712,292,1,136.17,15
911,7462,250,2,178.43,5
912,1415,134,2,378.20,5
913,6450,106,1,66.50,0
914,2988,207,4,326.57,15
915,8248,48,5,72.09,0
916,3210,210,3,211.85,0
917,5826,162,5,270.73,10
918,3135,229,2,324.76,15
919,5540,101,5,167.15,0
920,2601,241,1,101.41,0
921,5411,295,4,307.36,10
922,6888,10,2,228.01,15
923,2194,1,3,281.65,0
924,6147,25,1,157.60,0
925,5914,73,3,222.38,5
926,6640,157,3,87.60,5
927,606,154,5,343.92,0
928,4758,18,1,318.44,5
929,903,190,4,22.53,15
930,2807,205,5,150.21,15
931,6335,144,2,321.56,0
932,8790,175,2,372.30,0
933,6129,287,4,257.71,10
934,8567,264,2,38.50,0
935,9321,78,5,33.23,0
936,3901,283,5,390.13,0
937,7558,12,2,161.29,5
938,2380,222,2,345.59,5
939,104,83,2,80.10,0
940,98,85,5,114.41,10
941,4595,26,4,122.89,15
942,446,159,1,217.33,0
943,5444,265,1,366.02,0
944,1581,274,3,53.21,0
945,7652,128,3,220.39,0
946,5735,244,4,146.67,15
947,421,121,1,251.05,5
948,7889,227,1,303.25,5
949,4473,110,2,326.74,0
950,3039,272,2,120.04,0
951,6726,268,4,226.31,0
952,3444,15,5,254.29,10
953,1679,165,2,273.91,0
954,6555,113,1,75.33,5
955,9271,138,4,331.78,5
956,6128,73,3,222.38,0
957,2460,279,2,313.02,0
958,2426,151,4,214.50,5
959,883,106,5,66.50,0
960,5547,36,4,229.35,15
961,9831,291,2,25.51,0
962,7610,104,4,188.19,0
963,1023,117,3,350.39,10
964,103,101,3,167.15,0
965,4947,4,2,296.68,0
966,4342,201,5,68.26,0
967,7217,218,3,385.74,0
968,119,40,5,226.87,0
969,2876,138,4,331.78,0
970,5467,179,4,237.43,0
971,4978,147,4,344.67,10
972,1928,74,2,224.24,10
973,6823,281,1,263.43,0
974,116,285,1,258.56,10
975,2021,15,5,254.29,0
976,4841,84,5,124.05,15
977,8480,46,4,252.91,0
978,2491,39,3,49.89,15
979,967,66,3,206.27,0
980,4619,247,1,202.30,0
981,8468,169,5,65.85,0
982,6030,273,4,341.96,0
983,5432,7,1,263.49,0
984,1736,78,5,33.23,5
985,1878,27,5,65.87,15
986,7224,259,3,201.35,10
987,1576,16,4,386.04,0
988,9013,177,2,218.39,0
989,7626,174,1,232.35,5
990,2525,118,4,351.34,10
991,4837,39,4,49.89,15
992,8019,67,2,134.74,15
993,5117,258,2,171.69,10
994,853,6,4,190.26,0
995,3930,159,1,217.33,15
996,2976,1,4,281.65,15
997,1255,173,5,178.93,0
998,7606,98,5,115.13,0
999,9351,251,5,113.15,0
1000,2016,40,1,226.87,0
1001,3987,209,2,188.28,15
1002,1743,113,3,75.33,0
1003,2984,238,1,200.57,5
1004,1840,118,5,351.34,10
1005,8987,95,1,69.49,5
1006,3223,255,1,339.07,10
1007,6912,13,4,97.73,0
1008,4781,292,4,136.17,0
1009,303,19,4,20.40,0
1010,813,115,3,353.64,10
1011,3669,259,4,201.35,5
1012,8738,123,5,106.64,0
1013,1111,147,5,344.67,5
1014,6340,63,3,199.37,0
1015,7335,26,1,122.89,10
1016,3849,16,5,386.04,10
1017,3217,88,1,42.74,15
1018,3946,29,1,34.87,10
1019,2461,41,1,89.26,10
1020,4758,281,4,263.43,10
1021,3653,222,1,345.59,10
1022,8099,66,3,206.27,5
1023,2427,272,5,120.04,10
1024,7286,213,4,37.84,0
1025,9854,38,4,200.72,0
1026,5290,291,2,25.51,15
1027,8108,282,1,381.21,15
1028,8816,83,2,80.10,0
1029,2511,120,4,388.54,15
1030,8144,223,1,23.99,0
1031,9381,148,3,119.97,5
1032,2632,233,4,245.00,0
1033,5566,198,3,116.63,0
1034,73,79,4,19.52,0
1035,3952,79,5,19.52,0
1036,7655,123,3,106.64,10
1037,9631,171,3,132.85,5
1038,9379,48,1,72.09,10
1039,3384,74,4,224.24,15
1040,2926,295,3,307.36,10
1041,2111,11,1,176.97,0
1042,2522,32,3,318.14,5
1043,3081,52,3,51.91,15
1044,7829,132,5,356.02,10
1045,2155,280,5,319.72,15
1046,3804,114,2,156.49,0
1047,3304,105,4,338.11,0
1048,1310,44,3,57.92,5
1049,2898,206,4,31.78,0
1050,9493,143,5,374.36,0
1051,8220,158,5,214.14,15
1052,786,51,4,340.30,15
1053,4882,72,3,370.40,0
1054,7665,257,4,63.30,0
1055,5029,198,4,116.63,0
1056,3004,38,1,200.72,10
1057,2520,91,5,371.67,0
1058,9075,95,4,69.49,0
1059,8748,106,3,66.50,10
1060,6477,253,5,286.72,5
1061,2083,220,4,131.34,5
1062,93,122,1,222.97,10
1063,4342,103,1,252.38,5
1064,1135,10,1,228.01,5
1065,652,213,4,37.84,10
1066,8209,262,1,265.12,5
1067,5684,111,3,225.30,5
1068,9210,183,4,78.33,15
1069,4706,19,5,20.40,15
1070,1523,148,2,119.97,15
1071,6548,297,5,30.06,10
1072,1406,192,3,90.00,10
1073,7641,172,1,43.91,0
1074,6602,270,3,246.69,0
1075,4688,114,4,156.49,0
1076,6511,250,4,178.43,15
1077,38,275,3,59.35,10
1078,8644,159,1,217.33,15
1079,1210,93,4,28.93,0
1080,8243,235,3,43.63,15
1081,4945,161,2,291.83,0
1082,6901,292,2,136.17,0
1083,4436,152,5,359.63,0
1084,701,107,2,65.37,5
1085,23,154,3,343.92,10
1086,574,198,5,116.63,0
1087,53,242,2,67.91,10
1088,8812,177,4,218.39,0
1089,3534,2,1,340.09,0
1090,1974,24,3,74.40,0
1091,564,275,1,59.35,0
1092,401,121,5,251.05,0
1093,5965,295,5,307.36,0
1094,7463,256,4,343.78,0
1095,6156,156,1,344.64,15
1096,3393,140,3,120.30,10
1097,2677,59,5,213.06,0
1098,568,146,1,44.01,0
1099,2327,13,2,97.73,10
1100,6594,126,3,68.11,5
1101,5264,263,5,116.93,0
1102,6836,98,4,115.13,0
1103,2784,215,5,252.10,10
1104,1000,260,4,294.26,15
1105,3006,153,4,174.41,10
1106,1466,78,3,33.23,15
1107,8161,209,5,188.28,0
1108,7896,61,1,175.74,10
1109,1326,84,3,124.05,5
1110,4870,177,2,218.39,15
1111,5024,79,5,19.52,5
1112,3185,149,4,70.07,0
1113,3880,80,5,392.68,10
1114,165,144,4,321.56,0
1115,965,169,3,65.85,10
1116,9328,42,5,309.17,0
1117,5864,68,1,277.33,0
1118,932,289,4,90.69,0
1119,1956,298,5,253.90,0
1120,2073,201,3,68.26,0
1121,1478,156,2,344.64,0
1122,5202,164,5,395.54,10
1123,5459,45,4,382.91,10
1124,4808,54,3,316.28,0
1125,2310,253,5,286.72,0
1126,6057,178,3,308.38,0
1127,6903,229,4,324.76,15
1128,3628,10,3,228.01,5
1129,2751,173,3,178.93,0
1130,4575,141,4,53.20,0
1131,4059,158,4,214.14,0
1132,3400,20,5,344.16,10
1133,1154,257,5,63.30,5
1134,4997,136,2,222.85,0
1135,1433,4,3,296.68,5
1136,9509,33,4,330.23,5
1137,4088,150,5,181.60,5
1138,6554,262,2,265.12,0
1139,3871,172,3,43.91,0
1140,7112,151,2,214.50,0
1141,7267,243,2,297.01,0
1142,5646,151,1,214.50,10
1143,9376,209,5,188.28,0
1144,5796,155,2,190.98,5
1145,8286,207,5,326.57,5
1146,4006,60,5,275.96,15
1147,2909,234,1,268.61,10
1148,3707,229,4,324.76,10
1149,2592,7,4,263.49,0
1150,3089,119,5,86.31,0
1151,399,247,5,202.30,0
1152,6265,24,4,74.40,0
1153,3987,84,5,124.05,0
1154,6835,178,1,308.38,10
1155,2305,111,3,225.30,10
1156,9916,10,4,228.01,5
1157,2635,83,1,80.10,0
1158,4960,182,4,183.61,0
1159,119,6,3,190.26,0
1160,2442,119,1,86.31,0
1161,2325,11,4,176.97,0
1162,769,247,3,202.30,10
1163,8728,283,1,390.13,5
1164,9004,257,4,63.30,15
1165,1138,147,4,344.67,0
1166,8418,280,1,319.72,15
1167,4380,77,5,338.07,0
1168,9297,107,5,65.37,15
1169,3671,174,2,232.35,10
1170,7804,20,5,344.16,0
1171,8392,266,3,7.51,0
1172,9288,22,1,193.70,0
1173,8096,261,2,297.20,10
1174,3938,16,3,386.04,5
1175,182,57,3,140.14,0
1176,5223,245,5,310.10,0
1177,694,96,2,264.06,5
1178,3190,242,4,67.91,0
1179,3059,67,3,134.74,0
1180,1060,291,5,25.51,5
1181,6690,193,5,85.60,0
1182,1369,4,5,296.68,5
1183,3111,168,3,156.48,15
1184,3301,109,4,97.22,5
1185,4836,59,3,213.06,5
1186,769,138,2,331.78,0
1187,6906,29,3,34.87,0
1188,3294,65,4,76.41,10
1189,3396,70,2,315.23,0
1190,4701,207,4,326.57,0
1191,9443,298,3,253.90,15
1192,6358,32,5,318.14,15
1193,6035,75,1,347.15,10
1194,5074,95,1,69.49,10
1195,438,135,5,387.74,5
1196,9501,7,5,263.49,0
1197,8835,215,2,252.10,0
1198,7341,258,5,171.69,10
1199,2189,39,3,49.89,0
1200,3445,293,1,58.98,0
1201,898,199,1,378.96,0
1202,9661,226,3,348.65,10
1203,2915,92,5,50.16,0
1204,5011,292,3,136.17,0
1205,5613,240,2,117.00,5
1206,4414,153,1,174.41,10
1207,4125,245,4,310.10,0
1208,8925,167,5,245.05,0
1209,5514,160,2,132.63,0
1210,2620,23,1,393.39,0
1211,3941,69,1,156.10,10
1212,6503,184,5,200.81,15
1213,499,250,4,178.43,0
1214,7708,218,2,385.74,0
1215,9326,276,2,342.04,15
1216,5803,61,2,175.74,0
1217,4512,1,1,281.65,15
1218,3568,131,2,91.11,10
1219,8241,32,5,318.14,5
1220,7395,172,4,43.91,5
1221,9501,124,1,320.32,15
1222,2011,178,4,308.38,0
1223,7754,262,1,265.12,0
1224,8756,159,1,217.33,10
1225,354,187,3,234.45,0
1226,5,116,2,368.79,0
1227,168,283,2,390.13,0
1228,6458,234,3,268.61,5
1229,6818,93,1,28.93,0
1230,4840,184,5,200.81,0
1231,9970,208,3,389.11,0
1232,6066,42,4,309.17,0
1233,7750,16,2,386.04,15
1234,6276,164,2,395.54,10
1235,8698,108,4,261.20,0
1236,8581,141,5,53.20,0
1237,7871,97,1,234.59,10
1238,7489,199,2,378.96,0
1239,1135,43,5,232.40,0
1240,8137,91,5,371.67,0
1241,3982,9,3,150.86,10
1242,1486,162,3,270.73,10
1243,7880,24,3,74.40,0
1244,3215,55,4,396.81,0
1245,3612,254,5,396.05,0
1246,1819,129,5,265.34,15
1247,6387,53,2,200.65,15
1248,9946,190,2,22.53,10
1249,307,127,3,126.84,5
1250,8186,41,5,89.26,15
1251,4097,299,5,277.33,0
1252,3748,50,1,311.33,0
1253,3588,64,2,245.58,15
1254,6959,205,2,150.21,0
1255,6952,212,3,324.30,5
1256,2854,4,2,296.68,10
1257,7524,10,5,228.01,0
1258,3420,295,5,307.36,0
1259,4196,143,1,374.36,5
1260,9325,82,4,278.93,15
1261,6616,179,5,237.43,0
1262,4089,204,3,197.94,10
1263,2346,176,4,367.34,15
1264,4218,279,5,313.02,0
1265,8950,227,1,303.25,0
1266,9794,48,1,72.09,5
1267,3463,31,1,136.27,5
1268,4488,37,4,258.60,10
1269,2154,274,2,53.21,0
1270,7198,47,3,202.34,5
1271,5448,157,3,87.60,10
1272,8143,56,2,372.10,15
1273,1619,86,2,365.04,0
1274,8232,199,5,378.96,0
1275,6683,61,5,175.74,15
1276,1881,98,3,115.13,5
1277,1958,42,1,309.17,0
1278,3033,235,1,43.63,0
1279,1448,45,4,382.91,5
1280,681,117,1,350.39,0
1281,3239,220,2,131.34,0
1282,4368,110,5,326.74,0
1283,8534,195,4,282.87,0
1284,1321,48,5,72.09,0
1285,3705,165,2,273.91,0
1286,1238,172,4,43.91,0
1287,5070,70,2,315.23,15
1288,4574,1,5,281.65,0
1289,1938,178,2,308.38,0
1290,7854,50,1,311.33,0
1291,3103,272,4,120.04,0
1292,5500,271,2,327.62,0
1293,6208,126,2,68.11,0
1294,4590,151,1,214.50,5
1295,2081,183,4,78.33,0
1296,4676,65,1,76.41,10
1297,9316,230,4,323.29,0
1298,5154,204,1,197.94,0
1299,8230,300,3,60.59,10
1300,4299,228,1,335.11,5
1301,3595,245,2,310.10,5
1302,8242,275,3,59.35,5
1303,1711,109,4,97.22,10
1304,7058,7,4,263.49,0
1305,384,31,4,136.27,5
1306,922,105,3,338.11,0
1307,8442,36,1,229.35,5
1308,468,13,5,97.73,0
1309,7219,212,4,324.30,15
1310,669,36,4,229.35,5
1311,7463,6,3,190.26,0
1312,8574,156,5,344.64,15
1313,6634,44,1,57.92,0
1314,165,75,2,347.15,0
1315,189,290,2,25.70,0
1316,6669,103,4,252.38,0
1317,1676,210,4,211.85,0
1318,6739,167,1,245.05,0
1319,4379,92,1,50.16,0
1320,8353,147,2,344.67,5
1321,7769,208,5,389.11,0
1322,2786,114,4,156.49,10
1323,1080,202,3,268.66,0
1324,9549,200,5,67.84,0
1325,403,153,3,174.41,10
1326,7705,241,2,101.41,15
1327,3676,261,1,297.20,0
1328,5076,18,3,318.44,0
1329,5722,258,4,171.69,15
1330,7525,202,3,268.66,5
1331,8424,181,2,259.05,0
1332,7958,55,3,396.81,15
1333,4721,159,5,217.33,0
1334,640,278,5,334.45,5
1335,7914,7,4,263.49,5
1336,5369,46,5,252.91,0
1337,7575,143,5,374.36,10
1338,7101,237,5,199.63,15
1339,401,58,5,218.95,0
1340,3981,295,2,307.36,10
1341,9457,224,5,8.13,0
1342,5628,14,2,106.54,15
1343,5731,111,2,225.30,0
1344,3004,19,5,20.40,15
1345,1016,255,2,339.07,0
1346,8340,68,4,277.33,10
1347,9831,236,4,383.46,5
1348,3158,241,1,101.41,0
1349,8130,234,1,268.61,0
1350,9668,11,4,176.97,0
1351,4416,137,4,288.60,5
1352,2730,157,2,87.60,5
1353,9523,168,2,156.48,0
1354,597,286,1,362.28,10
1355,5772,216,3,301.09,15
1356,5541,229,2,324.76,10
1357,6349,71,3,167.32,0
1358,571,210,2,211.85,0
1359,5956,253,3,286.72,10
1360,5821,88,1,42.74,0
1361,926,36,1,229.35,10
1362,6502,234,1,268.61,10
1363,4557,68,4,277.33,0
1364,8737,13,1,97.73,5
1365,5775,70,1,315.23,5
1366,6456,211,1,323.51,5
1367,6624,33,2,330.23,0
1368,8911,282,5,381.21,0
1369,999,56,1,372.10,0
1370,8108,100,5,371.65,5
1371,3648,185,1,48.99,0
1372,2200,267,2,208.17,0
1373,6213,48,1,72.09,0
1374,1771,95,3,69.49,0
1375,3474,282,3,381.21,0
1376,7473,208,4,389.11,15
1377,9320,6,4,190.26,0
1378,2505,244,4,146.67,0
1379,2871,274,1,53.21,0
1380,4192,124,3,320.32,0
1381,7287,291,2,25.51,0
1382,2284,60,2,275.96,10
1383,4682,166,3,314.43,5
1384,5686,184,1,200.81,5
1385,5593,277,1,219.37,0
1386,7729,170,3,67.45,0
1387,5249,6,1,190.26,15
1388,10,239,4,320.95,0
1389,4104,216,5,301.09,0
1390,3778,128,5,220.39,15
1391,5249,276,2,342.04,0
1392,4456,257,1,63.30,0
1393,8433,85,5,114.41,0
1394,202,283,3,390.13,0
1395,7401,158,4,214.14,10
1396,2836,193,5,85.60,15
1397,1859,188,3,61.43,0
1398,4557,201,1,68.26,0
1399,9220,27,1,65.87,5
1400,6034,94,5,66.86,15
1401,8791,59,5,213.06,0
1402,506,74,3,224.24,10
1403,5286,177,2,218.39,0
1404,4840,50,4,311.33,0
1405,8436,54,3,316.28,5
1406,117,95,1,69.49,0
1407,2496,177,4,218.39,0
1408,8189,71,3,167.32,5
1409,1459,38,1,200.72,15
1410,7288,225,1,338.57,0
1411,8727,237,4,199.63,10
1412,2127,80,3,392.68,0
1413,1485,249,1,124.21,0
1414,8653,243,1,297.01,15
1415,364,63,2,199.37,0
1416,2092,232,1,182.33,5
1417,5735,170,2,67.45,0
1418,1822,267,5,208.17,15
1419,7524,68,2,277.33,0
1420,6839,87,3,84.63,5
1421,6843,248,5,149.84,0
1422,5391,119,2,86.31,5
1423,6018,36,3,229.35,10
1424,9853,95,1,69.49,10
1425,7137,221,2,33.76,0
1426,8292,180,1,323.47,10
1427,4627,131,4,91.11,0
1428,9907,140,2,120.30,0
1429,1732,135,5,387.74,15
1430,2067,212,5,324.30,0
1431,5977,270,2,246.69,0
1432,2932,212,2,324.30,0
1433,893,62,5,78.99,10
1434,1150,7,5,263.49,10
1435,2301,139,3,321.64,0
1436,3912,256,5,343.78,10
1437,4311,147,5,344.67,5
1438,6068,118,3,351.34,0
1439,2989,212,3,324.30,0
1440,1768,273,1,341.96,15
1441,5118,155,1,190.98,5
1442,3305,300,5,60.59,0
1443,2523,189,2,299.32,0
1444,2105,49,1,123.44,0
1445,2596,127,3,126.84,0
1446,3316,220,5,131.34,5
1447,4242,97,5,234.59,10
1448,3990,221,1,33.76,10
1449,3368,19,1,20.40,10
1450,4711,48,4,72.09,0
1451,6564,139,1,321.64,10
1452,1616,250,1,178.43,0
1453,9506,285,4,258.56,5
1454,9578,6,3,190.26,10
1455,4670,122,3,222.97,10
1456,5296,26,4,122.89,5
1457,5514,223,2,23.99,15
1458,3358,127,3,126.84,15
1459,5926,126,2,68.11,0
1460,4683,181,5,259.05,15
1461,6216,18,2,318.44,0
1462,1413,9,2,150.86,5
1463,2499,177,1,218.39,0
1464,2535,161,2,291.83,5
1465,3475,90,1,206.30,5
1466,118,100,1,371.65,0
1467,4302,63,3,199.37,15
1468,4271,178,2,308.38,15
1469,1966,74,5,224.24,0
1470,1692,139,2,321.64,5
1471,6852,286,3,362.28,15
1472,1341,38,2,200.72,15
1473,8288,9,2,150.86,0
1474,2610,33,3,330.23,0
1475,7103,157,3,87.60,15
1476,8668,147,3,344.67,5
1477,6687,147,5,344.67,5
1478,9777,128,5,220.39,5
1479,148,43,1,232.40,0
1480,3011,277,4,219.37,5
1481,7017,163,3,20.58,0
1482,8692,239,4,320.95,15
1483,9430,231,5,64.44,10
1484,8263,274,5,53.21,0
1485,9286,192,4,90.00,0
1486,3637,195,1,282.87,10
1487,4039,53,4,200.65,0
1488,6902,103,5,252.38,0
1489,1209,242,2,67.91,0
1490,625,204,1,197.94,5
1491,8058,264,3,38.50,0
1492,1773,212,2,324.30,0
1493,3847,70,2,315.23,5
1494,4796,170,3,67.45,0
1495,1040,119,1,86.31,0
1496,2380,162,3,270.73,5
1497,7102,158,1,214.14,5
1498,6533,31,4,136.27,15
1499,7781,243,3,297.01,0
1500,2672,202,1,268.66,15
1501,1038,119,1,86.31,10
1502,7875,134,2,378.20,0
1503,194,300,1,60.59,15
1504,7133,223,3,23.99,0
1505,4390,73,2,222.38,5
1506,2819,230,1,323.29,0
1507,8727,172,1,43.91,0
1508,3713,224,5,8.13,10
1509,9997,239,5,320.95,10
1510,4121,283,5,390.13,0
1511,91,254,3,396.05,5
1512,1272,42,1,309.17,15
1513,2330,98,5,115.13,15
1514,1040,6,5,190.26,10
1515,2964,173,5,178.93,0
1516,8060,185,4,48.99,10
1517,3299,290,2,25.70,5
1518,5749,139,1,321.64,0
1519,7974,157,1,87.60,5
1520,6279,123,3,106.64,15
1521,270,178,1,308.38,0
1522,34,36,4,229.35,5
1523,3470,42,3,309.17,15
1524,5362,122,5,222.97,0
1525,6039,24,5,74.40,5
1526,7502,267,4,208.17,0
1527,7940,201,4,68.26,0
1528,2989,100,3,371.65,0
1529,7625,26,1,122.89,5
1530,4070,83,4,80.10,0
1531,6776,63,3,199.37,5
1532,6974,97,5,234.59,0
1533,2264,244,1,146.67,10
1534,9623,123,3,106.64,10
1535,8721,191,5,226.42,5
1536,9917,34,2,297.79,0
1537,2121,11,1,176.97,0
1538,6757,29,1,34.87,0
1539,7346,91,5,371.67,0
1540,7794,129,5,265.34,0
1541,9,224,2,8.13,5
1542,5227,120,5,388.54,10
1543,4071,173,5,178.93,15
1544,437,150,1,181.60,5
1545,2979,204,4,197.94,0
1546,5099,253,5,286.72,0
1547,2482,293,2,58.98,0
1548,7194,189,5,299.32,5
1549,8657,219,1,30.27,5
1550,6249,16,1,386.04,0
1551,798,186,5,146.92,5
1552,2606,184,4,200.81,5
1553,174,175,4,372.30,15
1554,6244,193,3,85.60,5
1555,7354,74,2,224.24,0
1556,2053,274,1,53.21,0
1557,7287,82,2,278.93,0
1558,726,233,1,245.00,0
1559,8187,187,2,234.45,0
1560,662,188,5,61.43,0
1561,8465,33,2,330.23,0
1562,1845,91,1,371.67,0
1563,9350,298,5,253.90,0
1564,5140,76,5,297.26,0
1565,8308,60,4,275.96,0
1566,5824,261,2,297.20,15
1567,4762,202,1,268.66,15
1568,9587,297,2,30.06,0
1569,1434,118,5,351.34,0
1570,6312,10,1,228.01,0
1571,6829,56,2,372.10,5
1572,3930,18,1,318.44,0
1573,4150,215,1,252.10,0
1574,240,219,1,30.27,0
1575,1612,99,2,283.04,15
1576,9516,97,1,234.59,0
1577,8626,180,4,323.47,15
1578,7328,239,2,320.95,15
1579,8954,75,4,347.15,0
1580,3040,153,1,174.41,0
1581,4977,269,2,79.59,0
1582,4578,217,5,395.04,15
1583,1237,164,1,395.54,0
1584,3945,180,1,323.47,15
1585,7742,138,4,331.78,10
1586,1214,79,3,19.52,15
1587,2444,176,1,367.34,0
1588,6698,40,1,226.87,5
1589,7670,273,1,341.96,0
1590,6804,165,5,273.91,0
1591,9929,274,4,53.21,0
1592,4543,135,5,387.74,5
1593,9921,273,1,341.96,10
1594,6273,128,2,220.39,5
1595,2243,147,2,344.67,0
1596,8125,48,1,72.09,0
1597,8989,88,1,42.74,0
1598,5161,30,1,190.99,0
1599,4210,30,3,190.99,10
1600,1361,209,1,188.28,10
1601,4392,240,3,117.00,0
1602,7296,58,1,218.95,0
1603,5940,271,3,327.62,10
1604,4875,11,5,176.97,10
1605,2418,166,5,314.43,15
1606,99,61,3,175.74,5
1607,6664,231,2,64.44,0
1608,7685,195,5,282.87,5
1609,8738,225,4,338.57,0
1610,9913,13,3,97.73,10
1611,4811,20,4,344.16,0
1612,6653,164,5,395.54,5
1613,6378,154,3,343.92,10
1614,5817,145,4,94.23,10
1615,4632,142,5,249.44,15
1616,2917,72,5,370.40,10
1617,7019,91,1,371.67,0
1618,7369,300,3,60.59,0
1619,5188,108,2,261.20,0
1620,7860,114,5,156.49,0
1621,4258,180,5,323.47,0
1622,9698,89,2,285.99,0
1623,6670,32,3,318.14,0
1624,4095,45,2,382.91,5
1625,2518,196,3,160.55,15
1626,8517,13,4,97.73,0
1627,8112,277,5,219.37,0
1628,4384,48,2,72.09,0
1629,9767,133,5,47.71,10
1630,2408,25,1,157.60,15
1631,3206,261,4,297.20,5
1632,7434,260,4,294.26,0
1633,3957,293,1,58.98,0
1634,2531,159,3,217.33,15
1635,6768,72,2,370.40,5
1636,9525,33,4,330.23,15
1637,5135,191,1,226.42,0
1638,1400,196,2,160.55,5
1639,5494,55,5,396.81,0
1640,4003,71,1,167.32,0
1641,5411,274,4,53.21,15
1642,8791,44,5,57.92,0
1643,152,26,2,122.89,0
1644,363,55,1,396.81,15
1645,9042,137,5,288.60,15
1646,4058,202,5,268.66,10
1647,8166,58,5,218.95,15
1648,3988,146,5,44.01,5
1649,8063,23,3,393.39,10
1650,4049,177,5,218.39,10
1651,2606,276,1,342.04,5
1652,5614,27,4,65.87,5
1653,7718,255,4,339.07,0
1654,1390,26,1,122.89,0
1655,4919,99,2,283.04,0
1656,7890,72,3,370.40,0
1657,9599,296,5,93.52,0
1658,7718,256,1,343.78,10
1659,121,191,4,226.42,0
1660,463,283,1,390.13,0
1661,3634,16,3,386.04,5
1662,3347,14,1,106.54,0
1663,578,177,1,218.39,0
1664,170,194,1,212.39,15
1665,8482,262,2,265.12,0
1666,5791,211,1,323.51,0
1667,5771,222,4,345.59,5
1668,1809,60,3,275.96,10
1669,9655,64,4,245.58,0
1670,296,161,5,291.83,0
1671,6143,264,5,38.50,15
1672,1224,277,3,219.37,10
1673,6559,232,2,182.33,0
1674,8762,219,4,30.27,5
1675,8820,283,5,390.13,0
1676,9877,48,5,72.09,0
1677,3642,203,1,6.30,5
1678,4530,199,2,378.96,15
1679,204,72,1,370.40,0
1680,6387,89,2,285.99,0
1681,9287,205,4,150.21,0
1682,1252,141,5,53.20,10
1683,9022,234,4,268.61,15
1684,3049,80,3,392.68,0
1685,8788,277,2,219.37,0
1686,4472,43,1,232.40,0
1687,4609,161,1,291.83,0
1688,7991,219,5,30.27,15
1689,943,63,1,199.37,10
1690,8812,215,5,252.10,5
1691,4906,201,2,68.26,0
1692,7489,190,4,22.53,0
1693,8095,129,1,265.34,0
1694,5296,192,1,90.00,0
1695,1818,139,4,321.64,15
1696,3942,237,2,199.63,5
1697,9827,250,3,178.43,0
1698,6515,194,3,212.39,0
1699,2623,241,1,101.41,0
1700,813,5,5,235.25,0
1701,794,85,3,114.41,10
1702,4677,110,1,326.74,5
1703,4716,268,2,226.31,10
1704,7464,160,2,132.63,5
1705,4358,189,5,299.32,15
1706,6276,270,3,246.69,10
1707,9618,101,4,167.15,15
1708,8764,240,4,117.00,10
1709,7406,86,2,365.04,10
1710,404,255,2,339.07,5
1711,9471,112,3,121.23,0
1712,772,85,5,114.41,0
1713,3588,262,5,265.12,0
1714,8615,89,3,285.99,10
1715,8660,209,5,188.28,0
1716,9112,171,4,132.85,15
1717,849,50,4,311.33,5
1718,7357,294,5,200.35,0
1719,4731,140,1,120.30,0
1720,7590,156,3,344.64,0
1721,3601,121,4,251.05,0
1722,1703,87,5,84.63,0
1723,4589,25,4,157.60,10
1724,195,238,3,200.57,10
1725,6031,233,2,245.00,0
1726,9880,257,2,63.30,0
1727,1008,229,3,324.76,0
1728,873,105,5,338.11,10
1729,2040,191,4,226.42,0
1730,3953,197,4,208.34,10
1731,8785,200,5,67.84,0
1732,392,251,3,113.15,0
1733,8811,300,4,60.59,0
1734,9349,91,2,371.67,0
1735,9015,84,3,124.05,15
1736,6425,107,4,65.37,0
1737,33,32,4,318.14,5
1738,3429,294,1,200.35,15
1739,4144,238,1,200.57,15
1740,8890,154,1,343.92,10
1741,2993,137,3,288.60,5
1742,1064,119,4,86.31,10
1743,2546,224,4,8.13,0
1744,5836,78,4,33.23,0
1745,5685,232,3,182.33,0
1746,7462,242,3,67.91,10
1747,9755,167,1,245.05,0
1748,5672,231,2,64.44,5
1749,720,281,4,263.43,5
1750,4311,150,1,181.60,0
1751,5966,180,5,323.47,0
1752,3609,157,4,87.60,15
1753,7833,178,4,308.38,15
1754,2637,127,1,126.84,0
1755,3813,193,3,85.60,0
1756,965,56,5,372.10,10
1757,1657,249,1,124.21,5
1758,2744,279,1,313.02,15
1759,3962,110,4,326.74,0
1760,8970,219,2,30.27,0
1761,1842,222,5,345.59,10
1762,2729,206,3,31.78,0
1763,9887,197,1,208.34,5
1764,6748,212,3,324.30,10
1765,1935,98,3,115.13,0
1766,488,87,3,84.63,5
1767,7326,204,5,197.94,10
1768,5288,228,5,335.11,5
1769,2576,115,3,353.64,15
1770,6651,64,5,245.58,10
1771,3239,70,5,315.23,0
1772,1530,213,5,37.84,0
1773,6791,260,2,294.26,10
1774,1518,120,5,388.54,15
1775,3274,193,5,85.60,0
1776,234,187,3,234.45,0
1777,5926,89,1,285.99,0
1778,9506,147,4,344.67,0
1779,606,247,3,202.30,0
1780,5188,250,5,178.43,15
1781,1598,203,5,6.30,15
1782,511,281,1,263.43,0
1783,8656,251,5,113.15,0
1784,3439,70,5,315.23,0
1785,3483,235,3,43.63,0
1786,7453,80,4,392.68,15
1787,8142,165,1,273.91,0
1788,7540,120,2,388.54,5
1789,5259,281,2,263.43,0
1790,6600,149,2,70.07,0
1791,9170,186,1,146.92,0
1792,2387,182,5,183.61,5
1793,2251,251,5,113.15,5
1794,6607,32,3,318.14,0
1795,3087,244,2,146.67,5
1796,7393,142,4,249.44,15
1797,6803,115,2,353.64,15
1798,8044,3,2,369.07,0
1799,271,216,3,301.09,0
1800,6793,261,2,297.20,0
1801,4155,215,2,252.10,0
1802,8437,288,4,66.37,0
1803,4987,54,5,316.28,0
1804,7331,218,5,385.74,5
1805,2410,247,2,202.30,5
1806,1130,283,4,390.13,0
1807,6342,249,2,124.21,10
1808,4589,205,3,150.21,0
1809,181,266,1,7.51,10
1810,4855,277,4,219.37,5
1811,578,77,5,338.07,5
1812,2602,259,2,201.35,5
1813,8302,50,3,311.33,5
1814,173,110,5,326.74,0
1815,7585,200,1,67.84,0
1816,5903,80,2,392.68,0
1817,8038,266,5,7.51,0
1818,3194,140,5,120.30,0
1819,20,222,3,345.59,0
1820,2623,48,1,72.09,0
1821,4826,35,1,335.83,10
1822,3165,65,5,76.41,5
1823,1919,106,4,66.50,0
1824,7198,186,3,146.92,10
1825,4306,292,5,136.17,10
1826,7855,56,3,372.10,0
1827,3222,225,3,338.57,0
1828,3860,102,1,102.20,15
1829,4176,149,2,70.07,0
1830,7108,253,5,286.72,0
1831,7890,190,2,22.53,10
1832,3163,108,5,261.20,10
1833,8330,116,1,368.79,0
1834,7285,95,5,69.49,10
1835,3283,79,2,19.52,0
1836,9250,116,2,368.79,0
1837,9077,279,2,313.02,10
1838,4073,44,4,57.92,0
1839,6289,250,5,178.43,0
1840,9713,232,3,182.33,0
1841,3887,299,1,277.33,0
1842,9722,273,5,341.96,10
1843,1875,299,3,277.33,15
1844,6647,183,2,78.33,10
1845,1546,16,1,386.04,0
1846,1672,136,2,222.85,0
1847,2170,90,3,206.30,0
1848,7241,157,4,87.60,10
1849,9486,266,2,7.51,0
1850,6210,112,5,121.23,15
1851,5030,132,1,356.02,10
1852,3156,176,4,367.34,0
1853,6543,52,3,51.91,10
1854,88,34,2,297.79,0
1855,4467,76,2,297.26,5
1856,8404,290,1,25.70,0
1857,344,188,2,61.43,15
1858,626,298,1,253.90,0
1859,8633,43,4,232.40,0
1860,8416,12,2,161.29,15
1861,6405,266,2,7.51,15
1862,880,113,2,75.33,0
1863,6897,164,3,395.54,0
1864,8359,150,2,181.60,15
1865,8998,291,1,25.51,0
1866,6778,171,5,132.85,0
1867,3692,171,4,132.85,15
1868,1378,177,1,218.39,0
1869,7635,236,4,383.46,10
1870,1047,112,5,121.23,0
1871,8842,240,4,117.00,0
1872,9069,209,2,188.28,0
1873,3482,242,1,67.91,5
1874,9820,155,3,190.98,0
1875,2460,258,4,171.69,15
1876,9263,264,4,38.50,15
1877,3768,231,4,64.44,0
1878,4132,221,2,33.76,15
1879,1642,103,5,252.38,15
1880,6203,29,3,34.87,5
1881,7574,244,1,146.67,10
1882,8811,61,2,175.74,5
1883,2284,198,2,116.63,15
1884,6677,168,5,156.48,0
1885,7595,289,2,90.69,0
1886,3010,125,4,327.79,0
1887,6473,37,2,258.60,0
1888,8938,180,2,323.47,0
1889,2216,84,1,124.05,15
1890,3567,283,3,390.13,0
1891,8679,111,3,225.30,0
1892,7303,7,3,263.49,5
1893,4238,245,3,310.10,5
1894,8614,219,1,30.27,5
1895,3527,244,3,146.67,0
1896,1273,124,3,320.32,0
1897,3965,163,5,20.58,15
1898,720,248,2,149.84,0
1899,6430,282,5,381.21,0
1900,9508,46,3,252.91,10
1901,7848,72,3,370.40,0
1902,9466,274,1,53.21,15
1903,5643,164,3,395.54,10
1904,2328,87,4,84.63,5
1905,4913,111,2,225.30,0
1906,4685,206,2,31.78,0
1907,404,286,1,362.28,0
1908,8083,150,5,181.60,0
1909,4110,31,1,136.27,5
1910,475,11,2,176.97,10
1911,9065,208,3,389.11,0
1912,5490,9,1,150.86,0
1913,7609,288,5,66.37,10
1914,3107,67,3,134.74,15
1915,2605,139,3,321.64,15
1916,4497,187,4,234.45,0
1917,853,32,2,318.14,15
1918,5379,231,4,64.44,0
1919,6396,266,2,7.51,0
1920,929,54,4,316.28,10
1921,4947,87,4,84.63,15
1922,6955,178,2,308.38,0
1923,5575,120,2,388.54,15
1924,7047,17,2,353.82,15
1925,8163,60,5,275.96,0
1926,7588,184,3,200.81,0
1927,3498,11,5,176.97,5
1928,8467,90,3,206.30,15
1929,5506,74,3,224.24,0
1930,701,173,2,178.93,0
1931,9233,36,2,229.35,0
1932,8352,219,4,30.27,0
1933,2684,136,5,222.85,0
1934,7130,106,3,66.50,0
1935,5248,189,1,299.32,5
1936,3536,97,3,234.59,10
1937,9825,144,3,321.56,0
1938,5626,224,2,8.13,10
1939,8058,81,3,191.34,0
1940,8507,219,2,30.27,10
1941,9869,33,3,330.23,5
1942,7060,285,1,258.56,10
1943,7078,62,2,78.99,10
1944,2771,116,3,368.79,15
1945,3077,96,4,264.06,15
1946,8512,22,3,193.70,0
1947,2712,81,1,191.34,0
1948,1191,48,4,72.09,0
1949,2311,53,5,200.65,0
1950,8418,187,3,234.45,15
1951,5105,177,5,218.39,15
1952,8272,165,4,273.91,10
1953,9632,20,3,344.16,0
1954,5311,100,2,371.65,15
1955,2141,3,2,369.07,10
1956,98,256,3,343.78,10
1957,4904,37,2,258.60,0
1958,8087,99,5,283.04,15
1959,6374,261,2,297.20,5
1960,7157,159,5,217.33,5
1961,4323,72,5,370.40,0
1962,5882,258,4,171.69,10
1963,7674,59,2,213.06,0
1964,1420,116,2,368.79,0
1965,4240,113,5,75.33,5
1966,5120,142,5,249.44,0
1967,6653,229,3,324.76,0
1968,8888,174,4,232.35,0
1969,9664,139,5,321.64,10
1970,9605,63,3,199.37,0
1971,3694,251,1,113.15,5
1972,931,250,5,178.43,0
1973,9495,203,2,6.30,15
1974,1443,19,2,20.40,0
1975,2471,41,1,89.26,0
1976,5875,236,4,383.46,0
1977,569,153,3,174.41,10
1978,3117,70,3,315.23,15
1979,658,169,4,65.85,10
1980,3161,30,2,190.99,0
1981,8408,203,1,6.30,5
1982,8763,150,3,181.60,0
1983,6410,195,4,282.87,10
1984,1976,6,4,190.26,10
1985,6540,41,4,89.26,0
1986,3922,225,2,338.57,15
1987,705,220,5,131.34,0
1988,1327,24,2,74.40,0
1989,2691,153,2,174.41,15
1990,4856,125,5,327.79,0
1991,3969,67,5,134.74,0
1992,8914,202,2,268.66,0
1993,6201,212,1,324.30,0
1994,6081,131,5,91.11,5
1995,7539,35,2,335.83,15
1996,4658,23,4,393.39,15
1997,8768,156,2,344.64,10
1998,1320,68,5,277.33,5
1999,6088,120,2,388.54,0
2000,8944,197,3,208.34,0
2001,3060,154,5,343.92,10
2002,7892,156,2,344.64,0
2003,3048,289,4,90.69,10
2004,5357,26,1,122.89,5
2005,1353,97,2,234.59,0
2006,7241,267,2,208.17,5
2007,3652,283,4,390.13,15
2008,4800,190,5,22.53,0
2009,1294,56,3,372.10,0
2010,7338,49,4,123.44,0
2011,2874,37,5,258.60,10
2012,7432,272,2,120.04,15
2013,5163,295,3,307.36,5
2014,9665,176,1,367.34,10
2015,8188,184,2,200.81,15
2016,2092,270,5,246.69,10
2017,5238,89,4,285.99,0
2018,8844,113,1,75.33,0
2019,2755,120,1,388.54,5
2020,971,44,3,57.92,0
2021,1174,57,3,140.14,15
2022,2452,274,5,53.21,0
2023,5161,13,2,97.73,10
2024,8487,163,3,20.58,0
2025,5917,38,5,200.72,15
2026,2745,94,2,66.86,15
2027,5016,101,4,167.15,5
2028,5997,122,3,222.97,15
2029,3429,185,3,48.99,0
2030,5796,101,5,167.15,0
2031,6486,22,1,193.70,0
2032,1639,147,4,344.67,15
2033,116,269,1,79.59,0
2034,886,172,5,43.91,15
2035,6221,132,5,356.02,5
2036,6345,22,2,193.70,5
2037,8559,193,5,85.60,0
2038,5347,122,2,222.97,15
2039,4447,219,5,30.27,0
2040,8034,10,2,228.01,5
2041,3788,35,5,335.83,10
2042,6910,10,1,228.01,0
2043,275,258,5,171.69,15
2044,379,271,4,327.62,0
2045,7262,203,5,6.30,5
2046,8252,45,2,382.91,0
2047,6226,49,4,123.44,15
2048,6726,3,3,369.07,5
2049,2739,76,2,297.26,0
2050,9203,129,5,265.34,5
2051,6150,104,3,188.19,5
2052,3357,68,2,277.33,0
2053,4646,268,5,226.31,10
2054,7988,120,2,388.54,0
2055,417,286,3,362.28,0
2056,2443,113,2,75.33,5
2057,8981,66,1,206.27,0
2058,9039,247,3,202.30,15
2059,7510,259,1,201.35,10
2060,1835,107,3,65.37,10
2061,2342,84,5,124.05,0
2062,2932,232,4,182.33,5
2063,7745,237,1,199.63,15
2064,8894,228,1,335.11,0
2065,8130,181,5,259.05,0
2066,5722,106,5,66.50,0
2067,8192,137,2,288.60,0
2068,2311,117,3,350.39,0
2069,7785,298,1,253.90,5
2070,456,293,2,58.98,0
2071,926,146,4,44.01,10
2072,133,186,5,146.92,0
2073,281,57,1,140.14,0
2074,8174,40,2,226.87,5
2075,450,117,2,350.39,0
2076,6006,132,3,356.02,0
2077,6495,74,3,224.24,0
2078,6945,297,1,30.06,10
2079,956,130,1,200.63,0
2080,2813,108,3,261.20,15
2081,1261,235,5,43.63,0
2082,7782,97,4,234.59,15
2083,6117,135,4,387.74,0
2084,3583,182,2,183.61,10
2085,4209,35,5,335.83,15
2086,8274,134,4,378.20,15
2087,6300,174,5,232.35,0
2088,4193,185,5,48.99,15
2089,5047,205,5,150.21,5
2090,1660,181,1,259.05,15
2091,8227,234,1,268.61,0
2092,6446,150,3,181.60,0
2093,8680,103,2,252.38,0
2094,3503,285,5,258.56,10
2095,4706,18,4,318.44,0
2096,430,228,3,335.11,5
2097,8914,32,1,318.14,0
2098,9429,239,1,320.95,0
2099,1194,233,5,245.00,10
2100,2077,100,2,371.65,0
2101,2233,71,3,167.32,5
2102,5029,44,4,57.92,0
2103,5760,155,1,190.98,10
2104,1295,183,3,78.33,0
2105,329,159,5,217.33,5
2106,7230,86,4,365.04,0
2107,1572,238,1,200.57,10
2108,1491,231,2,64.44,0
2109,1967,298,4,253.90,5
2110,8362,98,3,115.13,0
2111,2102,39,3,49.89,5
2112,8968,193,3,85.60,0
2113,583,21,5,299.77,0
2114,3255,53,2,200.65,5
2115,9302,72,1,370.40,0
2116,9727,280,1,319.72,15
2117,7360,175,2,372.30,15
2118,5538,90,2,206.30,10
2119,8417,281,5,263.43,0
2120,5763,182,1,183.61,0
2121,9448,169,2,65.85,0
2122,9823,80,4,392.68,10
2123,1748,206,2,31.78,0
2124,5505,70,1,315.23,5
2125,7765,203,5,6.30,0
2126,6808,191,4,226.42,0
2127,384,114,4,156.49,0
2128,781,40,3,226.87,5
2129,3095,30,3,190.99,10
2130,915,278,5,334.45,15
2131,1960,290,2,25.70,10
2132,5286,136,2,222.85,0
2133,7137,227,2,303.25,15
2134,1630,52,5,51.91,10
2135,5226,185,3,48.99,0
2136,6979,160,5,132.63,5
2137,785,247,2,202.30,0
2138,678,7,3,263.49,0
2139,6150,66,5,206.27,5
2140,5004,85,5,114.41,5
2141,6162,244,1,146.67,0
2142,2598,9,5,150.86,10
2143,4457,163,5,20.58,0
2144,8648,224,2,8.13,15
2145,6903,202,2,268.66,0
2146,5937,290,2,25.70,15
2147,778,262,4,265.12,0
2148,49,297,3,30.06,10
2149,9804,192,1,90.00,0
2150,2627,293,1,58.98,15
2151,3076,35,5,335.83,0
2152,6633,141,2,53.20,0
2153,1424,166,5,314.43,10
2154,3194,26,2,122.89,0
2155,4238,194,5,212.39,5
2156,9542,161,5,291.83,0
2157,5447,292,2,136.17,15
2158,9990,26,1,122.89,0
2159,6979,174,3,232.35,0
2160,3848,171,5,132.85,0
2161,1158,279,2,313.02,0
2162,6501,91,4,371.67,5
2163,5224,243,2,297.01,5
2164,9336,282,2,381.21,15
2165,4069,93,3,28.93,10
2166,3436,275,2,59.35,5
2167,2837,120,5,388.54,0
2168,596,95,1,69.49,0
2169,2229,88,2,42.74,0
2170,902,71,5,167.32,0
2171,5774,287,1,257.71,0
2172,6646,223,1,23.99,10
2173,9412,141,4,53.20,10
2174,7380,296,2,93.52,5
2175,308,122,4,222.97,10
2176,9890,198,1,116.63,0
2177,5396,277,3,219.37,0
2178,2778,75,2,347.15,5
2179,9921,260,4,294.26,15
2180,7716,193,5,85.60,10
2181,5177,173,5,178.93,5
2182,3204,211,5,323.51,5
2183,9886,251,4,113.15,15
2184,562,254,5,396.05,0
2185,8827,46,3,252.91,5
2186,5330,215,4,252.10,10
2187,4995,91,2,371.67,0
2188,4172,233,5,245.00,15
2189,4136,123,4,106.64,0
2190,2943,244,5,146.67,0
2191,6531,233,5,245.00,15
2192,5712,94,4,66.86,0
2193,3808,33,3,330.23,15
2194,8179,169,1,65.85,0
2195,2400,64,4,245.58,15
2196,3696,129,2,265.34,10
2197,2266,19,1,20.40,0
2198,3084,149,5,70.07,0
2199,3294,45,2,382.91,0
2200,8738,200,5,67.84,15
2201,3276,95,1,69.49,10
2202,971,174,3,232.35,5
2203,9710,226,2,348.65,10
2204,3312,12,5,161.29,5
2205,5879,58,5,218.95,0
2206,633,93,1,28.93,10
2207,3251,261,1,297.20,10
2208,5286,201,5,68.26,10
2209,4820,214,3,163.02,0
2210,2192,31,3,136.27,15
2211,6620,279,2,313.02,5
2212,4373,63,3,199.37,5
2213,5089,125,1,327.79,0
2214,304,228,1,335.11,15
2215,2363,77,2,338.07,5
2216,9581,133,1,47.71,0
2217,8435,258,5,171.69,10
2218,3866,201,3,68.26,15
2219,7617,42,4,309.17,5
2220,2429,52,5,51.91,0
2221,9470,253,5,286.72,10
2222,1515,76,3,297.26,0
2223,2465,6,1,190.26,0
2224,7822,178,4,308.38,15
2225,6674,243,4,297.01,10
2226,3953,128,5,220.39,5
2227,1335,214,3,163.02,0
2228,7659,283,5,390.13,10
2229,1175,129,2,265.34,0
2230,4854,203,5,6.30,0
2231,110,181,1,259.05,0
2232,7057,3,1,369.07,15
2233,5841,287,3,257.71,5
2234,6932,121,3,251.05,0
2235,5357,264,2,38.50,10
2236,8912,115,2,353.64,5
2237,449,11,4,176.97,10
2238,7473,82,2,278.93,0
2239,5947,167,2,245.05,0
2240,3211,242,5,67.91,0
2241,6575,63,3,199.37,0
2242,1646,290,5,25.70,0
2243,1827,235,5,43.63,0
2244,4608,233,5,245.00,0
2245,143,185,5,48.99,15
2246,4775,269,4,79.59,5
2247,4889,34,4,297.79,0
2248,6729,298,3,253.90,5
2249,2745,292,5,136.17,0
2250,1097,248,1,149.84,10
2251,2784,155,5,190.98,15
2252,8328,107,3,65.37,0
2253,2931,174,4,232.35,15
2254,8202,19,4,20.40,15
2255,1579,93,5,28.93,5
2256,480,114,5,156.49,0
2257,6791,233,4,245.00,0
2258,8829,94,1,66.86,10
2259,6634,212,1,324.30,15
2260,9291,98,3,115.13,5
2261,8526,16,1,386.04,10
2262,8997,144,1,321.56,0
2263,6532,204,2,197.94,0
2264,865,171,3,132.85,15
2265,962,18,5,318.44,5
2266,4183,35,1,335.83,0
2267,164,97,4,234.59,0
2268,6924,101,4,167.15,10
2269,2901,273,1,341.96,0
2270,3490,76,5,297.26,15
2271,2771,224,2,8.13,5
2272,8925,118,1,351.34,15
2273,6260,77,3,338.07,10
2274,7114,78,1,33.23,5
2275,2961,50,4,311.33,10
2276,9117,126,3,68.11,0
2277,8579,6,1,190.26,15
2278,996,290,5,25.70,10
2279,2188,7,5,263.49,0
2280,1885,104,4,188.19,5
2281,1216,159,4,217.33,0
2282,7896,219,1,30.27,0
2283,5944,151,4,214.50,5
2284,2211,30,3,190.99,0
2285,7655,137,3,288.60,5
2286,5942,80,4,392.68,0
2287,9860,286,3,362.28,0
2288,9876,189,5,299.32,0
2289,5896,2,3,340.09,5
2290,693,185,2,48.99,15
2291,5275,197,4,208.34,0
2292,5885,18,2,318.44,15
2293,3650,90,4,206.30,15
2294,7123,60,1,275.96,0
2295,8172,30,4,190.99,0
2296,3296,104,1,188.19,10
2297,9434,179,2,237.43,0
2298,3562,86,5,365.04,0
2299,8719,45,4,382.91,0
2300,3945,193,5,85.60,15
2301,4203,116,4,368.79,0
2302,9975,127,1,126.84,0
2303,9841,249,5,124.21,15
2304,8135,265,1,366.02,0
2305,6612,4,1,296.68,5
2306,2727,119,2,86.31,0
2307,301,114,5,156.49,0
2308,6938,295,4,307.36,10
2309,4720,270,3,246.69,0
2310,9255,43,1,232.40,10
2311,193,137,2,288.60,0
2312,20,267,5,208.17,0
2313,1058,56,2,372.10,5
2314,1337,230,1,323.29,10
2315,3701,21,5,299.77,15
2316,3558,171,5,132.85,15
2317,6858,259,3,201.35,10
2318,9187,112,1,121.23,0
2319,1032,121,2,251.05,5
2320,7418,9,2,150.86,5
2321,7227,85,1,114.41,5
2322,3409,185,3,48.99,0
2323,9024,205,1,150.21,5
2324,5746,240,5,117.00,5
2325,8415,89,1,285.99,0
2326,4977,40,2,226.87,0
2327,9799,80,2,392.68,0
2328,5632,294,1,200.35,0
2329,7833,7,2,263.49,15
2330,9218,205,1,150.21,5
2331,4121,288,2,66.37,5
2332,2260,12,4,161.29,5
2333,4484,107,2,65.37,10
2334,6355,166,5,314.43,15
2335,3434,49,2,123.44,15
2336,9066,141,4,53.20,0
2337,8517,23,1,393.39,5
2338,6626,217,1,395.04,0
2339,1755,227,2,303.25,0
2340,2942,180,4,323.47,0
2341,5031,175,4,372.30,0
2342,9642,164,5,395.54,0
2343,3864,120,1,388.54,10
2344,7693,59,4,213.06,0
2345,4159,190,2,22.53,15
2346,4732,293,1,58.98,10
2347,8906,257,3,63.30,0
2348,8303,275,5,59.35,10
2349,1256,250,3,178.43,10
2350,3340,223,3,23.99,15
2351,3239,91,2,371.67,10
2352,167,142,2,249.44,0
2353,182,28,3,82.43,0
2354,330,63,2,199.37,5
2355,4072,165,4,273.91,15
2356,5692,189,3,299.32,0
2357,672,260,2,294.26,15
2358,3397,37,3,258.60,0
2359,640,16,4,386.04,0
2360,8695,40,2,226.87,0
2361,6297,221,3,33.76,0
2362,6175,229,1,324.76,10
2363,2306,91,5,371.67,0
2364,5820,279,5,313.02,10
2365,4253,192,2,90.00,0
2366,5057,199,5,378.96,10
2367,510,180,5,323.47,0
2368,1937,285,5,258.56,0
2369,1670,65,4,76.41,0
2370,8895,69,3,156.10,0
2371,3518,246,1,62.04,10
2372,7772,207,1,326.57,0
2373,6904,99,2,283.04,0
2374,8993,298,1,253.90,0
2375,8913,75,5,347.15,5
2376,9904,68,3,277.33,0
2377,4186,177,1,218.39,10
2378,8633,181,2,259.05,0
2379,2917,64,1,245.58,10
2380,2412,36,3,229.35,0
2381,2194,175,4,372.30,10
2382,9514,25,4,157.60,5
2383,2234,138,5,331.78,15
2384,2295,293,1,58.98,0
2385,9582,1,5,281.65,0
2386,5089,3,4,369.07,0
2387,7482,168,2,156.48,5
2388,6643,230,2,323.29,15
2389,4568,300,5,60.59,10
2390,3431,215,2,252.10,15
2391,1556,86,3,365.04,0
2392,1391,68,1,277.33,0
2393,87,18,5,318.44,0
2394,2894,120,5,388.54,15
2395,9505,161,5,291.83,0
2396,6952,270,5,246.69,0
2397,3408,77,3,338.07,15
2398,4668,10,5,228.01,0
2399,790,60,4,275.96,10
2400,7106,18,3,318.44,5
2401,8447,161,3,291.83,15
2402,6763,162,2,270.73,5
2403,1410,206,3,31.78,0
2404,6308,18,3,318.44,0
2405,6051,238,3,200.57,5
2406,6171,265,2,366.02,0
2407,2307,83,4,80.10,5
2408,7275,265,4,366.02,10
2409,5867,16,2,386.04,0
2410,6488,271,2,327.62,0
2411,8986,47,2,202.34,0
2412,1226,164,3,395.54,15
2413,7517,164,3,395.54,0
2414,3217,86,2,365.04,15
2415,395,297,3,30.06,5
2416,4801,232,3,182.33,10
2417,8037,17,3,353.82,15
2418,6521,233,4,245.00,5
2419,1480,226,1,348.65,0
2420,617,50,4,311.33,0
2421,8204,293,4,58.98,15
2422,4337,153,3,174.41,0
2423,7681,36,1,229.35,10
2424,4757,297,5,30.06,0
2425,5193,45,4,382.91,5
2426,9375,203,5,6.30,0
2427,2812,129,4,265.34,0
2428,8362,291,5,25.51,0
2429,3122,263,3,116.93,0
2430,8402,197,5,208.34,0
2431,1585,279,5,313.02,10
2432,6675,204,2,197.94,0
2433,9870,167,1,245.05,5
2434,5232,154,2,343.92,0
2435,6761,242,1,67.91,0
2436,7286,248,3,149.84,15
2437,5706,148,4,119.97,5
2438,1956,220,3,131.34,10
2439,6025,128,5,220.39,0
2440,8828,178,2,308.38,0
2441,2897,261,2,297.20,15
2442,7843,267,2,208.17,0
2443,1764,212,1,324.30,10
2444,2173,109,4,97.22,0
2445,9441,9,5,150.86,0
2446,7269,33,1,330.23,0
2447,3463,181,4,259.05,5
2448,214,4,3,296.68,10
2449,8294,176,2,367.34,0
2450,5066,143,2,374.36,0
2451,6525,288,4,66.37,0
2452,6502,122,1,222.97,10
2453,5692,183,5,78.33,10
2454,5805,289,3,90.69,15
2455,3143,171,4,132.85,0
2456,6511,283,5,390.13,10
2457,5098,266,4,7.51,10
2458,6407,154,2,343.92,15
2459,3174,287,2,257.71,15
2460,8756,141,4,53.20,10
2461,706,266,1,7.51,0
2462,8812,66,1,206.27,10
2463,3472,57,5,140.14,0
2464,6013,146,4,44.01,15
2465,5945,256,5,343.78,0
2466,946,233,4,245.00,10
2467,9497,196,2,160.55,15
2468,1842,297,5,30.06,5
2469,8890,200,5,67.84,0
2470,7920,200,3,67.84,5
2471,6015,1,1,281.65,5
2472,2324,243,4,297.01,5
2473,1302,15,5,254.29,10
2474,4176,187,4,234.45,0
2475,8059,44,3,57.92,15
2476,507,256,2,343.78,0
2477,8254,5,4,235.25,5
2478,4251,118,1,351.34,0
2479,2915,247,5,202.30,5
2480,2367,221,5,33.76,0
2481,8962,114,1,156.49,0
2482,7131,32,2,318.14,5
2483,2797,28,4,82.43,10
2484,8443,148,5,119.97,0
2485,148,246,1,62.04,0
2486,2862,235,2,43.63,15
2487,7972,164,5,395.54,0
2488,3309,192,4,90.00,15
2489,3401,238,2,200.57,0
2490,388,12,3,161.29,0
2491,6710,130,5,200.63,0
2492,1343,238,2,200.57,15
2493,1625,176,5,367.34,10
2494,680,41,1,89.26,15
2495,4448,290,5,25.70,15
2496,9626,108,5,261.20,0
2497,6568,164,5,395.54,15
2498,8195,167,4,245.05,0
2499,4130,67,2,134.74,15
2500,6229,229,2,324.76,0
2501,505,79,4,19.52,0
2502,9433,275,3,59.35,15
2503,7456,268,5,226.31,15
2504,2314,141,4,53.20,5
2505,7494,255,4,339.07,10
2506,95,281,5,263.43,5
2507,4281,234,5,268.61,10
2508,3053,193,2,85.60,5
2509,2023,130,1,200.63,0
2510,7883,189,5,299.32,5
2511,6403,120,3,388.54,10
2512,2167,4,2,296.68,5
2513,6929,22,3,193.70,15
2514,2565,158,4,214.14,0
2515,6600,96,5,264.06,0
2516,3070,30,1,190.99,0
2517,1714,76,3,297.26,10
2518,9741,135,2,387.74,10
2519,2171,261,5,297.20,0
2520,8543,113,2,75.33,0
2521,4919,289,2,90.69,0
2522,4442,130,3,200.63,0
2523,9152,226,5,348.65,0
2524,4004,155,5,190.98,10
2525,4904,109,1,97.22,0
2526,2074,106,1,66.50,5
2527,8035,163,5,20.58,0
2528,1889,20,4,344.16,5
2529,7780,275,5,59.35,15
2530,3258,232,5,182.33,0
2531,5745,171,4,132.85,0
2532,9940,93,4,28.93,0
2533,8100,272,2,120.04,5
2534,1492,160,5,132.63,0
2535,2699,63,2,199.37,0
2536,5018,112,4,121.23,0
2537,2029,170,2,67.45,10
2538,1195,200,5,67.84,0
2539,2312,46,1,252.91,10
2540,9231,290,4,25.70,10
2541,7652,143,2,374.36,0
2542,9343,142,2,249.44,5
2543,8925,113,5,75.33,5
2544,2300,35,2,335.83,0
2545,630,30,1,190.99,0
2546,8334,144,5,321.56,0
2547,2052,208,2,389.11,5
2548,1345,225,5,338.57,0
2549,5947,121,4,251.05,0
2550,7824,104,4,188.19,15
2551,8192,206,2,31.78,0
2552,5409,86,3,365.04,0
2553,1338,114,4,156.49,10
2554,2657,245,1,310.10,15
2555,4629,233,1,245.00,0
2556,1500,253,3,286.72,0
2557,6653,168,5,156.48,10
2558,6951,45,5,382.91,0
2559,3834,9,2,150.86,10
2560,9503,31,1,136.27,0
2561,4569,30,1,190.99,0
2562,1543,45,5,382.91,15
2563,4145,36,1,229.35,15
2564,9584,242,4,67.91,0
2565,7915,176,4,367.34,15
2566,8651,150,2,181.60,5
2567,3811,112,3,121.23,0
2568,551,129,2,265.34,10
2569,2132,69,4,156.10,0
2570,8630,174,3,232.35,5
2571,8053,149,5,70.07,0
2572,1208,206,1,31.78,0
2573,688,188,1,61.43,0
2574,1538,169,5,65.85,0
2575,4828,27,3,65.87,0
2576,8930,279,2,313.02,15
2577,7123,116,5,368.79,15
2578,4998,182,1,183.61,0
2579,4831,209,2,188.28,0
2580,7596,125,2,327.79,0
2581,6563,267,5,208.17,5
2582,5260,150,3,181.60,5
2583,9774,53,4,200.65,0
2584,8441,9,1,150.86,0
2585,9225,31,4,136.27,0
2586,8845,268,1,226.31,10
2587,81,84,1,124.05,15
2588,7622,260,5,294.26,0
2589,1253,54,2,316.28,15
2590,1178,234,4,268.61,10
2591,5407,224,3,8.13,0
2592,1637,33,3,330.23,15
2593,3376,204,1,197.94,0
2594,3194,237,3,199.63,5
2595,6515,28,4,82.43,0
2596,9242,217,1,395.04,0
2597,9707,210,4,211.85,15
2598,1539,276,4,342.04,5
2599,6056,165,5,273.91,5
2600,9201,107,2,65.37,0
2601,1005,222,2,345.59,0
2602,2228,112,1,121.23,0
2603,5913,143,4,374.36,10
2604,1462,89,1,285.99,0
2605,8440,190,2,22.53,0
2606,2023,204,3,197.94,15
2607,1845,189,2,299.32,0
2608,2896,258,2,171.69,0
2609,752,280,3,319.72,0
2610,8204,289,1,90.69,0
2611,8804,5,5,235.25,15
2612,3498,65,5,76.41,5
2613,3357,169,2,65.85,0
2614,1084,82,3,278.93,10
2615,3513,39,4,49.89,0
2616,745,234,3,268.61,0
2617,2290,9,2,150.86,0
2618,4601,285,2,258.56,0
2619,7313,155,5,190.98,0
2620,9915,100,5,371.65,0
2621,584,257,1,63.30,5
2622,5446,84,2,124.05,15
2623,189,133,4,47.71,10
2624,5194,287,2,257.71,0
2625,2531,143,4,374.36,5
2626,1028,121,5,251.05,0
2627,3156,189,5,299.32,0
2628,8277,274,3,53.21,5
2629,2364,163,1,20.58,0
2630,2439,85,2,114.41,0
2631,5388,273,2,341.96,0
2632,1574,3,1,369.07,0
2633,2219,180,1,323.47,15
2634,7418,77,1,338.07,0
2635,8836,157,2,87.60,5
2636,9296,175,2,372.30,0
2637,1211,41,2,89.26,0
2638,130,206,5,31.78,0
2639,6718,107,4,65.37,0
2640,8834,166,1,314.43,0
2641,5521,284,5,111.58,0
2642,8171,131,2,91.11,5
2643,4799,66,1,206.27,15
2644,7827,153,2,174.41,0
2645,1140,25,5,157.60,0
2646,6620,283,4,390.13,0
2647,1885,233,2,245.00,0
2648,4814,133,2,47.71,15
2649,3209,202,5,268.66,0
2650,4332,180,2,323.47,10
2651,9135,180,5,323.47,0
2652,1487,117,2,350.39,0
2653,5548,70,5,315.23,0
2654,4162,163,1,20.58,15
2655,2583,17,3,353.82,15
2656,5278,12,2,161.29,0
2657,1179,228,3,335.11,15
2658,382,256,3,343.78,15
2659,7840,68,4,277.33,0
2660,7458,28,2,82.43,0
2661,2229,197,4,208.34,0
2662,2706,126,5,68.11,15
2663,7341,14,2,106.54,0
2664,6094,176,2,367.34,0
2665,2261,150,1,181.60,0
2666,3440,36,1,229.35,0
2667,174,67,2,134.74,15
2668,5431,207,4,326.57,15
2669,5554,257,4,63.30,0
2670,7155,282,1,381.21,5
2671,9636,154,1,343.92,0
2672,4657,117,4,350.39,0
2673,8827,92,1,50.16,0
2674,7436,217,2,395.04,0
2675,7584,236,4,383.46,5
2676,9529,28,5,82.43,0
2677,7261,181,4,259.05,0
2678,8833,238,1,200.57,0
2679,9791,53,5,200.65,0
2680,8606,117,1,350.39,0
2681,1813,117,2,350.39,0
2682,8231,281,1,263.43,0
2683,783,161,2,291.83,5
2684,5223,174,3,232.35,0
2685,4817,54,1,316.28,0
2686,4873,170,1,67.45,10
2687,6588,194,4,212.39,0
2688,2142,231,1,64.44,0
2689,8484,280,2,319.72,0
2690,9421,254,2,396.05,0
2691,7914,71,3,167.32,0
2692,5359,62,3,78.99,0
2693,9311,22,1,193.70,0
2694,4510,253,5,286.72,10
2695,7871,154,3,343.92,0
2696,1920,170,1,67.45,0
2697,6926,116,5,368.79,5
2698,6405,238,3,200.57,0
2699,7215,236,2,383.46,5
2700,7622,163,4,20.58,0
2701,3953,143,2,374.36,0
2702,5572,272,4,120.04,0
2703,8667,161,3,291.83,0
2704,2211,263,3,116.93,5
2705,9578,199,2,378.96,0
2706,1766,283,4,390.13,0
2707,4888,15,2,254.29,15
2708,7730,67,5,134.74,0
2709,5550,212,1,324.30,10
2710,152,125,1,327.79,15
2711,5746,15,1,254.29,0
2712,5769,147,1,344.67,0
2713,3347,50,5,311.33,0
2714,4503,86,5,365.04,0
2715,8327,264,4,38.50,5
2716,7525,138,3,331.78,5
2717,9155,34,1,297.79,5
2718,7861,144,4,321.56,0
2719,1731,215,1,252.10,0
2720,17,98,2,115.13,5
2721,1285,275,1,59.35,0
2722,1226,101,2,167.15,0
2723,8820,283,4,390.13,0
2724,5097,190,4,22.53,0
2725,407,246,2,62.04,0
2726,2537,109,4,97.22,10
2727,5823,162,4,270.73,10
2728,4688,137,4,288.60,10
2729,7902,7,2,263.49,0
2730,4515,103,3,252.38,5
2731,544,180,2,323.47,10
2732,1530,14,5,106.54,15
2733,2406,252,3,24.03,5
2734,5219,240,2,117.00,10
2735,3926,78,2,33.23,5
2736,2732,42,1,309.17,15
2737,1755,143,2,374.36,15
2738,9685,123,4,106.64,5
2739,832,95,4,69.49,0
2740,5161,60,5,275.96,5
2741,2016,189,2,299.32,15
2742,3226,135,5,387.74,5
2743,2175,173,3,178.93,0
2744,178,267,1,208.17,0
2745,2358,110,4,326.74,15
2746,9671,227,2,303.25,0
2747,6775,112,2,121.23,0
2748,8020,19,1,20.40,10
2749,9752,210,1,211.85,10
2750,9165,41,1,89.26,5
2751,5106,279,4,313.02,0
2752,4778,8,2,357.93,0
2753,3312,37,1,258.60,0
2754,2627,76,4,297.26,0
2755,8479,87,4,84.63,10
2756,6000,71,5,167.32,0
2757,2094,92,1,50.16,15
2758,7461,153,2,174.41,5
2759,4671,157,2,87.60,0
2760,4124,6,4,190.26,0
2761,2006,109,5,97.22,0
2762,1341,232,1,182.33,10
2763,561,10,3,228.01,5
2764,3292,47,2,202.34,0
2765,8025,150,4,181.60,0
2766,771,245,4,310.10,15
2767,2328,192,4,90.00,0
2768,7342,37,2,258.60,0
2769,8955,1,2,281.65,0
2770,627,27,5,65.87,0
2771,3922,269,5,79.59,0
2772,6205,255,3,339.07,0
2773,459,289,4,90.69,0
2774,6208,283,1,390.13,0
2775,8038,244,3,146.67,10
2776,6311,143,1,374.36,0
2777,7925,43,4,232.40,15
2778,8145,201,1,68.26,15
2779,8805,42,2,309.17,0
2780,5247,15,1,254.29,0
2781,4417,227,3,303.25,0
2782,9549,82,4,278.93,0
2783,1799,71,3,167.32,0
2784,5102,66,1,206.27,0
2785,7567,25,3,157.60,15
2786,591,150,3,181.60,0
2787,2707,256,1,343.78,0
2788,7411,10,5,228.01,0
2789,1922,191,4,226.42,0
2790,1479,46,3,252.91,0
2791,4094,279,5,313.02,10
2792,1972,92,1,50.16,0
2793,9999,92,2,50.16,10
2794,48,68,2,277.33,10
2795,2220,47,5,202.34,15
2796,1586,78,2,33.23,5
2797,2942,217,5,395.04,0
2798,9570,282,4,381.21,15
2799,6819,174,2,232.35,0
2800,533,97,1,234.59,10
2801,9662,191,1,226.42,15
2802,3919,66,1,206.27,0
2803,9591,181,2,259.05,0
2804,764,287,2,257.71,15
2805,7594,230,1,323.29,0
2806,4542,249,2,124.21,0
2807,6216,252,2,24.03,15
2808,6962,27,2,65.87,0
2809,2461,246,1,62.04,0
2810,6709,212,1,324.30,0
2811,2209,272,5,120.04,10
2812,2055,79,4,19.52,0
2813,2589,70,1,315.23,15
2814,8172,78,2,33.23,5
2815,2169,189,3,299.32,0
2816,3323,270,3,246.69,0
2817,596,250,3,178.43,0
2818,7868,136,5,222.85,0
2819,6738,48,2,72.09,5
2820,4328,278,2,334.45,0
2821,5438,122,4,222.97,0
2822,2811,135,4,387.74,5
2823,8445,284,3,111.58,0
2824,7298,278,1,334.45,0
2825,8256,112,2,121.23,0
2826,336,229,1,324.76,0
2827,8758,285,1,258.56,10
2828,3967,17,2,353.82,0
2829,7010,281,5,263.43,15
2830,3636,227,5,303.25,15
2831,5949,273,3,341.96,5
2832,2176,235,1,43.63,5
2833,7785,35,3,335.83,5
2834,807,206,2,31.78,0
2835,5706,273,5,341.96,10
2836,8340,248,4,149.84,0
2837,8708,251,3,113.15,10
2838,2685,262,5,265.12,0
2839,7995,182,3,183.61,5
2840,6782,219,5,30.27,10
2841,6342,89,5,285.99,15
2842,7641,62,1,78.99,5
2843,8396,7,5,263.49,0
2844,9971,168,3,156.48,0
2845,2708,69,2,156.10,0
2846,9595,113,5,75.33,0
2847,9009,227,4,303.25,0
2848,1348,219,4,30.27,0
2849,3337,266,5,7.51,0
2850,6830,107,1,65.37,5
2851,4386,162,4,270.73,5
2852,3840,125,4,327.79,5
2853,3875,50,2,311.33,5
2854,2387,285,3,258.56,5
2855,4863,138,1,331.78,0
2856,9493,162,5,270.73,15
2857,7092,284,3,111.58,0
2858,7626,9,5,150.86,0
2859,7029,31,2,136.27,15
2860,3992,3,3,369.07,0
2861,7910,176,1,367.34,0
2862,3648,209,1,188.28,0
2863,5314,156,5,344.64,5
2864,2646,242,1,67.91,0
2865,5305,185,4,48.99,0
2866,2613,63,5,199.37,5
2867,9709,87,5,84.63,15
2868,6937,172,4,43.91,0
2869,6174,184,2,200.81,0
2870,5920,300,3,60.59,5
2871,4971,189,4,299.32,0
2872,1190,157,2,87.60,10
2873,6680,240,3,117.00,0
2874,2882,145,4,94.23,5
2875,3162,2,2,340.09,10
2876,4422,232,5,182.33,15
2877,5751,144,1,321.56,0
2878,3235,231,2,64.44,0
2879,3275,7,4,263.49,0
2880,7079,292,4,136.17,0
2881,6949,171,5,132.85,10
2882,2404,36,3,229.35,0
2883,4555,176,2,367.34,0
2884,7889,216,4,301.09,0
2885,2633,298,2,253.90,0
2886,7408,70,4,315.23,0
2887,3017,79,4,19.52,5
2888,2174,122,1,222.97,0
2889,3433,164,4,395.54,15
2890,7978,213,5,37.84,0
2891,179,161,5,291.83,15
2892,9466,241,1,101.41,0
2893,803,50,3,311.33,0
2894,2947,246,3,62.04,10
2895,8243,30,4,190.99,0
2896,5901,154,3,343.92,0
2897,8867,107,1,65.37,5
2898,3092,18,3,318.44,0
2899,4332,121,1,251.05,0
2900,3529,213,3,37.84,0
2901,7808,128,1,220.39,0
2902,9001,151,3,214.50,15
2903,6539,235,1,43.63,10
2904,1272,300,3,60.59,15
2905,8535,227,4,303.25,0
2906,2441,52,4,51.91,15
2907,5608,222,1,345.59,0
2908,8226,23,5,393.39,10
2909,7043,4,2,296.68,0
2910,2255,11,3,176.97,0
2911,1890,108,3,261.20,0
2912,2309,171,2,132.85,0
2913,3126,297,2,30.06,0
2914,5338,174,4,232.35,5
2915,5676,269,3,79.59,0
2916,6193,189,1,299.32,0
2917,6039,292,1,136.17,5
2918,2229,28,1,82.43,10
2919,277,264,3,38.50,5
2920,7422,172,1,43.91,10
2921,7128,122,2,222.97,0
2922,8939,245,3,310.10,0
2923,5736,78,4,33.23,0
2924,4268,35,5,335.83,5
2925,1882,159,5,217.33,0
2926,1965,32,1,318.14,0
2927,3474,3,1,369.07,0
2928,2502,215,3,252.10,0
2929,1192,287,2,257.71,0
2930,2347,222,4,345.59,0
2931,7737,229,2,324.76,15
2932,8540,122,5,222.97,0
2933,5079,253,2,286.72,5
2934,8851,259,4,201.35,15
2935,9644,146,2,44.01,0
2936,2449,100,2,371.65,15
2937,6689,166,3,314.43,0
2938,4540,235,1,43.63,0
2939,8955,112,2,121.23,0
2940,4743,3,4,369.07,5
2941,1276,106,3,66.50,0
2942,6280,193,3,85.60,0
2943,2818,144,3,321.56,0
2944,8057,214,5,163.02,5
2945,5594,240,2,117.00,0
2946,3745,39,2,49.89,0
2947,2722,140,2,120.30,15
2948,975,55,1,396.81,0
2949,1046,32,3,318.14,0
2950,8576,222,2,345.59,0
2951,1158,161,4,291.83,0
2952,6952,73,3,222.38,5
2953,8187,35,4,335.83,0
2954,1084,193,4,85.60,5
2955,8172,179,2,237.43,5
2956,5241,135,4,387.74,15
2957,7359,296,4,93.52,0
2958,6685,98,2,115.13,5
2959,1715,178,2,308.38,10
2960,4183,144,4,321.56,0
2961,4623,206,3,31.78,0
2962,3518,191,3,226.42,0
2963,3420,236,2,383.46,5
2964,9114,129,3,265.34,10
2965,2353,50,1,311.33,0
2966,4203,71,2,167.32,0
2967,6583,64,3,245.58,0
2968,9655,168,1,156.48,0
2969,8964,178,5,308.38,0
2970,2796,87,3,84.63,15
2971,7466,39,2,49.89,15
2972,9570,161,1,291.83,0
2973,6440,220,4,131.34,15
2974,8980,266,3,7.51,10
2975,6058,159,4,217.33,10
2976,4792,224,4,8.13,0
2977,650,234,3,268.61,10
2978,6959,158,5,214.14,0
2979,9895,158,4,214.14,10
2980,7136,25,3,157.60,15
2981,9,17,5,353.82,0
2982,7983,61,1,175.74,0
2983,8031,261,4,297.20,0
2984,7895,129,5,265.34,15
2985,263,161,2,291.83,0
2986,9585,67,4,134.74,0
2987,1821,169,2,65.85,15
2988,9248,7,3,263.49,10
2989,5591,189,4,299.32,10
2990,6734,94,3,66.86,0
2991,3718,33,2,330.23,15
2992,1698,137,3,288.60,5
2993,9907,209,4,188.28,10
2994,9306,42,3,309.17,0
2995,5216,101,2,167.15,15
2996,508,106,4,66.50,0
2997,3205,193,3,85.60,10
2998,738,205,5,150.21,15
2999,8923,258,1,171.69,0
3000,3136,110,5,326.74,0
3001,2437,181,5,259.05,0
3002,6219,269,2,79.59,15
3003,2191,209,2,188.28,10
3004,2191,233,4,245.00,5
3005,5741,274,5,53.21,0
3006,34,117,1,350.39,10
3007,6822,247,4,202.30,0
3008,23,298,4,253.90,5
3009,1400,215,3,252.10,0
3010,6689,247,2,202.30,10
3011,9560,268,4,226.31,0
3012,8966,186,4,146.92,0
3013,3965,45,2,382.91,10
3014,8414,148,3,119.97,0
3015,3323,114,1,156.49,0
3016,9089,231,1,64.44,0
3017,6985,217,3,395.04,10
3018,962,227,2,303.25,10
3019,9239,91,5,371.67,0
3020,6305,176,3,367.34,15
3021,9893,23,2,393.39,15
3022,8671,74,1,224.24,0
3023,1807,267,5,208.17,0
3024,9806,100,3,371.65,0
3025,6189,123,3,106.64,15
3026,1295,186,5,146.92,15
3027,3555,212,1,324.30,10
3028,3163,126,3,68.11,15
3029,6562,270,4,246.69,0
3030,5632,198,3,116.63,0
3031,2415,275,5,59.35,0
3032,3098,114,5,156.49,5
3033,3141,37,2,258.60,0
3034,3265,61,2,175.74,0
3035,8000,94,2,66.86,0
3036,4171,191,1,226.42,15
3037,6526,132,2,356.02,5
3038,8574,103,3,252.38,0
3039,9329,149,2,70.07,0
3040,1368,280,3,319.72,5
3041,2458,298,4,253.90,15
3042,5240,170,1,67.45,15
3043,9073,14,2,106.54,10
3044,4162,25,3,157.60,15
3045,5900,148,1,119.97,0
3046,4044,90,2,206.30,0
3047,6363,213,2,37.84,0
3048,450,275,1,59.35,5
3049,8443,207,3,326.57,0
3050,7742,221,5,33.76,0
3051,8808,17,3,353.82,0
3052,2922,122,5,222.97,0
3053,2587,61,5,175.74,15
3054,3738,256,2,343.78,10
3055,2177,42,5,309.17,5
3056,8204,157,4,87.60,0
3057,4018,129,3,265.34,0
3058,6080,113,4,75.33,0
3059,9559,287,4,257.71,0
3060,932,170,5,67.45,5
3061,2521,232,5,182.33,0
3062,3319,16,5,386.04,0
3063,5259,127,3,126.84,5
3064,5757,45,2,382.91,0
3065,1544,109,1,97.22,0
3066,916,71,5,167.32,5
3067,2676,255,5,339.07,0
3068,1008,73,2,222.38,0
3069,5398,265,5,366.02,5
3070,3225,298,4,253.90,0
3071,379,8,2,357.93,0
3072,1456,150,3,181.60,10
3073,1590,188,1,61.43,0
3074,3786,293,2,58.98,0
3075,1205,275,4,59.35,0
3076,5071,121,4,251.05,0
3077,3953,159,1,217.33,0
3078,7376,148,5,119.97,15
3079,1142,226,5,348.65,0
3080,8062,186,4,146.92,0
3081,4742,163,2,20.58,10
3082,2977,44,4,57.92,5
3083,8957,146,5,44.01,10
3084,7842,179,3,237.43,15
3085,7841,179,5,237.43,5
3086,7433,224,1,8.13,0
3087,4000,86,3,365.04,0
3088,9616,10,1,228.01,0
3089,603,86,5,365.04,0
3090,3578,135,1,387.74,15
3091,4904,288,2,66.37,5
3092,2068,249,1,124.21,0
3093,6901,42,2,309.17,15
3094,8488,55,5,396.81,15
3095,3021,291,1,25.51,15
3096,830,190,5,22.53,0
3097,4074,19,5,20.40,0
3098,545,29,2,34.87,15
3099,8715,177,3,218.39,15
3100,5172,3,5,369.07,10
3101,8407,138,3,331.78,0
3102,2547,30,1,190.99,0
3103,9004,160,2,132.63,0
3104,9836,169,5,65.85,0
3105,2819,101,2,167.15,10
3106,4889,230,5,323.29,0
3107,1274,144,4,321.56,0
3108,5822,4,2,296.68,10
3109,8169,64,2,245.58,0
3110,2637,172,2,43.91,15
3111,6650,209,4,188.28,10
3112,8211,60,3,275.96,15
3113,380,185,4,48.99,0
3114,2958,291,4,25.51,0
3115,3444,108,5,261.20,0
3116,1046,276,4,342.04,10
3117,6758,50,1,311.33,15
3118,8337,98,2,115.13,0
3119,9938,1,3,281.65,15
3120,3789,285,4,258.56,0
3121,1088,92,1,50.16,15
3122,5778,273,3,341.96,0
3123,1723,117,1,350.39,15
3124,6850,213,2,37.84,0
3125,3059,165,4,273.91,0
3126,2482,71,5,167.32,5
3127,4191,6,2,190.26,0
3128,6409,12,1,161.29,0
3129,5288,172,5,43.91,0
3130,4859,172,2,43.91,0
3131,242,183,3,78.33,0
3132,780,144,4,321.56,0
3133,696,158,1,214.14,0
3134,8095,198,2,116.63,10
3135,7141,19,1,20.40,10
3136,9441,11,5,176.97,15
3137,2032,163,1,20.58,0
3138,8119,288,3,66.37,15
3139,9805,190,4,22.53,0
3140,689,99,3,283.04,0
3141,2990,227,4,303.25,0
3142,5367,75,1,347.15,10
3143,4476,228,4,335.11,0
3144,4416,94,5,66.86,0
3145,847,224,5,8.13,0
3146,1848,248,1,149.84,15
3147,8362,242,5,67.91,10
3148,8419,249,5,124.21,0
3149,9148,217,3,395.04,5
3150,9949,139,5,321.64,5
3151,2053,98,4,115.13,0
3152,2925,130,4,200.63,0
3153,4385,171,4,132.85,5
3154,2882,142,4,249.44,0
3155,7147,163,4,20.58,0
3156,2320,292,5,136.17,0
3157,2457,203,3,6.30,0
3158,2844,45,3,382.91,0
3159,5405,24,3,74.40,5
3160,7360,30,3,190.99,10
3161,1965,111,5,225.30,0
3162,1623,240,5,117.00,10
3163,8744,15,5,254.29,15
3164,9501,107,2,65.37,0
3165,4137,209,1,188.28,0
3166,9201,21,2,299.77,10
3167,5424,37,5,258.60,5
3168,4637,178,3,308.38,10
3169,8927,229,5,324.76,0
3170,6726,98,4,115.13,0
3171,6348,183,5,78.33,0
3172,6997,75,5,347.15,10
3173,8381,256,1,343.78,0
3174,8824,159,5,217.33,0
3175,6384,8,2,357.93,10
3176,9181,109,4,97.22,0
3177,5016,181,4,259.05,0
3178,1736,204,1,197.94,10
3179,6915,300,1,60.59,0
3180,4876,21,2,299.77,0
3181,749,253,5,286.72,0
3182,6730,6,3,190.26,0
3183,2204,296,3,93.52,0
3184,4443,266,2,7.51,15
3185,8115,74,1,224.24,15
3186,3949,3,5,369.07,5
3187,6536,157,3,87.60,5
3188,7799,280,1,319.72,0
3189,7015,101,2,167.15,10
3190,7554,259,3,201.35,5
3191,4186,16,2,386.04,0
3192,6993,39,3,49.89,0
3193,2269,177,4,218.39,5
3194,1060,131,3,91.11,10
3195,4391,64,1,245.58,10
3196,5893,194,1,212.39,5
3197,4476,59,2,213.06,0
3198,9911,189,3,299.32,10
3199,6493,78,2,33.23,0
3200,2317,282,1,381.21,0
3201,1848,239,2,320.95,10
3202,3196,67,5,134.74,10
3203,5778,89,2,285.99,15
3204,2459,115,5,353.64,15
3205,8155,252,1,24.03,15
3206,1212,164,1,395.54,5
3207,4096,240,1,117.00,0
3208,131,241,4,101.41,0
3209,8596,218,3,385.74,0
3210,5862,127,2,126.84,5
3211,5763,255,4,339.07,5
3212,3944,38,4,200.72,5
3213,7311,118,4,351.34,0
3214,454,47,2,202.34,0
3215,6684,40,4,226.87,5
3216,5733,47,1,202.34,0
3217,1122,218,2,385.74,0
3218,5152,83,2,80.10,0
3219,7313,153,3,174.41,5
3220,4118,124,2,320.32,10
3221,5543,249,4,124.21,0
3222,6513,265,4,366.02,0
3223,9212,16,5,386.04,15
3224,7530,243,1,297.01,15
3225,9745,194,2,212.39,10
3226,5867,138,1,331.78,0
3227,4414,202,3,268.66,0
3228,8139,230,4,323.29,5
3229,7254,80,4,392.68,0
3230,4979,138,1,331.78,0
3231,6310,248,4,149.84,0
3232,2512,174,4,232.35,0
3233,2845,271,3,327.62,0
3234,7635,38,1,200.72,0
3235,7798,130,3,200.63,0
3236,1321,98,4,115.13,5
3237,2842,257,2,63.30,15
3238,9395,43,2,232.40,10
3239,5311,196,3,160.55,0
3240,3663,61,2,175.74,15
3241,7211,136,5,222.85,15
3242,9055,108,2,261.20,5
3243,3187,164,1,395.54,10
3244,6652,31,5,136.27,0
3245,783,163,5,20.58,5
3246,5752,20,2,344.16,0
3247,3246,264,5,38.50,0
3248,3522,161,3,291.83,0
3249,8965,115,1,353.64,0
3250,3843,239,5,320.95,5
3251,5655,141,4,53.20,5
3252,9102,50,1,311.33,5
3253,1617,239,1,320.95,10
3254,626,232,1,182.33,0
3255,5394,240,1,117.00,0
3256,1453,273,5,341.96,10
3257,5102,181,1,259.05,10
3258,8844,196,1,160.55,0
3259,3324,37,3,258.60,0
3260,1222,190,2,22.53,0
3261,5620,292,1,136.17,5
3262,2956,141,5,53.20,0
3263,1710,64,1,245.58,10
3264,8754,105,2,338.11,0
3265,7002,188,3,61.43,5
3266,2575,89,3,285.99,0
3267,6997,143,4,374.36,0
3268,4851,234,3,268.61,0
3269,3737,202,1,268.66,15
3270,6637,163,5,20.58,0
3271,8585,20,2,344.16,15
3272,2928,167,5,245.05,0
3273,2383,194,1,212.39,0
3274,5627,225,4,338.57,0
3275,900,147,2,344.67,0
3276,8958,72,2,370.40,10
3277,6006,19,5,20.40,0
3278,1531,30,5,190.99,0
3279,3628,190,5,22.53,0
3280,4050,181,4,259.05,0
3281,7243,44,2,57.92,0
3282,6142,269,3,79.59,0
3283,8637,227,3,303.25,0
3284,8756,189,2,299.32,0
3285,9878,176,5,367.34,5
3286,3780,254,1,396.05,5
3287,1031,159,5,217.33,0
3288,2512,239,2,320.95,10
3289,5319,193,1,85.60,0
3290,6921,291,5,25.51,15
3291,9132,153,2,174.41,5
3292,85,217,2,395.04,5
3293,8255,55,2,396.81,0
3294,6585,79,3,19.52,0
3295,8292,244,3,146.67,5
3296,7764,117,4,350.39,5
3297,4810,50,1,311.33,0
3298,167,54,5,316.28,15
3299,1043,3,5,369.07,10
3300,2459,20,2,344.16,0
3301,4017,270,3,246.69,0
3302,1418,111,5,225.30,5
3303,611,28,1,82.43,15
3304,7379,275,2,59.35,10
3305,5694,237,1,199.63,10
3306,5111,110,2,326.74,10
3307,4006,281,3,263.43,0
3308,974,256,1,343.78,5
3309,6333,99,2,283.04,0
3310,4981,58,1,218.95,0
3311,8695,170,5,67.45,0
3312,284,285,4,258.56,15
3313,724,219,3,30.27,5
3314,1920,78,5,33.23,5
3315,2448,104,5,188.19,5
3316,176,198,2,116.63,0
3317,7811,151,3,214.50,5
3318,5198,9,2,150.86,0
3319,8096,281,2,263.43,5
3320,7498,112,3,121.23,0
3321,7304,132,2,356.02,10
3322,1318,295,1,307.36,0
3323,8066,241,2,101.41,0
3324,301,113,3,75.33,10
3325,1160,152,3,359.63,0
3326,7766,140,3,120.30,15
3327,879,143,1,374.36,0
3328,1444,95,4,69.49,10
3329,4923,232,3,182.33,0
3330,3973,198,3,116.63,15
3331,3886,47,4,202.34,5
3332,7259,253,1,286.72,0
3333,4069,37,1,258.60,10
3334,5345,199,2,378.96,0
3335,3990,108,2,261.20,0
3336,6856,291,2,25.51,5
3337,849,108,1,261.20,10
3338,3293,167,5,245.05,15
3339,9109,209,2,188.28,5
3340,8052,240,4,117.00,15
3341,6465,241,2,101.41,15
3342,7391,201,5,68.26,15
3343,3312,242,4,67.91,0
3344,4126,14,3,106.54,5
3345,6051,48,5,72.09,10
3346,3732,26,1,122.89,15
3347,4253,234,5,268.61,0
3348,1792,243,1,297.01,0
3349,451,180,3,323.47,5
3350,8794,245,3,310.10,15
3351,1955,113,3,75.33,5
3352,5772,219,4,30.27,0
3353,5446,246,4,62.04,10
3354,8087,214,5,163.02,0
3355,9088,147,4,344.67,15
3356,6962,67,1,134.74,0
3357,4651,125,4,327.79,0
3358,1635,186,3,146.92,10
3359,588,257,2,63.30,0
3360,6818,116,5,368.79,0
3361,6813,162,3,270.73,0
3362,4104,288,2,66.37,0
3363,756,19,5,20.40,0
3364,9701,283,4,390.13,5
3365,7812,116,3,368.79,0
3366,9623,39,5,49.89,0
3367,29,88,1,42.74,15
3368,1025,272,1,120.04,10
3369,9357,188,4,61.43,0
3370,3152,119,5,86.31,5
3371,6769,37,4,258.60,0
3372,3077,28,3,82.43,0
3373,9651,141,3,53.20,10
3374,4309,268,1,226.31,0
3375,150,176,4,367.34,5
3376,6166,107,1,65.37,0
3377,6942,72,5,370.40,0
3378,6769,86,4,365.04,5
3379,7570,13,5,97.73,0
3380,6484,53,5,200.65,0
3381,409,204,2,197.94,5
3382,2701,98,4,115.13,0
3383,3016,52,5,51.91,0
3384,9294,298,3,253.90,0
3385,5872,2,5,340.09,0
3386,6622,77,5,338.07,5
3387,8736,127,5,126.84,10
3388,5641,74,3,224.24,0
3389,9142,173,4,178.93,0
3390,5675,147,1,344.67,5
3391,6302,171,4,132.85,10
3392,1507,199,2,378.96,10
3393,5777,157,4,87.60,15
3394,503,248,4,149.84,10
3395,6385,111,2,225.30,10
3396,4808,121,3,251.05,0
3397,6503,186,4,146.92,15
3398,5056,6,3,190.26,0
3399,5536,218,1,385.74,0
3400,2897,232,4,182.33,0
3401,9403,12,1,161.29,5
3402,9340,126,4,68.11,5
3403,5713,273,2,341.96,0
3404,4735,2,3,340.09,0
3405,1854,201,5,68.26,0
3406,7618,153,1,174.41,10
3407,8620,78,4,33.23,5
3408,2223,54,4,316.28,15
3409,6669,197,2,208.34,0
3410,9847,224,2,8.13,10
3411,3262,101,1,167.15,15
3412,9742,20,1,344.16,10
3413,8809,294,4,200.35,10
3414,1733,256,2,343.78,0
3415,4341,141,3,53.20,15
3416,8079,51,3,340.30,10
3417,4341,143,5,374.36,0
3418,66,260,2,294.26,0
3419,8819,122,1,222.97,15
3420,6428,76,5,297.26,0
3421,3713,107,3,65.37,0
3422,2143,118,5,351.34,0
3423,6576,229,3,324.76,0
3424,6972,95,1,69.49,0
3425,5621,300,4,60.59,0
3426,9183,120,4,388.54,5
3427,9393,209,2,188.28,0
3428,5010,126,3,68.11,0
3429,7224,124,5,320.32,0
3430,3106,74,4,224.24,10
3431,2482,254,2,396.05,10
3432,1075,65,5,76.41,5
3433,1521,84,4,124.05,15
3434,1597,19,5,20.40,10
3435,2337,70,5,315.23,0
3436,1187,54,4,316.28,5
3437,722,190,3,22.53,15
3438,9683,220,1,131.34,5
3439,5250,58,5,218.95,0
3440,9185,271,1,327.62,0
3441,4883,55,2,396.81,0
3442,3777,52,2,51.91,5
3443,5090,37,2,258.60,0
3444,1680,1,1,281.65,0
3445,9038,219,4,30.27,15
3446,399,103,1,252.38,0
3447,7448,116,1,368.79,5
3448,578,247,2,202.30,0
3449,4199,83,2,80.10,15
3450,5083,274,3,53.21,0
3451,8369,249,2,124.21,0
3452,5891,26,5,122.89,0
3453,8312,183,2,78.33,10
3454,9690,43,3,232.40,15
3455,8088,187,4,234.45,15
3456,6420,102,3,102.20,5
3457,4908,7,1,263.49,10
3458,35,235,3,43.63,0
3459,7479,80,3,392.68,0
3460,9771,160,1,132.63,10
3461,2058,254,1,396.05,0
3462,9137,254,4,396.05,0
3463,9564,246,5,62.04,0
3464,1932,91,1,371.67,0
3465,4690,31,3,136.27,5
3466,2822,180,1,323.47,0
3467,784,38,2,200.72,10
3468,6798,232,5,182.33,0
3469,3621,166,1,314.43,0
3470,7159,226,2,348.65,5
3471,7513,103,5,252.38,0
3472,7456,38,3,200.72,5
3473,5551,25,2,157.60,15
3474,6486,133,5,47.71,0
3475,4067,120,2,388.54,5
3476,9576,127,4,126.84,0
3477,3775,61,1,175.74,0
3478,2713,247,1,202.30,15
3479,4689,69,3,156.10,0
3480,2419,183,1,78.33,0
3481,1764,121,1,251.05,10
3482,5109,32,5,318.14,15
3483,5534,124,3,320.32,0
3484,5233,119,2,86.31,0
3485,879,206,4,31.78,0
3486,2016,232,5,182.33,0
3487,127,68,4,277.33,5
3488,169,191,5,226.42,10
3489,4603,10,3,228.01,0
3490,1896,75,2,347.15,10
3491,8334,181,3,259.05,0
3492,7860,159,1,217.33,0
3493,6493,93,3,28.93,0
3494,4049,199,5,378.96,0
3495,6363,185,2,48.99,10
3496,2762,13,2,97.73,15
3497,5211,108,1,261.20,0
3498,1068,113,4,75.33,15
3499,1287,93,1,28.93,0
3500,5625,51,1,340.30,0
3501,3839,55,5,396.81,5
3502,2313,263,5,116.93,10
3503,1408,139,2,321.64,10
3504,4222,187,2,234.45,0
3505,4428,256,5,343.78,15
3506,903,20,2,344.16,5
3507,472,17,3,353.82,5
3508,6065,52,2,51.91,0
3509,5163,238,3,200.57,0
3510,688,68,3,277.33,0
3511,9886,176,3,367.34,0
3512,854,21,1,299.77,0
3513,5640,28,5,82.43,0
3514,6457,199,3,378.96,0
3515,4466,123,5,106.64,10
3516,4682,7,2,263.49,15
3517,9440,186,2,146.92,15
3518,3438,54,5,316.28,0
3519,5394,169,1,65.85,5
3520,4430,248,1,149.84,15
3521,2836,193,3,85.60,15
3522,7065,26,5,122.89,0
3523,2294,126,3,68.11,15
3524,181,40,4,226.87,5
3525,6140,70,2,315.23,0
3526,4468,45,1,382.91,10
3527,1982,298,2,253.90,0
3528,3935,272,3,120.04,10
3529,7038,116,2,368.79,5
3530,4325,17,2,353.82,0
3531,2783,218,1,385.74,0
3532,6769,106,2,66.50,5
3533,9810,49,2,123.44,15
3534,6149,46,1,252.91,0
3535,93,74,4,224.24,0
3536,1512,135,3,387.74,0
3537,9513,139,1,321.64,10
3538,165,246,4,62.04,0
3539,4309,226,5,348.65,10
3540,2222,176,1,367.34,10
3541,7999,209,5,188.28,10
3542,7630,174,4,232.35,5
3543,7437,300,5,60.59,0
3544,5838,116,1,368.79,0
3545,5868,298,5,253.90,0
3546,9778,171,2,132.85,0
3547,1652,227,1,303.25,0
3548,8864,124,2,320.32,10
3549,5893,131,5,91.11,0
3550,7508,291,4,25.51,0
3551,1253,25,2,157.60,10
3552,4023,157,3,87.60,0
3553,7539,108,1,261.20,0
3554,1999,93,5,28.93,5
3555,644,131,1,91.11,0
3556,4852,85,5,114.41,0
3557,472,144,3,321.56,5
3558,7843,25,2,157.60,5
3559,736,199,1,378.96,15
3560,6665,6,5,190.26,0
3561,5363,64,3,245.58,0
3562,6836,267,2,208.17,5
3563,9699,266,2,7.51,0
3564,7193,196,4,160.55,5
3565,2055,7,3,263.49,0
3566,272,294,1,200.35,0
3567,6158,154,5,343.92,0
3568,4949,163,1,20.58,15
3569,4354,104,2,188.19,15
3570,7461,155,2,190.98,5
3571,5728,230,5,323.29,0
3572,1491,274,2,53.21,5
3573,5613,150,1,181.60,5
3574,4640,72,3,370.40,0
3575,1318,92,5,50.16,10
3576,5109,223,3,23.99,5
3577,6937,19,2,20.40,5
3578,1341,139,2,321.64,15
3579,3192,99,4,283.04,0
3580,8963,42,2,309.17,0
3581,5666,123,3,106.64,5
3582,3276,9,1,150.86,0
3583,3943,134,5,378.20,0
3584,7119,110,2,326.74,0
3585,4474,18,1,318.44,0
3586,2249,16,2,386.04,15
3587,503,19,2,20.40,15
3588,7386,202,5,268.66,15
3589,678,65,1,76.41,10
3590,1556,215,1,252.10,0
3591,4232,258,1,171.69,0
3592,3455,117,4,350.39,0
3593,1939,148,4,119.97,10
3594,1800,178,3,308.38,15
3595,72,242,4,67.91,0
3596,7489,45,5,382.91,0
3597,1675,47,5,202.34,15
3598,3106,114,3,156.49,10
3599,9821,285,4,258.56,5
3600,2978,210,3,211.85,0
3601,7655,202,3,268.66,0
3602,3732,63,1,199.37,15
3603,2630,75,2,347.15,0
3604,8831,36,4,229.35,0
3605,7642,232,2,182.33,5
3606,4226,142,1,249.44,0
3607,792,135,1,387.74,0
3608,143,292,1,136.17,0
3609,7639,226,5,348.65,0
3610,8170,51,1,340.30,15
3611,1847,286,2,362.28,5
3612,3262,174,3,232.35,0
3613,383,7,5,263.49,0
3614,1979,282,5,381.21,5
3615,7091,278,4,334.45,10
3616,8297,4,1,296.68,15
3617,3627,185,2,48.99,15
3618,7310,120,5,388.54,0
3619,2749,139,1,321.64,15
3620,1814,207,2,326.57,0
3621,8783,205,5,150.21,0
3622,5688,96,3,264.06,5
3623,8174,176,2,367.34,5
3624,3221,217,2,395.04,10
3625,3546,42,3,309.17,0
3626,4912,168,2,156.48,5
3627,9745,11,1,176.97,10
3628,9335,84,2,124.05,0
3629,6228,8,3,357.93,0
3630,844,77,5,338.07,5
3631,8787,286,1,362.28,5
3632,5796,292,2,136.17,5
3633,1122,69,4,156.10,15
3634,2485,279,3,313.02,0
3635,2396,78,5,33.23,5
3636,4191,32,3,318.14,10
3637,5363,49,1,123.44,10
3638,1854,84,5,124.05,0
3639,5556,253,2,286.72,0
3640,5296,114,3,156.49,0
3641,7928,266,2,7.51,10
3642,6842,70,2,315.23,0
3643,8990,165,1,273.91,5
3644,6530,86,3,365.04,0
3645,453,30,2,190.99,0
3646,6154,264,2,38.50,5
3647,6383,60,3,275.96,5
3648,4082,296,2,93.52,5
3649,9440,150,5,181.60,0
3650,583,155,4,190.98,0
3651,5987,200,1,67.84,5
3652,5437,262,3,265.12,15
3653,3910,246,5,62.04,5
3654,8373,266,4,7.51,15
3655,6302,73,2,222.38,0
3656,9433,34,5,297.79,10
3657,3339,150,3,181.60,10
3658,6902,99,4,283.04,5
3659,9936,300,4,60.59,0
3660,5631,298,2,253.90,10
3661,7628,190,3,22.53,10
3662,6181,171,5,132.85,0
3663,8710,181,4,259.05,15
3664,2851,56,1,372.10,0
3665,517,220,3,131.34,0
3666,1422,6,5,190.26,10
3667,5636,194,3,212.39,15
3668,5723,287,5,257.71,10
3669,9211,4,3,296.68,10
3670,4194,135,2,387.74,15
3671,7868,292,5,136.17,0
3672,7652,151,4,214.50,15
3673,9207,134,2,378.20,0
3674,3040,22,3,193.70,0
3675,7954,190,4,22.53,0
3676,9759,208,4,389.11,0
3677,5489,210,1,211.85,0
3678,4233,296,4,93.52,0
3679,9201,277,4,219.37,15
3680,6329,26,3,122.89,10
3681,602,291,2,25.51,0
3682,6586,236,1,383.46,0
3683,8077,89,2,285.99,15
3684,4304,29,5,34.87,15
3685,6813,251,5,113.15,0
3686,4276,145,4,94.23,0
3687,8003,36,5,229.35,10
3688,1947,263,1,116.93,0
3689,1920,250,5,178.43,5
3690,5753,280,2,319.72,10
3691,2885,144,3,321.56,0
3692,6912,104,4,188.19,0
3693,1127,10,4,228.01,15
3694,6408,44,4,57.92,10
3695,4737,205,5,150.21,5
3696,140,207,4,326.57,0
3697,8464,107,4,65.37,0
3698,5583,134,1,378.20,5
3699,5881,186,2,146.92,0
3700,8608,28,2,82.43,0
3701,1601,65,2,76.41,0
3702,2959,232,5,182.33,0
3703,3877,57,4,140.14,10
3704,1615,274,3,53.21,0
3705,8524,72,4,370.40,5
3706,9928,122,3,222.97,0
3707,7697,192,2,90.00,10
3708,8531,115,3,353.64,0
3709,3745,161,3,291.83,0
3710,9039,197,2,208.34,5
3711,93,45,4,382.91,0
3712,7854,180,2,323.47,0
3713,3109,199,4,378.96,10
3714,3487,222,5,345.59,5
3715,5649,99,1,283.04,10
3716,2868,291,5,25.51,10
3717,9430,164,3,395.54,10
3718,1833,283,5,390.13,0
3719,7862,3,4,369.07,10
3720,8409,230,2,323.29,0
3721,6958,248,1,149.84,15
3722,6321,83,5,80.10,5
3723,9623,171,5,132.85,5
3724,6787,132,5,356.02,0
3725,3071,97,3,234.59,5
3726,6576,172,5,43.91,15
3727,16,238,4,200.57,15
3728,6150,230,5,323.29,0
3729,3686,5,1,235.25,0
3730,3034,114,1,156.49,0
3731,8385,3,1,369.07,10
3732,2098,55,5,396.81,5
3733,4984,108,1,261.20,0
3734,5910,269,1,79.59,5
3735,1963,105,3,338.11,0
3736,672,209,5,188.28,15
3737,6268,262,1,265.12,5
3738,2486,150,3,181.60,5
3739,950,96,2,264.06,0
3740,4929,177,1,218.39,0
3741,8010,87,2,84.63,15
3742,2415,85,3,114.41,10
3743,8808,241,1,101.41,0
3744,823,251,1,113.15,10
3745,1277,213,3,37.84,15
3746,4723,290,4,25.70,10
3747,8391,109,4,97.22,15
3748,4885,184,4,200.81,0
3749,4670,42,4,309.17,5
3750,7259,24,1,74.40,0
3751,4271,57,2,140.14,0
3752,736,38,2,200.72,0
3753,4807,298,1,253.90,0
3754,1022,262,5,265.12,10
3755,3771,77,5,338.07,0
3756,1867,300,5,60.59,0
3757,7901,263,4,116.93,10
3758,2808,254,5,396.05,0
3759,8076,34,4,297.79,0
3760,7264,86,5,365.04,10
3761,6325,188,2,61.43,0
3762,7655,184,2,200.81,0
3763,2057,73,5,222.38,0
3764,3522,118,2,351.34,0
3765,7396,118,1,351.34,0
3766,2083,124,4,320.32,10
3767,8288,288,3,66.37,10
3768,6284,26,4,122.89,0
3769,3423,143,4,374.36,0
3770,8299,197,5,208.34,10
3771,9508,117,2,350.39,15
3772,8863,278,3,334.45,0
3773,1408,90,2,206.30,10
3774,8517,87,1,84.63,15
3775,1736,137,5,288.60,0
3776,7372,16,3,386.04,15
3777,5464,172,3,43.91,15
3778,3609,2,4,340.09,0
3779,6907,75,3,347.15,15
3780,8244,70,3,315.23,0
3781,1956,207,5,326.57,0
3782,5822,13,3,97.73,5
3783,2806,278,4,334.45,0
3784,2240,244,3,146.67,5
3785,5878,129,2,265.34,0
3786,8715,155,3,190.98,15
3787,2905,67,4,134.74,10
3788,5273,65,2,76.41,0
3789,6752,55,5,396.81,0
3790,2855,114,2,156.49,15
3791,1473,282,3,381.21,0
3792,3422,177,3,218.39,0
3793,3231,21,1,299.77,5
3794,8688,291,1,25.51,5
3795,5490,272,4,120.04,0
3796,1295,119,3,86.31,10
3797,7891,237,4,199.63,0
3798,2487,72,5,370.40,15
3799,1074,72,5,370.40,15
3800,579,109,4,97.22,0
3801,6343,10,3,228.01,10
3802,1375,76,2,297.26,0
3803,4113,289,5,90.69,0
3804,1541,85,4,114.41,0
3805,1544,116,3,368.79,10
3806,8208,282,5,381.21,15
3807,213,171,1,132.85,0
3808,4243,66,1,206.27,10
3809,3475,56,5,372.10,0
3810,5703,290,3,25.70,10
3811,8155,229,1,324.76,15
3812,9397,81,5,191.34,15
3813,9066,79,2,19.52,0
3814,4929,230,5,323.29,0
3815,1502,123,5,106.64,0
3816,5149,75,3,347.15,0
3817,2125,134,4,378.20,0
3818,1546,142,3,249.44,0
3819,4382,90,5,206.30,0
3820,9241,157,2,87.60,0
3821,5335,256,3,343.78,10
3822,74,136,2,222.85,0
3823,4349,118,1,351.34,0
3824,5907,264,3,38.50,0
3825,4169,175,2,372.30,5
3826,7088,270,4,246.69,5
3827,8560,77,2,338.07,15
3828,6030,220,4,131.34,5
3829,9271,85,2,114.41,15
3830,1599,150,5,181.60,5
3831,2532,241,5,101.41,0
3832,5310,241,4,101.41,15
3833,6359,238,1,200.57,0
3834,9061,167,4,245.05,0
3835,9518,144,5,321.56,10
3836,3057,30,4,190.99,10
3837,719,167,5,245.05,0
3838,562,233,2,245.00,0
3839,7470,76,3,297.26,15
3840,144,139,1,321.64,0
3841,5365,79,3,19.52,10
3842,2279,252,2,24.03,15
3843,8219,45,5,382.91,5
3844,3097,135,3,387.74,0
3845,5658,270,4,246.69,5
3846,5737,260,4,294.26,0
3847,9013,135,3,387.74,15
3848,5401,233,2,245.00,0
3849,5999,251,3,113.15,5
3850,8898,28,3,82.43,5
3851,1489,251,5,113.15,0
3852,3435,147,1,344.67,0
3853,9929,29,2,34.87,0
3854,9358,179,2,237.43,0
3855,7831,280,2,319.72,5
3856,4744,212,2,324.30,10
3857,945,115,5,353.64,0
3858,4161,78,1,33.23,15
3859,1989,269,4,79.59,5
3860,7434,159,2,217.33,10
3861,5964,207,5,326.57,5
3862,1102,61,3,175.74,15
3863,5392,271,3,327.62,0
3864,8567,190,1,22.53,5
3865,8725,85,2,114.41,15
3866,4185,253,3,286.72,15
3867,9970,184,3,200.81,0
3868,179,171,4,132.85,0
3869,7055,264,1,38.50,0
3870,9292,8,5,357.93,0
3871,5575,211,5,323.51,0
3872,7249,193,4,85.60,5
3873,1700,39,1,49.89,5
3874,6334,15,2,254.29,5
3875,5055,50,5,311.33,15
3876,5077,233,2,245.00,0
3877,7158,42,4,309.17,5
3878,1591,69,3,156.10,5
3879,803,247,3,202.30,0
3880,2992,222,3,345.59,10
3881,7617,206,2,31.78,5
3882,8316,76,2,297.26,0
3883,2698,226,5,348.65,5
3884,7684,207,4,326.57,0
3885,8506,116,2,368.79,0
3886,6611,200,4,67.84,10
3887,1993,82,1,278.93,5
3888,4953,250,2,178.43,10
3889,2155,148,5,119.97,10
3890,4142,3,3,369.07,10
3891,5442,75,2,347.15,0
3892,4979,224,1,8.13,10
3893,4674,230,3,323.29,0
3894,7330,47,5,202.34,15
3895,1745,111,4,225.30,15
3896,4150,294,3,200.35,15
3897,2949,296,5,93.52,0
3898,2736,225,4,338.57,0
3899,3274,233,2,245.00,10
3900,1314,98,4,115.13,0
3901,797,79,1,19.52,15
3902,482,227,5,303.25,0
3903,5728,275,3,59.35,0
3904,9435,49,2,123.44,10
3905,8292,114,1,156.49,15
3906,8323,196,2,160.55,5
3907,6125,107,2,65.37,0
3908,6310,66,4,206.27,0
3909,9325,120,3,388.54,15
3910,9412,255,1,339.07,5
3911,8029,87,3,84.63,15
3912,7104,253,1,286.72,15
3913,2936,142,4,249.44,15
3914,7485,13,1,97.73,5
3915,2845,285,3,258.56,15
3916,3841,223,5,23.99,5
3917,7185,129,2,265.34,5
3918,5980,293,2,58.98,0
3919,5516,152,5,359.63,15
3920,4363,279,2,313.02,0
3921,6967,212,2,324.30,15
3922,754,79,5,19.52,0
3923,5563,129,2,265.34,0
3924,9442,254,5,396.05,10
3925,9666,252,3,24.03,15
3926,2460,84,5,124.05,15
3927,4821,33,1,330.23,0
3928,9807,256,1,343.78,0
3929,1175,234,3,268.61,0
3930,5382,278,3,334.45,0
3931,4920,78,4,33.23,15
3932,7480,263,5,116.93,5
3933,8640,6,4,190.26,5
3934,459,69,4,156.10,0
3935,4805,251,5,113.15,0
3936,1711,138,2,331.78,5
3937,6875,291,1,25.51,10
3938,9652,219,2,30.27,10
3939,9659,189,2,299.32,0
3940,4403,78,3,33.23,5
3941,6923,148,2,119.97,0
3942,2742,151,4,214.50,0
3943,7521,209,1,188.28,0
3944,8694,171,5,132.85,5
3945,2739,185,5,48.99,5
3946,7924,126,4,68.11,0
3947,5643,33,2,330.23,5
3948,4613,161,3,291.83,0
3949,4261,70,1,315.23,10
3950,2201,285,5,258.56,0
3951,7030,21,5,299.77,5
3952,2104,237,1,199.63,15
3953,1448,127,3,126.84,5
3954,1492,254,3,396.05,5
3955,8494,197,5,208.34,0
3956,3391,288,5,66.37,0
3957,4528,88,1,42.74,0
3958,6669,205,4,150.21,15
3959,6178,130,4,200.63,15
3960,5357,300,2,60.59,15
3961,6399,190,1,22.53,0
3962,2349,248,3,149.84,15
3963,2788,242,2,67.91,0
3964,247,35,5,335.83,15
3965,5851,231,1,64.44,15
3966,2590,256,5,343.78,0
3967,5529,26,2,122.89,0
3968,9506,226,5,348.65,5
3969,8106,117,1,350.39,0
3970,4651,30,1,190.99,0
3971,5091,190,1,22.53,10
3972,9735,6,2,190.26,0
3973,5505,249,4,124.21,0
3974,6214,224,5,8.13,15
3975,1306,275,2,59.35,10
3976,5257,106,3,66.50,0
3977,3311,223,5,23.99,15
3978,6013,154,3,343.92,15
3979,682,286,1,362.28,10
3980,1116,271,1,327.62,0
3981,2574,155,2,190.98,0
3982,5293,106,5,66.50,0
3983,8914,58,1,218.95,15
3984,200,220,5,131.34,0
3985,1351,232,2,182.33,0
3986,8738,295,4,307.36,5
3987,3359,58,3,218.95,10
3988,2467,151,2,214.50,5
3989,6159,285,5,258.56,0
3990,1906,208,3,389.11,0
3991,2521,261,2,297.20,5
3992,2843,252,3,24.03,0
3993,7017,270,1,246.69,15
3994,4753,22,3,193.70,15
3995,1837,141,5,53.20,0
3996,6243,266,3,7.51,5
3997,8575,67,5,134.74,5
3998,6047,69,2,156.10,0
3999,1137,9,2,150.86,10
4000,9735,188,5,61.43,5
4001,5182,99,2,283.04,5
4002,3845,249,3,124.21,0
4003,4537,11,5,176.97,0
4004,8966,259,5,201.35,10
4005,3925,54,1,316.28,0
4006,9827,124,1,320.32,0
4007,9035,168,3,156.48,10
4008,6183,135,5,387.74,0
4009,8478,97,1,234.59,5
4010,6207,40,3,226.87,0
4011,7340,90,5,206.30,15
4012,757,90,4,206.30,15
4013,8800,21,2,299.77,0
4014,3196,190,5,22.53,0
4015,1166,190,1,22.53,0
4016,529,44,4,57.92,5
4017,3012,60,1,275.96,5
4018,63,172,2,43.91,0
4019,2650,149,1,70.07,5
4020,238,272,3,120.04,0
4021,7430,76,3,297.26,10
4022,1515,32,2,318.14,0
4023,3577,55,1,396.81,5
4024,3845,259,3,201.35,10
4025,3885,150,4,181.60,5
4026,7936,21,1,299.77,0
4027,1733,76,1,297.26,0
4028,2463,245,2,310.10,0
4029,3891,149,5,70.07,15
4030,481,128,2,220.39,5
4031,9401,20,5,344.16,10
4032,559,40,3,226.87,10
4033,1797,163,1,20.58,0
4034,4416,46,1,252.91,0
4035,919,131,2,91.11,10
4036,6129,157,2,87.60,0
4037,2009,222,2,345.59,5
4038,7341,228,4,335.11,5
4039,5696,101,2,167.15,0
4040,3386,144,5,321.56,0
4041,9664,81,4,191.34,0
4042,2879,286,2,362.28,15
4043,7135,10,3,228.01,15
4044,6185,93,1,28.93,0
4045,4860,66,3,206.27,15
4046,374,136,2,222.85,15
4047,6340,97,1,234.59,0
4048,1646,293,5,58.98,10
4049,6122,111,1,225.30,0
4050,3638,261,4,297.20,0
4051,7003,127,2,126.84,0
4052,3445,285,5,258.56,10
4053,6554,186,5,146.92,15
4054,8778,236,1,383.46,0
4055,4942,89,5,285.99,10
4056,5642,84,3,124.05,10
4057,4992,39,3,49.89,0
4058,3899,20,1,344.16,15
4059,1987,65,2,76.41,0
4060,456,254,3,396.05,0
4061,6004,251,2,113.15,0
4062,2228,144,5,321.56,0
4063,5205,200,2,67.84,15
4064,1624,189,2,299.32,0
4065,5052,283,3,390.13,0
4066,8408,47,1,202.34,5
4067,6038,80,4,392.68,0
4068,8412,65,1,76.41,5
4069,1802,98,5,115.13,0
4070,6893,173,2,178.93,15
4071,8862,127,4,126.84,5
4072,7674,295,4,307.36,5
4073,482,58,4,218.95,5
4074,1178,38,1,200.72,0
4075,6892,163,1,20.58,5
4076,9928,5,4,235.25,0
4077,7271,243,2,297.01,10
4078,8264,176,2,367.34,0
4079,9555,255,5,339.07,10
4080,9201,41,4,89.26,0
4081,4989,63,3,199.37,0
4082,5654,100,4,371.65,10
4083,3618,35,2,335.83,5
4084,5721,220,4,131.34,0
4085,253,115,4,353.64,0
4086,2985,299,4,277.33,5
4087,2828,56,5,372.10,10
4088,6927,13,1,97.73,0
4089,9254,250,2,178.43,0
4090,386,49,4,123.44,0
4091,1408,15,4,254.29,10
4092,8562,126,4,68.11,15
4093,2340,160,2,132.63,0
4094,9419,129,2,265.34,0
4095,7813,170,1,67.45,0
4096,7528,129,1,265.34,15
4097,8115,206,1,31.78,0
4098,1150,75,3,347.15,0
4099,6999,100,3,371.65,0
4100,7446,170,2,67.45,5
4101,3700,97,3,234.59,0
4102,87,285,1,258.56,15
4103,5942,23,2,393.39,5
4104,3156,281,2,263.43,15
4105,4304,261,4,297.20,0
4106,2749,28,5,82.43,0
4107,5615,262,4,265.12,0
4108,7246,129,1,265.34,10
4109,5086,200,2,67.84,10
4110,3485,70,3,315.23,0
4111,4157,30,3,190.99,5
4112,2670,158,2,214.14,5
4113,8538,108,3,261.20,0
4114,7825,159,2,217.33,0
4115,1315,241,4,101.41,0
4116,369,132,3,356.02,10
4117,3410,105,1,338.11,0
4118,2940,13,3,97.73,10
4119,6929,213,5,37.84,0
4120,1517,75,1,347.15,0
4121,5793,251,2,113.15,0
4122,2379,82,4,278.93,0
4123,691,282,1,381.21,0
4124,1106,121,5,251.05,15
4125,1797,53,1,200.65,5
4126,2245,235,4,43.63,0
4127,2651,143,3,374.36,5
4128,1733,281,1,263.43,15
4129,8595,182,1,183.61,10
4130,6325,18,5,318.44,15
4131,5173,223,1,23.99,10
4132,4919,272,5,120.04,5
4133,1986,201,5,68.26,10
4134,8684,143,2,374.36,15
4135,8148,11,4,176.97,5
4136,3719,233,4,245.00,10
4137,127,79,5,19.52,0
4138,3011,269,2,79.59,0
4139,9391,216,4,301.09,0
4140,7179,134,1,378.20,5
4141,1826,133,4,47.71,0
4142,4070,254,2,396.05,5
4143,5483,249,4,124.21,0
4144,7431,20,5,344.16,10
4145,8281,134,3,378.20,0
4146,3103,33,5,330.23,0
4147,1203,90,2,206.30,0
4148,2360,56,5,372.10,15
4149,9847,126,3,68.11,5
4150,4405,59,4,213.06,0
4151,4832,71,5,167.32,5
4152,1232,79,4,19.52,0
4153,96,23,5,393.39,0
4154,7507,153,2,174.41,0
4155,1329,43,3,232.40,0
4156,1110,291,5,25.51,0
4157,9237,231,5,64.44,0
4158,9262,91,1,371.67,0
4159,7888,79,4,19.52,10
4160,1675,237,2,199.63,0
4161,1931,57,1,140.14,5
4162,5008,282,2,381.21,5
4163,7751,297,4,30.06,10
4164,6992,172,5,43.91,0
4165,5088,249,4,124.21,15
4166,1024,210,3,211.85,0
4167,8857,211,5,323.51,15
4168,1566,61,5,175.74,0
4169,5542,247,2,202.30,15
4170,5143,111,5,225.30,15
4171,1903,290,4,25.70,0
4172,2358,73,3,222.38,0
4173,6629,263,3,116.93,15
4174,986,117,4,350.39,0
4175,8495,166,5,314.43,0
4176,41,50,1,311.33,15
4177,7581,231,1,64.44,10
4178,3925,96,1,264.06,15
4179,4881,196,5,160.55,15
4180,6090,271,2,327.62,10
4181,8017,112,3,121.23,5
4182,4503,208,3,389.11,10
4183,1119,227,5,303.25,5
4184,6420,214,4,163.02,10
4185,9401,196,1,160.55,0
4186,4829,278,3,334.45,0
4187,4456,280,3,319.72,10
4188,9947,210,4,211.85,5
4189,3548,287,2,257.71,0
4190,6222,13,2,97.73,0
4191,4776,142,4,249.44,5
4192,2997,182,1,183.61,0
4193,9345,113,3,75.33,15
4194,2264,150,1,181.60,10
4195,5502,276,4,342.04,15
4196,1501,35,1,335.83,0
4197,1731,183,3,78.33,5
4198,5835,76,4,297.26,0
4199,1623,35,1,335.83,0
4200,5309,99,3,283.04,0
4201,9992,289,1,90.69,0
4202,3375,173,5,178.93,0
4203,2009,33,1,330.23,15
4204,1979,207,5,326.57,10
4205,8185,294,5,200.35,0
4206,3270,82,5,278.93,0
4207,9445,253,2,286.72,5
4208,7057,9,2,150.86,5
4209,120,201,3,68.26,15
4210,7499,59,5,213.06,0
4211,6952,71,3,167.32,10
4212,8858,196,2,160.55,5
4213,823,91,4,371.67,0
4214,6094,155,1,190.98,0
4215,3021,206,2,31.78,0
4216,7120,164,5,395.54,0
4217,2019,47,1,202.34,0
4218,6293,116,1,368.79,0
4219,8,45,2,382.91,10
4220,3851,295,1,307.36,5
4221,8012,219,5,30.27,5
4222,6894,245,4,310.10,0
4223,7232,238,3,200.57,15
4224,6743,292,3,136.17,0
4225,6341,34,1,297.79,15
4226,2251,173,5,178.93,10
4227,6243,103,1,252.38,0
4228,6331,177,1,218.39,5
4229,6918,156,5,344.64,10
4230,8054,64,4,245.58,0
4231,1158,158,1,214.14,0
4232,7233,121,2,251.05,0
4233,9418,262,3,265.12,15
4234,9066,265,4,366.02,15
4235,4041,91,3,371.67,15
4236,1793,74,2,224.24,0
4237,1076,31,2,136.27,0
4238,4564,177,5,218.39,5
4239,5826,125,2,327.79,0
4240,4920,217,3,395.04,0
4241,581,137,3,288.60,0
4242,3523,143,5,374.36,0
4243,8843,51,3,340.30,10
4244,7376,24,5,74.40,0
4245,2866,166,4,314.43,15
4246,8978,73,3,222.38,0
4247,7599,104,2,188.19,0
4248,9888,298,5,253.90,0
4249,2113,48,2,72.09,15
4250,1851,228,5,335.11,0
4251,1821,186,3,146.92,10
4252,1122,83,3,80.10,0
4253,3914,119,3,86.31,15
4254,2080,35,5,335.83,0
4255,5677,40,3,226.87,5
4256,649,204,2,197.94,10
4257,9782,35,3,335.83,10
4258,4197,147,4,344.67,10
4259,9248,245,2,310.10,0
4260,5737,7,3,263.49,0
4261,3999,119,5,86.31,5
4262,8174,271,2,327.62,15
4263,8290,151,5,214.50,15
4264,5646,73,1,222.38,0
4265,5459,168,5,156.48,5
4266,251,172,2,43.91,15
4267,5796,153,2,174.41,0
4268,6899,260,1,294.26,0
4269,8635,54,2,316.28,0
4270,3412,137,5,288.60,0
4271,3843,240,2,117.00,15
4272,907,48,4,72.09,0
4273,8375,256,4,343.78,15
4274,9008,159,5,217.33,5
4275,3349,19,4,20.40,15
4276,9836,242,3,67.91,5
4277,3125,140,4,120.30,0
4278,5273,36,4,229.35,10
4279,7591,81,2,191.34,0
4280,382,107,1,65.37,0
4281,3378,287,3,257.71,0
4282,6928,226,4,348.65,0
4283,4672,69,1,156.10,0
4284,5962,103,2,252.38,0
4285,5834,227,5,303.25,15
4286,4029,220,2,131.34,10
4287,6018,264,5,38.50,5
4288,3553,40,5,226.87,15
4289,560,298,1,253.90,0
4290,6237,8,5,357.93,5
4291,167,221,5,33.76,5
4292,5117,278,2,334.45,5
4293,2283,59,5,213.06,10
4294,159,120,3,388.54,0
4295,8291,255,3,339.07,0
4296,8204,256,4,343.78,10
4297,8623,85,1,114.41,10
4298,9238,51,2,340.30,15
4299,4905,229,2,324.76,5
4300,4645,59,2,213.06,0
4301,7906,218,5,385.74,10
4302,8840,174,2,232.35,0
4303,3640,156,1,344.64,0
4304,5440,16,4,386.04,15
4305,2993,290,2,25.70,0
4306,4683,281,3,263.43,0
4307,5077,93,1,28.93,0
4308,9614,28,1,82.43,0
4309,7026,262,3,265.12,5
4310,972,36,5,229.35,0
4311,4095,192,2,90.00,0
4312,9737,275,4,59.35,0
4313,625,86,4,365.04,15
4314,5510,104,3,188.19,15
4315,3924,41,1,89.26,5
4316,9478,162,3,270.73,0
4317,6641,133,3,47.71,10
4318,8119,281,5,263.43,0
4319,3360,6,1,190.26,5
4320,2657,125,1,327.79,0
4321,3871,213,4,37.84,10
4322,7136,55,3,396.81,0
4323,3612,97,2,234.59,0
4324,7706,114,2,156.49,10
4325,6625,201,4,68.26,0
4326,8997,29,1,34.87,0
4327,7673,271,2,327.62,10
4328,7432,197,2,208.34,5
4329,4510,114,2,156.49,0
4330,3665,183,3,78.33,15
4331,5680,193,1,85.60,15
4332,8526,232,4,182.33,0
4333,7962,288,4,66.37,10
4334,5558,180,3,323.47,5
4335,2288,245,2,310.10,0
4336,2175,67,3,134.74,5
4337,6216,19,2,20.40,15
4338,1279,269,4,79.59,15
4339,4753,281,3,263.43,0
4340,6411,269,1,79.59,5
4341,3215,59,3,213.06,15
4342,5818,279,4,313.02,0
4343,9220,159,1,217.33,0
4344,4036,93,1,28.93,10
4345,9818,158,1,214.14,0
4346,6855,132,4,356.02,0
4347,7452,204,3,197.94,0
4348,6569,130,2,200.63,0
4349,1899,289,3,90.69,5
4350,1752,24,5,74.40,0
4351,4155,283,5,390.13,0
4352,6101,170,1,67.45,10
4353,6565,241,1,101.41,5
4354,1404,300,2,60.59,0
4355,6690,127,4,126.84,0
4356,1794,56,4,372.10,5
4357,7002,290,1,25.70,0
4358,6481,140,1,120.30,10
4359,3833,297,3,30.06,0
4360,5842,165,5,273.91,15
4361,2677,254,4,396.05,10
4362,2193,83,5,80.10,5
4363,7404,117,5,350.39,5
4364,8525,159,4,217.33,0
4365,481,12,5,161.29,10
4366,6329,28,1,82.43,0
4367,4686,215,1,252.10,0
4368,7677,96,2,264.06,5
4369,1999,162,3,270.73,0
4370,38,71,5,167.32,0
4371,7310,225,1,338.57,0
4372,2891,33,3,330.23,0
4373,4163,193,1,85.60,15
4374,6354,43,3,232.40,5
4375,785,183,5,78.33,5
4376,7003,157,1,87.60,5
4377,8383,250,2,178.43,0
4378,4446,159,4,217.33,0
4379,5889,295,1,307.36,5
4380,6675,230,2,323.29,0
4381,1612,120,1,388.54,0
4382,2794,61,5,175.74,15
4383,2248,277,2,219.37,0
4384,8143,19,5,20.40,5
4385,6554,256,1,343.78,10
4386,3359,110,5,326.74,15
4387,3178,26,1,122.89,0
4388,105,251,5,113.15,0
4389,6842,196,4,160.55,0
4390,9012,89,2,285.99,0
4391,3953,268,2,226.31,0
4392,8919,176,3,367.34,15
4393,8858,141,4,53.20,10
4394,1111,39,1,49.89,5
4395,8761,95,2,69.49,0
4396,8231,214,2,163.02,0
4397,8936,278,2,334.45,10
4398,1885,6,4,190.26,15
4399,5614,217,4,395.04,5
4400,2274,143,4,374.36,15
4401,4317,41,2,89.26,0
4402,2671,187,2,234.45,0
4403,7120,125,4,327.79,0
4404,8306,38,5,200.72,0
4405,6739,122,2,222.97,0
4406,5887,137,5,288.60,5
4407,4672,259,5,201.35,15
4408,1603,101,2,167.15,5
4409,5525,299,2,277.33,15
4410,626,59,5,213.06,15
4411,1167,288,3,66.37,0
4412,158,215,3,252.10,0
4413,623,26,4,122.89,15
4414,1680,182,3,183.61,15
4415,6512,249,4,124.21,0
4416,7423,281,1,263.43,0
4417,4983,81,2,191.34,0
4418,6015,199,1,378.96,5
4419,1906,30,4,190.99,15
4420,8953,273,2,341.96,0
4421,3300,73,3,222.38,10
4422,1236,76,1,297.26,15
4423,192,219,1,30.27,0
4424,6083,87,1,84.63,5
4425,5280,150,1,181.60,0
4426,872,46,5,252.91,15
4427,3769,285,1,258.56,15
4428,6931,35,5,335.83,0
4429,9435,39,3,49.89,0
4430,2396,195,2,282.87,10
4431,6950,141,3,53.20,0
4432,4649,222,5,345.59,0
4433,6435,107,3,65.37,15
4434,6404,224,3,8.13,5
4435,9682,84,5,124.05,10
4436,8234,72,1,370.40,0
4437,9190,287,5,257.71,10
4438,2357,94,5,66.86,15
4439,8645,112,2,121.23,0
4440,5289,172,1,43.91,0
4441,282,7,3,263.49,10
4442,1654,169,1,65.85,15
4443,4578,265,4,366.02,15
4444,2193,276,3,342.04,15
4445,7165,294,5,200.35,15
4446,7587,234,3,268.61,5
4447,5446,225,3,338.57,10
4448,3936,8,3,357.93,10
4449,6412,129,5,265.34,0
4450,1660,238,2,200.57,5
4451,1926,101,3,167.15,15
4452,3395,51,4,340.30,10
4453,673,114,5,156.49,10
4454,1978,195,1,282.87,15
4455,6244,258,5,171.69,15
4456,9692,25,4,157.60,0
4457,6466,160,3,132.63,5
4458,2369,37,3,258.60,10
4459,1907,2,4,340.09,0
4460,3362,254,1,396.05,0
4461,8785,241,5,101.41,0
4462,8256,251,1,113.15,0
4463,1256,36,4,229.35,15
4464,1126,279,5,313.02,0
4465,1830,28,4,82.43,5
4466,694,33,1,330.23,0
4467,2165,297,4,30.06,5
4468,619,18,4,318.44,0
4469,7127,153,1,174.41,10
4470,8552,11,4,176.97,15
4471,3672,62,2,78.99,10
4472,3960,74,5,224.24,0
4473,4251,15,3,254.29,0
4474,372,19,5,20.40,15
4475,5121,223,2,23.99,0
4476,3812,119,5,86.31,15
4477,7338,62,4,78.99,0
4478,7956,276,3,342.04,0
4479,6090,135,4,387.74,5
4480,3953,7,3,263.49,5
4481,7351,291,2,25.51,10
4482,2363,300,3,60.59,0
4483,5444,262,5,265.12,15
4484,5,111,5,225.30,0
4485,8628,143,2,374.36,5
4486,3598,222,1,345.59,15
4487,7940,64,4,245.58,0
4488,2958,199,4,378.96,5
4489,2725,14,3,106.54,0
4490,4863,16,2,386.04,5
4491,4912,121,5,251.05,0
4492,239,167,1,245.05,0
4493,9583,251,2,113.15,15
4494,9021,275,2,59.35,15
4495,427,195,1,282.87,0
4496,9497,126,5,68.11,0
4497,3634,107,1,65.37,0
4498,161,26,4,122.89,15
4499,8413,31,4,136.27,0
4500,6315,186,4,146.92,10
4501,2269,93,2,28.93,0
4502,191,292,5,136.17,5
4503,6300,247,3,202.30,0
4504,8418,270,3,246.69,0
4505,2637,106,5,66.50,0
4506,1747,219,3,30.27,10
4507,4028,108,3,261.20,10
4508,2837,185,1,48.99,5
4509,2935,87,4,84.63,0
4510,453,192,5,90.00,0
4511,9775,2,4,340.09,0
4512,3236,290,2,25.70,0
4513,5313,235,4,43.63,5
4514,965,243,5,297.01,5
4515,6411,236,1,383.46,10
4516,7736,18,4,318.44,0
4517,774,132,1,356.02,0
4518,8876,20,2,344.16,0
4519,4127,10,4,228.01,5
4520,876,155,3,190.98,0
4521,2380,114,1,156.49,10
4522,9396,241,4,101.41,15
4523,9459,10,4,228.01,0
4524,7683,290,2,25.70,15
4525,7118,262,5,265.12,0
4526,7389,183,5,78.33,0
4527,8695,245,4,310.10,0
4528,2813,13,4,97.73,5
4529,2863,230,1,323.29,5
4530,6125,34,3,297.79,5
4531,1166,78,2,33.23,10
4532,2249,251,5,113.15,10
4533,3047,190,4,22.53,0
4534,6637,262,5,265.12,15
4535,2665,217,1,395.04,0
4536,2267,89,3,285.99,5
4537,3942,209,2,188.28,0
4538,8858,265,3,366.02,5
4539,3023,116,2,368.79,5
4540,1822,255,3,339.07,0
4541,5691,97,5,234.59,0
4542,2642,34,2,297.79,10
4543,6395,250,3,178.43,0
4544,896,286,4,362.28,10
4545,9343,6,5,190.26,10
4546,8310,94,2,66.86,0
4547,9590,9,5,150.86,5
4548,7247,10,2,228.01,0
4549,7204,35,2,335.83,0
4550,1863,93,5,28.93,0
4551,4067,213,1,37.84,10
4552,7510,77,2,338.07,15
4553,4117,112,2,121.23,0
4554,680,198,2,116.63,0
4555,3219,216,1,301.09,10
4556,7226,241,1,101.41,5
4557,4409,156,5,344.64,10
4558,3119,32,4,318.14,0
4559,6203,104,3,188.19,5
4560,4078,59,1,213.06,15
4561,6432,202,2,268.66,0
4562,5912,198,4,116.63,5
4563,6852,277,2,219.37,0
4564,6294,97,1,234.59,10
4565,2889,273,1,341.96,0
4566,422,193,4,85.60,5
4567,162,46,3,252.91,0
4568,9011,164,4,395.54,15
4569,3970,140,2,120.30,10
4570,7776,3,4,369.07,5
4571,5809,147,4,344.67,0
4572,4976,250,5,178.43,10
4573,9391,256,2,343.78,5
4574,9871,32,3,318.14,10
4575,8114,274,1,53.21,5
4576,6396,253,5,286.72,10
4577,9808,82,3,278.93,0
4578,4272,73,1,222.38,0
4579,2475,246,4,62.04,0
4580,6291,205,2,150.21,10
4581,3915,165,5,273.91,0
4582,1772,133,5,47.71,10
4583,3355,178,3,308.38,15
4584,8376,73,1,222.38,5
4585,6750,183,1,78.33,15
4586,7860,179,5,237.43,0
4587,4438,287,5,257.71,0
4588,3800,144,5,321.56,0
4589,7024,127,1,126.84,0
4590,8150,168,1,156.48,15
4591,8259,18,5,318.44,10
4592,4933,86,3,365.04,0
4593,4635,196,5,160.55,10
4594,3124,221,1,33.76,0
4595,8471,297,1,30.06,10
4596,8444,204,4,197.94,0
4597,6643,189,3,299.32,5
4598,4183,285,2,258.56,0
4599,1028,188,2,61.43,0
4600,8246,133,3,47.71,0
4601,5096,195,5,282.87,15
4602,1492,299,4,277.33,15
4603,3243,243,4,297.01,0
4604,8405,140,5,120.30,0
4605,8146,237,2,199.63,5
4606,4015,218,1,385.74,0
4607,1200,172,1,43.91,0
4608,596,251,1,113.15,0
4609,8169,255,5,339.07,5
4610,627,201,3,68.26,15
4611,6842,73,5,222.38,0
4612,1728,117,2,350.39,15
4613,7242,5,3,235.25,5
4614,4053,109,5,97.22,0
4615,9492,142,4,249.44,0
4616,1786,175,3,372.30,15
4617,8617,135,3,387.74,0
4618,6926,178,4,308.38,5
4619,6598,228,4,335.11,10
4620,9005,4,3,296.68,10
4621,891,6,5,190.26,0
4622,9203,94,3,66.86,15
4623,2472,279,3,313.02,10
4624,3324,92,2,50.16,15
4625,3624,292,3,136.17,0
4626,832,68,4,277.33,0
4627,2019,96,1,264.06,10
4628,6117,242,1,67.91,0
4629,3335,5,4,235.25,0
4630,796,244,5,146.67,0
4631,6419,135,3,387.74,0
4632,2065,202,4,268.66,0
4633,7059,176,1,367.34,5
4634,875,257,5,63.30,0
4635,4795,176,3,367.34,0
4636,3078,34,4,297.79,0
4637,1364,28,2,82.43,0
4638,2177,28,1,82.43,0
4639,8247,7,1,263.49,0
4640,6235,262,5,265.12,5
4641,5694,258,3,171.69,0
4642,1558,135,4,387.74,15
4643,6855,60,5,275.96,0
4644,8254,8,4,357.93,0
4645,8033,129,4,265.34,10
4646,6752,50,3,311.33,10
4647,5099,276,5,342.04,0
4648,9744,182,5,183.61,10
4649,7311,239,3,320.95,0
4650,3788,90,5,206.30,0
4651,3038,96,2,264.06,10
4652,4875,64,3,245.58,0
4653,239,233,3,245.00,15
4654,5713,147,1,344.67,0
4655,8757,232,1,182.33,5
4656,3721,241,2,101.41,10
4657,6269,20,1,344.16,15
4658,2693,282,4,381.21,0
4659,9580,199,2,378.96,5
4660,9513,191,5,226.42,15
4661,4410,197,3,208.34,0
4662,5999,7,2,263.49,0
4663,17,148,4,119.97,10
4664,7298,58,5,218.95,10
4665,6183,110,2,326.74,5
4666,2502,48,3,72.09,0
4667,6178,15,2,254.29,15
4668,1678,148,4,119.97,0
4669,772,168,2,156.48,15
4670,8168,98,3,115.13,5
4671,5213,71,4,167.32,0
4672,9839,190,2,22.53,0
4673,4160,259,1,201.35,15
4674,9172,265,2,366.02,5
4675,3279,51,4,340.30,10
4676,5425,109,1,97.22,15
4677,104,129,4,265.34,10
4678,9531,187,4,234.45,0
4679,2947,56,5,372.10,0
4680,8597,253,2,286.72,0
4681,1840,154,5,343.92,0
4682,1660,1,4,281.65,0
4683,9857,41,3,89.26,0
4684,6736,231,2,64.44,5
4685,2881,145,3,94.23,5
4686,5982,178,5,308.38,15
4687,718,191,5,226.42,0
4688,1520,233,3,245.00,10
4689,8999,126,1,68.11,10
4690,5236,65,1,76.41,0
4691,1544,280,2,319.72,15
4692,1341,294,2,200.35,0
4693,5653,5,2,235.25,0
4694,8337,138,3,331.78,0
4695,4252,21,2,299.77,0
4696,3611,12,3,161.29,10
4697,8032,52,5,51.91,10
4698,3462,39,4,49.89,15
4699,7241,71,2,167.32,0
4700,6445,63,5,199.37,10
4701,8462,37,1,258.60,0
4702,7931,2,1,340.09,10
4703,8248,291,3,25.51,10
4704,7820,129,3,265.34,10
4705,6038,107,1,65.37,0
4706,9171,6,5,190.26,5
4707,3279,109,3,97.22,0
4708,4481,25,4,157.60,10
4709,2392,248,4,149.84,5
4710,9408,157,4,87.60,0
4711,6566,183,4,78.33,5
4712,2037,229,5,324.76,5
4713,4167,262,3,265.12,0
4714,7222,222,5,345.59,10
4715,3237,85,5,114.41,5
4716,7177,280,1,319.72,15
4717,1028,97,2,234.59,0
4718,9419,202,2,268.66,10
4719,1380,59,5,213.06,0
4720,8736,24,2,74.40,15
4721,5852,257,3,63.30,0
4722,2179,285,2,258.56,0
4723,4121,194,5,212.39,10
4724,5226,219,2,30.27,5
4725,9269,4,2,296.68,0
4726,2005,63,5,199.37,10
4727,5270,223,2,23.99,15
4728,2304,231,5,64.44,15
4729,2689,93,5,28.93,0
4730,6035,117,4,350.39,10
4731,6331,141,1,53.20,15
4732,420,124,2,320.32,5
4733,3050,236,2,383.46,5
4734,7360,212,1,324.30,0
4735,8238,300,1,60.59,0
4736,1059,299,5,277.33,0
4737,6329,117,5,350.39,0
4738,6642,274,5,53.21,10
4739,3260,116,5,368.79,10
4740,3405,69,4,156.10,5
4741,4218,58,1,218.95,10
4742,991,168,5,156.48,5
4743,3768,94,3,66.86,5
4744,5748,195,4,282.87,15
4745,358,231,3,64.44,10
4746,3359,258,4,171.69,15
4747,905,192,1,90.00,5
4748,5531,124,3,320.32,15
4749,4120,192,5,90.00,10
4750,5467,98,3,115.13,15
4751,4070,74,4,224.24,0
4752,9349,15,3,254.29,5
4753,6998,291,3,25.51,10
4754,7211,191,2,226.42,0
4755,767,12,1,161.29,15
4756,5563,137,1,288.60,0
4757,8841,120,5,388.54,5
4758,4416,40,2,226.87,10
4759,4037,199,2,378.96,10
4760,1836,20,2,344.16,0
4761,3709,264,2,38.50,15
4762,5248,67,4,134.74,10
4763,1080,185,1,48.99,0
4764,4395,172,3,43.91,0
4765,8052,150,2,181.60,0
4766,5676,271,4,327.62,0
4767,7440,250,2,178.43,0
4768,7912,29,5,34.87,0
4769,6039,18,1,318.44,0
4770,4766,96,3,264.06,0
4771,5001,277,1,219.37,10
4772,7676,136,5,222.85,15
4773,7533,12,5,161.29,10
4774,7102,140,5,120.30,15
4775,2226,255,3,339.07,0
4776,1517,272,3,120.04,0
4777,787,19,3,20.40,0
4778,8311,48,4,72.09,10
4779,5989,92,3,50.16,0
4780,1110,261,5,297.20,0
4781,1626,193,3,85.60,5
4782,7754,26,3,122.89,0
4783,6095,225,3,338.57,10
4784,4679,142,1,249.44,0
4785,6687,88,5,42.74,0
4786,4495,102,5,102.20,15
4787,8024,248,2,149.84,10
4788,9773,43,1,232.40,0
4789,4965,256,4,343.78,15
4790,5237,185,3,48.99,5
4791,6303,198,4,116.63,10
4792,5030,192,2,90.00,0
4793,7005,281,1,263.43,15
4794,3124,162,4,270.73,0
4795,9021,37,5,258.60,5
4796,6309,46,2,252.91,0
4797,2127,217,3,395.04,5
4798,4354,169,3,65.85,10
4799,6029,284,3,111.58,15
4800,3267,86,5,365.04,0
4801,7900,172,5,43.91,0
4802,3536,68,1,277.33,5
4803,132,66,1,206.27,10
4804,7316,175,2,372.30,15
4805,2643,111,2,225.30,0
4806,5607,100,5,371.65,5
4807,8151,11,1,176.97,0
4808,9000,22,1,193.70,5
4809,2311,24,3,74.40,0
4810,1137,293,3,58.98,0
4811,6106,56,3,372.10,0
4812,7023,108,3,261.20,0
4813,6683,219,2,30.27,10
4814,5004,5,4,235.25,0
4815,1181,292,2,136.17,5
4816,7204,2,3,340.09,15
4817,6852,28,1,82.43,5
4818,5875,292,2,136.17,0
4819,4658,232,4,182.33,0
4820,4178,120,2,388.54,0
4821,4412,172,3,43.91,10
4822,2974,153,4,174.41,0
4823,4249,76,3,297.26,0
4824,4843,35,1,335.83,0
4825,5083,235,4,43.63,15
4826,9234,79,5,19.52,0
4827,6588,25,3,157.60,5
4828,4319,95,3,69.49,5
4829,380,178,2,308.38,5
4830,7988,161,1,291.83,15
4831,889,200,3,67.84,0
4832,793,225,2,338.57,0
4833,7476,270,3,246.69,0
4834,1053,289,1,90.69,15
4835,7253,183,2,78.33,0
4836,8207,220,2,131.34,5
4837,9369,27,1,65.87,15
4838,7631,21,1,299.77,0
4839,205,89,3,285.99,0
4840,7184,177,5,218.39,10
4841,2340,247,5,202.30,0
4842,1614,103,1,252.38,15
4843,4946,254,1,396.05,15
4844,7697,142,3,249.44,0
4845,9771,113,4,75.33,0
4846,7300,99,1,283.04,5
4847,4393,241,1,101.41,0
4848,5665,10,2,228.01,0
4849,1827,58,2,218.95,0
4850,7110,169,3,65.85,10
4851,9551,226,5,348.65,10
4852,5152,182,1,183.61,5
4853,2499,26,3,122.89,0
4854,9349,73,4,222.38,15
4855,7578,131,3,91.11,5
4856,4811,233,5,245.00,10
4857,3310,225,2,338.57,0
4858,1739,39,4,49.89,0
4859,7211,45,3,382.91,15
4860,1675,253,4,286.72,10
4861,1631,101,1,167.15,0
4862,5780,237,1,199.63,10
4863,4039,62,5,78.99,0
4864,7431,20,5,344.16,5
4865,6600,131,2,91.11,5
4866,8026,98,1,115.13,15
4867,9916,297,2,30.06,0
4868,8939,258,3,171.69,10
4869,6500,263,4,116.93,10
4870,7574,214,2,163.02,5
4871,3213,299,4,277.33,5
4872,5709,15,3,254.29,0
4873,7386,94,2,66.86,0
4874,6052,95,3,69.49,0
4875,1040,83,2,80.10,15
4876,103,297,4,30.06,0
4877,8394,183,2,78.33,0
4878,5281,128,4,220.39,5
4879,2638,18,2,318.44,0
4880,8540,145,4,94.23,15
4881,3009,205,2,150.21,15
4882,6685,106,5,66.50,0
4883,976,66,4,206.27,15
4884,3885,283,4,390.13,10
4885,5994,202,3,268.66,10
4886,2275,32,2,318.14,0
4887,8756,67,1,134.74,5
4888,6183,170,3,67.45,0
4889,5416,60,2,275.96,5
4890,206,14,4,106.54,0
4891,848,207,4,326.57,15
4892,6053,203,2,6.30,10
4893,8926,164,4,395.54,15
4894,1729,287,4,257.71,0
4895,8214,233,4,245.00,15
4896,1272,297,5,30.06,0
4897,9430,105,2,338.11,10
4898,912,47,1,202.34,5
4899,4050,128,4,220.39,0
4900,5757,78,1,33.23,5
4901,2854,64,3,245.58,5
4902,687,31,4,136.27,0
4903,9770,137,3,288.60,10
4904,1897,82,3,278.93,0
4905,2975,271,2,327.62,5
4906,7119,43,1,232.40,0
4907,5119,154,3,343.92,10
4908,2648,81,5,191.34,0
4909,2427,268,2,226.31,0
4910,47,36,3,229.35,10
4911,5193,231,5,64.44,15
4912,9115,74,3,224.24,5
4913,631,60,5,275.96,15
4914,6168,187,3,234.45,0
4915,2021,45,4,382.91,0
4916,2200,84,3,124.05,0
4917,2948,152,5,359.63,10
4918,6245,196,3,160.55,5
4919,816,223,5,23.99,10
4920,1163,62,5,78.99,0
4921,9675,155,4,190.98,15
4922,2605,187,4,234.45,0
4923,4,264,2,38.50,0
4924,526,57,2,140.14,0
4925,9410,292,1,136.17,10
4926,1660,213,2,37.84,0
4927,4590,225,5,338.57,5
4928,3044,246,4,62.04,0
4929,8310,151,5,214.50,0
4930,5670,216,4,301.09,5
4931,4936,181,3,259.05,15
4932,9551,288,5,66.37,0
4933,4573,110,4,326.74,0
4934,6755,275,2,59.35,10
4935,5784,110,3,326.74,0
4936,310,222,2,345.59,0
4937,9444,173,2,178.93,15
4938,3866,236,5,383.46,0
4939,9278,31,2,136.27,10
4940,9131,20,4,344.16,0
4941,3905,183,2,78.33,0
4942,4543,24,1,74.40,5
4943,4158,23,5,393.39,0
4944,9003,151,4,214.50,0
4945,5383,211,1,323.51,15
4946,1145,62,2,78.99,5
4947,4294,40,1,226.87,15
4948,7386,199,5,378.96,0
4949,6554,282,4,381.21,0
4950,3451,145,4,94.23,10
4951,6350,161,3,291.83,0
4952,4015,133,5,47.71,5
4953,2882,96,4,264.06,5
4954,3952,211,3,323.51,15
4955,5432,47,5,202.34,0
4956,3947,166,3,314.43,5
4957,5202,200,3,67.84,5
4958,31,235,4,43.63,0
4959,9847,9,3,150.86,0
4960,5966,44,5,57.92,0
4961,650,275,4,59.35,10
4962,7727,273,4,341.96,0
4963,1572,101,1,167.15,0
4964,5892,90,2,206.30,0
4965,7766,60,3,275.96,0
4966,8130,14,3,106.54,10
4967,6700,243,1,297.01,0
4968,7832,159,3,217.33,0
4969,9424,297,5,30.06,10
4970,676,271,2,327.62,10
4971,6084,195,4,282.87,5
4972,7440,50,3,311.33,5
4973,2148,111,5,225.30,0
4974,1142,144,4,321.56,0
4975,6776,134,4,378.20,0
4976,140,63,4,199.37,0
4977,5516,2,3,340.09,0
4978,5066,2,5,340.09,0
4979,9232,208,2,389.11,0
4980,2347,58,1,218.95,0
4981,1764,107,3,65.37,0
4982,2496,70,5,315.23,0
4983,5786,85,4,114.41,0
4984,4637,126,4,68.11,0
4985,4810,76,2,297.26,0
4986,9364,60,5,275.96,15
4987,5556,13,4,97.73,0
4988,4300,240,5,117.00,0
4989,5659,289,4,90.69,10
4990,7877,276,3,342.04,5
4991,263,228,5,335.11,0
4992,3628,203,1,6.30,0
4993,7455,297,1,30.06,10
4994,5524,19,5,20.40,0
4995,8226,175,1,372.30,0
4996,1400,140,1,120.30,15
4997,7862,194,3,212.39,0
4998,9051,83,1,80.10,10
4999,6690,67,1,134.74,0
5000,564,176,1,367.34,0
5001,544,254,2,396.05,5
5002,4435,74,2,224.24,5
5003,2257,122,2,222.97,10
5004,7795,51,2,340.30,0
5005,371,283,5,390.13,10
5006,8331,215,5,252.10,5
5007,134,6,1,190.26,5
5008,3936,208,3,389.11,15
5009,2371,110,1,326.74,10
5010,540,40,2,226.87,0
5011,1820,114,5,156.49,15
5012,9986,295,5,307.36,10
5013,2037,61,5,175.74,0
5014,8977,179,5,237.43,10
5015,6695,135,5,387.74,5
5016,1904,25,4,157.60,10
5017,4462,48,3,72.09,0
5018,1018,299,1,277.33,5
5019,893,300,4,60.59,0
5020,3066,112,3,121.23,15
5021,2202,85,2,114.41,5
5022,698,180,1,323.47,0
5023,9490,26,1,122.89,0
5024,8254,91,5,371.67,15
5025,7502,21,5,299.77,0
5026,5200,169,2,65.85,5
5027,1399,284,3,111.58,10
5028,5539,299,1,277.33,0
5029,5244,215,2,252.10,0
5030,586,58,2,218.95,5
5031,3151,182,1,183.61,0
5032,489,78,5,33.23,10
5033,2322,251,3,113.15,0
5034,1834,165,2,273.91,5
5035,3490,45,3,382.91,0
5036,6949,147,3,344.67,0
5037,8021,194,3,212.39,0
5038,7530,228,5,335.11,5
5039,403,201,3,68.26,0
5040,9691,285,2,258.56,0
5041,3713,268,3,226.31,10
5042,120,109,1,97.22,10
5043,86,195,1,282.87,5
5044,1256,282,2,381.21,0
5045,5585,104,5,188.19,15
5046,6243,88,1,42.74,0
5047,8971,29,2,34.87,5
5048,4375,248,5,149.84,0
5049,9773,211,3,323.51,0
5050,4663,102,5,102.20,0
5051,2310,196,4,160.55,5
5052,1128,40,1,226.87,15
5053,5611,203,3,6.30,0
5054,5088,102,2,102.20,0
5055,2742,258,2,171.69,0
5056,982,118,3,351.34,10
5057,9700,106,2,66.50,10
5058,5606,244,5,146.67,5
5059,4691,248,2,149.84,5
5060,7752,287,1,257.71,10
5061,5139,142,5,249.44,0
5062,819,11,1,176.97,15
5063,478,224,4,8.13,5
5064,7050,102,4,102.20,0
5065,2901,62,3,78.99,10
5066,5997,160,1,132.63,5
5067,7109,298,5,253.90,0
5068,6194,276,2,342.04,0
5069,2730,237,5,199.63,0
5070,7175,205,2,150.21,15
5071,1446,72,4,370.40,15
5072,4892,23,3,393.39,0
5073,8698,31,3,136.27,0
5074,1866,29,2,34.87,5
5075,8685,97,3,234.59,0
5076,9086,6,1,190.26,0
5077,606,48,1,72.09,0
5078,3221,221,5,33.76,5
5079,8532,239,1,320.95,15
5080,5253,49,1,123.44,0
5081,6620,182,5,183.61,10
5082,1662,273,4,341.96,0
5083,8816,245,1,310.10,10
5084,9923,153,3,174.41,15
5085,9609,47,5,202.34,0
5086,1023,237,5,199.63,15
5087,3036,43,2,232.40,15
5088,6089,155,1,190.98,15
5089,9151,130,5,200.63,10
5090,1680,259,4,201.35,10
5091,5028,234,3,268.61,0
5092,7408,170,3,67.45,0
5093,9497,133,2,47.71,5
5094,2081,258,2,171.69,15
5095,482,148,2,119.97,15
5096,2833,18,3,318.44,0
5097,4841,289,2,90.69,10
5098,9836,96,4,264.06,0
5099,5561,98,2,115.13,10
5100,8862,186,4,146.92,15
5101,1081,280,2,319.72,0
5102,9885,48,5,72.09,0
5103,4182,107,3,65.37,10
5104,3663,76,1,297.26,0
5105,6135,250,4,178.43,0
5106,9493,117,1,350.39,0
5107,892,289,3,90.69,0
5108,5658,110,4,326.74,0
5109,9436,179,2,237.43,0
5110,2590,113,4,75.33,10
5111,2303,3,1,369.07,0
5112,6761,231,3,64.44,10
5113,3926,221,3,33.76,0
5114,1944,63,1,199.37,10
5115,2411,136,4,222.85,0
5116,2682,231,2,64.44,0
5117,6640,113,3,75.33,10
5118,4492,203,3,6.30,0
5119,5574,256,3,343.78,15
5120,8266,67,5,134.74,0
5121,6521,11,3,176.97,15
5122,9562,134,4,378.20,5
5123,2731,114,1,156.49,0
5124,3173,294,1,200.35,0
5125,3284,243,2,297.01,0
5126,4207,47,2,202.34,0
5127,747,269,1,79.59,5
5128,7665,201,1,68.26,0
5129,618,54,1,316.28,15
5130,2670,215,1,252.10,0
5131,9353,260,3,294.26,15
5132,7128,22,4,193.70,10
5133,2026,57,2,140.14,0
5134,2311,248,2,149.84,0
5135,1531,116,5,368.79,15
5136,6425,53,2,200.65,5
5137,5583,281,4,263.43,10
5138,3437,272,2,120.04,0
5139,9699,283,2,390.13,0
5140,6134,97,3,234.59,0
5141,2222,59,5,213.06,0
5142,6272,50,5,311.33,5
5143,2328,216,5,301.09,0
5144,2582,21,2,299.77,0
5145,7579,293,3,58.98,5
5146,5446,107,4,65.37,5
5147,9897,34,4,297.79,0
5148,4933,285,1,258.56,0
5149,4071,162,1,270.73,5
5150,6755,201,3,68.26,0
5151,1200,89,1,285.99,0
5152,7623,82,4,278.93,0
5153,6992,205,4,150.21,5
5154,6533,150,5,181.60,10
5155,5275,124,4,320.32,0
5156,1473,266,3,7.51,15
5157,7757,293,1,58.98,5
5158,1351,234,3,268.61,5
5159,2784,85,2,114.41,10
5160,5958,292,3,136.17,0
5161,3114,173,1,178.93,5
5162,4744,197,5,208.34,5
5163,5553,184,5,200.81,15
5164,7786,221,3,33.76,15
5165,9416,224,4,8.13,15
5166,2706,140,2,120.30,10
5167,7218,239,4,320.95,15
5168,4956,89,3,285.99,0
5169,5457,164,5,395.54,0
5170,2793,70,2,315.23,5
5171,196,290,3,25.70,15
5172,4078,76,3,297.26,10
5173,841,12,5,161.29,5
5174,4041,216,5,301.09,10
5175,5909,121,3,251.05,0
5176,39,26,4,122.89,15
5177,117,273,5,341.96,0
5178,6565,52,2,51.91,0
5179,6649,210,5,211.85,10
5180,3099,254,1,396.05,0
5181,9749,42,3,309.17,5
5182,2507,148,5,119.97,0
5183,6930,104,3,188.19,5
5184,1851,78,2,33.23,15
5185,8755,273,4,341.96,10
5186,4129,64,2,245.58,0
5187,1215,154,2,343.92,0
5188,15,114,1,156.49,10
5189,2663,180,5,323.47,15
5190,3129,112,2,121.23,15
5191,1094,219,1,30.27,15
5192,5870,164,2,395.54,15
5193,1467,75,4,347.15,10
5194,392,278,2,334.45,0
5195,531,146,2,44.01,10
5196,1508,248,2,149.84,10
5197,2628,286,1,362.28,5
5198,1072,157,3,87.60,0
5199,4253,22,4,193.70,0
5200,4429,21,4,299.77,5
5201,5509,62,3,78.99,5
5202,1467,34,4,297.79,0
5203,2147,79,4,19.52,5
5204,5048,148,3,119.97,0
5205,9863,65,4,76.41,0
5206,8575,143,1,374.36,10
5207,8339,293,2,58.98,15
5208,2693,32,3,318.14,0
5209,6637,104,2,188.19,10
5210,1641,79,1,19.52,0
5211,5930,97,5,234.59,0
5212,7687,228,3,335.11,15
5213,6203,192,2,90.00,0
5214,4031,37,1,258.60,5
5215,5655,29,5,34.87,5
5216,669,128,3,220.39,0
5217,4268,169,3,65.85,5
5218,6368,212,2,324.30,10
5219,1144,99,5,283.04,10
5220,9825,123,4,106.64,10
5221,2837,205,5,150.21,10
5222,3408,149,2,70.07,0
5223,9437,181,4,259.05,0
5224,9103,84,3,124.05,0
5225,6114,150,3,181.60,0
5226,7304,145,5,94.23,0
5227,5257,176,5,367.34,0
5228,9630,3,5,369.07,0
5229,9039,117,2,350.39,5
5230,779,298,3,253.90,10
5231,6154,98,1,115.13,0
5232,3177,78,5,33.23,10
5233,6234,278,2,334.45,0
5234,174,16,5,386.04,0
5235,3423,119,1,86.31,15
5236,1589,44,3,57.92,0
5237,7254,297,5,30.06,10
5238,6252,76,2,297.26,0
5239,3247,83,3,80.10,0
5240,4791,124,5,320.32,10
5241,9195,80,2,392.68,0
5242,4295,244,2,146.67,0
5243,6538,11,3,176.97,15
5244,1883,167,2,245.05,15
5245,1866,221,5,33.76,15
5246,8353,299,4,277.33,0
5247,6371,46,3,252.91,0
5248,1723,260,3,294.26,15
5249,9715,22,5,193.70,15
5250,6579,51,2,340.30,15
5251,1618,140,2,120.30,10
5252,6708,97,1,234.59,0
5253,2763,148,1,119.97,15
5254,6427,195,5,282.87,0
5255,6730,263,2,116.93,15
5256,989,228,2,335.11,15
5257,6709,138,3,331.78,5
5258,7128,5,2,235.25,10
5259,2361,198,3,116.63,15
5260,2826,50,2,311.33,0
5261,739,284,3,111.58,0
5262,9396,170,1,67.45,0
5263,7583,293,1,58.98,10
5264,8214,198,1,116.63,10
5265,8872,127,2,126.84,0
5266,2614,142,3,249.44,5
5267,8920,178,3,308.38,10
5268,1970,195,1,282.87,0
5269,6933,109,2,97.22,15
5270,807,214,2,163.02,15
5271,1130,55,3,396.81,0
5272,2790,139,5,321.64,15
5273,1592,257,4,63.30,5
5274,6549,51,2,340.30,10
5275,4231,113,4,75.33,10
5276,276,152,3,359.63,0
5277,7715,60,2,275.96,15
5278,3933,172,5,43.91,0
5279,3179,186,5,146.92,0
5280,772,157,4,87.60,0
5281,4719,228,1,335.11,10
5282,8467,255,2,339.07,0
5283,1825,45,4,382.91,0
5284,3149,255,1,339.07,10
5285,1178,94,4,66.86,5
5286,692,179,3,237.43,5
5287,1294,150,5,181.60,5
5288,3406,205,1,150.21,10
5289,1794,126,4,68.11,0
5290,8341,279,2,313.02,15
5291,4569,228,2,335.11,0
5292,8389,165,4,273.91,5
5293,9020,203,1,6.30,5
5294,1151,300,5,60.59,10
5295,7770,234,3,268.61,5
5296,7079,280,3,319.72,10
5297,5118,224,1,8.13,10
5298,4564,299,3,277.33,0
5299,6988,10,4,228.01,0
5300,7436,246,5,62.04,0
5301,7786,73,1,222.38,0
5302,2718,224,3,8.13,0
5303,7395,168,5,156.48,0
5304,1891,126,1,68.11,5
5305,8435,180,5,323.47,0
5306,3891,189,2,299.32,0
5307,103,234,5,268.61,10
5308,7816,164,1,395.54,5
5309,5285,47,4,202.34,0
5310,3704,200,2,67.84,0
5311,1567,24,3,74.40,0
5312,6782,266,1,7.51,10
5313,9243,229,5,324.76,15
5314,6933,117,4,350.39,0
5315,9494,93,2,28.93,15
5316,6963,166,3,314.43,0
5317,2137,142,4,249.44,5
5318,9542,43,1,232.40,0
5319,9232,169,3,65.85,0
5320,2596,144,5,321.56,10
5321,3211,189,2,299.32,0
5322,7056,197,3,208.34,0
5323,5708,274,4,53.21,0
5324,9538,162,5,270.73,0
5325,2780,66,1,206.27,10
5326,1372,274,4,53.21,0
5327,6483,22,5,193.70,0
5328,1828,286,3,362.28,0
5329,2292,242,5,67.91,5
5330,8160,128,5,220.39,5
5331,7188,2,5,340.09,5
5332,7470,183,5,78.33,0
5333,5000,240,3,117.00,5
5334,2184,35,4,335.83,5
5335,5012,2,2,340.09,10
5336,6321,100,3,371.65,5
5337,5701,65,1,76.41,0
5338,7841,169,5,65.85,0
5339,6819,135,5,387.74,15
5340,8534,110,4,326.74,15
5341,200,213,2,37.84,5
5342,4531,269,3,79.59,0
5343,3864,149,2,70.07,10
5344,7059,178,3,308.38,0
5345,3289,109,1,97.22,5
5346,7370,149,4,70.07,10
5347,8167,230,4,323.29,0
5348,7352,299,1,277.33,10
5349,8212,22,5,193.70,0
5350,3327,137,5,288.60,0
5351,7955,3,4,369.07,0
5352,9783,102,5,102.20,15
5353,8698,48,1,72.09,10
5354,4190,35,1,335.83,0
5355,767,138,2,331.78,0
5356,3606,47,4,202.34,0
5357,7057,2,5,340.09,0
5358,454,175,3,372.30,0
5359,6797,85,4,114.41,0
5360,5959,267,4,208.17,15
5361,7401,199,1,378.96,10
5362,8831,22,2,193.70,10
5363,7976,291,5,25.51,0
5364,6086,68,5,277.33,0
5365,7585,246,4,62.04,0
5366,9749,193,2,85.60,10
5367,3263,72,4,370.40,0
5368,6229,85,3,114.41,10
5369,7768,159,4,217.33,15
5370,2619,227,4,303.25,15
5371,8441,159,4,217.33,10
5372,4241,91,3,371.67,10
5373,2780,175,3,372.30,5
5374,9066,242,1,67.91,0
5375,2118,50,3,311.33,0
5376,9111,161,1,291.83,0
5377,1814,129,1,265.34,15
5378,2246,37,5,258.60,10
5379,7065,93,3,28.93,0
5380,1355,7,5,263.49,15
5381,9448,211,4,323.51,0
5382,5014,252,4,24.03,10
5383,2697,74,1,224.24,0
5384,5967,72,3,370.40,0
5385,3134,24,3,74.40,0
5386,6583,86,1,365.04,0
5387,7160,128,5,220.39,10
5388,6441,158,5,214.14,15
5389,7571,153,5,174.41,0
5390,513,32,3,318.14,5
5391,34,32,2,318.14,0
5392,5327,116,1,368.79,10
5393,6263,285,4,258.56,10
5394,8537,231,1,64.44,10
5395,8908,296,1,93.52,5
5396,9179,123,2,106.64,0
5397,4192,124,3,320.32,0
5398,6186,50,3,311.33,0
5399,4126,293,2,58.98,0
5400,7918,192,3,90.00,0
5401,2355,274,2,53.21,0
5402,1616,21,2,299.77,0
5403,7900,265,1,366.02,0
5404,182,15,4,254.29,5
5405,2163,4,1,296.68,15
5406,7446,223,1,23.99,0
5407,2645,224,5,8.13,0
5408,9183,299,1,277.33,0
5409,4017,177,3,218.39,0
5410,8884,73,1,222.38,5
5411,8634,247,3,202.30,0
5412,1186,255,1,339.07,0
5413,5436,222,2,345.59,0
5414,7760,112,5,121.23,10
5415,8124,60,2,275.96,0
5416,2679,89,1,285.99,0
5417,8997,217,1,395.04,0
5418,2530,284,2,111.58,15
5419,6927,53,2,200.65,0
5420,1642,114,5,156.49,10
5421,3935,72,5,370.40,15
5422,5825,165,4,273.91,5
5423,1967,33,3,330.23,0
5424,7627,152,5,359.63,5
5425,2312,204,4,197.94,10
5426,3997,1,3,281.65,10
5427,7346,299,4,277.33,5
5428,5137,189,5,299.32,0
5429,936,140,5,120.30,15
5430,2405,196,1,160.55,0
5431,7632,14,4,106.54,15
5432,3552,79,3,19.52,0
5433,9015,55,5,396.81,0
5434,5800,130,2,200.63,0
5435,966,132,4,356.02,10
5436,4147,220,1,131.34,15
5437,2633,116,1,368.79,0
5438,5201,109,3,97.22,15
5439,759,3,1,369.07,0
5440,1604,204,3,197.94,0
5441,7868,102,5,102.20,15
5442,4322,70,1,315.23,0
5443,2861,9,1,150.86,0
5444,5980,156,2,344.64,10
5445,6590,214,1,163.02,5
5446,9757,89,5,285.99,0
5447,8744,221,1,33.76,10
5448,6310,277,2,219.37,0
5449,3300,92,5,50.16,0
5450,7032,251,2,113.15,0
5451,1450,172,3,43.91,5
5452,9147,62,4,78.99,10
5453,3957,128,1,220.39,10
5454,6094,50,3,311.33,5
5455,5972,97,5,234.59,10
5456,8745,42,4,309.17,0
5457,6678,260,1,294.26,10
5458,1674,98,4,115.13,0
5459,9083,256,2,343.78,0
5460,4488,10,5,228.01,5
5461,3553,205,1,150.21,0
5462,9305,32,1,318.14,5
5463,2843,271,2,327.62,15
5464,1815,98,1,115.13,10
5465,589,206,5,31.78,0
5466,9379,82,3,278.93,0
5467,1891,231,2,64.44,0
5468,2626,125,2,327.79,0
5469,8198,57,4,140.14,5
5470,1287,234,3,268.61,15
5471,107,263,3,116.93,10
5472,8797,42,4,309.17,0
5473,658,132,2,356.02,0
5474,6137,116,3,368.79,0
5475,1356,48,4,72.09,5
5476,7720,210,1,211.85,5
5477,5142,180,1,323.47,0
5478,5947,77,1,338.07,0
5479,250,9,3,150.86,0
5480,2039,70,5,315.23,0
5481,4926,250,2,178.43,0
5482,1989,239,3,320.95,5
5483,4838,126,3,68.11,0
5484,629,102,4,102.20,0
5485,8829,194,4,212.39,5
5486,2804,143,1,374.36,15
5487,7260,104,1,188.19,0
5488,4516,297,2,30.06,0
5489,624,182,5,183.61,10
5490,6167,20,5,344.16,0
5491,6141,242,1,67.91,10
5492,6548,14,1,106.54,0
5493,2093,274,1,53.21,0
5494,1571,89,3,285.99,0
5495,3638,243,2,297.01,0
5496,2660,271,3,327.62,15
5497,4509,190,1,22.53,0
5498,8988,214,4,163.02,5
5499,2267,59,2,213.06,10
5500,1477,129,1,265.34,0
5501,111,158,3,214.14,0
5502,5451,240,2,117.00,0
5503,2688,236,2,383.46,0
5504,8781,112,1,121.23,10
5505,9517,130,3,200.63,0
5506,9058,60,2,275.96,15
5507,2009,241,2,101.41,0
5508,3981,28,1,82.43,10
5509,2686,103,1,252.38,5
5510,1613,24,5,74.40,0
5511,1840,150,2,181.60,0
5512,2169,270,1,246.69,0
5513,8823,110,3,326.74,10
5514,1875,73,2,222.38,15
5515,5088,181,5,259.05,0
5516,7270,98,4,115.13,5
5517,8854,201,2,68.26,0
5518,3614,173,1,178.93,5
5519,510,22,5,193.70,15
5520,8893,128,2,220.39,5
5521,7910,72,5,370.40,15
5522,8017,43,5,232.40,0
5523,7275,260,4,294.26,0
5524,5889,120,2,388.54,0
5525,383,36,4,229.35,10
5526,3858,216,3,301.09,0
5527,4141,227,1,303.25,0
5528,4877,38,1,200.72,0
5529,3047,176,5,367.34,0
5530,2789,189,3,299.32,0
5531,4942,65,3,76.41,0
5532,1928,264,5,38.50,0
5533,3643,48,1,72.09,10
5534,3285,72,5,370.40,0
5535,7724,46,5,252.91,15
5536,4711,137,5,288.60,5
5537,8600,136,2,222.85,5
5538,8423,75,3,347.15,5
5539,4493,47,4,202.34,15
5540,3711,190,3,22.53,15
5541,4409,227,1,303.25,15
5542,2916,135,5,387.74,10
5543,1037,22,4,193.70,0
5544,9394,223,2,23.99,15
5545,1540,166,5,314.43,15
5546,4730,109,4,97.22,0
5547,6539,113,1,75.33,0
5548,7102,133,5,47.71,10
5549,4351,263,3,116.93,0
5550,7235,8,1,357.93,0
5551,6924,86,2,365.04,0
5552,146,176,3,367.34,15
5553,8112,273,3,341.96,10
5554,5113,103,4,252.38,0
5555,7035,190,4,22.53,0
5556,3997,88,5,42.74,5
5557,519,133,2,47.71,0
5558,4907,39,5,49.89,0
5559,1188,60,5,275.96,0
5560,3309,185,2,48.99,15
5561,8807,32,2,318.14,5
5562,3806,263,3,116.93,0
5563,2,195,3,282.87,10
5564,5193,105,5,338.11,5
5565,3643,29,4,34.87,5
5566,321,100,3,371.65,15
5567,2171,78,1,33.23,0
5568,1313,169,1,65.85,0
5569,2820,160,4,132.63,0
5570,6424,1,1,281.65,0
5571,8868,146,4,44.01,5
5572,760,252,1,24.03,10
5573,1925,205,1,150.21,0
5574,2181,233,4,245.00,0
5575,2770,113,5,75.33,15
5576,6424,272,3,120.04,15
5577,3991,226,5,348.65,15
5578,8011,94,2,66.86,15
5579,7925,94,3,66.86,0
5580,7057,232,3,182.33,5
5581,9054,250,4,178.43,0
5582,6749,55,5,396.81,0
5583,5727,71,5,167.32,10
5584,8292,260,5,294.26,5
5585,383,105,3,338.11,5
5586,4,142,1,249.44,0
5587,5475,266,5,7.51,5
5588,1134,150,1,181.60,10
5589,1185,256,4,343.78,0
5590,8282,20,2,344.16,0
5591,2579,204,3,197.94,15
5592,2697,203,5,6.30,10
5593,8593,127,5,126.84,5
5594,2635,203,2,6.30,10
5595,4576,183,4,78.33,0
5596,7030,27,5,65.87,10
5597,2446,75,4,347.15,15
5598,9995,64,3,245.58,0
5599,8943,183,5,78.33,15
5600,5113,9,1,150.86,10
5601,1944,212,3,324.30,0
5602,9430,211,3,323.51,0
5603,8505,221,1,33.76,5
5604,3220,214,1,163.02,15
5605,1097,83,5,80.10,5
5606,9129,79,4,19.52,15
5607,5435,247,5,202.30,10
5608,3407,21,5,299.77,15
5609,190,300,2,60.59,10
5610,1881,276,3,342.04,10
5611,4597,287,3,257.71,5
5612,5778,253,4,286.72,0
5613,7912,26,5,122.89,5
5614,3581,64,4,245.58,0
5615,9776,203,2,6.30,15
5616,5921,36,4,229.35,10
5617,345,142,2,249.44,10
5618,7955,152,5,359.63,15
5619,7608,233,1,245.00,0
5620,395,246,1,62.04,0
5621,5997,191,5,226.42,0
5622,482,134,5,378.20,5
5623,1015,246,2,62.04,10
5624,2115,190,1,22.53,0
5625,5169,266,5,7.51,10
5626,4728,274,4,53.21,0
5627,5470,152,5,359.63,5
5628,2492,167,1,245.05,0
5629,3490,23,2,393.39,10
5630,6979,242,5,67.91,15
5631,5992,7,4,263.49,0
5632,5313,2,2,340.09,10
5633,5356,79,4,19.52,15
5634,4650,142,2,249.44,10
5635,9175,176,3,367.34,15
5636,7598,78,3,33.23,0
5637,1128,127,1,126.84,0
5638,8113,285,2,258.56,0
5639,503,263,1,116.93,5
5640,1495,74,3,224.24,5
5641,7093,266,5,7.51,0
5642,4789,185,2,48.99,0
5643,3076,132,2,356.02,0
5644,6915,208,3,389.11,0
5645,4355,148,1,119.97,10
5646,6700,147,2,344.67,15
5647,537,272,2,120.04,10
5648,4402,19,4,20.40,0
5649,2205,53,3,200.65,15
5650,7876,28,4,82.43,0
5651,1249,105,5,338.11,15
5652,4900,49,3,123.44,0
5653,4076,215,3,252.10,15
5654,6777,235,3,43.63,10
5655,7092,236,3,383.46,0
5656,5453,156,2,344.64,0
5657,5081,280,4,319.72,5
5658,2087,5,1,235.25,15
5659,5442,238,4,200.57,10
5660,6055,242,3,67.91,0
5661,5412,236,2,383.46,5
5662,2121,195,5,282.87,10
5663,117,8,1,357.93,0
5664,8942,160,5,132.63,5
5665,809,8,4,357.93,0
5666,4816,218,1,385.74,0
5667,160,204,4,197.94,5
5668,1958,151,2,214.50,10
5669,6010,6,2,190.26,5
5670,3424,204,5,197.94,0
5671,4015,297,1,30.06,5
5672,438,164,2,395.54,0
5673,9491,262,3,265.12,0
5674,8771,99,4,283.04,15
5675,5991,58,3,218.95,0
5676,579,2,2,340.09,15
5677,1667,214,2,163.02,15
5678,9103,17,2,353.82,0
5679,6226,30,5,190.99,0
5680,3828,17,5,353.82,0
5681,2395,201,3,68.26,0
5682,8765,119,3,86.31,0
5683,3345,134,2,378.20,5
5684,4666,204,1,197.94,0
5685,9705,57,1,140.14,0
5686,7540,26,3,122.89,0
5687,2634,65,2,76.41,0
5688,932,87,1,84.63,15
5689,8722,289,4,90.69,0
5690,8731,196,2,160.55,0
5691,9273,170,2,67.45,15
5692,3346,300,3,60.59,15
5693,7851,91,5,371.67,15
5694,1075,133,4,47.71,0
5695,4135,102,3,102.20,10
5696,6512,46,1,252.91,10
5697,7048,156,4,344.64,15
5698,5421,30,3,190.99,0
5699,5583,109,2,97.22,10
5700,6764,58,3,218.95,0
5701,9339,25,4,157.60,0
5702,5849,48,1,72.09,0
5703,3713,43,4,232.40,0
5704,1003,95,3,69.49,0
5705,6710,294,4,200.35,0
5706,7035,171,4,132.85,15
5707,3580,113,2,75.33,15
5708,6493,230,1,323.29,10
5709,3872,170,3,67.45,15
5710,5982,201,3,68.26,0
5711,6326,139,5,321.64,0
5712,1373,100,4,371.65,15
5713,4912,145,5,94.23,5
5714,6072,104,1,188.19,5
5715,4856,48,2,72.09,0
5716,7993,56,5,372.10,0
5717,8233,193,2,85.60,0
5718,8254,73,2,222.38,0
5719,2484,1,3,281.65,15
5720,8981,247,4,202.30,15
5721,2230,9,1,150.86,10
5722,9547,65,5,76.41,15
5723,7602,18,3,318.44,0
5724,921,159,3,217.33,10
5725,9636,210,2,211.85,0
5726,6573,280,5,319.72,0
5727,1458,254,1,396.05,15
5728,6333,80,3,392.68,5
5729,3425,98,2,115.13,10
5730,7487,179,5,237.43,15
5731,4436,121,1,251.05,10
5732,2553,78,4,33.23,0
5733,6519,13,4,97.73,0
5734,5899,65,4,76.41,0
5735,2950,86,1,365.04,0
5736,6792,210,1,211.85,5
5737,7144,12,5,161.29,0
5738,2015,24,4,74.40,5
5739,8395,181,2,259.05,0
5740,3939,191,3,226.42,0
5741,64,55,3,396.81,0
5742,7304,160,3,132.63,15
5743,1494,138,3,331.78,15
5744,6717,227,3,303.25,0
5745,926,21,1,299.77,0
5746,7260,32,5,318.14,5
5747,3660,8,2,357.93,0
5748,4364,21,1,299.77,0
5749,1999,181,4,259.05,5
5750,9434,56,5,372.10,0
5751,4798,188,1,61.43,0
5752,3529,4,5,296.68,10
5753,7354,190,2,22.53,15
5754,5960,86,4,365.04,5
5755,4167,192,4,90.00,5
5756,1294,295,3,307.36,0
5757,4518,47,2,202.34,0
5758,7998,101,4,167.15,15
5759,9508,264,4,38.50,15
5760,7816,267,3,208.17,15
5761,6497,133,5,47.71,15
5762,6691,149,3,70.07,0
5763,3683,173,1,178.93,5
5764,8689,10,4,228.01,0
5765,3404,76,4,297.26,0
5766,3078,26,3,122.89,5
5767,2208,296,1,93.52,10
5768,4062,84,3,124.05,5
5769,4067,237,3,199.63,0
5770,4681,202,4,268.66,0
5771,9710,42,5,309.17,10
5772,6763,69,4,156.10,10
5773,1900,26,1,122.89,0
5774,8199,25,2,157.60,0
5775,4502,45,5,382.91,5
5776,9516,66,3,206.27,5
5777,827,183,4,78.33,10
5778,5295,7,5,263.49,10
5779,8609,90,4,206.30,0
5780,6217,246,1,62.04,5
5781,7167,262,4,265.12,5
5782,1552,52,4,51.91,0
5783,4618,207,4,326.57,15
5784,7003,42,1,309.17,0
5785,7250,183,1,78.33,0
5786,4586,156,2,344.64,5
5787,1436,106,1,66.50,0
5788,4653,121,1,251.05,5
5789,9683,149,1,70.07,0
5790,4307,225,5,338.57,0
5791,4946,53,1,200.65,5
5792,3157,195,1,282.87,15
5793,3159,284,4,111.58,0
5794,8027,250,4,178.43,0
5795,6586,190,5,22.53,10
5796,2592,21,5,299.77,15
5797,4024,43,3,232.40,0
5798,3527,28,3,82.43,5
5799,4881,70,5,315.23,0
5800,8250,228,3,335.11,0
5801,3646,122,3,222.97,0
5802,6922,145,3,94.23,0
5803,2619,264,3,38.50,0
5804,311,94,1,66.86,5
5805,7217,194,4,212.39,0
5806,2161,295,2,307.36,0
5807,670,22,2,193.70,0
5808,8492,68,1,277.33,0
5809,782,46,2,252.91,0
5810,4770,267,4,208.17,5
5811,7779,51,2,340.30,0
5812,305,250,1,178.43,5
5813,7318,112,3,121.23,5
5814,2464,116,2,368.79,15
5815,5486,140,4,120.30,5
5816,1770,205,5,150.21,0
5817,291,299,5,277.33,0
5818,5067,272,1,120.04,0
5819,9767,219,5,30.27,15
5820,7807,168,4,156.48,15
5821,1480,89,4,285.99,0
5822,5050,298,2,253.90,10
5823,1814,174,2,232.35,15
5824,9837,154,2,343.92,0
5825,6169,296,1,93.52,15
5826,5403,282,5,381.21,0
5827,2203,134,3,378.20,5
5828,3265,144,1,321.56,5
5829,7738,154,2,343.92,15
5830,6042,179,5,237.43,5
5831,2707,197,1,208.34,0
5832,7339,165,4,273.91,10
5833,2429,229,3,324.76,0
5834,2797,272,4,120.04,5
5835,2059,202,5,268.66,0
5836,1001,206,5,31.78,15
5837,1909,56,5,372.10,0
5838,5971,246,2,62.04,0
5839,6536,138,3,331.78,0
5840,1640,243,5,297.01,15
5841,8840,202,1,268.66,0
5842,7054,131,2,91.11,0
5843,5904,247,4,202.30,0
5844,9693,230,3,323.29,0
5845,6210,69,1,156.10,0
5846,2560,281,5,263.43,0
5847,6071,197,5,208.34,15
5848,2810,50,2,311.33,0
5849,1183,195,1,282.87,0
5850,233,110,3,326.74,10
5851,7521,240,1,117.00,10
5852,2091,5,2,235.25,0
5853,5228,195,4,282.87,0
5854,540,277,5,219.37,15
5855,745,112,4,121.23,0
5856,3945,207,3,326.57,5
5857,2217,266,5,7.51,5
5858,8804,296,1,93.52,0
5859,3645,23,5,393.39,15
5860,4126,261,2,297.20,0
5861,8010,118,5,351.34,0
5862,3769,99,5,283.04,5
5863,9532,15,3,254.29,10
5864,3486,266,4,7.51,10
5865,6210,222,3,345.59,0
5866,1298,100,5,371.65,15
5867,6968,229,1,324.76,0
5868,2481,10,2,228.01,0
5869,3794,58,4,218.95,15
5870,9389,205,5,150.21,0
5871,7746,258,1,171.69,0
5872,1439,216,5,301.09,0
5873,8629,184,4,200.81,15
5874,1622,13,2,97.73,5
5875,5885,122,2,222.97,0
5876,5661,177,4,218.39,0
5877,4713,10,5,228.01,0
5878,5797,91,5,371.67,0
5879,9852,143,5,374.36,0
5880,2553,81,5,191.34,0
5881,3038,213,4,37.84,0
5882,1218,270,5,246.69,0
5883,7824,41,1,89.26,15
5884,339,64,1,245.58,5
5885,3651,68,2,277.33,10
5886,6272,92,1,50.16,0
5887,289,174,2,232.35,15
5888,7570,72,5,370.40,15
5889,7167,293,3,58.98,0
5890,9172,19,5,20.40,10
5891,7997,102,5,102.20,5
5892,9485,186,3,146.92,10
5893,8906,77,2,338.07,10
5894,5321,282,5,381.21,0
5895,3300,180,1,323.47,10
5896,376,210,5,211.85,0
5897,5997,136,5,222.85,0
5898,3020,282,4,381.21,10
5899,2496,182,5,183.61,0
5900,6112,96,5,264.06,0
5901,4219,257,4,63.30,5
5902,7020,55,1,396.81,0
5903,4508,194,4,212.39,5
5904,1991,272,4,120.04,10
5905,7,204,3,197.94,0
5906,6972,13,2,97.73,15
5907,7361,223,5,23.99,0
5908,2470,176,5,367.34,10
5909,4841,158,1,214.14,0
5910,5355,242,1,67.91,15
5911,6252,115,5,353.64,15
5912,3152,188,3,61.43,0
5913,8844,297,1,30.06,15
5914,682,135,2,387.74,0
5915,8619,124,3,320.32,0
5916,3802,130,5,200.63,5
5917,5416,203,1,6.30,10
5918,7712,81,5,191.34,10
5919,5544,72,4,370.40,0
5920,2126,5,3,235.25,5
5921,4188,255,3,339.07,0
5922,1297,41,4,89.26,5
5923,5936,89,1,285.99,10
5924,1561,15,4,254.29,15
5925,1483,30,5,190.99,0
5926,8697,298,3,253.90,5
5927,8614,62,5,78.99,0
5928,3102,198,3,116.63,0
5929,4875,38,4,200.72,0
5930,9501,111,4,225.30,0
5931,9118,131,4,91.11,0
5932,877,51,4,340.30,0
5933,6264,15,3,254.29,0
5934,6730,217,1,395.04,0
5935,5067,19,1,20.40,0
5936,4247,97,3,234.59,0
5937,4900,112,1,121.23,5
5938,4806,108,1,261.20,0
5939,4362,60,2,275.96,15
5940,4590,229,1,324.76,0
5941,5626,227,5,303.25,0
5942,5603,57,3,140.14,0
5943,5682,66,4,206.27,0
5944,8542,85,1,114.41,5
5945,8255,88,3,42.74,15
5946,3565,191,4,226.42,10
5947,7019,217,4,395.04,10
5948,3708,73,3,222.38,0
5949,3716,139,2,321.64,10
5950,65,82,4,278.93,0
5951,4785,228,3,335.11,5
5952,9847,194,4,212.39,15
5953,4370,279,4,313.02,15
5954,2976,171,5,132.85,5
5955,8881,6,5,190.26,0
5956,8905,274,3,53.21,15
5957,6831,244,2,146.67,0
5958,4877,90,5,206.30,0
5959,4438,288,5,66.37,0
5960,1781,100,4,371.65,15
5961,5580,88,2,42.74,0
5962,1716,34,2,297.79,0
5963,6708,291,4,25.51,0
5964,2350,225,3,338.57,5
5965,664,240,1,117.00,0
5966,5039,156,3,344.64,0
5967,5931,95,4,69.49,15
5968,3465,294,4,200.35,0
5969,4163,128,4,220.39,0
5970,6206,112,2,121.23,0
5971,3642,232,4,182.33,0
5972,7777,290,3,25.70,0
5973,5156,213,5,37.84,5
5974,2342,179,3,237.43,10
5975,5793,26,5,122.89,10
5976,4048,200,2,67.84,0
5977,1615,87,1,84.63,5
5978,7049,63,3,199.37,10
5979,7706,107,5,65.37,0
5980,1150,241,1,101.41,0
5981,4054,100,1,371.65,5
5982,4224,3,1,369.07,0
5983,6266,184,3,200.81,0
5984,5648,295,4,307.36,15
5985,5361,85,1,114.41,15
5986,3055,113,5,75.33,15
5987,5829,124,2,320.32,0
5988,7877,277,3,219.37,0
5989,2956,261,1,297.20,5
5990,1592,61,5,175.74,0
5991,7909,126,4,68.11,5
5992,7701,65,4,76.41,0
5993,5156,16,4,386.04,0
5994,2703,267,4,208.17,0
5995,6204,141,2,53.20,0
5996,5072,16,3,386.04,10
5997,7990,63,3,199.37,0
5998,1088,167,4,245.05,5
5999,1205,155,2,190.98,0
6000,4326,253,3,286.72,15
6001,6291,105,4,338.11,15
6002,3621,94,4,66.86,0
6003,6849,190,1,22.53,10
6004,1329,187,1,234.45,0
6005,4842,9,2,150.86,0
6006,9504,43,4,232.40,10
6007,807,49,3,123.44,5
6008,6377,252,3,24.03,5
6009,7612,31,2,136.27,0
6010,6508,292,3,136.17,10
6011,1939,52,1,51.91,15
6012,388,110,4,326.74,0
6013,8572,152,2,359.63,5
6014,6341,106,1,66.50,15
6015,3326,220,1,131.34,0
6016,988,293,4,58.98,0
6017,6117,167,5,245.05,0
6018,9815,19,2,20.40,0
6019,1558,280,3,319.72,5
6020,1424,143,1,374.36,0
6021,646,54,3,316.28,0
6022,723,246,1,62.04,15
6023,7991,146,5,44.01,15
6024,4520,166,2,314.43,0
6025,7067,136,2,222.85,10
6026,1432,152,4,359.63,0
6027,51,52,3,51.91,5
6028,152,7,5,263.49,0
6029,8788,1,1,281.65,5
6030,5557,135,5,387.74,0
6031,6399,272,4,120.04,15
6032,5377,74,3,224.24,0
6033,3081,156,4,344.64,0
6034,2512,293,2,58.98,15
6035,4615,214,3,163.02,0
6036,6185,123,4,106.64,15
6037,347,4,4,296.68,15
6038,3381,86,1,365.04,5
6039,994,180,5,323.47,5
6040,6025,271,2,327.62,0
6041,1207,131,3,91.11,5
6042,8845,255,4,339.07,0
6043,1348,230,3,323.29,15
6044,1748,208,1,389.11,0
6045,8214,28,2,82.43,15
6046,6366,50,5,311.33,0
6047,3294,40,1,226.87,0
6048,7107,174,2,232.35,10
6049,9753,167,4,245.05,0
6050,3528,36,1,229.35,0
6051,440,150,3,181.60,0
6052,8694,60,4,275.96,0
6053,9947,81,2,191.34,5
6054,5301,120,1,388.54,15
6055,3200,205,3,150.21,5
6056,6023,166,4,314.43,0
6057,3714,52,2,51.91,10
6058,4648,38,5,200.72,0
6059,3449,270,4,246.69,0
6060,839,224,3,8.13,5
6061,1077,74,4,224.24,5
6062,9217,29,2,34.87,0
6063,3029,65,1,76.41,15
6064,3169,60,4,275.96,15
6065,8735,120,5,388.54,15
6066,3685,71,3,167.32,0
6067,9428,182,2,183.61,5
6068,8229,173,2,178.93,15
6069,2812,147,1,344.67,5
6070,9904,46,3,252.91,15
6071,9765,12,5,161.29,0
6072,4466,201,5,68.26,0
6073,5127,17,2,353.82,10
6074,3890,184,5,200.81,0
6075,4844,201,5,68.26,0
6076,7352,68,1,277.33,0
6077,7450,74,3,224.24,0
6078,4068,105,3,338.11,0
6079,1045,113,5,75.33,15
6080,9672,45,2,382.91,10
6081,8646,211,1,323.51,0
6082,6094,184,5,200.81,10
6083,3822,174,1,232.35,0
6084,5696,47,1,202.34,15
6085,6402,73,3,222.38,0
6086,6151,21,2,299.77,15
6087,6141,281,2,263.43,15
6088,1873,275,2,59.35,0
6089,1009,99,5,283.04,0
6090,6803,68,4,277.33,10
6091,3407,52,2,51.91,0
6092,4194,52,4,51.91,5
6093,9541,96,3,264.06,0
6094,5075,178,5,308.38,0
6095,7861,291,3,25.51,5
6096,974,63,4,199.37,0
6097,2253,173,5,178.93,0
6098,1951,159,2,217.33,0
6099,2116,256,3,343.78,0
6100,2939,59,5,213.06,15
6101,6614,112,1,121.23,15
6102,8940,202,2,268.66,0
6103,6033,254,1,396.05,0
6104,3856,138,1,331.78,15
6105,4099,230,5,323.29,0
6106,2723,8,5,357.93,0
6107,1438,264,3,38.50,0
6108,9274,154,4,343.92,5
6109,1591,285,3,258.56,10
6110,5300,149,4,70.07,0
6111,8606,158,2,214.14,0
6112,3020,46,5,252.91,0
6113,5243,125,5,327.79,5
6114,8628,48,3,72.09,0
6115,9138,268,5,226.31,15
6116,2937,43,4,232.40,15
6117,743,136,1,222.85,5
6118,4640,276,3,342.04,0
6119,7877,283,2,390.13,0
6120,8156,133,5,47.71,15
6121,3486,270,1,246.69,0
6122,6701,117,4,350.39,0
6123,8202,155,3,190.98,10
6124,3308,26,1,122.89,0
6125,8337,271,5,327.62,0
6126,6282,294,3,200.35,15
6127,4173,63,1,199.37,10
6128,9158,149,4,70.07,15
6129,580,169,1,65.85,15
6130,5112,118,5,351.34,0
6131,7607,139,3,321.64,0
6132,4521,112,3,121.23,0
6133,7774,18,1,318.44,0
6134,5092,195,3,282.87,0
6135,127,182,5,183.61,10
6136,9000,49,1,123.44,0
6137,9509,78,4,33.23,5
6138,5521,114,5,156.49,0
6139,9670,119,4,86.31,0
6140,7100,144,4,321.56,0
6141,5822,136,5,222.85,0
6142,5383,135,5,387.74,0
6143,6478,155,5,190.98,0
6144,6454,290,3,25.70,0
6145,8139,165,4,273.91,0
6146,6211,106,1,66.50,0
6147,711,278,5,334.45,0
6148,3116,233,3,245.00,0
6149,902,231,4,64.44,5
6150,7381,201,1,68.26,0
6151,5437,73,4,222.38,0
6152,5318,117,1,350.39,15
6153,9461,288,4,66.37,0
6154,8144,132,1,356.02,0
6155,4072,243,2,297.01,0
6156,7024,277,1,219.37,0
6157,8315,230,4,323.29,0
6158,7688,119,3,86.31,0
6159,8992,178,4,308.38,5
6160,1874,240,3,117.00,15
6161,6297,86,4,365.04,10
6162,3136,209,4,188.28,0
6163,8064,43,5,232.40,0
6164,2265,184,3,200.81,0
6165,8132,241,1,101.41,5
6166,8512,161,3,291.83,0
6167,6826,168,5,156.48,0
6168,6122,38,5,200.72,0
6169,5916,8,1,357.93,0
6170,3570,291,5,25.51,0
6171,6044,194,3,212.39,5
6172,3969,277,4,219.37,0
6173,681,24,1,74.40,10
6174,8986,263,4,116.93,0
6175,7675,113,1,75.33,0
6176,3026,58,1,218.95,10
6177,7881,131,1,91.11,10
6178,9407,22,2,193.70,15
6179,3226,60,5,275.96,15
6180,5047,234,5,268.61,0
6181,4287,228,5,335.11,0
6182,5157,24,3,74.40,15
6183,8050,182,1,183.61,5
6184,8643,88,5,42.74,5
6185,8015,110,5,326.74,0
6186,1007,197,2,208.34,10
6187,604,241,3,101.41,0
6188,5487,154,5,343.92,0
6189,1293,75,5,347.15,15
6190,290,252,1,24.03,10
6191,4865,275,2,59.35,15
6192,9076,154,1,343.92,5
6193,7641,104,2,188.19,0
6194,1034,94,5,66.86,0
6195,9261,194,3,212.39,0
6196,436,196,5,160.55,0
6197,3454,143,2,374.36,5
6198,8632,68,5,277.33,15
6199,2776,123,5,106.64,0
6200,3624,72,4,370.40,10
6201,4736,256,5,343.78,10
6202,6197,258,2,171.69,15
6203,3492,252,3,24.03,0
6204,7628,59,1,213.06,0
6205,3578,153,4,174.41,15
6206,7875,174,2,232.35,10
6207,5941,230,1,323.29,0
6208,8749,69,2,156.10,0
6209,9323,71,1,167.32,0
6210,8771,270,3,246.69,0
6211,3270,13,5,97.73,15
6212,4434,167,3,245.05,5
6213,1874,16,1,386.04,0
6214,5188,35,2,335.83,10
6215,2862,67,1,134.74,10
6216,3592,233,2,245.00,15
6217,6104,138,4,331.78,15
6218,8439,32,5,318.14,0
6219,9819,169,3,65.85,0
6220,9411,197,2,208.34,0
6221,3203,99,1,283.04,10
6222,1649,243,4,297.01,5
6223,4290,175,1,372.30,0
6224,2514,297,3,30.06,15
6225,4131,97,3,234.59,0
6226,7355,135,2,387.74,0
6227,569,191,2,226.42,10
6228,8215,120,5,388.54,10
6229,2630,8,5,357.93,15
6230,8837,283,2,390.13,0
6231,7709,221,3,33.76,5
6232,7720,243,3,297.01,5
6233,4955,88,4,42.74,0
6234,7391,200,1,67.84,0
6235,7261,290,3,25.70,0
6236,6583,106,1,66.50,0
6237,601,4,2,296.68,0
6238,8643,27,5,65.87,0
6239,95,230,1,323.29,15
6240,7343,145,1,94.23,10
6241,264,46,2,252.91,10
6242,5321,67,1,134.74,15
6243,289,268,2,226.31,5
6244,4605,187,4,234.45,10
6245,8226,121,4,251.05,15
6246,3196,234,1,268.61,0
6247,1044,44,4,57.92,5
6248,6441,207,2,326.57,10
6249,6183,101,4,167.15,5
6250,6332,5,3,235.25,10
6251,4827,234,4,268.61,0
6252,8493,283,5,390.13,5
6253,9475,240,3,117.00,10
6254,5573,274,3,53.21,0
6255,8247,190,3,22.53,15
6256,7349,81,1,191.34,0
6257,7144,197,5,208.34,15
6258,2865,208,3,389.11,5
6259,856,55,4,396.81,15
6260,2296,172,3,43.91,0
6261,665,46,2,252.91,0
6262,2102,5,2,235.25,0
6263,3635,213,3,37.84,10
6264,9633,215,1,252.10,0
6265,5952,266,2,7.51,10
6266,8305,295,5,307.36,10
6267,4485,252,4,24.03,0
6268,868,179,2,237.43,5
6269,1721,232,5,182.33,5
6270,3142,172,1,43.91,0
6271,8856,46,5,252.91,0
6272,5717,241,5,101.41,0
6273,9341,22,3,193.70,0
6274,861,26,2,122.89,0
6275,8480,64,3,245.58,0
6276,6615,52,4,51.91,5
6277,856,249,3,124.21,5
6278,1946,258,4,171.69,10
6279,1531,50,3,311.33,0
6280,6433,117,2,350.39,10
6281,1861,108,5,261.20,0
6282,6755,97,4,234.59,10
6283,2221,129,3,265.34,15
6284,9784,82,2,278.93,5
6285,3755,65,4,76.41,0
6286,2861,140,4,120.30,5
6287,931,285,1,258.56,0
6288,336,185,3,48.99,10
6289,8203,236,2,383.46,5
6290,6873,184,4,200.81,5
6291,4479,210,5,211.85,15
6292,3553,194,5,212.39,0
6293,107,155,4,190.98,5
6294,1966,113,4,75.33,5
6295,6094,69,4,156.10,10
6296,786,10,1,228.01,0
6297,5579,92,4,50.16,0
6298,6634,64,5,245.58,0
6299,4209,234,1,268.61,0
6300,5174,240,1,117.00,15
6301,6230,139,5,321.64,15
6302,5314,279,5,313.02,0
6303,5467,136,1,222.85,5
6304,7812,198,1,116.63,0
6305,5055,258,2,171.69,15
6306,4985,87,4,84.63,5
6307,2448,299,4,277.33,0
6308,9453,45,3,382.91,0
6309,4042,279,4,313.02,0
6310,4749,43,5,232.40,0
6311,1889,57,1,140.14,5
6312,5340,132,1,356.02,0
6313,8018,17,5,353.82,0
6314,9225,261,2,297.20,0
6315,5070,100,5,371.65,0
6316,9366,13,4,97.73,0
6317,4420,145,4,94.23,0
6318,7657,116,1,368.79,5
6319,538,14,5,106.54,5
6320,6538,213,1,37.84,5
6321,8343,152,2,359.63,10
6322,1965,97,2,234.59,0
6323,8847,26,1,122.89,0
6324,2859,21,1,299.77,0
6325,5309,250,2,178.43,0
6326,43,219,3,30.27,10
6327,3406,98,3,115.13,10
6328,2954,203,1,6.30,15
6329,4598,153,1,174.41,10
6330,8313,130,2,200.63,0
6331,1624,193,3,85.60,10
6332,3117,279,5,313.02,5
6333,7022,183,2,78.33,0
6334,9671,76,5,297.26,0
6335,57,207,4,326.57,10
6336,5327,127,1,126.84,0
6337,4146,163,4,20.58,0
6338,7745,137,1,288.60,15
6339,4029,140,2,120.30,0
6340,7369,227,3,303.25,0
6341,6994,177,2,218.39,15
6342,7984,295,5,307.36,0
6343,3161,240,2,117.00,10
6344,7825,158,5,214.14,10
6345,4024,140,3,120.30,10
6346,7048,44,3,57.92,0
6347,3837,249,5,124.21,10
6348,7210,26,5,122.89,10
6349,7023,56,2,372.10,5
6350,6488,50,1,311.33,0
6351,5528,91,1,371.67,15
6352,8439,175,2,372.30,0
6353,7942,159,3,217.33,10
6354,5539,244,1,146.67,5
6355,2657,120,2,388.54,5
6356,3525,42,3,309.17,10
6357,6486,277,5,219.37,0
6358,5494,89,5,285.99,0
6359,593,284,2,111.58,10
6360,3313,90,2,206.30,10
6361,7238,121,3,251.05,0
6362,2571,47,1,202.34,10
6363,1200,21,3,299.77,5
6364,2159,195,5,282.87,10
6365,2179,1,2,281.65,0
6366,8897,176,5,367.34,15
6367,7564,297,2,30.06,15
6368,658,188,5,61.43,10
6369,1181,2,4,340.09,0
6370,9817,149,1,70.07,15
6371,8958,295,2,307.36,15
6372,2172,34,3,297.79,5
6373,9592,114,1,156.49,10
6374,1307,6,5,190.26,0
6375,1479,95,2,69.49,5
6376,1127,89,3,285.99,10
6377,2514,48,1,72.09,0
6378,8092,258,2,171.69,0
6379,4715,296,2,93.52,0
6380,5288,244,3,146.67,0
6381,377,137,1,288.60,15
6382,3169,153,3,174.41,15
6383,7684,259,1,201.35,5
6384,9274,101,1,167.15,0
6385,8071,44,5,57.92,0
6386,7106,244,3,146.67,0
6387,9216,69,1,156.10,5
6388,8145,276,3,342.04,5
6389,7502,69,3,156.10,0
6390,5884,176,5,367.34,10
6391,5780,172,1,43.91,0
6392,6398,141,2,53.20,0
6393,5402,144,3,321.56,0
6394,759,109,3,97.22,0
6395,1652,148,3,119.97,15
6396,3776,172,3,43.91,10
6397,5970,74,2,224.24,0
6398,6396,275,5,59.35,0
6399,388,93,2,28.93,15
6400,3775,204,5,197.94,10
6401,3242,17,1,353.82,0
6402,3009,226,1,348.65,0
6403,5739,125,5,327.79,10
6404,9670,251,5,113.15,15
6405,5913,207,1,326.57,0
6406,3164,48,2,72.09,5
6407,5696,52,2,51.91,5
6408,1324,4,4,296.68,10
6409,6937,174,3,232.35,0
6410,8712,10,2,228.01,10
6411,9572,292,4,136.17,0
6412,6929,158,4,214.14,0
6413,3934,154,2,343.92,5
6414,6452,263,5,116.93,15
6415,9852,156,4,344.64,0
6416,5814,256,5,343.78,0
6417,7660,31,1,136.27,5
6418,2351,215,5,252.10,5
6419,306,135,5,387.74,0
6420,4430,176,2,367.34,0
6421,8256,189,3,299.32,10
6422,7609,252,4,24.03,10
6423,9498,156,1,344.64,0
6424,5867,199,3,378.96,5
6425,9083,90,2,206.30,0
6426,3272,53,4,200.65,15
6427,6648,92,3,50.16,5
6428,5003,26,5,122.89,0
6429,6372,241,4,101.41,0
6430,1832,187,2,234.45,0
6431,6639,92,4,50.16,0
6432,9981,72,3,370.40,5
6433,6604,155,2,190.98,0
6434,5064,32,1,318.14,15
6435,6929,182,5,183.61,0
6436,6448,128,5,220.39,0
6437,883,126,2,68.11,10
6438,3909,214,2,163.02,0
6439,2580,292,4,136.17,10
6440,1485,235,1,43.63,0
6441,6048,59,5,213.06,5
6442,1724,248,2,149.84,0
6443,1543,300,4,60.59,15
6444,6478,167,5,245.05,0
6445,1262,175,5,372.30,0
6446,2627,215,1,252.10,15
6447,7261,228,4,335.11,15
6448,8556,90,2,206.30,0
6449,7741,156,5,344.64,10
6450,3040,173,5,178.93,10
6451,9437,277,5,219.37,0
6452,4353,62,5,78.99,5
6453,8285,120,4,388.54,0
6454,3868,253,2,286.72,0
6455,1145,259,2,201.35,0
6456,9082,54,4,316.28,0
6457,4811,167,5,245.05,0
6458,8675,194,2,212.39,0
6459,5527,83,3,80.10,5
6460,675,273,1,341.96,0
6461,3722,220,5,131.34,0
6462,8096,45,1,382.91,15
6463,1639,134,3,378.20,5
6464,9040,226,3,348.65,5
6465,2508,227,4,303.25,0
6466,8313,60,1,275.96,0
6467,2480,129,1,265.34,0
6468,4689,95,2,69.49,10
6469,4432,277,1,219.37,5
6470,8009,139,3,321.64,0
6471,2544,132,5,356.02,0
6472,7869,236,5,383.46,15
6473,7106,108,1,261.20,5
6474,1614,65,2,76.41,10
6475,8129,43,1,232.40,10
6476,801,112,3,121.23,0
6477,4373,83,3,80.10,0
6478,4425,198,1,116.63,0
6479,2825,212,2,324.30,10
6480,2214,291,4,25.51,0
6481,8485,29,2,34.87,15
6482,8390,259,3,201.35,0
6483,6992,294,2,200.35,5
6484,9250,124,2,320.32,10
6485,5380,234,2,268.61,15
6486,59,54,1,316.28,0
6487,1378,281,4,263.43,0
6488,5135,27,1,65.87,15
6489,9083,156,1,344.64,0
6490,5678,165,1,273.91,5
6491,8331,297,4,30.06,0
6492,8754,28,4,82.43,0
6493,1033,300,2,60.59,15
6494,5502,244,5,146.67,0
6495,2998,91,5,371.67,0
6496,2561,150,3,181.60,5
6497,3354,106,1,66.50,0
6498,3543,291,4,25.51,10
6499,3870,20,1,344.16,15
6500,6743,155,3,190.98,0
6501,8204,50,5,311.33,0
6502,1830,79,5,19.52,5
6503,9363,270,5,246.69,15
6504,6415,12,4,161.29,15
6505,8051,125,4,327.79,0
6506,509,231,1,64.44,10
6507,2246,7,2,263.49,5
6508,3514,283,2,390.13,15
6509,3106,3,5,369.07,0
6510,5007,248,5,149.84,10
6511,4820,25,1,157.60,0
6512,4161,290,1,25.70,5
6513,6839,89,1,285.99,0
6514,5092,16,4,386.04,5
6515,6448,100,1,371.65,15
6516,416,89,4,285.99,15
6517,7899,241,4,101.41,5
6518,1378,289,2,90.69,15
6519,7468,154,5,343.92,15
6520,3188,124,4,320.32,10
6521,1840,22,4,193.70,0
6522,5646,53,2,200.65,0
6523,3701,90,5,206.30,0
6524,4024,41,5,89.26,0
6525,9664,134,4,378.20,10
6526,6125,279,1,313.02,0
6527,2544,33,1,330.23,0
6528,9010,169,3,65.85,15
6529,6151,155,5,190.98,15
6530,3352,39,4,49.89,5
6531,9431,285,4,258.56,0
6532,4300,111,1,225.30,5
6533,4546,123,1,106.64,0
6534,8023,140,2,120.30,0
6535,4336,215,1,252.10,0
6536,4089,41,1,89.26,0
6537,9953,209,5,188.28,0
6538,3519,37,1,258.60,5
6539,7322,174,4,232.35,5
6540,5094,186,4,146.92,0
6541,1015,246,4,62.04,5
6542,8930,37,5,258.60,0
6543,2730,109,2,97.22,15
6544,8646,259,4,201.35,0
6545,806,116,2,368.79,5
6546,1747,72,4,370.40,5
6547,9629,35,1,335.83,0
6548,9486,36,3,229.35,0
6549,8382,4,1,296.68,15
6550,844,64,3,245.58,0
6551,9112,281,5,263.43,15
6552,5252,46,1,252.91,0
6553,2364,121,3,251.05,5
6554,2315,132,3,356.02,5
6555,6978,169,2,65.85,0
6556,8581,257,3,63.30,5
6557,9011,253,5,286.72,0
6558,6268,114,2,156.49,15
6559,9643,15,2,254.29,5
6560,4173,300,5,60.59,10
6561,4105,72,4,370.40,0
6562,6135,5,3,235.25,0
6563,9694,3,4,369.07,5
6564,9730,263,5,116.93,10
6565,7161,240,3,117.00,0
6566,8263,253,3,286.72,15
6567,1444,178,3,308.38,0
6568,9974,9,2,150.86,0
6569,1475,215,5,252.10,0
6570,1053,129,5,265.34,5
6571,8474,95,2,69.49,15
6572,2875,242,5,67.91,0
6573,6161,100,4,371.65,0
6574,2401,48,1,72.09,0
6575,6255,20,3,344.16,0
6576,2858,158,4,214.14,10
6577,9339,12,4,161.29,0
6578,3004,127,2,126.84,15
6579,952,82,3,278.93,0
6580,4219,234,1,268.61,10
6581,2506,197,4,208.34,0
6582,2916,40,5,226.87,0
6583,616,278,1,334.45,5
6584,2493,86,2,365.04,15
6585,9385,58,2,218.95,5
6586,9858,18,2,318.44,0
6587,1169,104,5,188.19,5
6588,9429,33,4,330.23,15
6589,3853,164,4,395.54,10
6590,6582,130,4,200.63,0
6591,7514,209,1,188.28,5
6592,2320,31,3,136.27,10
6593,129,196,3,160.55,10
6594,1852,163,5,20.58,10
6595,7153,265,5,366.02,0
6596,78,24,2,74.40,0
6597,9049,253,3,286.72,0
6598,3806,170,2,67.45,0
6599,1403,147,3,344.67,0
6600,6513,139,4,321.64,0
6601,8795,35,2,335.83,15
6602,6760,136,1,222.85,10
6603,4434,120,1,388.54,0
6604,1955,32,5,318.14,15
6605,9848,174,4,232.35,0
6606,8218,8,4,357.93,0
6607,583,136,5,222.85,15
6608,5607,153,2,174.41,5
6609,7882,2,4,340.09,0
6610,762,36,3,229.35,5
6611,7970,247,3,202.30,5
6612,3626,213,1,37.84,0
6613,1628,67,1,134.74,0
6614,9286,177,1,218.39,0
6615,1092,284,1,111.58,0
6616,6804,213,1,37.84,0
6617,8241,66,4,206.27,15
6618,3454,59,4,213.06,0
6619,8287,147,5,344.67,15
6620,5467,181,3,259.05,0
6621,6847,88,1,42.74,5
6622,2214,155,1,190.98,0
6623,4169,121,5,251.05,15
6624,4678,129,2,265.34,0
6625,1873,229,4,324.76,0
6626,2911,49,3,123.44,0
6627,6871,48,4,72.09,0
6628,5482,104,4,188.19,5
6629,87,26,2,122.89,0
6630,475,45,2,382.91,0
6631,1287,272,5,120.04,15
6632,5753,207,4,326.57,0
6633,8139,15,5,254.29,5
6634,8217,242,1,67.91,0
6635,1580,256,2,343.78,10
6636,6583,16,5,386.04,5
6637,9153,239,3,320.95,0
6638,1766,62,3,78.99,15
6639,7372,119,3,86.31,15
6640,8216,236,2,383.46,0
6641,1736,56,5,372.10,10
6642,6811,14,5,106.54,0
6643,3488,293,1,58.98,0
6644,2138,274,4,53.21,5
6645,8951,31,4,136.27,0
6646,5115,154,3,343.92,0
6647,736,261,3,297.20,0
6648,5868,89,4,285.99,15
6649,2419,103,5,252.38,0
6650,3990,23,1,393.39,0
6651,4800,200,1,67.84,10
6652,5850,133,5,47.71,0
6653,5829,111,4,225.30,15
6654,9968,202,2,268.66,0
6655,5223,201,3,68.26,15
6656,348,246,2,62.04,5
6657,4282,202,3,268.66,0
6658,5567,235,2,43.63,0
6659,6582,202,5,268.66,15
6660,8842,6,3,190.26,5
6661,9029,192,1,90.00,0
6662,3995,176,1,367.34,5
6663,9134,125,1,327.79,10
6664,636,86,5,365.04,0
6665,5360,82,3,278.93,5
6666,7401,261,5,297.20,0
6667,4978,147,5,344.67,0
6668,1174,212,4,324.30,5
6669,876,130,4,200.63,5
6670,5736,178,3,308.38,0
6671,4936,5,1,235.25,0
6672,7444,66,3,206.27,0
6673,9314,168,1,156.48,0
6674,951,115,1,353.64,0
6675,8943,276,1,342.04,15
6676,6647,53,5,200.65,15
6677,3491,240,1,117.00,0
6678,163,267,3,208.17,5
6679,3710,268,1,226.31,0
6680,686,251,2,113.15,0
6681,8551,215,2,252.10,0
6682,4951,195,5,282.87,0
6683,5566,110,5,326.74,10
6684,5926,49,3,123.44,10
6685,5667,103,4,252.38,5
6686,1062,258,5,171.69,5
6687,2698,56,2,372.10,5
6688,4895,292,4,136.17,0
6689,971,133,1,47.71,0
6690,9000,157,3,87.60,0
6691,7972,158,4,214.14,0
6692,4456,43,4,232.40,0
6693,6237,254,5,396.05,0
6694,600,164,2,395.54,0
6695,8746,53,5,200.65,10
6696,4345,240,2,117.00,0
6697,8733,80,5,392.68,10
6698,2858,8,2,357.93,0
6699,2530,269,1,79.59,15
6700,2736,37,4,258.60,10
6701,2131,8,4,357.93,0
6702,1891,119,5,86.31,0
6703,6850,295,1,307.36,5
6704,1255,282,1,381.21,5
6705,3838,143,5,374.36,0
6706,3200,211,2,323.51,10
6707,7323,192,3,90.00,15
6708,2108,24,2,74.40,5
6709,4980,266,1,7.51,0
6710,5717,137,1,288.60,0
6711,582,94,5,66.86,10
6712,8358,203,4,6.30,0
6713,1040,130,3,200.63,0
6714,471,284,3,111.58,0
6715,6475,194,3,212.39,0
6716,4606,27,4,65.87,5
6717,7769,2,2,340.09,15
6718,2864,51,5,340.30,15
6719,4123,140,1,120.30,0
6720,3229,152,1,359.63,5
6721,5033,207,4,326.57,0
6722,5682,215,1,252.10,0
6723,181,40,2,226.87,0
6724,8080,96,1,264.06,15
6725,2501,187,1,234.45,5
6726,8704,29,4,34.87,0
6727,761,107,5,65.37,0
6728,3876,98,3,115.13,0
6729,9076,56,1,372.10,15
6730,9030,226,4,348.65,5
6731,9421,193,5,85.60,0
6732,964,123,4,106.64,0
6733,9322,185,3,48.99,15
6734,3944,106,3,66.50,0
6735,8313,29,2,34.87,0
6736,5933,82,3,278.93,0
6737,1676,292,5,136.17,0
6738,7184,43,1,232.40,0
6739,4750,23,4,393.39,15
6740,3294,283,4,390.13,0
6741,7056,58,5,218.95,0
6742,6885,269,5,79.59,10
6743,2275,160,5,132.63,10
6744,647,204,5,197.94,0
6745,8439,52,5,51.91,0
6746,1251,158,1,214.14,10
6747,679,234,5,268.61,5
6748,3675,215,3,252.10,5
6749,4103,277,4,219.37,0
6750,2014,7,5,263.49,0
6751,3420,278,1,334.45,0
6752,4452,202,5,268.66,0
6753,3385,110,4,326.74,5
6754,4626,34,1,297.79,15
6755,8148,289,1,90.69,5
6756,5583,91,4,371.67,0
6757,2011,27,2,65.87,15
6758,5132,8,3,357.93,0
6759,574,152,2,359.63,0
6760,7921,159,5,217.33,5
6761,9530,226,4,348.65,0
6762,3506,114,1,156.49,0
6763,9636,224,5,8.13,15
6764,9564,229,2,324.76,5
6765,6676,50,5,311.33,5
6766,9567,183,5,78.33,0
6767,5817,232,1,182.33,0
6768,1991,79,5,19.52,5
6769,3676,254,2,396.05,15
6770,6253,91,5,371.67,0
6771,9629,10,2,228.01,15
6772,2642,165,3,273.91,5
6773,8109,83,3,80.10,0
6774,4488,127,3,126.84,15
6775,358,298,2,253.90,10
6776,6111,237,5,199.63,0
6777,639,186,3,146.92,15
6778,522,92,3,50.16,10
6779,6092,258,5,171.69,15
6780,6773,31,5,136.27,0
6781,7691,3,4,369.07,0
6782,7402,19,1,20.40,5
6783,7386,218,4,385.74,5
6784,8225,234,1,268.61,0
6785,8285,278,4,334.45,5
6786,8615,14,2,106.54,0
6787,1856,290,4,25.70,0
6788,7355,74,1,224.24,15
6789,595,244,2,146.67,0
6790,452,191,1,226.42,0
6791,572,281,3,263.43,5
6792,7348,16,5,386.04,0
6793,8904,145,2,94.23,15
6794,6687,62,3,78.99,15
6795,4300,7,4,263.49,10
6796,4462,149,4,70.07,5
6797,4038,271,1,327.62,15
6798,1651,294,1,200.35,0
6799,6657,40,1,226.87,15
6800,725,86,3,365.04,5
6801,8240,50,4,311.33,5
6802,3984,79,2,19.52,0
6803,9891,210,2,211.85,0
6804,4111,146,2,44.01,10
6805,289,251,3,113.15,0
6806,5239,48,3,72.09,0
6807,7005,167,4,245.05,0
6808,266,264,2,38.50,10
6809,3337,132,3,356.02,0
6810,5277,44,1,57.92,5
6811,5600,68,3,277.33,0
6812,6487,289,3,90.69,0
6813,9705,92,2,50.16,15
6814,39,167,1,245.05,5
6815,7036,250,3,178.43,0
6816,5740,52,2,51.91,0
6817,1631,138,2,331.78,15
6818,1600,44,1,57.92,5
6819,979,299,4,277.33,15
6820,3105,138,3,331.78,0
6821,7540,45,1,382.91,0
6822,2606,100,5,371.65,0
6823,8625,124,3,320.32,0
6824,8216,193,3,85.60,0
6825,3205,153,3,174.41,0
6826,5297,136,3,222.85,0
6827,9747,232,4,182.33,0
6828,7878,24,4,74.40,10
6829,6113,149,4,70.07,0
6830,7878,79,3,19.52,0
6831,2958,165,4,273.91,0
6832,8823,29,4,34.87,5
6833,7024,257,3,63.30,0
6834,128,91,4,371.67,0
6835,3498,164,5,395.54,5
6836,8558,59,4,213.06,0
6837,9550,197,5,208.34,15
6838,3156,260,2,294.26,15
6839,7501,220,4,131.34,0
6840,308,102,4,102.20,0
6841,9200,42,4,309.17,0
6842,6614,67,4,134.74,0
6843,3966,275,2,59.35,5
6844,1988,249,2,124.21,0
6845,8587,82,1,278.93,0
6846,585,45,5,382.91,0
6847,8712,62,3,78.99,15
6848,5903,293,4,58.98,0
6849,1196,29,5,34.87,0
6850,3762,34,4,297.79,0
6851,7249,65,5,76.41,0
6852,1010,2,4,340.09,15
6853,1655,91,2,371.67,0
6854,5233,253,5,286.72,0
6855,9176,191,2,226.42,0
6856,3851,147,2,344.67,5
6857,591,2,3,340.09,10
6858,3925,63,2,199.37,5
6859,9487,214,1,163.02,5
6860,1930,214,5,163.02,0
6861,3970,171,2,132.85,0
6862,2183,185,3,48.99,0
6863,202,288,3,66.37,0
6864,695,53,4,200.65,10
6865,6003,126,4,68.11,0
6866,2776,90,5,206.30,10
6867,456,141,1,53.20,0
6868,8224,158,3,214.14,0
6869,4541,52,4,51.91,0
6870,8130,114,3,156.49,15
6871,3709,111,2,225.30,15
6872,9540,151,3,214.50,0
6873,2636,35,4,335.83,5
6874,4747,251,4,113.15,0
6875,8721,84,2,124.05,15
6876,8898,11,1,176.97,5
6877,4966,82,2,278.93,5
6878,3870,41,5,89.26,5
6879,5803,174,3,232.35,10
6880,4575,248,1,149.84,5
6881,1392,252,4,24.03,0
6882,9229,275,1,59.35,0
6883,4999,237,5,199.63,10
6884,9090,220,1,131.34,0
6885,6977,203,2,6.30,5
6886,3297,75,3,347.15,0
6887,5141,278,5,334.45,15
6888,7681,184,3,200.81,0
6889,3841,72,5,370.40,0
6890,4084,31,4,136.27,10
6891,433,235,3,43.63,0
6892,6517,186,3,146.92,10
6893,7016,18,4,318.44,10
6894,569,233,5,245.00,10
6895,1941,22,2,193.70,10
6896,7398,80,1,392.68,0
6897,6238,159,3,217.33,0
6898,1544,153,4,174.41,5
6899,81,36,3,229.35,0
6900,9080,225,1,338.57,0
6901,6499,105,3,338.11,0
6902,5758,1,2,281.65,15
6903,9274,87,5,84.63,0
6904,7848,263,1,116.93,5
6905,6858,200,4,67.84,5
6906,9063,274,2,53.21,0
6907,9866,252,1,24.03,10
6908,5269,49,2,123.44,0
6909,8308,245,4,310.10,0
6910,1278,277,3,219.37,15
6911,1002,179,5,237.43,5
6912,3920,187,5,234.45,0
6913,6231,236,1,383.46,0
6914,7515,161,1,291.83,0
6915,7647,156,5,344.64,0
6916,588,184,4,200.81,0
6917,9229,283,5,390.13,10
6918,5348,287,2,257.71,10
6919,1580,50,3,311.33,15
6920,2314,160,3,132.63,10
6921,3036,100,4,371.65,0
6922,4147,62,5,78.99,0
6923,216,36,5,229.35,0
6924,94,47,5,202.34,0
6925,2815,90,1,206.30,0
6926,6616,79,3,19.52,0
6927,564,125,3,327.79,15
6928,4658,220,2,131.34,0
6929,9642,262,1,265.12,0
6930,5980,261,2,297.20,10
6931,8558,200,2,67.84,15
6932,611,163,4,20.58,10
6933,9573,180,4,323.47,5
6934,5,113,4,75.33,0
6935,8384,243,4,297.01,0
6936,9229,137,1,288.60,5
6937,3870,68,1,277.33,15
6938,7557,41,4,89.26,0
6939,4591,161,2,291.83,10
6940,7852,2,5,340.09,10
6941,6929,71,4,167.32,15
6942,9970,135,5,387.74,0
6943,2731,248,3,149.84,0
6944,7538,143,4,374.36,15
6945,9276,213,3,37.84,0
6946,6123,79,3,19.52,0
6947,1001,280,1,319.72,0
6948,8207,141,3,53.20,15
6949,6219,184,2,200.81,15
6950,5978,284,1,111.58,0
6951,7275,259,1,201.35,0
6952,9870,75,1,347.15,0
6953,9656,254,2,396.05,10
6954,9088,157,5,87.60,5
6955,197,50,1,311.33,0
6956,337,82,4,278.93,0
6957,7580,211,2,323.51,15
6958,195,227,5,303.25,0
6959,5927,14,5,106.54,5
6960,12,185,3,48.99,0
6961,4587,167,1,245.05,0
6962,2994,21,5,299.77,10
6963,2133,201,3,68.26,10
6964,2325,176,5,367.34,0
6965,9334,59,5,213.06,10
6966,1254,208,1,389.11,0
6967,6152,132,1,356.02,0
6968,591,8,3,357.93,0
6969,6526,269,2,79.59,0
6970,3322,143,5,374.36,15
6971,6247,289,4,90.69,0
6972,7178,121,5,251.05,5
6973,4647,156,2,344.64,0
6974,6385,142,2,249.44,5
6975,29,298,3,253.90,15
6976,528,4,2,296.68,15
6977,6569,238,2,200.57,0
6978,4244,265,2,366.02,5
6979,5823,12,5,161.29,0
6980,8804,90,5,206.30,10
6981,4580,293,3,58.98,5
6982,1609,261,3,297.20,10
6983,962,30,5,190.99,0
6984,8962,31,4,136.27,5
6985,1689,114,1,156.49,10
6986,9949,246,5,62.04,5
6987,4854,254,4,396.05,0
6988,8958,84,4,124.05,0
6989,2443,222,3,345.59,0
6990,3084,87,4,84.63,10
6991,9881,99,4,283.04,0
6992,4521,167,4,245.05,0
6993,2873,121,1,251.05,5
6994,2263,44,4,57.92,5
6995,422,144,1,321.56,15
6996,1750,128,1,220.39,0
6997,8040,238,4,200.57,15
6998,5343,223,3,23.99,0
6999,9135,291,3,25.51,10
7000,6162,280,2,319.72,10
7001,7896,42,3,309.17,15
7002,458,189,2,299.32,0
7003,1482,83,4,80.10,0
7004,2615,148,2,119.97,0
7005,368,260,2,294.26,0
7006,282,296,5,93.52,5
7007,7902,112,3,121.23,0
7008,7855,107,1,65.37,10
7009,2960,273,1,341.96,0
7010,9579,120,5,388.54,10
7011,4400,101,1,167.15,0
7012,7545,277,1,219.37,5
7013,5620,213,1,37.84,15
7014,8124,125,1,327.79,15
7015,7265,187,2,234.45,0
7016,1747,144,4,321.56,0
7017,299,215,3,252.10,5
7018,9026,199,5,378.96,0
7019,3371,294,3,200.35,15
7020,7938,65,3,76.41,0
7021,5161,254,1,396.05,0
7022,5511,5,5,235.25,10
7023,7920,211,1,323.51,15
7024,3300,102,1,102.20,10
7025,8222,262,2,265.12,5
7026,1403,60,4,275.96,0
7027,9370,122,1,222.97,10
7028,7359,18,4,318.44,0
7029,4907,69,2,156.10,15
7030,8622,21,1,299.77,0
7031,9722,116,3,368.79,0
7032,6808,158,1,214.14,0
7033,4467,175,3,372.30,0
7034,9614,293,5,58.98,0
7035,6282,274,3,53.21,0
7036,8516,95,4,69.49,10
7037,9850,160,2,132.63,15
7038,9514,206,3,31.78,5
7039,2919,189,4,299.32,15
7040,1857,204,1,197.94,0
7041,5354,91,3,371.67,15
7042,9180,217,4,395.04,0
7043,6928,255,5,339.07,0
7044,2062,22,4,193.70,10
7045,3623,189,4,299.32,10
7046,3154,300,1,60.59,0
7047,8892,29,3,34.87,5
7048,210,83,3,80.10,10
7049,8344,169,3,65.85,5
7050,464,170,2,67.45,5
7051,3490,155,1,190.98,15
7052,4841,7,4,263.49,10
7053,5473,40,3,226.87,5
7054,2859,262,2,265.12,10
7055,2071,269,4,79.59,0
7056,3543,37,4,258.60,10
7057,8326,178,4,308.38,15
7058,9948,246,3,62.04,0
7059,6622,211,2,323.51,10
7060,8932,291,1,25.51,10
7061,330,20,2,344.16,0
7062,1371,135,5,387.74,0
7063,8759,123,3,106.64,5
7064,6008,275,3,59.35,15
7065,9436,243,1,297.01,0
7066,973,52,4,51.91,15
7067,6806,151,2,214.50,0
7068,7752,258,3,171.69,0
7069,4552,30,5,190.99,5
7070,4229,12,5,161.29,0
7071,9568,149,2,70.07,10
7072,4515,259,2,201.35,0
7073,6233,203,2,6.30,0
7074,501,273,1,341.96,5
7075,6005,150,2,181.60,0
7076,3915,63,1,199.37,15
7077,8826,10,3,228.01,5
7078,5691,143,4,374.36,5
7079,6259,118,1,351.34,0
7080,244,153,4,174.41,0
7081,7057,233,3,245.00,15
7082,6282,293,5,58.98,0
7083,1543,108,3,261.20,5
7084,244,171,2,132.85,5
7085,6768,292,2,136.17,0
7086,8278,253,3,286.72,0
7087,1462,206,1,31.78,0
7088,2904,147,2,344.67,0
7089,3053,248,3,149.84,0
7090,7664,173,1,178.93,10
7091,239,57,3,140.14,0
7092,6069,90,2,206.30,0
7093,5749,125,2,327.79,5
7094,7509,288,5,66.37,0
7095,4310,30,4,190.99,10
7096,8430,162,3,270.73,0
7097,4537,239,5,320.95,10
7098,2034,16,2,386.04,15
7099,1026,152,5,359.63,0
7100,4833,222,5,345.59,5
7101,9245,207,4,326.57,10
7102,4386,186,1,146.92,10
7103,9499,20,3,344.16,5
7104,4733,40,2,226.87,0
7105,5475,253,1,286.72,5
7106,7340,39,5,49.89,0
7107,8307,83,4,80.10,0
7108,3840,80,5,392.68,0
7109,7474,231,1,64.44,10
7110,7014,24,4,74.40,10
7111,8105,224,3,8.13,0
7112,8149,170,3,67.45,0
7113,6030,241,1,101.41,0
7114,6667,163,5,20.58,0
7115,4602,147,5,344.67,0
7116,6297,295,3,307.36,0
7117,7123,239,4,320.95,0
7118,1865,234,2,268.61,0
7119,6184,194,1,212.39,0
7120,1103,30,2,190.99,5
7121,8043,137,2,288.60,0
7122,5876,64,3,245.58,15
7123,2354,199,3,378.96,0
7124,7506,122,3,222.97,5
7125,9756,134,1,378.20,5
7126,5486,35,1,335.83,0
7127,2826,238,5,200.57,15
7128,2607,269,1,79.59,0
7129,5847,67,4,134.74,15
7130,5828,235,5,43.63,10
7131,318,245,1,310.10,15
7132,4267,183,4,78.33,0
7133,3487,85,4,114.41,0
7134,3486,22,3,193.70,0
7135,2550,30,5,190.99,10
7136,4717,130,2,200.63,15
7137,7577,206,2,31.78,0
7138,9685,287,3,257.71,10
7139,6740,191,1,226.42,0
7140,1945,214,5,163.02,5
7141,3886,253,2,286.72,0
7142,5557,61,4,175.74,5
7143,7619,82,5,278.93,0
7144,8469,194,3,212.39,15
7145,8632,189,2,299.32,0
7146,6310,48,1,72.09,0
7147,9317,164,4,395.54,15
7148,7312,134,3,378.20,0
7149,9950,269,2,79.59,0
7150,5200,223,3,23.99,0
7151,5234,93,4,28.93,5
7152,2979,269,2,79.59,5
7153,2960,67,2,134.74,0
7154,2519,60,3,275.96,0
7155,3587,135,4,387.74,10
7156,2881,208,5,389.11,10
7157,2033,244,2,146.67,15
7158,6544,238,4,200.57,0
7159,6007,220,5,131.34,0
7160,7358,234,5,268.61,15
7161,4119,232,5,182.33,10
7162,5587,51,2,340.30,0
7163,4077,95,2,69.49,15
7164,4792,114,4,156.49,0
7165,1408,157,2,87.60,15
7166,1714,266,2,7.51,5
7167,2185,117,1,350.39,0
7168,4557,12,3,161.29,0
7169,292,282,3,381.21,0
7170,8132,70,1,315.23,10
7171,3577,50,3,311.33,0
7172,5446,83,1,80.10,10
7173,9304,73,2,222.38,5
7174,4017,54,2,316.28,0
7175,441,20,3,344.16,0
7176,3386,245,4,310.10,0
7177,314,173,1,178.93,0
7178,8055,88,2,42.74,0
7179,8961,97,1,234.59,0
7180,131,27,5,65.87,10
7181,5009,279,1,313.02,15
7182,4659,52,3,51.91,5
7183,5709,70,1,315.23,0
7184,6702,235,1,43.63,0
7185,5391,218,3,385.74,5
7186,1194,4,2,296.68,5
7187,7642,182,5,183.61,10
7188,3314,248,2,149.84,10
7189,6641,252,3,24.03,5
7190,7732,17,3,353.82,15
7191,4569,212,1,324.30,5
7192,5295,178,4,308.38,0
7193,8380,42,3,309.17,0
7194,6799,166,5,314.43,15
7195,5812,34,4,297.79,5
7196,9467,246,5,62.04,0
7197,4053,142,3,249.44,0
7198,7022,290,3,25.70,0
7199,1259,207,1,326.57,10
7200,5448,38,3,200.72,0
7201,6214,29,5,34.87,10
7202,9965,224,2,8.13,0
7203,7993,203,5,6.30,5
7204,4597,229,4,324.76,15
7205,5006,130,2,200.63,0
7206,8436,75,4,347.15,0
7207,9062,258,3,171.69,0
7208,2217,258,1,171.69,10
7209,7889,239,3,320.95,0
7210,6486,23,3,393.39,0
7211,3691,36,4,229.35,0
7212,5868,147,1,344.67,0
7213,1836,240,4,117.00,5
7214,7753,97,5,234.59,0
7215,324,5,1,235.25,15
7216,6849,251,4,113.15,0
7217,7462,256,4,343.78,0
7218,1704,239,5,320.95,0
7219,7299,223,2,23.99,5
7220,2839,93,5,28.93,15
7221,5563,109,1,97.22,0
7222,9014,22,5,193.70,10
7223,3427,191,1,226.42,5
7224,8476,219,1,30.27,5
7225,9429,266,4,7.51,15
7226,35,183,4,78.33,0
7227,1439,6,1,190.26,0
7228,1083,75,2,347.15,10
7229,5019,114,5,156.49,15
7230,8277,30,4,190.99,10
7231,3278,269,2,79.59,5
7232,162,4,3,296.68,0
7233,695,16,4,386.04,0
7234,9668,40,4,226.87,0
7235,7748,277,3,219.37,15
7236,121,24,2,74.40,0
7237,3075,277,5,219.37,10
7238,2667,230,4,323.29,0
7239,3663,267,5,208.17,0
7240,6855,82,1,278.93,10
7241,1873,149,3,70.07,0
7242,5500,254,1,396.05,0
7243,42,92,5,50.16,0
7244,1611,87,3,84.63,0
7245,6274,268,1,226.31,0
7246,6830,196,3,160.55,5
7247,748,233,5,245.00,0
7248,7509,95,2,69.49,0
7249,7528,81,4,191.34,15
7250,6270,144,1,321.56,0
7251,6692,11,2,176.97,15
7252,1955,146,3,44.01,15
7253,5945,186,1,146.92,15
7254,7962,222,1,345.59,10
7255,8521,292,2,136.17,15
7256,7305,132,4,356.02,5
7257,2509,230,1,323.29,15
7258,9067,10,5,228.01,5
7259,9102,203,3,6.30,0
7260,5513,39,3,49.89,15
7261,7934,233,3,245.00,5
7262,415,126,3,68.11,5
7263,960,234,2,268.61,5
7264,3912,141,1,53.20,5
7265,7083,27,3,65.87,0
7266,4716,13,2,97.73,10
7267,9509,250,3,178.43,0
7268,1442,239,4,320.95,5
7269,5468,100,1,371.65,10
7270,6800,298,2,253.90,15
7271,4486,170,3,67.45,0
7272,7686,295,1,307.36,10
7273,8710,190,4,22.53,0
7274,2862,289,2,90.69,0
7275,3108,52,4,51.91,0
7276,3320,272,3,120.04,0
7277,9785,235,2,43.63,0
7278,2869,243,2,297.01,15
7279,6841,228,2,335.11,15
7280,7699,241,2,101.41,0
7281,5663,285,1,258.56,0
7282,1354,156,3,344.64,10
7283,1574,38,1,200.72,0
7284,8318,127,5,126.84,5
7285,3981,95,5,69.49,0
7286,4525,45,4,382.91,0
7287,8541,145,4,94.23,5
7288,7718,78,3,33.23,0
7289,7330,272,4,120.04,15
7290,6666,186,3,146.92,15
7291,7930,25,1,157.60,0
7292,5750,137,5,288.60,5
7293,2170,232,3,182.33,0
7294,4395,107,4,65.37,10
7295,9690,53,2,200.65,0
7296,4753,18,5,318.44,0
7297,3908,165,2,273.91,5
7298,6120,74,5,224.24,10
7299,657,149,5,70.07,10
7300,8150,83,1,80.10,5
7301,5519,101,1,167.15,0
7302,3618,173,2,178.93,5
7303,1752,247,5,202.30,0
7304,3591,214,5,163.02,0
7305,3689,227,2,303.25,0
7306,1618,237,5,199.63,10
7307,75,119,3,86.31,0
7308,4897,31,5,136.27,0
7309,759,176,4,367.34,0
7310,4045,64,3,245.58,10
7311,3297,223,5,23.99,10
7312,5202,74,4,224.24,0
7313,5731,112,5,121.23,15
7314,5695,126,5,68.11,15
7315,4031,246,3,62.04,15
7316,4090,241,5,101.41,15
7317,609,89,4,285.99,0
7318,3044,221,1,33.76,0
7319,1210,245,1,310.10,0
7320,4221,241,5,101.41,5
7321,1418,181,1,259.05,0
7322,4519,25,5,157.60,0
7323,922,45,5,382.91,5
7324,5255,257,1,63.30,0
7325,3533,130,5,200.63,5
7326,6298,23,2,393.39,0
7327,2092,171,2,132.85,0
7328,8876,200,4,67.84,0
7329,1353,140,5,120.30,5
7330,7861,56,2,372.10,0
7331,3369,53,4,200.65,15
7332,2396,80,3,392.68,0
7333,6861,206,1,31.78,0
7334,1647,86,5,365.04,15
7335,3311,297,4,30.06,10
7336,213,284,3,111.58,0
7337,2404,32,4,318.14,0
7338,9275,63,5,199.37,0
7339,6676,239,1,320.95,5
7340,318,122,2,222.97,0
7341,9254,255,5,339.07,0
7342,3336,117,1,350.39,5
7343,9018,267,5,208.17,10
7344,8549,174,3,232.35,0
7345,8424,160,2,132.63,0
7346,311,254,1,396.05,5
7347,54,71,5,167.32,10
7348,2153,160,2,132.63,0
7349,7121,4,3,296.68,10
7350,2956,97,2,234.59,0
7351,8322,135,1,387.74,10
7352,3402,209,4,188.28,5
7353,5088,137,2,288.60,5
7354,1847,51,3,340.30,5
7355,2124,49,2,123.44,0
7356,8693,184,5,200.81,0
7357,2207,48,5,72.09,10
7358,9973,105,2,338.11,0
7359,1105,128,3,220.39,15
7360,7163,254,4,396.05,15
7361,3709,213,2,37.84,5
7362,4811,214,1,163.02,0
7363,3553,162,5,270.73,0
7364,1916,41,3,89.26,0
7365,1155,227,1,303.25,0
7366,9578,44,1,57.92,5
7367,2622,10,5,228.01,0
7368,8424,170,5,67.45,10
7369,491,239,1,320.95,5
7370,5774,26,2,122.89,0
7371,4533,264,1,38.50,0
7372,7610,215,5,252.10,10
7373,9187,136,5,222.85,5
7374,1077,249,3,124.21,5
7375,9042,231,3,64.44,5
7376,3569,279,5,313.02,0
7377,8680,253,2,286.72,5
7378,3292,182,4,183.61,15
7379,9151,241,2,101.41,10
7380,9302,250,1,178.43,15
7381,2552,61,1,175.74,15
7382,7845,295,1,307.36,15
7383,9284,142,5,249.44,5
7384,2208,83,2,80.10,5
7385,6630,268,5,226.31,0
7386,8067,188,4,61.43,0
7387,3357,254,1,396.05,0
7388,8492,128,5,220.39,0
7389,7409,71,5,167.32,0
7390,9852,31,3,136.27,0
7391,8275,230,3,323.29,0
7392,1874,95,2,69.49,0
7393,4330,7,4,263.49,0
7394,2435,221,5,33.76,0
7395,8134,245,5,310.10,0
7396,5121,31,2,136.27,0
7397,4410,95,3,69.49,0
7398,1983,299,3,277.33,0
7399,7088,36,2,229.35,0
7400,4097,98,2,115.13,0
7401,1067,23,4,393.39,0
7402,6709,235,4,43.63,15
7403,2203,115,2,353.64,10
7404,7183,27,5,65.87,15
7405,7266,38,2,200.72,0
7406,1494,203,3,6.30,10
7407,1555,293,4,58.98,0
7408,1992,49,4,123.44,0
7409,2337,58,5,218.95,0
7410,2043,224,5,8.13,5
7411,922,124,1,320.32,5
7412,4578,137,2,288.60,15
7413,5899,156,1,344.64,0
7414,290,171,3,132.85,0
7415,2900,151,5,214.50,0
7416,6487,224,2,8.13,0
7417,3752,5,2,235.25,0
7418,2525,110,1,326.74,5
7419,1126,176,4,367.34,5
7420,31,51,2,340.30,0
7421,2543,10,4,228.01,0
7422,2276,296,3,93.52,0
7423,8415,300,1,60.59,5
7424,9003,281,3,263.43,0
7425,6455,224,2,8.13,0
7426,3717,252,1,24.03,0
7427,1075,237,2,199.63,5
7428,5205,237,2,199.63,0
7429,1739,282,4,381.21,15
7430,6061,35,3,335.83,15
7431,6591,119,3,86.31,5
7432,7336,166,1,314.43,5
7433,3809,252,1,24.03,0
7434,7920,93,2,28.93,0
7435,6332,233,5,245.00,0
7436,6901,125,2,327.79,0
7437,3578,283,3,390.13,0
7438,360,4,4,296.68,5
7439,7887,5,4,235.25,0
7440,5865,53,4,200.65,0
7441,4254,253,2,286.72,0
7442,9140,269,3,79.59,0
7443,2173,33,5,330.23,0
7444,3403,14,2,106.54,5
7445,47,291,3,25.51,15
7446,2223,56,2,372.10,0
7447,1615,248,1,149.84,0
7448,2205,173,5,178.93,5
7449,8558,103,1,252.38,0
7450,7680,272,5,120.04,15
7451,3156,282,1,381.21,5
7452,5341,287,4,257.71,0
7453,8689,49,3,123.44,15
7454,1033,20,3,344.16,0
7455,4367,26,1,122.89,0
7456,8387,299,3,277.33,0
7457,8175,73,1,222.38,0
7458,7146,166,2,314.43,0
7459,7637,154,3,343.92,0
7460,8472,267,2,208.17,5
7461,1002,80,5,392.68,10
7462,2468,206,2,31.78,0
7463,3047,109,5,97.22,10
7464,101,138,4,331.78,0
7465,1988,77,1,338.07,0
7466,8903,296,4,93.52,5
7467,4501,249,4,124.21,0
7468,9203,297,5,30.06,0
7469,2138,157,1,87.60,0
7470,3272,105,3,338.11,5
7471,2244,7,2,263.49,10
7472,815,3,2,369.07,10
7473,1830,182,1,183.61,0
7474,6788,221,5,33.76,5
7475,6413,297,3,30.06,15
7476,8763,91,4,371.67,0
7477,6087,60,4,275.96,0
7478,7252,279,4,313.02,0
7479,5044,288,5,66.37,0
7480,9243,240,1,117.00,10
7481,7926,191,1,226.42,15
7482,9249,98,5,115.13,10
7483,3886,192,1,90.00,15
7484,1749,181,5,259.05,5
7485,4755,14,3,106.54,5
7486,8497,71,4,167.32,5
7487,4180,270,4,246.69,0
7488,2570,96,1,264.06,0
7489,465,29,2,34.87,0
7490,5633,141,5,53.20,0
7491,680,277,2,219.37,0
7492,2211,47,2,202.34,10
7493,3663,55,5,396.81,5
7494,9585,148,5,119.97,0
7495,5524,237,2,199.63,10
7496,3291,154,5,343.92,10
7497,4064,131,2,91.11,15
7498,5068,151,2,214.50,10
7499,7179,199,1,378.96,5
7500,6884,171,5,132.85,0
7501,708,36,1,229.35,0
7502,3984,26,4,122.89,0
7503,5788,9,5,150.86,10
7504,7815,83,4,80.10,5
7505,4662,254,2,396.05,0
7506,9730,215,4,252.10,0
7507,5475,238,5,200.57,0
7508,5533,82,2,278.93,0
7509,3143,32,3,318.14,0
7510,758,158,2,214.14,10
7511,1873,58,1,218.95,0
7512,7442,60,1,275.96,5
7513,5380,176,5,367.34,0
7514,6960,132,3,356.02,15
7515,8601,263,5,116.93,5
7516,730,282,2,381.21,10
7517,4908,80,1,392.68,15
7518,3998,99,1,283.04,10
7519,3025,13,1,97.73,0
7520,4993,246,1,62.04,0
7521,1813,23,2,393.39,5
7522,4411,19,3,20.40,10
7523,3483,208,3,389.11,0
7524,9172,101,4,167.15,0
7525,6265,140,1,120.30,10
7526,6405,100,2,371.65,0
7527,7610,47,1,202.34,0
7528,7620,227,1,303.25,10
7529,6438,79,2,19.52,0
7530,3001,286,5,362.28,0
7531,3006,117,2,350.39,10
7532,1463,180,1,323.47,10
7533,7298,229,1,324.76,0
7534,3112,240,3,117.00,0
7535,8771,168,5,156.48,15
7536,4332,55,2,396.81,0
7537,607,183,5,78.33,10
7538,4893,167,1,245.05,10
7539,6771,172,4,43.91,5
7540,4974,108,1,261.20,0
7541,9438,122,2,222.97,0
7542,4478,74,4,224.24,15
7543,6170,91,4,371.67,0
7544,5202,23,5,393.39,10
7545,5124,129,3,265.34,15
7546,1752,44,3,57.92,5
7547,8650,132,3,356.02,0
7548,1440,43,5,232.40,10
7549,8179,300,3,60.59,5
7550,8555,292,3,136.17,15
7551,6400,186,5,146.92,10
7552,4706,155,3,190.98,5
7553,1816,48,1,72.09,10
7554,9313,47,5,202.34,0
7555,6580,282,3,381.21,15
7556,2782,286,4,362.28,5
7557,1897,14,1,106.54,0
7558,4205,81,5,191.34,0
7559,4896,162,1,270.73,5
7560,8628,108,2,261.20,0
7561,2099,33,4,330.23,0
7562,8966,5,2,235.25,0
7563,2262,89,4,285.99,10
7564,4217,108,4,261.20,0
7565,6285,86,5,365.04,5
7566,9687,191,4,226.42,0
7567,3344,239,1,320.95,10
7568,9449,270,2,246.69,5
7569,3468,92,5,50.16,15
7570,8422,238,5,200.57,15
7571,8952,93,1,28.93,0
7572,8857,245,5,310.10,0
7573,2476,151,4,214.50,0
7574,4045,83,4,80.10,10
7575,1534,145,3,94.23,0
7576,2652,218,5,385.74,0
7577,6947,2,5,340.09,0
7578,1135,16,2,386.04,0
7579,8719,127,4,126.84,0
7580,4370,7,2,263.49,0
7581,7462,4,3,296.68,0
7582,7811,14,3,106.54,5
7583,645,128,1,220.39,0
7584,5755,4,5,296.68,0
7585,9121,196,1,160.55,15
7586,3560,84,1,124.05,5
7587,3344,242,4,67.91,5
7588,8940,67,3,134.74,15
7589,1084,214,5,163.02,0
7590,603,55,4,396.81,0
7591,1042,266,1,7.51,0
7592,2350,235,1,43.63,0
7593,8805,252,1,24.03,5
7594,950,198,4,116.63,0
7595,8264,275,3,59.35,0
7596,3231,252,5,24.03,15
7597,4687,215,5,252.10,0
7598,8570,134,4,378.20,15
7599,8461,107,2,65.37,5
7600,3661,169,1,65.85,0
7601,8312,246,5,62.04,0
7602,597,170,4,67.45,0
7603,2745,225,4,338.57,0
7604,5213,268,1,226.31,5
7605,5769,95,5,69.49,0
7606,3319,202,3,268.66,15
7607,7876,223,3,23.99,0
7608,3715,137,1,288.60,0
7609,1326,251,2,113.15,0
7610,5613,87,4,84.63,15
7611,8981,158,2,214.14,10
7612,3091,165,2,273.91,0
7613,8524,277,1,219.37,10
7614,2115,275,4,59.35,0
7615,339,2,5,340.09,10
7616,1161,227,4,303.25,5
7617,1369,123,4,106.64,15
7618,6017,246,4,62.04,15
7619,2858,137,1,288.60,15
7620,3433,32,5,318.14,0
7621,5825,84,2,124.05,10
7622,3747,73,5,222.38,0
7623,1086,300,5,60.59,15
7624,998,290,1,25.70,0
7625,5926,48,1,72.09,5
7626,5001,66,2,206.27,15
7627,4172,140,5,120.30,10
7628,6973,121,1,251.05,0
7629,6206,253,3,286.72,15
7630,892,84,5,124.05,0
7631,5828,31,2,136.27,10
7632,6745,173,5,178.93,5
7633,2774,180,3,323.47,10
7634,7695,253,5,286.72,15
7635,1918,231,3,64.44,0
7636,9803,193,2,85.60,0
7637,8288,127,4,126.84,0
7638,7515,194,4,212.39,0
7639,7541,134,2,378.20,10
7640,4847,39,2,49.89,0
7641,9540,23,3,393.39,15
7642,8951,112,5,121.23,5
7643,4140,182,5,183.61,15
7644,5241,169,1,65.85,5
7645,5869,46,5,252.91,5
7646,1159,178,5,308.38,0
7647,131,245,3,310.10,0
7648,2358,65,4,76.41,0
7649,3446,201,5,68.26,0
7650,2041,199,2,378.96,0
7651,8788,20,2,344.16,5
7652,5411,119,5,86.31,0
7653,6929,259,3,201.35,0
7654,3392,154,3,343.92,10
7655,3683,241,4,101.41,5
7656,7990,125,3,327.79,10
7657,745,46,3,252.91,0
7658,6882,218,5,385.74,0
7659,9105,205,3,150.21,0
7660,4176,49,5,123.44,0
7661,6013,246,1,62.04,0
7662,3761,32,1,318.14,0
7663,9266,225,5,338.57,15
7664,9053,296,5,93.52,5
7665,2805,52,4,51.91,0
7666,5216,185,2,48.99,5
7667,6901,214,2,163.02,0
7668,8045,140,4,120.30,15
7669,5483,239,5,320.95,0
7670,6271,216,1,301.09,0
7671,8985,61,5,175.74,10
7672,4206,32,2,318.14,0
7673,5050,209,1,188.28,5
7674,3017,24,4,74.40,0
7675,1017,36,1,229.35,0
7676,8015,280,2,319.72,15
7677,271,240,5,117.00,0
7678,5952,205,5,150.21,15
7679,458,113,3,75.33,0
7680,8563,226,5,348.65,15
7681,6475,208,4,389.11,0
7682,8181,240,4,117.00,15
7683,8216,120,5,388.54,15
7684,5277,22,1,193.70,0
7685,9521,276,5,342.04,15
7686,7921,12,2,161.29,10
7687,6762,53,2,200.65,10
7688,8266,68,3,277.33,0
7689,6935,149,5,70.07,0
7690,1802,80,2,392.68,5
7691,6698,168,1,156.48,10
7692,1803,219,1,30.27,0
7693,386,41,3,89.26,0
7694,192,25,3,157.60,15
7695,2819,276,2,342.04,10
7696,792,241,3,101.41,0
7697,8733,75,2,347.15,0
7698,319,118,2,351.34,0
7699,244,55,3,396.81,0
7700,240,92,5,50.16,15
7701,9350,279,5,313.02,15
7702,154,82,4,278.93,0
7703,4486,43,4,232.40,0
7704,4475,10,1,228.01,0
7705,7039,115,1,353.64,15
7706,3458,25,1,157.60,0
7707,8702,261,1,297.20,15
7708,857,132,3,356.02,5
7709,9358,112,3,121.23,10
7710,9661,205,4,150.21,5
7711,6388,275,2,59.35,0
7712,9922,75,5,347.15,15
7713,560,205,1,150.21,0
7714,6978,110,1,326.74,0
7715,7045,36,5,229.35,0
7716,3207,249,1,124.21,10
7717,4401,114,1,156.49,10
7718,7139,138,5,331.78,0
7719,8362,181,3,259.05,10
7720,2206,211,1,323.51,10
7721,1490,127,5,126.84,10
7722,561,153,1,174.41,0
7723,3887,256,4,343.78,10
7724,1398,118,2,351.34,0
7725,4190,4,5,296.68,15
7726,6556,142,3,249.44,0
7727,6821,102,4,102.20,10
7728,2454,61,4,175.74,0
7729,7607,187,4,234.45,15
7730,5606,9,1,150.86,5
7731,2930,150,3,181.60,5
7732,7738,118,5,351.34,15
7733,3702,87,1,84.63,10
7734,8612,32,5,318.14,5
7735,7129,64,2,245.58,0
7736,7165,145,1,94.23,0
7737,846,116,1,368.79,0
7738,5270,273,3,341.96,0
7739,511,10,3,228.01,0
7740,1662,138,5,331.78,0
7741,3676,3,5,369.07,0
7742,5033,269,1,79.59,15
7743,9342,23,2,393.39,0
7744,5016,112,5,121.23,15
7745,8839,61,2,175.74,0
7746,6707,219,3,30.27,5
7747,3546,22,5,193.70,0
7748,3816,247,2,202.30,15
7749,7920,212,2,324.30,0
7750,9948,85,2,114.41,0
7751,1429,120,1,388.54,10
7752,1442,60,5,275.96,0
7753,2060,4,3,296.68,0
7754,7833,164,4,395.54,0
7755,8509,291,1,25.51,0
7756,3742,165,2,273.91,10
7757,9831,100,3,371.65,5
7758,949,110,2,326.74,0
7759,5607,154,1,343.92,0
7760,1818,278,1,334.45,5
7761,345,225,5,338.57,15
7762,386,48,1,72.09,0
7763,207,199,1,378.96,0
7764,9892,151,5,214.50,0
7765,6001,51,4,340.30,10
7766,4315,193,5,85.60,0
7767,4302,228,1,335.11,0
7768,399,80,4,392.68,0
7769,9931,84,3,124.05,0
7770,292,233,1,245.00,0
7771,6336,28,5,82.43,10
7772,7967,207,3,326.57,15
7773,7238,208,2,389.11,15
7774,4949,43,1,232.40,15
7775,515,136,1,222.85,0
7776,4174,88,2,42.74,0
7777,5700,49,5,123.44,0
7778,4721,283,1,390.13,0
7779,2260,135,2,387.74,10
7780,1908,207,2,326.57,0
7781,3758,118,4,351.34,0
7782,8315,191,3,226.42,0
7783,5383,92,5,50.16,0
7784,2952,19,1,20.40,0
7785,5384,175,4,372.30,0
7786,3362,274,3,53.21,0
7787,1437,178,4,308.38,0
7788,9522,298,2,253.90,15
7789,8697,233,3,245.00,0
7790,5224,67,2,134.74,0
7791,112,86,4,365.04,10
7792,7036,144,4,321.56,0
7793,4709,200,3,67.84,0
7794,4664,20,3,344.16,5
7795,969,297,4,30.06,0
7796,7402,201,5,68.26,10
7797,8036,32,1,318.14,5
7798,6477,129,1,265.34,5
7799,4731,152,2,359.63,10
7800,983,97,4,234.59,0
7801,4662,140,4,120.30,0
7802,6108,49,3,123.44,0
7803,8705,191,4,226.42,5
7804,8057,298,1,253.90,15
7805,5668,68,5,277.33,15
7806,9504,230,4,323.29,15
7807,5444,73,3,222.38,0
7808,8665,131,3,91.11,15
7809,1274,58,2,218.95,0
7810,3737,61,5,175.74,10
7811,7380,290,2,25.70,0
7812,6292,254,1,396.05,0
7813,1102,227,1,303.25,10
7814,8077,146,5,44.01,15
7815,8695,84,4,124.05,0
7816,7193,254,5,396.05,5
7817,1808,65,5,76.41,15
7818,6376,86,4,365.04,5
7819,6296,41,3,89.26,0
7820,2065,25,3,157.60,0
7821,4128,187,4,234.45,10
7822,147,231,1,64.44,0
7823,3861,81,2,191.34,10
7824,1450,2,1,340.09,0
7825,587,174,2,232.35,5
7826,7445,286,2,362.28,15
7827,1220,93,3,28.93,0
7828,2483,228,3,335.11,0
7829,2119,199,4,378.96,5
7830,7857,51,5,340.30,15
7831,6574,279,3,313.02,0
7832,8721,113,1,75.33,0
7833,6383,25,5,157.60,0
7834,3954,295,4,307.36,15
7835,9686,165,2,273.91,5
7836,3127,212,1,324.30,0
7837,3028,118,4,351.34,0
7838,4873,18,3,318.44,0
7839,5836,121,4,251.05,5
7840,1342,196,3,160.55,0
7841,7002,257,5,63.30,5
7842,2821,10,2,228.01,15
7843,451,192,2,90.00,10
7844,2510,208,4,389.11,10
7845,9393,48,3,72.09,0
7846,7590,197,4,208.34,5
7847,1327,218,5,385.74,5
7848,4846,35,1,335.83,10
7849,7693,279,4,313.02,0
7850,2493,258,3,171.69,10
7851,2630,180,5,323.47,5
7852,8854,111,4,225.30,0
7853,7284,145,1,94.23,0
7854,9788,214,3,163.02,10
7855,112,182,4,183.61,0
7856,221,250,4,178.43,15
7857,540,226,2,348.65,0
7858,9044,169,3,65.85,0
7859,9104,90,5,206.30,5
7860,1310,189,5,299.32,5
7861,987,58,3,218.95,5
7862,9669,218,2,385.74,0
7863,2475,44,4,57.92,5
7864,5344,174,2,232.35,10
7865,7249,222,5,345.59,5
7866,8440,114,5,156.49,5
7867,9297,75,4,347.15,10
7868,5965,54,1,316.28,10
7869,1795,215,4,252.10,0
7870,7966,133,1,47.71,0
7871,7040,81,4,191.34,0
7872,3859,135,3,387.74,0
7873,7645,261,3,297.20,10
7874,9621,245,2,310.10,15
7875,2049,71,3,167.32,0
7876,4529,1,2,281.65,5
7877,9179,89,1,285.99,0
7878,4161,40,1,226.87,15
7879,2882,284,3,111.58,0
7880,6148,15,1,254.29,0
7881,6844,116,1,368.79,10
7882,2937,214,4,163.02,5
7883,3269,183,1,78.33,10
7884,1858,149,2,70.07,0
7885,6995,17,4,353.82,10
7886,6666,87,2,84.63,0
7887,5904,242,2,67.91,0
7888,18,16,5,386.04,0
7889,2684,253,4,286.72,0
7890,3899,42,5,309.17,10
7891,1069,243,1,297.01,0
7892,4448,153,2,174.41,15
7893,2872,204,3,197.94,10
7894,5639,99,3,283.04,10
7895,511,42,5,309.17,0
7896,5447,183,3,78.33,0
7897,4608,217,1,395.04,0
7898,6223,147,5,344.67,15
7899,6209,166,4,314.43,0
7900,9218,84,1,124.05,0
7901,6674,137,1,288.60,15
7902,509,49,5,123.44,5
7903,9613,143,2,374.36,0
7904,5429,29,4,34.87,0
7905,8913,104,4,188.19,15
7906,6886,126,3,68.11,0
7907,4287,130,3,200.63,0
7908,6015,58,2,218.95,0
7909,435,198,4,116.63,0
7910,4906,141,2,53.20,10
7911,4663,155,5,190.98,0
7912,5229,239,3,320.95,0
7913,6847,17,1,353.82,0
7914,7597,128,3,220.39,15
7915,5189,178,4,308.38,0
7916,9780,218,5,385.74,0
7917,8052,275,3,59.35,15
7918,2372,278,3,334.45,0
7919,6607,47,5,202.34,15
7920,2505,182,3,183.61,15
7921,815,145,3,94.23,0
7922,5915,115,5,353.64,0
7923,8937,62,1,78.99,5
7924,4516,220,2,131.34,5
7925,1046,163,2,20.58,15
7926,1325,289,1,90.69,10
7927,7625,143,2,374.36,0
7928,9480,265,5,366.02,15
7929,3791,282,5,381.21,0
7930,6172,166,2,314.43,15
7931,854,272,2,120.04,0
7932,6524,135,1,387.74,0
7933,3082,281,4,263.43,5
7934,4330,300,5,60.59,0
7935,1589,295,1,307.36,0
7936,495,299,1,277.33,15
7937,3047,164,1,395.54,0
7938,7380,155,5,190.98,10
7939,6141,166,2,314.43,0
7940,8947,189,4,299.32,5
7941,512,132,4,356.02,10
7942,5131,278,5,334.45,15
7943,663,288,4,66.37,5
7944,768,219,4,30.27,5
7945,2800,287,3,257.71,5
7946,8480,281,1,263.43,0
7947,9940,131,4,91.11,10
7948,7843,39,2,49.89,15
7949,5355,196,2,160.55,5
7950,1260,130,2,200.63,0
7951,4499,192,5,90.00,5
7952,8375,44,3,57.92,15
7953,5863,65,2,76.41,5
7954,7830,137,2,288.60,10
7955,6748,292,4,136.17,0
7956,6694,224,5,8.13,15
7957,5623,197,3,208.34,0
7958,9310,207,4,326.57,0
7959,1397,210,1,211.85,0
7960,142,225,4,338.57,15
7961,5255,22,1,193.70,15
7962,9227,193,5,85.60,0
7963,6939,25,2,157.60,10
7964,3008,237,3,199.63,0
7965,7677,67,3,134.74,0
7966,525,6,1,190.26,5
7967,2671,87,5,84.63,10
7968,7157,224,2,8.13,15
7969,3666,133,4,47.71,10
7970,4985,98,4,115.13,0
7971,3350,268,4,226.31,5
7972,6155,72,1,370.40,0
7973,6603,89,3,285.99,5
7974,9108,50,1,311.33,0
7975,7467,255,2,339.07,15
7976,6941,268,2,226.31,0
7977,1929,259,5,201.35,0
7978,8508,169,3,65.85,0
7979,8299,271,1,327.62,0
7980,362,178,1,308.38,15
7981,5053,12,5,161.29,15
7982,4887,214,5,163.02,0
7983,4285,42,1,309.17,0
7984,8787,298,5,253.90,15
7985,4146,203,3,6.30,5
7986,5935,131,4,91.11,10
7987,6471,123,1,106.64,0
7988,559,259,3,201.35,0
7989,6886,132,5,356.02,15
7990,3305,196,5,160.55,5
7991,8575,82,5,278.93,0
7992,3405,295,3,307.36,0
7993,4347,84,2,124.05,15
7994,6637,190,5,22.53,0
7995,9390,38,1,200.72,0
7996,5608,5,5,235.25,0
7997,944,297,5,30.06,5
7998,3873,124,5,320.32,0
7999,7672,116,5,368.79,0
8000,8232,132,4,356.02,0
8001,5526,213,3,37.84,10
8002,9517,97,4,234.59,10
8003,1984,258,5,171.69,5
8004,3917,28,1,82.43,15
8005,9806,280,3,319.72,10
8006,2900,121,5,251.05,5
8007,7407,11,3,176.97,0
8008,3245,7,3,263.49,15
8009,1959,190,3,22.53,5
8010,3254,255,4,339.07,0
8011,7250,30,2,190.99,15
8012,6229,87,1,84.63,0
8013,2230,52,1,51.91,0
8014,9779,167,1,245.05,0
8015,2373,30,2,190.99,0
8016,6141,58,1,218.95,10
8017,4566,110,4,326.74,0
8018,6241,252,5,24.03,5
8019,7213,100,3,371.65,0
8020,118,100,5,371.65,10
8021,4757,103,4,252.38,10
8022,8415,50,3,311.33,0
8023,996,20,4,344.16,0
8024,8142,95,4,69.49,15
8025,2899,66,1,206.27,5
8026,3800,211,5,323.51,10
8027,719,68,3,277.33,0
8028,1999,66,1,206.27,0
8029,3883,78,5,33.23,0
8030,6783,105,4,338.11,5
8031,3745,210,4,211.85,15
8032,9212,52,4,51.91,15
8033,3206,138,3,331.78,0
8034,5292,191,4,226.42,15
8035,1330,57,4,140.14,5
8036,7561,40,5,226.87,15
8037,8029,258,5,171.69,0
8038,8401,170,5,67.45,15
8039,1490,244,1,146.67,15
8040,3664,96,5,264.06,0
8041,1303,219,5,30.27,0
8042,8972,93,1,28.93,0
8043,2175,241,4,101.41,0
8044,7836,300,5,60.59,5
8045,1731,156,5,344.64,10
8046,5955,149,1,70.07,0
8047,8686,266,2,7.51,0
8048,5675,233,1,245.00,10
8049,2017,223,5,23.99,0
8050,9144,274,4,53.21,0
8051,845,54,2,316.28,0
8052,2481,293,5,58.98,10
8053,1388,146,1,44.01,5
8054,1003,80,1,392.68,5
8055,7724,60,4,275.96,0
8056,5903,201,5,68.26,0
8057,1304,63,2,199.37,10
8058,1570,188,2,61.43,0
8059,1219,123,5,106.64,5
8060,7865,7,4,263.49,15
8061,5348,248,5,149.84,10
8062,752,297,3,30.06,15
8063,2681,161,1,291.83,15
8064,6876,209,3,188.28,10
8065,849,230,5,323.29,15
8066,5068,57,2,140.14,15
8067,6511,37,5,258.60,0
8068,6998,88,5,42.74,15
8069,8803,153,1,174.41,10
8070,3776,59,4,213.06,0
8071,8208,160,4,132.63,0
8072,9853,38,2,200.72,0
8073,387,233,5,245.00,0
8074,5006,158,2,214.14,0
8075,8467,55,5,396.81,5
8076,8239,266,4,7.51,0
8077,9719,153,3,174.41,15
8078,9799,173,5,178.93,5
8079,4262,219,3,30.27,15
8080,783,211,4,323.51,5
8081,8695,92,4,50.16,0
8082,3499,290,5,25.70,0
8083,1010,242,2,67.91,0
8084,9113,2,4,340.09,0
8085,1446,181,5,259.05,0
8086,7671,16,2,386.04,5
8087,4516,29,4,34.87,10
8088,4780,285,2,258.56,0
8089,7922,11,2,176.97,0
8090,8667,50,4,311.33,10
8091,967,179,3,237.43,0
8092,1075,240,3,117.00,0
8093,7472,187,1,234.45,0
8094,3572,160,2,132.63,15
8095,5401,230,5,323.29,0
8096,8742,17,5,353.82,0
8097,506,270,1,246.69,15
8098,5227,175,1,372.30,0
8099,1972,173,1,178.93,15
8100,8709,54,2,316.28,0
8101,7327,228,4,335.11,0
8102,3339,273,2,341.96,15
8103,9133,247,1,202.30,10
8104,5789,217,3,395.04,0
8105,1472,56,3,372.10,0
8106,3803,12,2,161.29,15
8107,709,182,4,183.61,5
8108,3940,42,1,309.17,0
8109,3718,148,4,119.97,0
8110,7443,131,2,91.11,0
8111,6729,111,2,225.30,15
8112,6844,31,2,136.27,0
8113,8208,124,2,320.32,0
8114,6269,190,1,22.53,15
8115,6739,213,1,37.84,10
8116,2039,88,2,42.74,10
8117,4641,159,2,217.33,15
8118,2713,78,5,33.23,5
8119,2467,273,5,341.96,0
8120,2348,185,4,48.99,5
8121,8048,177,2,218.39,0
8122,5400,162,2,270.73,0
8123,2456,262,5,265.12,15
8124,5472,70,3,315.23,0
8125,1054,229,4,324.76,0
8126,6532,255,4,339.07,15
8127,9195,226,3,348.65,10
8128,5833,139,5,321.64,15
8129,2679,70,5,315.23,0
8130,223,148,3,119.97,15
8131,66,224,2,8.13,0
8132,8431,166,3,314.43,15
8133,1212,280,4,319.72,0
8134,4426,67,3,134.74,10
8135,750,252,5,24.03,0
8136,208,106,4,66.50,10
8137,8593,288,4,66.37,0
8138,8867,190,1,22.53,10
8139,5453,248,4,149.84,0
8140,3118,119,1,86.31,0
8141,4727,109,2,97.22,0
8142,163,52,4,51.91,0
8143,3570,95,1,69.49,10
8144,9951,90,5,206.30,0
8145,232,148,4,119.97,0
8146,6921,181,4,259.05,0
8147,8371,145,3,94.23,10
8148,4321,210,2,211.85,5
8149,6508,220,4,131.34,10
8150,2409,48,4,72.09,15
8151,9831,86,4,365.04,15
8152,3521,189,2,299.32,5
8153,8929,192,4,90.00,15
8154,5251,180,1,323.47,0
8155,5707,94,5,66.86,15
8156,38,97,5,234.59,10
8157,3012,99,2,283.04,10
8158,1024,205,2,150.21,0
8159,716,99,4,283.04,15
8160,7533,133,3,47.71,10
8161,636,44,1,57.92,15
8162,5837,169,2,65.85,10
8163,4169,70,2,315.23,0
8164,7234,27,4,65.87,0
8165,7619,37,3,258.60,0
8166,9194,192,5,90.00,0
8167,1212,128,2,220.39,0
8168,6640,129,2,265.34,0
8169,1688,105,2,338.11,0
8170,4282,43,5,232.40,10
8171,7529,123,3,106.64,0
8172,8031,69,4,156.10,5
8173,4409,149,5,70.07,0
8174,3741,74,1,224.24,0
8175,5675,260,2,294.26,0
8176,8635,284,4,111.58,10
8177,7786,230,3,323.29,15
8178,7029,31,5,136.27,5
8179,9085,1,4,281.65,15
8180,3180,100,5,371.65,15
8181,8931,91,1,371.67,0
8182,5923,279,4,313.02,5
8183,8782,168,4,156.48,15
8184,4746,21,3,299.77,15
8185,6601,249,4,124.21,0
8186,9038,289,3,90.69,5
8187,1307,191,2,226.42,0
8188,7385,153,3,174.41,5
8189,7780,190,1,22.53,10
8190,4751,285,1,258.56,0
8191,474,132,3,356.02,0
8192,7738,12,2,161.29,0
8193,3376,190,5,22.53,10
8194,6140,194,3,212.39,0
8195,4465,45,2,382.91,10
8196,6293,40,3,226.87,10
8197,1525,121,3,251.05,5
8198,7905,90,3,206.30,0
8199,8150,64,5,245.58,0
8200,1725,190,4,22.53,15
8201,9716,131,1,91.11,0
8202,5960,260,5,294.26,0
8203,3951,238,4,200.57,15
8204,6615,231,5,64.44,5
8205,9203,84,4,124.05,0
8206,8186,132,4,356.02,0
8207,6459,118,1,351.34,10
8208,8916,222,4,345.59,0
8209,1364,167,2,245.05,0
8210,3489,64,2,245.58,0
8211,3475,207,4,326.57,0
8212,2826,175,5,372.30,0
8213,853,139,3,321.64,0
8214,7172,191,3,226.42,10
8215,318,121,5,251.05,5
8216,4468,184,3,200.81,15
8217,599,131,4,91.11,15
8218,3031,43,1,232.40,10
8219,9908,154,2,343.92,0
8220,4634,259,2,201.35,10
8221,624,228,3,335.11,0
8222,7185,241,1,101.41,0
8223,8964,111,3,225.30,10
8224,7463,32,2,318.14,10
8225,4580,43,5,232.40,5
8226,1250,11,3,176.97,0
8227,3101,152,5,359.63,0
8228,566,223,2,23.99,5
8229,386,136,1,222.85,0
8230,5936,35,1,335.83,15
8231,9036,131,1,91.11,0
8232,445,253,1,286.72,15
8233,1468,285,2,258.56,15
8234,4808,230,1,323.29,5
8235,7109,24,1,74.40,10
8236,5257,173,3,178.93,10
8237,9294,158,4,214.14,0
8238,9081,66,5,206.27,0
8239,1935,92,1,50.16,0
8240,2235,205,4,150.21,10
8241,4623,35,1,335.83,0
8242,9490,220,3,131.34,0
8243,6325,23,4,393.39,10
8244,6510,289,3,90.69,0
8245,2481,18,3,318.44,15
8246,7294,30,5,190.99,5
8247,8416,252,2,24.03,15
8248,4891,45,4,382.91,5
8249,9533,140,4,120.30,0
8250,9309,234,1,268.61,0
8251,6993,266,3,7.51,10
8252,4822,158,4,214.14,5
8253,3100,22,4,193.70,0
8254,6377,180,3,323.47,0
8255,4399,299,3,277.33,15
8256,8849,35,5,335.83,10
8257,5675,91,3,371.67,5
8258,772,127,3,126.84,0
8259,3082,234,5,268.61,0
8260,3650,61,3,175.74,10
8261,8405,232,3,182.33,0
8262,2314,285,1,258.56,0
8263,7622,296,3,93.52,10
8264,4180,106,1,66.50,0
8265,912,7,4,263.49,15
8266,2775,105,4,338.11,5
8267,9720,89,1,285.99,5
8268,2658,174,2,232.35,15
8269,9265,212,4,324.30,10
8270,5661,224,5,8.13,15
8271,9341,24,4,74.40,5
8272,3352,3,1,369.07,0
8273,762,31,4,136.27,5
8274,4644,67,1,134.74,15
8275,7843,2,1,340.09,0
8276,1848,4,2,296.68,5
8277,2073,24,2,74.40,5
8278,5804,115,5,353.64,0
8279,7709,60,5,275.96,0
8280,3035,154,3,343.92,0
8281,5957,196,3,160.55,10
8282,8585,65,4,76.41,0
8283,3046,214,4,163.02,0
8284,8836,78,2,33.23,15
8285,9861,181,3,259.05,0
8286,7011,291,1,25.51,10
8287,272,23,5,393.39,10
8288,2654,245,2,310.10,5
8289,6322,296,1,93.52,10
8290,8760,285,4,258.56,0
8291,1061,203,5,6.30,0
8292,4471,234,4,268.61,0
8293,2590,105,3,338.11,5
8294,1571,290,5,25.70,15
8295,4655,54,1,316.28,0
8296,7664,252,2,24.03,0
8297,9723,268,4,226.31,0
8298,8962,244,4,146.67,10
8299,7220,132,2,356.02,0
8300,9247,194,1,212.39,5
8301,2249,81,2,191.34,10
8302,684,300,2,60.59,10
8303,3824,219,2,30.27,0
8304,6665,131,3,91.11,5
8305,7785,42,3,309.17,15
8306,4799,260,2,294.26,0
8307,4832,276,4,342.04,0
8308,3052,131,1,91.11,15
8309,824,269,4,79.59,0
8310,9741,241,5,101.41,0
8311,501,184,1,200.81,15
8312,464,243,3,297.01,0
8313,748,35,3,335.83,0
8314,2621,285,1,258.56,0
8315,2801,119,1,86.31,5
8316,5284,266,4,7.51,15
8317,8328,216,5,301.09,5
8318,8217,28,5,82.43,5
8319,1209,300,5,60.59,5
8320,4883,268,4,226.31,15
8321,2582,138,1,331.78,5
8322,2639,5,1,235.25,0
8323,2052,263,3,116.93,0
8324,6848,39,2,49.89,10
8325,836,108,1,261.20,5
8326,9399,54,2,316.28,0
8327,231,68,5,277.33,5
8328,1505,172,1,43.91,0
8329,9780,235,1,43.63,10
8330,2348,188,4,61.43,0
8331,4674,104,1,188.19,0
8332,9462,111,1,225.30,5
8333,1985,292,5,136.17,0
8334,3336,64,3,245.58,10
8335,4881,140,4,120.30,0
8336,4975,179,2,237.43,0
8337,1099,15,5,254.29,15
8338,7058,293,1,58.98,10
8339,6445,182,1,183.61,0
8340,1493,86,4,365.04,0
8341,3517,241,3,101.41,0
8342,791,218,1,385.74,5
8343,8674,191,5,226.42,10
8344,7699,96,2,264.06,0
8345,6473,87,2,84.63,10
8346,1467,104,1,188.19,10
8347,3079,202,2,268.66,15
8348,6618,19,5,20.40,15
8349,1959,118,5,351.34,15
8350,2930,225,4,338.57,0
8351,6821,283,5,390.13,15
8352,3744,33,3,330.23,0
8353,2804,154,1,343.92,0
8354,5058,15,1,254.29,0
8355,9363,95,4,69.49,5
8356,2800,293,1,58.98,10
8357,1339,287,3,257.71,0
8358,7943,178,2,308.38,10
8359,8258,276,4,342.04,0
8360,1036,119,3,86.31,0
8361,3417,201,1,68.26,10
8362,8090,47,3,202.34,0
8363,5972,14,2,106.54,0
8364,8858,25,1,157.60,5
8365,3545,17,5,353.82,10
8366,9277,44,3,57.92,5
8367,8533,24,3,74.40,5
8368,80,110,2,326.74,5
8369,7241,154,3,343.92,10
8370,2215,280,3,319.72,0
8371,3517,211,2,323.51,15
8372,8004,276,1,342.04,10
8373,9901,87,3,84.63,5
8374,4634,118,3,351.34,5
8375,7752,128,1,220.39,5
8376,4616,123,5,106.64,5
8377,5155,66,3,206.27,15
8378,1860,150,5,181.60,0
8379,9660,273,3,341.96,10
8380,5168,159,1,217.33,15
8381,2115,91,4,371.67,0
8382,6036,6,1,190.26,0
8383,3022,98,3,115.13,0
8384,718,157,1,87.60,15
8385,7785,203,5,6.30,15
8386,7489,4,2,296.68,0
8387,8706,115,1,353.64,5
8388,6179,86,2,365.04,0
8389,4772,140,2,120.30,5
8390,3899,297,5,30.06,0
8391,8790,297,1,30.06,0
8392,4799,158,3,214.14,10
8393,4728,265,5,366.02,10
8394,7068,182,2,183.61,0
8395,3469,292,2,136.17,5
8396,1378,125,4,327.79,10
8397,581,219,5,30.27,5
8398,5640,31,4,136.27,0
8399,7510,4,5,296.68,0
8400,4803,229,3,324.76,10
8401,6297,3,5,369.07,5
8402,7114,287,2,257.71,0
8403,90,174,3,232.35,10
8404,7050,300,2,60.59,5
8405,4930,42,3,309.17,0
8406,8973,261,3,297.20,15
8407,3125,39,2,49.89,10
8408,5142,288,4,66.37,15
8409,5855,255,5,339.07,0
8410,8833,283,1,390.13,10
8411,8574,81,4,191.34,15
8412,6878,165,5,273.91,0
8413,1082,117,2,350.39,10
8414,4482,242,5,67.91,0
8415,5241,9,2,150.86,15
8416,4762,187,5,234.45,0
8417,8131,16,3,386.04,0
8418,6033,68,1,277.33,0
8419,6000,189,2,299.32,10
8420,4697,234,1,268.61,0
8421,6887,173,4,178.93,5
8422,2922,238,5,200.57,15
8423,9384,131,4,91.11,0
8424,7411,75,4,347.15,15
8425,747,74,2,224.24,5
8426,8460,295,2,307.36,0
8427,2433,59,2,213.06,10
8428,2930,43,3,232.40,5
8429,8768,168,5,156.48,0
8430,2623,92,4,50.16,0
8431,3405,37,1,258.60,5
8432,7537,139,2,321.64,5
8433,2028,295,1,307.36,0
8434,8361,32,4,318.14,5
8435,4224,227,3,303.25,15
8436,3707,142,1,249.44,15
8437,7530,2,2,340.09,10
8438,3468,285,4,258.56,10
8439,5595,207,1,326.57,5
8440,5365,222,3,345.59,15
8441,6734,87,3,84.63,0
8442,9114,217,1,395.04,10
8443,1059,295,3,307.36,0
8444,6260,257,3,63.30,5
8445,1359,174,4,232.35,0
8446,9985,88,2,42.74,0
8447,4307,295,1,307.36,10
8448,6696,25,2,157.60,5
8449,9539,284,5,111.58,5
8450,4677,142,5,249.44,0
8451,1332,192,1,90.00,15
8452,8233,266,4,7.51,0
8453,6312,50,3,311.33,15
8454,3773,289,2,90.69,0
8455,7543,6,4,190.26,0
8456,4946,265,3,366.02,0
8457,1159,75,3,347.15,0
8458,7168,79,1,19.52,0
8459,1696,74,2,224.24,0
8460,3608,237,4,199.63,0
8461,4353,267,1,208.17,0
8462,4077,178,5,308.38,0
8463,5162,204,4,197.94,5
8464,8821,259,5,201.35,15
8465,4225,283,3,390.13,0
8466,5493,241,3,101.41,0
8467,5434,177,4,218.39,10
8468,288,295,2,307.36,5
8469,970,138,2,331.78,5
8470,6948,1,5,281.65,0
8471,4666,259,4,201.35,10
8472,3448,140,2,120.30,0
8473,9978,82,1,278.93,0
8474,6879,300,2,60.59,15
8475,8340,100,4,371.65,5
8476,6710,179,3,237.43,0
8477,2545,5,4,235.25,15
8478,1216,283,5,390.13,15
8479,7157,4,2,296.68,15
8480,1862,277,3,219.37,0
8481,8550,211,5,323.51,0
8482,4156,112,4,121.23,0
8483,1665,161,3,291.83,5
8484,1589,36,5,229.35,0
8485,5357,143,1,374.36,10
8486,9857,94,1,66.86,5
8487,3754,108,3,261.20,15
8488,4211,81,4,191.34,10
8489,5628,43,5,232.40,5
8490,1587,216,3,301.09,15
8491,7795,203,3,6.30,5
8492,6172,194,3,212.39,0
8493,8620,126,5,68.11,0
8494,2140,58,2,218.95,0
8495,9321,25,4,157.60,5
8496,344,224,1,8.13,10
8497,8269,181,1,259.05,15
8498,8908,294,2,200.35,0
8499,1392,129,3,265.34,10
8500,1303,211,2,323.51,15
8501,2773,204,3,197.94,0
8502,3800,95,4,69.49,15
8503,9951,23,5,393.39,5
8504,5934,180,4,323.47,0
8505,187,252,1,24.03,5
8506,9201,172,4,43.91,0
8507,2067,291,5,25.51,0
8508,9824,76,5,297.26,0
8509,2596,26,3,122.89,0
8510,9742,148,4,119.97,15
8511,8925,160,1,132.63,0
8512,8375,245,2,310.10,0
8513,5208,36,5,229.35,5
8514,6262,183,3,78.33,5
8515,195,284,3,111.58,0
8516,4679,117,3,350.39,0
8517,2538,224,2,8.13,0
8518,7982,79,4,19.52,0
8519,1446,249,2,124.21,10
8520,9269,122,2,222.97,10
8521,9282,12,3,161.29,0
8522,1240,84,1,124.05,0
8523,8561,35,2,335.83,0
8524,4462,55,4,396.81,0
8525,8347,171,1,132.85,15
8526,6599,228,3,335.11,0
8527,7023,5,2,235.25,5
8528,4844,192,2,90.00,0
8529,2662,2,2,340.09,0
8530,3725,85,1,114.41,0
8531,4145,36,4,229.35,0
8532,9854,266,3,7.51,10
8533,8705,91,1,371.67,10
8534,9002,299,5,277.33,0
8535,5863,182,5,183.61,15
8536,2559,58,1,218.95,5
8537,8921,42,4,309.17,15
8538,4987,165,1,273.91,0
8539,6461,224,4,8.13,0
8540,3710,12,2,161.29,5
8541,507,23,2,393.39,0
8542,4452,208,2,389.11,0
8543,7830,250,5,178.43,5
8544,6480,53,5,200.65,0
8545,1672,200,1,67.84,0
8546,9085,192,3,90.00,0
8547,59,166,1,314.43,15
8548,5264,118,1,351.34,0
8549,4222,93,3,28.93,5
8550,5927,200,5,67.84,0
8551,3960,93,4,28.93,0
8552,84,48,1,72.09,0
8553,7241,43,5,232.40,0
8554,5872,102,5,102.20,5
8555,7997,291,1,25.51,5
8556,4740,135,1,387.74,0
8557,7213,97,3,234.59,0
8558,8813,65,4,76.41,0
8559,6650,12,1,161.29,0
8560,6858,181,2,259.05,5
8561,8601,290,1,25.70,15
8562,587,146,5,44.01,0
8563,2817,232,3,182.33,0
8564,5350,114,4,156.49,0
8565,4062,116,3,368.79,0
8566,2169,217,1,395.04,15
8567,6671,221,1,33.76,0
8568,8256,100,4,371.65,5
8569,63,118,4,351.34,10
8570,5343,46,5,252.91,0
8571,7323,55,4,396.81,0
8572,9801,154,2,343.92,0
8573,6176,126,5,68.11,10
8574,1608,20,2,344.16,15
8575,697,187,4,234.45,10
8576,2743,138,1,331.78,0
8577,121,141,1,53.20,0
8578,4290,21,3,299.77,0
8579,9753,245,3,310.10,10
8580,2437,252,2,24.03,0
8581,271,194,4,212.39,15
8582,7487,249,5,124.21,0
8583,9969,136,4,222.85,15
8584,7337,186,1,146.92,15
8585,2375,65,4,76.41,0
8586,8554,253,4,286.72,0
8587,5922,246,5,62.04,5
8588,9470,260,2,294.26,15
8589,3650,189,2,299.32,0
8590,2658,161,1,291.83,5
8591,7846,253,3,286.72,0
8592,1499,74,2,224.24,10
8593,1368,186,3,146.92,15
8594,874,49,2,123.44,10
8595,7517,256,4,343.78,10
8596,4910,274,3,53.21,0
8597,7281,122,5,222.97,0
8598,5374,123,5,106.64,0
8599,3933,260,5,294.26,15
8600,2439,78,3,33.23,0
8601,8272,138,2,331.78,0
8602,4723,91,4,371.67,0
8603,4026,13,1,97.73,0
8604,4758,268,5,226.31,10
8605,9044,58,2,218.95,5
8606,5637,53,4,200.65,0
8607,6951,123,2,106.64,5
8608,4355,289,1,90.69,5
8609,9131,175,1,372.30,10
8610,8033,105,5,338.11,15
8611,4297,36,3,229.35,15
8612,1983,287,1,257.71,10
8613,6445,271,1,327.62,0
8614,5257,209,5,188.28,0
8615,1012,251,3,113.15,10
8616,5610,215,5,252.10,10
8617,4107,197,4,208.34,10
8618,3972,41,1,89.26,10
8619,7264,140,5,120.30,5
8620,708,25,5,157.60,15
8621,6259,235,1,43.63,15
8622,8784,158,4,214.14,0
8623,2982,171,4,132.85,0
8624,9526,277,1,219.37,0
8625,9605,138,3,331.78,0
8626,6408,94,1,66.86,5
8627,6187,96,3,264.06,10
8628,2275,184,5,200.81,0
8629,5147,238,5,200.57,5
8630,7319,133,2,47.71,0
8631,4191,20,5,344.16,0
8632,7860,250,1,178.43,5
8633,886,287,4,257.71,5
8634,2355,130,2,200.63,10
8635,4064,256,4,343.78,10
8636,6986,205,2,150.21,0
8637,3241,291,4,25.51,5
8638,7871,118,4,351.34,5
8639,4574,84,2,124.05,0
8640,6305,69,5,156.10,15
8641,7302,32,4,318.14,15
8642,9477,155,3,190.98,5
8643,8442,6,1,190.26,0
8644,9689,273,1,341.96,15
8645,1012,230,3,323.29,0
8646,9106,65,5,76.41,10
8647,8585,96,2,264.06,0
8648,23,67,1,134.74,0
8649,2393,54,4,316.28,5
8650,1584,218,1,385.74,0
8651,7522,109,1,97.22,0
8652,8552,78,4,33.23,0
8653,7099,57,5,140.14,10
8654,5791,63,3,199.37,0
8655,3089,43,3,232.40,5
8656,4875,63,4,199.37,0
8657,4010,57,3,140.14,10
8658,1113,125,3,327.79,0
8659,9241,289,1,90.69,5
8660,9471,44,2,57.92,0
8661,3919,2,4,340.09,5
8662,881,39,3,49.89,0
8663,7571,183,1,78.33,10
8664,2706,176,2,367.34,0
8665,5512,74,1,224.24,5
8666,8432,58,4,218.95,10
8667,2813,154,1,343.92,10
8668,2670,239,3,320.95,0
8669,1873,120,1,388.54,0
8670,1968,99,2,283.04,15
8671,4377,208,3,389.11,15
8672,8466,171,5,132.85,0
8673,1721,262,3,265.12,0
8674,7367,77,4,338.07,0
8675,3646,279,4,313.02,15
8676,4283,266,3,7.51,5
8677,1214,297,1,30.06,15
8678,5042,35,1,335.83,0
8679,468,210,1,211.85,5
8680,9441,107,2,65.37,0
8681,3665,204,3,197.94,10
8682,7778,173,5,178.93,0
8683,2741,206,5,31.78,5
8684,9048,69,5,156.10,10
8685,8620,218,4,385.74,0
8686,4486,77,2,338.07,10
8687,1591,33,5,330.23,15
8688,106,201,2,68.26,5
8689,2582,267,3,208.17,0
8690,9830,206,1,31.78,10
8691,4720,147,5,344.67,0
8692,2753,216,4,301.09,0
8693,3095,229,2,324.76,15
8694,6818,300,4,60.59,10
8695,7184,131,2,91.11,15
8696,8862,48,5,72.09,0
8697,1428,300,4,60.59,0
8698,4526,295,1,307.36,10
8699,3220,101,5,167.15,0
8700,2776,25,3,157.60,0
8701,91,11,4,176.97,5
8702,2941,222,5,345.59,0
8703,667,78,4,33.23,10
8704,7752,146,4,44.01,0
8705,8310,29,4,34.87,5
8706,472,133,1,47.71,0
8707,4779,98,4,115.13,0
8708,5298,57,5,140.14,0
8709,4735,99,1,283.04,0
8710,1408,67,4,134.74,0
8711,2865,290,4,25.70,0
8712,5457,52,4,51.91,0
8713,9652,130,3,200.63,5
8714,3229,226,3,348.65,0
8715,6914,286,3,362.28,10
8716,4754,76,3,297.26,0
8717,4497,1,2,281.65,0
8718,9799,136,5,222.85,15
8719,6586,152,2,359.63,10
8720,8198,195,2,282.87,0
8721,6939,37,2,258.60,0
8722,8782,149,3,70.07,0
8723,1366,24,1,74.40,5
8724,9466,93,4,28.93,5
8725,5009,287,4,257.71,0
8726,168,58,3,218.95,0
8727,2516,202,1,268.66,0
8728,927,195,1,282.87,5
8729,7100,109,3,97.22,15
8730,5559,186,4,146.92,5
8731,7751,187,2,234.45,15
8732,7326,92,4,50.16,10
8733,2468,139,5,321.64,0
8734,8432,33,3,330.23,0
8735,1809,205,2,150.21,15
8736,1420,131,1,91.11,5
8737,9182,174,2,232.35,15
8738,9200,272,4,120.04,0
8739,3269,125,2,327.79,0
8740,2680,272,2,120.04,10
8741,6523,49,4,123.44,15
8742,5297,90,4,206.30,5
8743,8996,109,1,97.22,10
8744,41,203,4,6.30,10
8745,8326,234,5,268.61,15
8746,9328,9,2,150.86,15
8747,162,114,3,156.49,0
8748,6631,60,5,275.96,15
8749,8031,192,4,90.00,0
8750,5583,109,1,97.22,0
8751,5773,190,1,22.53,10
8752,2029,281,4,263.43,0
8753,8715,83,5,80.10,10
8754,6241,271,1,327.62,5
8755,279,189,3,299.32,5
8756,3377,42,1,309.17,5
8757,1068,164,2,395.54,5
8758,2186,99,2,283.04,10
8759,9066,74,5,224.24,0
8760,4908,171,2,132.85,0
8761,1888,241,1,101.41,0
8762,2682,141,4,53.20,10
8763,7619,247,4,202.30,5
8764,3139,183,3,78.33,5
8765,5256,36,1,229.35,10
8766,2454,69,1,156.10,15
8767,6727,273,5,341.96,10
8768,4114,190,5,22.53,0
8769,9248,202,4,268.66,10
8770,7783,45,5,382.91,10
8771,5992,177,5,218.39,15
8772,5900,188,5,61.43,15
8773,6368,123,1,106.64,0
8774,2320,176,1,367.34,0
8775,3157,13,2,97.73,15
8776,3150,242,4,67.91,10
8777,6502,147,1,344.67,0
8778,8610,119,5,86.31,15
8779,5378,282,5,381.21,0
8780,169,120,1,388.54,0
8781,2654,8,1,357.93,5
8782,3566,125,1,327.79,0
8783,408,29,5,34.87,15
8784,965,217,3,395.04,5
8785,1947,14,5,106.54,15
8786,8360,211,1,323.51,15
8787,9349,125,5,327.79,0
8788,6576,220,5,131.34,10
8789,2730,29,5,34.87,5
8790,9171,52,5,51.91,0
8791,9253,140,4,120.30,5
8792,6547,273,1,341.96,0
8793,9746,297,4,30.06,5
8794,5957,92,2,50.16,15
8795,7773,243,2,297.01,0
8796,7884,153,4,174.41,10
8797,6826,68,1,277.33,15
8798,1100,196,1,160.55,10
8799,3140,12,2,161.29,5
8800,9715,166,4,314.43,0
8801,5318,68,4,277.33,0
8802,896,60,3,275.96,15
8803,6346,88,5,42.74,0
8804,8577,103,4,252.38,0
8805,5675,147,4,344.67,0
8806,1291,261,4,297.20,0
8807,612,167,5,245.05,5
8808,3784,106,5,66.50,15
8809,9343,110,4,326.74,0
8810,4698,52,5,51.91,0
8811,7628,174,1,232.35,15
8812,7170,296,3,93.52,0
8813,8021,157,5,87.60,0
8814,8419,113,4,75.33,0
8815,1958,4,5,296.68,0
8816,9024,108,5,261.20,0
8817,1775,22,1,193.70,15
8818,2637,27,5,65.87,5
8819,2621,39,4,49.89,0
8820,2498,97,2,234.59,0
8821,8220,60,5,275.96,0
8822,8425,292,1,136.17,0
8823,4620,105,1,338.11,0
8824,4292,49,3,123.44,15
8825,7230,233,1,245.00,0
8826,1494,288,2,66.37,5
8827,8009,28,2,82.43,0
8828,3980,290,2,25.70,10
8829,4087,7,2,263.49,0
8830,2933,171,3,132.85,15
8831,8795,11,3,176.97,0
8832,9278,161,4,291.83,5
8833,4091,186,5,146.92,10
8834,1789,75,5,347.15,0
8835,3468,272,2,120.04,5
8836,9548,218,2,385.74,10
8837,3934,117,5,350.39,10
8838,4274,92,3,50.16,15
8839,4134,43,2,232.40,0
8840,3275,251,2,113.15,0
8841,1471,291,1,25.51,5
8842,4267,208,3,389.11,10
8843,4037,33,4,330.23,0
8844,7676,230,1,323.29,5
8845,4513,291,2,25.51,15
8846,6432,297,2,30.06,15
8847,5638,290,2,25.70,0
8848,847,31,3,136.27,0
8849,1700,2,2,340.09,5
8850,1367,261,3,297.20,5
8851,2783,141,4,53.20,0
8852,2782,283,1,390.13,10
8853,4983,151,4,214.50,10
8854,264,224,4,8.13,5
8855,7096,163,1,20.58,0
8856,8200,138,3,331.78,15
8857,9532,179,2,237.43,0
8858,1069,22,5,193.70,0
8859,5752,66,2,206.27,10
8860,2013,177,5,218.39,5
8861,9764,216,4,301.09,10
8862,6884,274,1,53.21,15
8863,9224,188,5,61.43,0
8864,2782,200,4,67.84,0
8865,7254,256,4,343.78,10
8866,4393,17,2,353.82,0
8867,3670,177,3,218.39,5
8868,8382,204,1,197.94,0
8869,7580,214,4,163.02,0
8870,3247,50,5,311.33,0
8871,4451,277,3,219.37,0
8872,5117,55,5,396.81,5
8873,7118,270,3,246.69,15
8874,479,113,3,75.33,10
8875,6843,279,5,313.02,0
8876,3095,90,4,206.30,0
8877,7066,170,5,67.45,0
8878,7105,134,1,378.20,0
8879,2993,85,3,114.41,0
8880,6218,42,5,309.17,10
8881,5500,73,3,222.38,0
8882,1886,111,2,225.30,5
8883,3730,103,1,252.38,10
8884,6205,1,3,281.65,15
8885,2457,190,2,22.53,5
8886,2812,108,4,261.20,5
8887,2080,104,4,188.19,0
8888,2008,255,2,339.07,0
8889,7153,167,2,245.05,0
8890,7553,35,4,335.83,15
8891,6987,92,3,50.16,5
8892,8074,109,4,97.22,0
8893,4578,65,4,76.41,0
8894,8856,55,3,396.81,15
8895,5334,233,2,245.00,5
8896,5665,155,2,190.98,5
8897,8790,167,5,245.05,10
8898,7680,179,4,237.43,5
8899,9027,97,4,234.59,15
8900,6710,100,3,371.65,0
8901,528,87,2,84.63,0
8902,1829,35,4,335.83,15
8903,8013,285,2,258.56,10
8904,2390,18,1,318.44,5
8905,1411,217,3,395.04,0
8906,5757,56,5,372.10,5
8907,8895,77,5,338.07,15
8908,6284,151,3,214.50,5
8909,6100,151,1,214.50,0
8910,3020,192,1,90.00,5
8911,4752,32,3,318.14,0
8912,3138,252,5,24.03,0
8913,2376,197,1,208.34,0
8914,2195,257,2,63.30,5
8915,3391,123,5,106.64,15
8916,9325,111,3,225.30,0
8917,9565,216,1,301.09,15
8918,1104,275,4,59.35,0
8919,2122,165,5,273.91,0
8920,3503,218,5,385.74,0
8921,2663,214,5,163.02,5
8922,4597,271,4,327.62,0
8923,4640,25,3,157.60,0
8924,5070,168,3,156.48,0
8925,1673,124,3,320.32,0
8926,7149,220,5,131.34,0
8927,6456,142,2,249.44,15
8928,1763,293,4,58.98,10
8929,1918,277,3,219.37,15
8930,5455,171,1,132.85,0
8931,5885,114,4,156.49,0
8932,767,266,3,7.51,5
8933,5660,124,5,320.32,0
8934,9843,36,5,229.35,15
8935,2802,24,5,74.40,0
8936,9452,216,2,301.09,0
8937,6363,292,3,136.17,10
8938,5157,27,2,65.87,5
8939,1059,219,5,30.27,0
8940,1429,175,5,372.30,5
8941,2243,163,3,20.58,0
8942,1454,184,2,200.81,10
8943,282,13,1,97.73,0
8944,221,251,5,113.15,15
8945,4189,135,5,387.74,0
8946,3020,238,3,200.57,10
8947,1992,258,4,171.69,10
8948,8681,203,3,6.30,10
8949,3490,238,5,200.57,0
8950,8835,185,2,48.99,10
8951,5028,203,3,6.30,5
8952,9729,78,4,33.23,5
8953,3190,144,3,321.56,10
8954,4527,15,5,254.29,15
8955,4488,250,1,178.43,0
8956,4768,211,5,323.51,10
8957,4089,249,1,124.21,0
8958,6529,216,3,301.09,15
8959,8150,48,3,72.09,0
8960,7542,43,3,232.40,0
8961,148,231,3,64.44,10
8962,7456,14,1,106.54,0
8963,7872,11,2,176.97,15
8964,5798,160,4,132.63,5
8965,1877,121,3,251.05,0
8966,1664,114,4,156.49,0
8967,1639,224,5,8.13,0
8968,6797,233,1,245.00,10
8969,7066,7,5,263.49,0
8970,2416,48,2,72.09,10
8971,2526,102,2,102.20,0
8972,9988,22,3,193.70,0
8973,5124,156,5,344.64,10
8974,9960,264,5,38.50,0
8975,7716,59,5,213.06,10
8976,4122,253,3,286.72,0
8977,9120,58,2,218.95,0
8978,5992,133,3,47.71,0
8979,5237,174,3,232.35,5
8980,2894,174,5,232.35,5
8981,2424,202,1,268.66,0
8982,5336,168,3,156.48,15
8983,3655,185,1,48.99,0
8984,6717,63,2,199.37,0
8985,5445,78,3,33.23,0
8986,6984,33,2,330.23,0
8987,5467,129,2,265.34,0
8988,2449,128,2,220.39,0
8989,2075,285,1,258.56,10
8990,5697,248,3,149.84,0
8991,7550,112,4,121.23,15
8992,1231,262,3,265.12,15
8993,6212,93,3,28.93,0
8994,2878,201,5,68.26,0
8995,510,190,3,22.53,0
8996,9135,75,4,347.15,15
8997,5401,23,2,393.39,0
8998,6281,98,3,115.13,0
8999,3594,17,2,353.82,0
9000,9851,140,1,120.30,0
9001,2785,47,2,202.34,0
9002,1424,107,1,65.37,0
9003,5505,202,3,268.66,5
9004,882,229,4,324.76,0
9005,3147,154,5,343.92,0
9006,6250,176,3,367.34,10
9007,5604,228,1,335.11,5
9008,4000,94,2,66.86,0
9009,8907,272,2,120.04,0
9010,5641,139,1,321.64,10
9011,6547,114,2,156.49,5
9012,8583,59,3,213.06,0
9013,1705,226,2,348.65,10
9014,4443,234,1,268.61,0
9015,7136,72,3,370.40,5
9016,2185,129,3,265.34,0
9017,358,226,4,348.65,10
9018,9205,199,5,378.96,0
9019,3145,159,4,217.33,0
9020,460,77,3,338.07,0
9021,737,133,1,47.71,5
9022,6599,245,5,310.10,0
9023,6819,57,4,140.14,0
9024,5630,172,5,43.91,0
9025,2207,61,5,175.74,10
9026,8188,12,3,161.29,5
9027,5000,228,1,335.11,0
9028,6288,179,1,237.43,5
9029,6786,202,3,268.66,15
9030,4121,120,5,388.54,10
9031,9684,105,2,338.11,5
9032,414,236,3,383.46,0
9033,8546,206,3,31.78,15
9034,5505,225,2,338.57,5
9035,6337,122,4,222.97,0
9036,3062,134,2,378.20,0
9037,6389,300,5,60.59,0
9038,6295,248,5,149.84,15
9039,3151,130,4,200.63,5
9040,3696,36,2,229.35,0
9041,276,288,3,66.37,10
9042,5665,185,4,48.99,5
9043,9530,101,2,167.15,5
9044,1882,46,1,252.91,0
9045,9412,288,2,66.37,10
9046,3969,125,2,327.79,10
9047,9934,228,2,335.11,5
9048,5973,7,1,263.49,0
9049,2607,240,3,117.00,10
9050,1352,76,5,297.26,0
9051,3690,175,3,372.30,5
9052,317,265,1,366.02,10
9053,7632,105,3,338.11,10
9054,9901,62,1,78.99,0
9055,3190,67,2,134.74,10
9056,2485,284,1,111.58,5
9057,723,109,4,97.22,15
9058,6439,13,2,97.73,10
9059,9639,239,2,320.95,0
9060,8177,31,2,136.27,0
9061,4876,293,1,58.98,10
9062,3731,180,2,323.47,5
9063,2144,249,4,124.21,10
9064,8468,179,3,237.43,5
9065,3222,264,3,38.50,0
9066,6432,158,2,214.14,0
9067,2997,82,5,278.93,0
9068,6418,203,5,6.30,10
9069,2868,154,3,343.92,15
9070,9094,83,5,80.10,0
9071,256,228,1,335.11,0
9072,1643,44,1,57.92,10
9073,2133,230,3,323.29,5
9074,1991,125,2,327.79,0
9075,6562,129,5,265.34,15
9076,8607,172,5,43.91,0
9077,633,48,4,72.09,0
9078,2981,23,4,393.39,0
9079,7750,179,3,237.43,15
9080,2573,194,3,212.39,0
9081,2227,167,3,245.05,0
9082,3941,56,5,372.10,5
9083,7328,191,3,226.42,0
9084,1891,108,5,261.20,0
9085,7895,221,2,33.76,0
9086,9624,136,1,222.85,0
9087,8201,241,2,101.41,0
9088,110,231,1,64.44,0
9089,1019,249,4,124.21,10
9090,4006,36,1,229.35,0
9091,3322,38,3,200.72,0
9092,7874,113,5,75.33,10
9093,8694,132,2,356.02,10
9094,6671,258,4,171.69,0
9095,6530,79,1,19.52,5
9096,4644,73,3,222.38,0
9097,8196,118,2,351.34,0
9098,3558,75,4,347.15,0
9099,8445,239,4,320.95,15
9100,6757,159,1,217.33,15
9101,8560,291,4,25.51,5
9102,8373,132,1,356.02,0
9103,6747,169,3,65.85,0
9104,4176,16,5,386.04,15
9105,1731,128,1,220.39,0
9106,272,225,3,338.57,0
9107,1442,108,3,261.20,0
9108,5386,130,1,200.63,5
9109,3578,241,2,101.41,5
9110,4919,254,1,396.05,0
9111,5597,227,1,303.25,0
9112,7289,196,4,160.55,0
9113,542,201,2,68.26,10
9114,1757,246,3,62.04,0
9115,7735,178,4,308.38,0
9116,7486,168,2,156.48,15
9117,9426,273,3,341.96,10
9118,8551,159,1,217.33,15
9119,2505,223,4,23.99,5
9120,4221,271,2,327.62,0
9121,6604,173,3,178.93,0
9122,9492,256,4,343.78,0
9123,2621,270,5,246.69,5
9124,486,103,3,252.38,5
9125,8789,84,2,124.05,5
9126,9538,79,2,19.52,0
9127,3497,231,5,64.44,15
9128,7983,77,5,338.07,0
9129,7929,98,4,115.13,0
9130,6229,11,3,176.97,5
9131,1136,106,1,66.50,0
9132,8184,284,3,111.58,0
9133,8435,44,2,57.92,15
9134,3833,82,4,278.93,5
9135,8528,131,3,91.11,0
9136,5329,10,5,228.01,15
9137,9891,161,3,291.83,15
9138,9655,216,2,301.09,0
9139,9168,235,5,43.63,0
9140,9978,38,4,200.72,0
9141,4425,6,4,190.26,0
9142,2686,189,3,299.32,15
9143,6663,52,2,51.91,0
9144,4674,63,3,199.37,0
9145,4830,142,2,249.44,0
9146,9321,161,3,291.83,0
9147,7946,76,4,297.26,0
9148,3,222,3,345.59,0
9149,9483,145,1,94.23,10
9150,440,29,1,34.87,0
9151,465,116,3,368.79,0
9152,4937,283,1,390.13,0
9153,2430,293,4,58.98,10
9154,231,194,3,212.39,0
9155,6787,37,4,258.60,0
9156,8268,33,1,330.23,15
9157,1522,264,4,38.50,5
9158,1027,172,3,43.91,0
9159,1229,131,4,91.11,10
9160,309,280,1,319.72,0
9161,4666,39,4,49.89,15
9162,8649,81,2,191.34,5
9163,394,281,5,263.43,5
9164,1664,169,5,65.85,10
9165,8319,161,2,291.83,0
9166,8411,71,2,167.32,0
9167,2195,52,4,51.91,15
9168,394,29,5,34.87,5
9169,8946,293,1,58.98,0
9170,3883,53,4,200.65,0
9171,8132,187,4,234.45,10
9172,1767,274,5,53.21,0
9173,1339,251,5,113.15,0
9174,2682,184,4,200.81,15
9175,4756,282,1,381.21,0
9176,355,79,5,19.52,5
9177,962,133,5,47.71,15
9178,8358,282,4,381.21,0
9179,5361,18,5,318.44,15
9180,7128,172,4,43.91,15
9181,2772,171,1,132.85,0
9182,1096,142,5,249.44,0
9183,471,74,1,224.24,0
9184,9867,185,1,48.99,0
9185,8786,281,3,263.43,0
9186,8767,89,3,285.99,15
9187,2135,120,5,388.54,0
9188,8267,130,4,200.63,0
9189,1297,35,2,335.83,15
9190,811,101,1,167.15,0
9191,219,105,3,338.11,5
9192,826,134,3,378.20,10
9193,3944,6,5,190.26,0
9194,2924,231,3,64.44,0
9195,5940,249,4,124.21,5
9196,2460,84,4,124.05,10
9197,9437,203,1,6.30,0
9198,4153,264,1,38.50,0
9199,9642,265,3,366.02,0
9200,3997,218,5,385.74,0
9201,2051,223,3,23.99,10
9202,6618,92,1,50.16,0
9203,6487,245,2,310.10,5
9204,9949,114,1,156.49,0
9205,8223,221,4,33.76,15
9206,7916,266,5,7.51,10
9207,4228,142,3,249.44,0
9208,3448,277,2,219.37,5
9209,2956,73,5,222.38,0
9210,5573,59,4,213.06,15
9211,3102,134,1,378.20,15
9212,3569,234,1,268.61,15
9213,4478,246,2,62.04,0
9214,9278,177,1,218.39,0
9215,7705,101,5,167.15,10
9216,6130,44,2,57.92,0
9217,1798,173,5,178.93,15
9218,3411,298,2,253.90,15
9219,3897,200,2,67.84,0
9220,9957,261,1,297.20,0
9221,2204,203,1,6.30,10
9222,666,56,3,372.10,10
9223,8687,155,5,190.98,5
9224,2957,270,2,246.69,0
9225,8050,199,1,378.96,5
9226,7478,47,1,202.34,0
9227,7772,97,3,234.59,0
9228,7062,179,2,237.43,0
9229,7845,266,3,7.51,0
9230,8842,202,1,268.66,10
9231,4680,246,1,62.04,15
9232,584,121,4,251.05,15
9233,3059,166,1,314.43,5
9234,6317,149,2,70.07,5
9235,2357,214,4,163.02,15
9236,1969,188,2,61.43,10
9237,2189,41,1,89.26,0
9238,387,157,5,87.60,0
9239,1014,192,2,90.00,15
9240,7124,191,3,226.42,0
9241,7017,30,5,190.99,0
9242,5146,183,1,78.33,10
9243,9717,252,2,24.03,0
9244,7671,235,5,43.63,0
9245,508,42,5,309.17,10
9246,3903,87,2,84.63,0
9247,5311,189,4,299.32,0
9248,5274,84,3,124.05,0
9249,1596,199,1,378.96,0
9250,7566,242,3,67.91,10
9251,9514,272,4,120.04,0
9252,8914,210,1,211.85,0
9253,1943,25,5,157.60,5
9254,6061,60,1,275.96,5
9255,2750,296,5,93.52,5
9256,7293,53,2,200.65,5
9257,9609,46,3,252.91,0
9258,6867,290,5,25.70,15
9259,9012,87,4,84.63,0
9260,9560,177,4,218.39,10
9261,9324,129,2,265.34,10
9262,1353,107,2,65.37,10
9263,2705,123,5,106.64,15
9264,4559,169,5,65.85,0
9265,2795,155,5,190.98,0
9266,6352,180,3,323.47,15
9267,7152,133,3,47.71,15
9268,6022,115,4,353.64,0
9269,8221,138,5,331.78,10
9270,5803,163,2,20.58,0
9271,9819,233,1,245.00,0
9272,5935,1,3,281.65,5
9273,6508,197,1,208.34,0
9274,1770,132,3,356.02,15
9275,9780,237,1,199.63,10
9276,9990,42,3,309.17,0
9277,8973,274,4,53.21,5
9278,6485,281,4,263.43,10
9279,8573,169,4,65.85,15
9280,5717,235,1,43.63,15
9281,5493,258,1,171.69,0
9282,5899,99,2,283.04,0
9283,9168,244,3,146.67,0
9284,7718,279,2,313.02,0
9285,7362,184,3,200.81,0
9286,6278,248,2,149.84,0
9287,367,141,5,53.20,10
9288,545,81,1,191.34,0
9289,5643,185,2,48.99,15
9290,6011,157,2,87.60,0
9291,2750,143,1,374.36,0
9292,8417,30,1,190.99,0
9293,8310,238,5,200.57,15
9294,7446,107,5,65.37,0
9295,6375,114,5,156.49,0
9296,3793,30,4,190.99,0
9297,3231,229,1,324.76,10
9298,2358,101,5,167.15,0
9299,1987,55,3,396.81,0
9300,3532,247,2,202.30,0
9301,4107,235,5,43.63,0
9302,8024,270,1,246.69,0
9303,451,279,1,313.02,0
9304,1247,113,4,75.33,5
9305,2513,233,1,245.00,0
9306,6661,294,4,200.35,15
9307,7536,291,4,25.51,0
9308,6216,18,1,318.44,0
9309,4716,286,4,362.28,5
9310,2749,92,2,50.16,15
9311,8024,238,2,200.57,5
9312,535,173,3,178.93,0
9313,1009,270,4,246.69,0
9314,8795,78,1,33.23,15
9315,3557,177,1,218.39,15
9316,419,200,4,67.84,0
9317,2547,190,4,22.53,10
9318,336,265,1,366.02,15
9319,1035,189,1,299.32,10
9320,2887,10,2,228.01,5
9321,1978,175,1,372.30,0
9322,6201,294,1,200.35,15
9323,860,119,1,86.31,15
9324,362,236,5,383.46,0
9325,3886,8,1,357.93,15
9326,7028,241,1,101.41,15
9327,1151,129,5,265.34,0
9328,3488,109,4,97.22,0
9329,50,219,1,30.27,5
9330,1079,156,4,344.64,10
9331,40,232,4,182.33,10
9332,1581,86,5,365.04,0
9333,9851,257,3,63.30,10
9334,7893,193,2,85.60,0
9335,3434,99,4,283.04,15
9336,5744,83,4,80.10,0
9337,3607,267,4,208.17,0
9338,7573,44,3,57.92,0
9339,2592,148,3,119.97,10
9340,5945,59,1,213.06,0
9341,639,16,3,386.04,10
9342,8483,296,5,93.52,15
9343,6413,151,2,214.50,15
9344,1078,139,4,321.64,0
9345,1315,198,1,116.63,0
9346,7046,35,3,335.83,10
9347,3419,42,1,309.17,0
9348,5260,246,2,62.04,10
9349,5772,89,4,285.99,0
9350,3110,66,1,206.27,0
9351,1307,139,2,321.64,0
9352,2359,285,4,258.56,5
9353,8171,124,1,320.32,10
9354,4948,290,4,25.70,0
9355,6626,127,1,126.84,0
9356,8265,194,3,212.39,0
9357,2141,101,4,167.15,0
9358,4534,222,2,345.59,10
9359,4152,4,1,296.68,0
9360,9110,213,5,37.84,0
9361,9961,124,4,320.32,15
9362,3229,137,5,288.60,15
9363,5263,37,5,258.60,0
9364,1501,198,2,116.63,0
9365,7451,278,4,334.45,0
9366,319,34,4,297.79,0
9367,4889,18,2,318.44,0
9368,161,47,1,202.34,0
9369,5543,56,4,372.10,0
9370,5980,214,5,163.02,5
9371,8658,262,3,265.12,10
9372,7854,262,3,265.12,0
9373,525,6,2,190.26,5
9374,8276,244,1,146.67,0
9375,3941,182,4,183.61,10
9376,2992,59,4,213.06,10
9377,3312,140,5,120.30,15
9378,35,198,1,116.63,10
9379,2063,62,1,78.99,0
9380,7049,126,3,68.11,0
9381,1651,222,5,345.59,5
9382,97,96,4,264.06,15
9383,7995,176,4,367.34,5
9384,2141,203,4,6.30,0
9385,5834,37,5,258.60,0
9386,8077,33,2,330.23,0
9387,4098,30,3,190.99,0
9388,1230,107,2,65.37,10
9389,5732,248,3,149.84,15
9390,659,129,5,265.34,15
9391,9681,38,1,200.72,0
9392,4120,123,4,106.64,15
9393,8711,256,4,343.78,5
9394,7368,26,3,122.89,0
9395,4715,6,3,190.26,0
9396,603,149,1,70.07,10
9397,8297,176,2,367.34,0
9398,8517,59,3,213.06,15
9399,9299,243,1,297.01,0
9400,3983,138,1,331.78,5
9401,3992,111,2,225.30,15
9402,3206,205,5,150.21,10
9403,5585,196,1,160.55,0
9404,83,5,1,235.25,0
9405,8998,280,5,319.72,10
9406,4810,120,2,388.54,15
9407,4650,100,5,371.65,5
9408,650,138,4,331.78,0
9409,3,3,5,369.07,0
9410,8516,200,4,67.84,0
9411,9769,31,1,136.27,5
9412,2212,267,2,208.17,0
9413,656,273,4,341.96,0
9414,1213,295,5,307.36,15
9415,7294,66,2,206.27,0
9416,9887,106,2,66.50,0
9417,2718,116,4,368.79,5
9418,3723,158,4,214.14,5
9419,3598,122,1,222.97,5
9420,7392,163,4,20.58,0
9421,4896,157,5,87.60,0
9422,5701,70,5,315.23,0
9423,2306,25,5,157.60,0
9424,1756,187,1,234.45,10
9425,3437,194,2,212.39,0
9426,4635,193,2,85.60,0
9427,9030,230,4,323.29,5
9428,5170,21,1,299.77,0
9429,1493,286,1,362.28,0
9430,6561,220,1,131.34,15
9431,5629,244,1,146.67,10
9432,9026,59,4,213.06,10
9433,9560,52,2,51.91,5
9434,5187,125,3,327.79,0
9435,3963,292,3,136.17,10
9436,8390,192,3,90.00,15
9437,1002,237,3,199.63,10
9438,4919,79,4,19.52,5
9439,3813,293,1,58.98,0
9440,3658,78,1,33.23,0
9441,7921,17,3,353.82,0
9442,9603,159,2,217.33,10
9443,8444,106,1,66.50,10
9444,2635,270,2,246.69,0
9445,4539,67,3,134.74,5
9446,5169,184,4,200.81,0
9447,3344,192,2,90.00,0
9448,3699,218,1,385.74,10
9449,5956,6,5,190.26,10
9450,3438,196,4,160.55,10
9451,1113,166,1,314.43,0
9452,6244,83,2,80.10,5
9453,2802,20,1,344.16,15
9454,754,118,4,351.34,10
9455,41,172,2,43.91,0
9456,603,207,3,326.57,0
9457,7585,81,4,191.34,0
9458,2211,50,4,311.33,10
9459,7095,203,1,6.30,10
9460,8682,233,2,245.00,15
9461,9188,272,3,120.04,15
9462,9204,252,2,24.03,10
9463,307,178,4,308.38,0
9464,8594,283,1,390.13,10
9465,4853,11,5,176.97,0
9466,8028,71,3,167.32,0
9467,3837,292,3,136.17,10
9468,7261,298,4,253.90,5
9469,3451,166,4,314.43,0
9470,5385,139,2,321.64,0
9471,7922,231,3,64.44,10
9472,6080,8,2,357.93,0
9473,5716,28,5,82.43,5
9474,8749,122,2,222.97,10
9475,765,17,1,353.82,5
9476,8598,54,1,316.28,10
9477,9767,202,1,268.66,5
9478,6099,108,1,261.20,0
9479,2681,15,4,254.29,0
9480,4601,151,5,214.50,0
9481,2155,238,1,200.57,0
9482,7477,141,2,53.20,10
9483,6885,162,2,270.73,0
9484,7275,17,5,353.82,0
9485,2045,258,2,171.69,0
9486,6233,109,1,97.22,0
9487,9582,297,2,30.06,0
9488,7509,89,2,285.99,5
9489,7326,112,1,121.23,0
9490,2647,292,4,136.17,10
9491,810,230,3,323.29,0
9492,1088,234,4,268.61,0
9493,5329,1,4,281.65,0
9494,5377,38,3,200.72,0
9495,8151,204,2,197.94,15
9496,1651,237,5,199.63,0
9497,1438,108,1,261.20,0
9498,7772,197,2,208.34,10
9499,6415,287,2,257.71,5
9500,7331,170,4,67.45,10
9501,7349,264,4,38.50,5
9502,2351,157,5,87.60,0
9503,5467,28,5,82.43,5
9504,2385,167,5,245.05,10
9505,8325,223,1,23.99,10
9506,1794,98,5,115.13,15
9507,4045,211,2,323.51,15
9508,1173,298,3,253.90,15
9509,5952,228,5,335.11,10
9510,2456,40,4,226.87,0
9511,402,2,2,340.09,5
9512,7997,277,1,219.37,15
9513,5032,115,1,353.64,15
9514,8492,57,2,140.14,5
9515,2574,300,3,60.59,0
9516,6609,291,5,25.51,0
9517,2408,146,4,44.01,5
9518,9876,105,3,338.11,0
9519,5289,3,3,369.07,0
9520,8742,262,1,265.12,0
9521,4308,93,1,28.93,5
9522,1743,91,1,371.67,0
9523,2879,170,3,67.45,5
9524,7282,251,2,113.15,5
9525,7965,113,1,75.33,0
9526,4594,121,5,251.05,0
9527,1345,229,2,324.76,15
9528,3359,255,3,339.07,5
9529,7894,201,1,68.26,10
9530,7622,132,3,356.02,0
9531,5314,149,4,70.07,0
9532,5214,160,5,132.63,0
9533,3769,266,5,7.51,0
9534,7449,263,3,116.93,5
9535,9260,147,3,344.67,0
9536,8595,64,2,245.58,0
9537,905,256,2,343.78,5
9538,9256,209,4,188.28,0
9539,2704,283,2,390.13,5
9540,4775,156,1,344.64,0
9541,3250,253,4,286.72,15
9542,1320,89,1,285.99,0
9543,9945,7,4,263.49,0
9544,8632,72,1,370.40,10
9545,7882,155,4,190.98,0
9546,2028,199,5,378.96,15
9547,4317,1,5,281.65,10
9548,5543,264,3,38.50,0
9549,8753,92,2,50.16,0
9550,1790,143,2,374.36,5
9551,9905,120,3,388.54,10
9552,5591,159,1,217.33,0
9553,4899,66,4,206.27,0
9554,598,124,2,320.32,0
9555,1814,125,3,327.79,10
9556,2155,211,5,323.51,5
9557,2507,244,5,146.67,0
9558,6755,52,3,51.91,0
9559,454,6,5,190.26,15
9560,3295,65,5,76.41,0
9561,4385,91,5,371.67,5
9562,2357,213,3,37.84,10
9563,9843,1,4,281.65,0
9564,9549,120,5,388.54,15
9565,9321,197,2,208.34,0
9566,7813,78,3,33.23,0
9567,2715,205,4,150.21,15
9568,5346,4,1,296.68,15
9569,2101,121,4,251.05,10
9570,5699,277,4,219.37,15
9571,8687,101,4,167.15,15
9572,318,7,3,263.49,0
9573,9638,131,1,91.11,0
9574,723,96,2,264.06,0
9575,6837,200,2,67.84,5
9576,366,109,5,97.22,15
9577,2574,259,5,201.35,5
9578,147,215,2,252.10,0
9579,4828,2,4,340.09,0
9580,8133,126,4,68.11,0
9581,1238,172,1,43.91,0
9582,9275,90,2,206.30,15
9583,7480,141,5,53.20,15
9584,8845,9,5,150.86,0
9585,1418,59,2,213.06,0
9586,8222,248,1,149.84,15
9587,905,181,1,259.05,15
9588,2750,254,4,396.05,0
9589,911,109,3,97.22,0
9590,5241,238,2,200.57,0
9591,3434,145,5,94.23,10
9592,6495,61,3,175.74,0
9593,7953,244,4,146.67,5
9594,55,216,5,301.09,15
9595,1515,251,1,113.15,5
9596,1867,58,4,218.95,0
9597,3509,97,2,234.59,15
9598,7516,182,3,183.61,5
9599,8305,184,1,200.81,10
9600,8748,8,3,357.93,10
9601,304,270,3,246.69,15
9602,8422,139,4,321.64,0
9603,5274,267,4,208.17,0
9604,2817,90,1,206.30,15
9605,6148,160,4,132.63,5
9606,2954,207,3,326.57,0
9607,9059,17,3,353.82,0
9608,361,15,1,254.29,5
9609,8464,64,5,245.58,15
9610,7282,17,4,353.82,15
9611,1425,41,4,89.26,0
9612,8422,224,5,8.13,0
9613,5518,59,2,213.06,15
9614,7734,35,5,335.83,0
9615,7247,203,1,6.30,0
9616,1144,172,4,43.91,0
9617,8884,144,5,321.56,5
9618,4399,216,3,301.09,5
9619,2604,242,3,67.91,0
9620,4611,223,5,23.99,0
9621,7246,31,1,136.27,0
9622,8724,86,4,365.04,10
9623,9404,255,3,339.07,0
9624,6362,154,2,343.92,0
9625,7819,240,2,117.00,0
9626,8431,243,4,297.01,0
9627,4879,240,3,117.00,15
9628,9250,92,5,50.16,0
9629,1040,155,3,190.98,0
9630,1743,146,4,44.01,0
9631,6832,68,3,277.33,10
9632,7756,231,4,64.44,0
9633,4803,77,2,338.07,15
9634,3030,194,2,212.39,10
9635,9347,187,5,234.45,0
9636,3255,120,3,388.54,0
9637,8341,140,3,120.30,0
9638,4527,37,1,258.60,0
9639,446,209,5,188.28,0
9640,7665,34,2,297.79,10
9641,7569,44,5,57.92,0
9642,7916,73,4,222.38,0
9643,4946,293,4,58.98,0
9644,7829,13,4,97.73,5
9645,6397,236,3,383.46,5
9646,9448,43,5,232.40,0
9647,5437,108,2,261.20,0
9648,4127,98,1,115.13,10
9649,4697,20,5,344.16,0
9650,2232,81,5,191.34,0
9651,1872,221,3,33.76,5
9652,3137,137,5,288.60,5
9653,3199,106,3,66.50,10
9654,8968,279,2,313.02,10
9655,2076,148,3,119.97,15
9656,1222,166,5,314.43,5
9657,1164,160,5,132.63,0
9658,5409,39,3,49.89,0
9659,6494,62,1,78.99,10
9660,382,5,5,235.25,0
9661,6086,53,4,200.65,0
9662,2209,169,1,65.85,0
9663,4730,48,1,72.09,0
9664,2426,95,2,69.49,0
9665,9326,260,2,294.26,0
9666,6041,262,5,265.12,0
9667,1077,66,5,206.27,10
9668,2995,174,4,232.35,0
9669,4198,248,5,149.84,0
9670,8720,130,4,200.63,0
9671,9591,22,3,193.70,5
9672,4953,21,1,299.77,0
9673,2546,222,3,345.59,0
9674,1947,185,5,48.99,0
9675,8195,273,4,341.96,0
9676,211,20,5,344.16,10
9677,7709,49,1,123.44,15
9678,4783,180,5,323.47,10
9679,2466,285,2,258.56,15
9680,5134,226,5,348.65,0
9681,7933,89,5,285.99,0
9682,5973,124,5,320.32,10
9683,9470,21,1,299.77,10
9684,2724,226,4,348.65,10
9685,7650,145,4,94.23,10
9686,1030,245,1,310.10,0
9687,7978,181,1,259.05,10
9688,6598,119,5,86.31,10
9689,3324,141,4,53.20,0
9690,4530,12,5,161.29,0
9691,5471,139,1,321.64,0
9692,4087,269,5,79.59,15
9693,730,280,3,319.72,0
9694,4405,159,4,217.33,0
9695,2835,275,4,59.35,0
9696,5186,139,1,321.64,0
9697,6826,163,2,20.58,0
9698,2213,80,3,392.68,0
9699,266,169,4,65.85,0
9700,3736,279,3,313.02,0
9701,1196,56,4,372.10,0
9702,8612,258,2,171.69,15
9703,9929,179,3,237.43,0
9704,4367,294,5,200.35,0
9705,5424,79,4,19.52,0
9706,2748,107,4,65.37,0
9707,1639,264,2,38.50,5
9708,4855,106,4,66.50,0
9709,2157,153,5,174.41,0
9710,6864,132,1,356.02,10
9711,7611,252,3,24.03,0
9712,9671,120,2,388.54,0
9713,9411,285,5,258.56,0
9714,9664,231,3,64.44,15
9715,218,231,4,64.44,0
9716,5912,256,2,343.78,5
9717,1073,39,1,49.89,0
9718,7237,1,2,281.65,0
9719,3831,203,3,6.30,0
9720,6782,258,4,171.69,15
9721,7600,45,4,382.91,0
9722,3966,235,1,43.63,0
9723,9424,87,2,84.63,10
9724,67,3,1,369.07,15
9725,1449,34,5,297.79,10
9726,430,116,4,368.79,0
9727,9417,160,2,132.63,0
9728,7638,40,1,226.87,5
9729,3728,184,5,200.81,15
9730,747,67,4,134.74,0
9731,5110,23,2,393.39,10
9732,4623,173,3,178.93,15
9733,9199,293,4,58.98,10
9734,1438,127,3,126.84,0
9735,4,43,3,232.40,0
9736,9859,211,4,323.51,0
9737,5898,256,1,343.78,0
9738,8690,180,4,323.47,15
9739,4818,273,4,341.96,10
9740,7009,155,5,190.98,0
9741,612,224,5,8.13,0
9742,6560,268,4,226.31,0
9743,6692,61,5,175.74,15
9744,6432,115,2,353.64,15
9745,3118,287,4,257.71,0
9746,143,197,3,208.34,0
9747,493,226,1,348.65,0
9748,9278,278,1,334.45,0
9749,9107,179,4,237.43,0
9750,4683,154,5,343.92,0
9751,2779,94,4,66.86,15
9752,2018,148,4,119.97,0
9753,6498,44,2,57.92,0
9754,9001,131,3,91.11,5
9755,1375,176,1,367.34,15
9756,4699,176,2,367.34,10
9757,7334,128,1,220.39,0
9758,5199,265,3,366.02,0
9759,2906,290,4,25.70,15
9760,3686,252,5,24.03,0
9761,1499,8,4,357.93,0
9762,2669,10,3,228.01,15
9763,3674,137,2,288.60,10
9764,5541,122,4,222.97,0
9765,8120,206,3,31.78,0
9766,5538,40,3,226.87,0
9767,9724,95,1,69.49,5
9768,8127,179,2,237.43,10
9769,3218,242,4,67.91,10
9770,2142,290,1,25.70,0
9771,9572,154,4,343.92,5
9772,2566,50,5,311.33,0
9773,958,179,4,237.43,0
9774,6072,91,2,371.67,0
9775,9354,27,4,65.87,10
9776,2539,134,2,378.20,0
9777,7906,274,1,53.21,0
9778,7598,244,5,146.67,0
9779,2319,224,3,8.13,0
9780,1128,244,2,146.67,0
9781,2285,75,3,347.15,5
9782,8402,72,4,370.40,5
9783,2216,1,1,281.65,0
9784,1163,202,3,268.66,0
9785,9479,79,5,19.52,10
9786,5241,26,3,122.89,0
9787,1154,297,5,30.06,10
9788,1475,246,4,62.04,0
9789,5865,228,5,335.11,15
9790,7455,82,1,278.93,0
9791,5418,64,3,245.58,0
9792,9225,277,2,219.37,15
9793,7907,200,5,67.84,0
9794,6500,296,4,93.52,0
9795,2651,192,4,90.00,15
9796,3894,297,4,30.06,0
9797,4806,82,4,278.93,10
9798,5892,251,4,113.15,5
9799,9432,264,4,38.50,10
9800,5418,245,4,310.10,15
9801,7234,292,4,136.17,0
9802,5809,103,1,252.38,0
9803,6190,263,3,116.93,0
9804,2213,71,5,167.32,15
9805,8414,241,4,101.41,0
9806,1883,29,4,34.87,5
9807,2916,190,4,22.53,0
9808,3646,251,1,113.15,0
9809,9970,35,3,335.83,0
9810,3525,83,3,80.10,15
9811,6783,7,5,263.49,10
9812,6070,43,2,232.40,10
9813,3973,276,1,342.04,0
9814,7043,110,3,326.74,5
9815,4270,162,1,270.73,10
9816,9557,160,3,132.63,10
9817,8470,29,3,34.87,0
9818,1208,62,3,78.99,15
9819,6682,160,4,132.63,15
9820,8004,244,1,146.67,10
9821,1443,225,5,338.57,5
9822,7516,137,2,288.60,15
9823,3995,207,5,326.57,15
9824,9559,243,2,297.01,10
9825,1640,21,1,299.77,5
9826,8773,251,4,113.15,0
9827,1297,281,1,263.43,15
9828,9649,218,3,385.74,0
9829,4161,270,5,246.69,10
9830,8890,68,1,277.33,0
9831,9035,256,4,343.78,15
9832,7718,73,5,222.38,10
9833,2891,241,4,101.41,0
9834,8237,149,2,70.07,0
9835,9699,92,2,50.16,0
9836,893,181,1,259.05,0
9837,6694,68,1,277.33,0
9838,7558,52,2,51.91,0
9839,5760,142,3,249.44,0
9840,1109,229,1,324.76,15
9841,2519,107,1,65.37,15
9842,3341,4,1,296.68,0
9843,5514,100,2,371.65,15
9844,8404,34,3,297.79,0
9845,7312,214,2,163.02,0
9846,3746,133,1,47.71,15
9847,7045,98,4,115.13,0
9848,8773,258,2,171.69,5
9849,7299,178,4,308.38,5
9850,2213,133,5,47.71,0
9851,1858,248,2,149.84,0
9852,9212,255,3,339.07,10
9853,9661,274,5,53.21,5
9854,4785,235,2,43.63,15
9855,3880,173,3,178.93,15
9856,5861,20,5,344.16,5
9857,5929,287,3,257.71,0
9858,4264,169,3,65.85,15
9859,9412,228,4,335.11,0
9860,5412,161,2,291.83,0
9861,3209,4,4,296.68,0
9862,557,10,2,228.01,10
9863,6636,136,2,222.85,5
9864,7278,73,1,222.38,0
9865,1910,79,2,19.52,0
9866,4205,187,4,234.45,10
9867,2763,134,3,378.20,10
9868,6272,8,3,357.93,5
9869,5144,80,5,392.68,0
9870,5239,37,1,258.60,0
9871,8547,184,3,200.81,0
9872,4857,218,1,385.74,15
9873,1937,55,5,396.81,10
9874,5927,22,3,193.70,10
9875,1413,12,2,161.29,0
9876,4821,16,1,386.04,0
9877,7094,188,1,61.43,0
9878,1112,51,4,340.30,0
9879,455,220,3,131.34,10
9880,9736,23,2,393.39,10
9881,4130,291,2,25.51,5
9882,5534,103,5,252.38,0
9883,7975,101,5,167.15,0
9884,7701,190,1,22.53,5
9885,4983,212,4,324.30,0
9886,9025,105,1,338.11,0
9887,6687,290,4,25.70,10
9888,8221,38,3,200.72,5
9889,5179,44,2,57.92,15
9890,9867,24,4,74.40,10
9891,8659,132,5,356.02,0
9892,8672,288,3,66.37,0
9893,3835,132,1,356.02,0
9894,393,153,3,174.41,15
9895,2597,137,1,288.60,10
9896,3436,193,3,85.60,5
9897,2312,281,5,263.43,0
9898,9104,93,5,28.93,10
9899,313,283,2,390.13,0
9900,1531,139,3,321.64,10
9901,8011,83,1,80.10,0
9902,9802,195,2,282.87,15
9903,2102,89,1,285.99,0
9904,7582,79,5,19.52,0
9905,7349,293,5,58.98,15
9906,3523,204,3,197.94,0
9907,1824,124,4,320.32,15
9908,671,253,2,286.72,5
9909,410,90,3,206.30,5
9910,3926,180,2,323.47,0
9911,1293,103,1,252.38,0
9912,7231,92,2,50.16,15
9913,4262,287,1,257.71,15
9914,4792,2,4,340.09,0
9915,395,51,2,340.30,0
9916,5827,210,1,211.85,0
9917,3912,249,2,124.21,0
9918,3596,60,4,275.96,10
9919,2955,82,1,278.93,0
9920,8065,90,5,206.30,5
9921,8517,50,4,311.33,0
9922,1287,93,5,28.93,15
9923,3462,243,3,297.01,5
9924,8790,76,1,297.26,0
9925,9854,92,3,50.16,0
9926,3826,276,1,342.04,10
9927,6311,54,4,316.28,10
9928,7910,274,3,53.21,10
9929,3802,251,2,113.15,10
9930,6314,144,4,321.56,5
9931,8897,166,1,314.43,10
9932,4087,241,2,101.41,15
9933,2484,235,3,43.63,5
9934,630,293,1,58.98,15
9935,4740,214,1,163.02,15
9936,9451,135,4,387.74,10
9937,9795,38,4,200.72,0
9938,3418,180,1,323.47,5
9939,8527,76,1,297.26,0
9940,2711,18,3,318.44,0
9941,3328,289,2,90.69,0
9942,3086,64,1,245.58,10
9943,1934,89,2,285.99,0
9944,8470,149,5,70.07,15
9945,6507,209,1,188.28,15
9946,5984,173,4,178.93,10
9947,1880,156,1,344.64,0
9948,5495,96,2,264.06,5
9949,7431,186,3,146.92,0
9950,6804,72,1,370.40,0
9951,3200,12,1,161.29,5
9952,6333,262,3,265.12,0
9953,4158,288,4,66.37,15
9954,279,128,5,220.39,0
9955,5824,110,5,326.74,5
9956,8497,125,1,327.79,5
9957,5166,72,2,370.40,10
9958,9091,71,2,167.32,15
9959,4061,155,2,190.98,15
9960,9242,156,4,344.64,0
9961,2781,283,1,390.13,5
9962,2287,115,3,353.64,0
9963,167,173,5,178.93,0
9964,4706,160,3,132.63,10
9965,6339,58,1,218.95,15
9966,9287,202,1,268.66,0
9967,2941,282,2,381.21,0
9968,3868,55,3,396.81,0
9969,623,196,4,160.55,0
9970,3950,177,2,218.39,5
9971,9819,291,5,25.51,10
9972,712,269,1,79.59,0
9973,609,273,3,341.96,0
9974,4304,126,2,68.11,15
9975,4496,99,2,283.04,0
9976,8149,37,1,258.60,0
9977,7356,293,2,58.98,0
9978,5285,191,5,226.42,0
9979,8300,120,1,388.54,5
9980,1807,247,2,202.30,0
9981,3586,14,4,106.54,0
9982,1246,243,4,297.01,10
9983,7549,181,4,259.05,0
9984,6054,87,2,84.63,10
9985,7755,216,1,301.09,0
9986,9620,194,4,212.39,15
9987,8485,244,4,146.67,5
9988,4979,194,4,212.39,0
9989,8708,60,5,275.96,10
9990,8976,54,2,316.28,0
9991,6540,139,4,321.64,0
9992,5965,247,4,202.30,0
9993,44,31,5,136.27,10
9994,3349,220,5,131.34,0
9995,2333,118,3,351.34,5
9996,5418,59,5,213.06,0
9997,3436,91,1,371.67,15
9998,8195,47,1,202.34,10
9999,3308,173,2,178.93,15
10000,1514,53,2,200.65,15
10001,3971,142,4,249.44,0
10002,3889,70,3,315.23,15
10003,162,62,2,78.99,5
10004,6257,252,1,24.03,5
10005,8406,82,3,278.93,0
10006,4241,100,5,371.65,15
10007,9250,232,5,182.33,5
10008,7889,4,5,296.68,0
10009,9256,243,3,297.01,0
10010,2970,15,5,254.29,5
10011,2887,285,2,258.56,0
10012,6649,192,3,90.00,0
10013,2694,37,2,258.60,15
10014,501,286,4,362.28,0
10015,5020,265,1,366.02,10
10016,2360,156,1,344.64,0
10017,6294,151,4,214.50,10
10018,2081,122,3,222.97,0
10019,1603,293,2,58.98,0
10020,10000,137,1,288.60,5
10021,5014,10,5,228.01,0
10022,4636,199,2,378.96,10
10023,3287,270,1,246.69,10
10024,1094,162,3,270.73,0
10025,1822,255,2,339.07,15
10026,8318,223,4,23.99,5
10027,5657,155,2,190.98,0
10028,512,45,1,382.91,0
10029,3126,113,2,75.33,15
10030,5259,157,2,87.60,10
10031,6350,220,4,131.34,10
10032,5275,201,4,68.26,10
10033,4936,166,5,314.43,15
10034,1502,138,4,331.78,0
10035,3027,295,2,307.36,5
10036,6819,215,5,252.10,0
10037,8830,8,1,357.93,0
10038,6502,252,5,24.03,15
10039,244,154,5,343.92,5
10040,4202,123,4,106.64,5
10041,6239,279,5,313.02,5
10042,8123,97,5,234.59,0
10043,6568,255,3,339.07,0
10044,1922,150,4,181.60,15
10045,2986,266,2,7.51,0
10046,6404,56,3,372.10,5
10047,4979,234,3,268.61,15
10048,5884,116,3,368.79,10
10049,7010,151,5,214.50,10
10050,9826,130,2,200.63,5
10051,5190,196,1,160.55,0
10052,2240,56,2,372.10,10
10053,2775,185,5,48.99,5
10054,568,247,5,202.30,0
10055,175,22,3,193.70,0
10056,3197,40,4,226.87,0
10057,8568,66,3,206.27,0
10058,1193,19,3,20.40,0
10059,240,295,5,307.36,0
10060,7388,166,5,314.43,0
10061,7592,257,1,63.30,10
10062,6994,119,2,86.31,10
10063,5012,12,3,161.29,15
10064,5200,230,3,323.29,0
10065,9296,212,3,324.30,0
10066,5363,284,3,111.58,10
10067,2724,285,1,258.56,5
10068,6011,106,4,66.50,0
10069,5242,226,4,348.65,15
10070,6881,70,4,315.23,0
10071,369,183,4,78.33,0
10072,8441,46,5,252.91,15
10073,967,20,2,344.16,0
10074,2124,130,2,200.63,5
10075,3027,153,2,174.41,10
10076,5642,34,1,297.79,10
10077,9200,218,2,385.74,0
10078,3882,274,1,53.21,0
10079,9124,59,4,213.06,10
10080,2268,105,1,338.11,0
10081,2632,72,1,370.40,0
10082,2232,224,3,8.13,0
10083,1237,82,1,278.93,5
10084,8435,93,4,28.93,5
10085,8754,220,2,131.34,0
10086,8911,103,2,252.38,15
10087,4431,162,5,270.73,0
10088,827,73,3,222.38,15
10089,2119,21,1,299.77,0
10090,2137,194,3,212.39,0
10091,1207,188,1,61.43,0
10092,5562,138,3,331.78,0
10093,7134,167,4,245.05,0
10094,8397,97,3,234.59,10
10095,8169,98,5,115.13,0
10096,6844,15,1,254.29,0
10097,7120,180,4,323.47,0
10098,6552,242,5,67.91,0
10099,258,200,4,67.84,5
10100,3625,218,2,385.74,5
10101,5043,256,2,343.78,0
10102,7760,217,2,395.04,0
10103,5930,193,3,85.60,10
10104,8633,146,3,44.01,15
10105,879,130,2,200.63,0
10106,7588,291,3,25.51,0
10107,8955,299,1,277.33,0
10108,2209,99,4,283.04,0
10109,4188,296,4,93.52,10
10110,4505,104,4,188.19,0
10111,7199,27,5,65.87,0
10112,6079,277,2,219.37,0
10113,2568,52,1,51.91,0
10114,1537,251,3,113.15,5
10115,8043,213,4,37.84,0
10116,8090,233,1,245.00,0
10117,3536,66,2,206.27,0
10118,7187,246,4,62.04,0
10119,5227,173,1,178.93,15
10120,3490,237,2,199.63,0
10121,7203,198,4,116.63,0
10122,7664,16,2,386.04,0
10123,2243,217,3,395.04,0
10124,5392,164,1,395.54,0
10125,8469,48,2,72.09,5
10126,4469,191,2,226.42,0
10127,536,11,1,176.97,5
10128,8545,247,5,202.30,0
10129,9480,212,3,324.30,15
10130,3823,222,3,345.59,0
10131,4151,96,5,264.06,0
10132,3981,226,5,348.65,0
10133,3612,67,1,134.74,0
10134,4758,67,2,134.74,0
10135,3934,219,1,30.27,10
10136,5085,97,3,234.59,0
10137,8506,120,3,388.54,5
10138,9466,166,1,314.43,15
10139,9773,276,5,342.04,0
10140,9278,88,4,42.74,15
10141,8935,61,1,175.74,0
10142,6371,31,5,136.27,0
10143,1734,145,3,94.23,5
10144,2824,37,5,258.60,5
10145,9163,288,4,66.37,0
10146,6495,107,5,65.37,0
10147,4322,114,5,156.49,15
10148,670,1,3,281.65,0
10149,640,126,4,68.11,15
10150,3761,242,1,67.91,0
10151,9337,9,3,150.86,10
10152,5244,204,1,197.94,0
10153,8893,72,2,370.40,5
10154,1977,226,5,348.65,0
10155,207,238,1,200.57,10
10156,1298,7,3,263.49,0
10157,9171,103,3,252.38,15
10158,2227,68,1,277.33,0
10159,6427,16,2,386.04,0
10160,1686,133,2,47.71,15
10161,5237,232,5,182.33,10
10162,6865,187,3,234.45,15
10163,6594,121,1,251.05,15
10164,2727,46,2,252.91,5
10165,8413,3,4,369.07,0
10166,1702,43,5,232.40,0
10167,5917,161,5,291.83,15
10168,2584,208,1,389.11,0
10169,7841,187,5,234.45,0
10170,4966,3,2,369.07,0
10171,4415,193,1,85.60,0
10172,521,292,2,136.17,0
10173,7782,217,5,395.04,10
10174,7888,7,2,263.49,0
10175,7564,73,1,222.38,0
10176,7248,229,4,324.76,0
10177,5030,224,4,8.13,0
10178,5704,217,5,395.04,0
10179,2032,154,2,343.92,5
10180,4562,46,3,252.91,5
10181,8423,160,1,132.63,5
10182,7401,40,1,226.87,0
10183,9644,275,4,59.35,10
10184,4781,300,3,60.59,0
10185,6002,258,5,171.69,0
10186,566,298,1,253.90,5
10187,2954,176,4,367.34,15
10188,5158,67,5,134.74,5
10189,4391,191,3,226.42,15
10190,541,234,1,268.61,5
10191,7177,260,4,294.26,0
10192,8192,276,2,342.04,0
10193,8356,73,1,222.38,10
10194,3014,109,4,97.22,0
10195,4166,261,5,297.20,0
10196,3752,17,2,353.82,5
10197,4828,193,5,85.60,15
10198,2271,230,4,323.29,15
10199,8685,11,2,176.97,0
10200,7305,283,2,390.13,0
10201,1129,182,2,183.61,5
10202,4609,57,1,140.14,0
10203,9391,192,1,90.00,5
10204,7224,115,5,353.64,10
10205,7939,261,5,297.20,5
10206,4050,226,3,348.65,0
10207,7867,243,2,297.01,0
10208,8983,152,4,359.63,10
10209,529,163,5,20.58,0
10210,1585,109,4,97.22,0
10211,8465,284,1,111.58,10
10212,3669,209,3,188.28,0
10213,1493,196,5,160.55,0
10214,9440,252,2,24.03,5
10215,4366,142,2,249.44,0
10216,5235,235,1,43.63,0
10217,1312,212,4,324.30,0
10218,9429,108,1,261.20,0
10219,9274,262,1,265.12,0
10220,1956,107,4,65.37,0
10221,2431,240,1,117.00,0
10222,4126,4,2,296.68,0
10223,4979,55,1,396.81,0
10224,4864,253,5,286.72,15
10225,7600,51,5,340.30,0
10226,3917,244,2,146.67,5
10227,9760,265,4,366.02,0
10228,6701,90,3,206.30,0
10229,160,18,5,318.44,15
10230,2261,295,3,307.36,0
10231,2111,8,5,357.93,0
10232,7812,168,3,156.48,0
10233,8337,145,2,94.23,0
10234,4709,204,3,197.94,0
10235,5053,31,5,136.27,10
10236,5037,39,4,49.89,0
10237,5474,110,2,326.74,5
10238,6472,101,4,167.15,0
10239,4373,187,2,234.45,0
10240,9353,282,4,381.21,0
10241,7568,255,1,339.07,5
10242,8020,278,2,334.45,0
10243,9187,87,3,84.63,0
10244,3424,61,1,175.74,10
10245,7743,13,1,97.73,0
10246,1123,221,4,33.76,0
10247,5322,278,4,334.45,15
10248,696,69,1,156.10,0
10249,2092,230,2,323.29,0
10250,4041,275,4,59.35,15
10251,5980,41,3,89.26,0
10252,1611,236,3,383.46,0
10253,9433,20,2,344.16,0
10254,3872,183,5,78.33,5
10255,2719,136,4,222.85,10
10256,8780,68,2,277.33,0
10257,6862,163,4,20.58,10
10258,4543,130,3,200.63,5
10259,2002,248,3,149.84,0
10260,2294,234,4,268.61,5
10261,7412,51,5,340.30,15
10262,2843,272,5,120.04,10
10263,286,55,3,396.81,5
10264,9640,271,2,327.62,0
10265,6944,287,3,257.71,0
10266,7737,244,4,146.67,5
10267,8769,221,3,33.76,10
10268,5808,180,4,323.47,0
10269,4634,96,3,264.06,0
10270,5016,15,2,254.29,0
10271,2626,280,3,319.72,10
10272,6376,73,2,222.38,0
10273,7148,279,3,313.02,10
10274,6188,86,5,365.04,0
10275,3172,31,3,136.27,0
10276,5522,177,2,218.39,0
10277,4042,135,4,387.74,0
10278,5418,63,4,199.37,0
10279,6881,119,3,86.31,0
10280,3979,95,5,69.49,5
10281,1373,217,2,395.04,5
10282,9885,75,5,347.15,0
10283,5832,4,1,296.68,0
10284,5705,215,1,252.10,0
10285,709,213,4,37.84,0
10286,2900,156,4,344.64,0
10287,5248,297,3,30.06,15
10288,529,216,3,301.09,0
10289,8612,11,2,176.97,0
10290,5032,101,3,167.15,0
10291,3590,149,1,70.07,15
10292,8061,260,2,294.26,15
10293,9373,293,5,58.98,5
10294,8362,106,5,66.50,0
10295,4021,204,1,197.94,5
10296,1316,158,1,214.14,15
10297,2587,288,4,66.37,0
10298,5184,76,4,297.26,5
10299,8271,18,4,318.44,15
10300,8360,44,5,57.92,15
10301,8757,127,3,126.84,0
10302,625,148,4,119.97,0
10303,3191,213,3,37.84,0
10304,1519,132,3,356.02,5
10305,3454,164,2,395.54,0
10306,9671,178,4,308.38,0
10307,2602,122,4,222.97,0
10308,6390,52,2,51.91,5
10309,3225,207,5,326.57,0
10310,2003,161,1,291.83,5
10311,6135,26,2,122.89,10
10312,5628,263,4,116.93,0
10313,5597,207,1,326.57,5
10314,4916,165,3,273.91,10
10315,8345,218,2,385.74,0
10316,863,65,2,76.41,0
10317,839,280,2,319.72,15
10318,2580,123,1,106.64,0
10319,9420,252,4,24.03,0
10320,200,230,4,323.29,0
10321,8778,205,3,150.21,0
10322,8103,179,5,237.43,10
10323,1565,74,3,224.24,15
10324,353,248,3,149.84,5
10325,5458,109,5,97.22,0
10326,1056,238,3,200.57,0
10327,6090,17,1,353.82,15
10328,382,1,4,281.65,10
10329,3812,122,1,222.97,0
10330,9052,144,2,321.56,0
10331,2264,183,3,78.33,10
10332,127,221,4,33.76,5
10333,9996,137,3,288.60,5
10334,1082,59,3,213.06,15
10335,3658,172,4,43.91,10
10336,9794,299,2,277.33,0
10337,3846,82,3,278.93,10
10338,6967,157,5,87.60,10
10339,6317,17,1,353.82,0
10340,4385,248,5,149.84,0
10341,8146,221,1,33.76,15
10342,9138,258,4,171.69,10
10343,6699,79,4,19.52,10
10344,9782,274,2,53.21,0
10345,2282,110,2,326.74,0
10346,1677,253,2,286.72,0
10347,2504,123,3,106.64,5
10348,6324,27,4,65.87,10
10349,8530,8,2,357.93,0
10350,7062,76,3,297.26,0
10351,6970,152,1,359.63,0
10352,4481,145,2,94.23,15
10353,3230,280,5,319.72,0
10354,7009,255,1,339.07,0
10355,9451,257,2,63.30,15
10356,8237,112,3,121.23,0
10357,11,217,5,395.04,5
10358,3886,55,5,396.81,0
10359,1174,151,2,214.50,0
10360,6189,237,1,199.63,0
10361,6727,224,4,8.13,15
10362,7886,144,1,321.56,0
10363,179,236,1,383.46,0
10364,1328,6,1,190.26,0
10365,4507,216,4,301.09,10
10366,5736,4,5,296.68,5
10367,2068,193,4,85.60,0
10368,700,272,1,120.04,0
10369,8769,75,1,347.15,5
10370,3852,153,1,174.41,10
10371,2873,26,3,122.89,5
10372,1716,165,3,273.91,0
10373,5147,45,5,382.91,10
10374,8065,24,1,74.40,10
10375,9965,118,4,351.34,5
10376,3062,198,5,116.63,0
10377,4191,242,5,67.91,0
10378,8413,196,2,160.55,5
10379,1834,71,5,167.32,15
10380,9686,170,4,67.45,10
10381,9446,60,3,275.96,5
10382,8344,64,5,245.58,0
10383,7593,220,2,131.34,5
10384,7740,279,5,313.02,0
10385,7835,229,1,324.76,0
10386,4750,167,4,245.05,0
10387,4954,70,3,315.23,15
10388,2273,187,1,234.45,5
10389,1194,37,4,258.60,0
10390,843,58,4,218.95,0
10391,8642,248,2,149.84,0
10392,1506,14,3,106.54,15
10393,552,136,2,222.85,5
10394,9607,285,2,258.56,0
10395,5521,99,5,283.04,15
10396,2274,65,5,76.41,15
10397,6849,24,3,74.40,15
10398,3381,123,1,106.64,15
10399,5607,145,3,94.23,0
10400,6433,150,2,181.60,10
10401,7662,39,4,49.89,10
10402,7922,134,3,378.20,15
10403,9320,101,4,167.15,0
10404,8738,183,2,78.33,5
10405,3564,291,2,25.51,0
10406,1153,169,1,65.85,0
10407,8425,255,1,339.07,10
10408,6610,134,4,378.20,10
10409,2018,83,1,80.10,5
10410,9872,38,1,200.72,5
10411,1295,248,4,149.84,0
10412,5993,116,1,368.79,10
10413,3740,272,4,120.04,0
10414,3431,300,3,60.59,0
10415,5917,43,3,232.40,0
10416,9284,255,2,339.07,5
10417,6935,281,5,263.43,0
10418,3826,226,2,348.65,15
10419,9977,96,5,264.06,15
10420,8239,253,4,286.72,5
10421,9609,87,5,84.63,0
10422,2279,43,1,232.40,15
10423,694,264,2,38.50,0
10424,5419,263,2,116.93,0
10425,227,68,3,277.33,15
10426,7063,207,2,326.57,15
10427,5063,54,3,316.28,10
10428,3310,28,5,82.43,15
10429,4004,12,4,161.29,0
10430,2951,208,1,389.11,5
10431,6290,126,2,68.11,10
10432,1873,51,3,340.30,0
10433,3533,110,5,326.74,15
10434,4239,171,3,132.85,0
10435,9343,164,1,395.54,0
10436,1437,299,3,277.33,10
10437,9537,72,1,370.40,5
10438,5360,203,5,6.30,0
10439,7996,222,5,345.59,0
10440,1754,256,2,343.78,5
10441,3932,133,4,47.71,0
10442,181,152,1,359.63,0
10443,9542,100,2,371.65,10
10444,8741,116,5,368.79,0
10445,7302,198,4,116.63,0
10446,4085,288,1,66.37,0
10447,5556,243,3,297.01,0
10448,3389,179,4,237.43,0
10449,729,180,4,323.47,0
10450,6019,193,3,85.60,15
10451,8251,41,2,89.26,0
10452,7242,144,1,321.56,15
10453,2869,82,2,278.93,10
10454,7726,238,5,200.57,10
10455,88,132,5,356.02,0
10456,7439,253,5,286.72,0
10457,1731,144,4,321.56,5
10458,1074,67,5,134.74,5
10459,1463,245,2,310.10,0
10460,406,79,5,19.52,10
10461,5515,288,5,66.37,5
10462,8638,225,5,338.57,0
10463,7843,106,2,66.50,0
10464,8217,8,4,357.93,15
10465,7423,288,4,66.37,0
10466,8084,123,4,106.64,0
10467,5698,61,4,175.74,0
10468,9345,123,1,106.64,0
10469,9836,152,5,359.63,10
10470,4487,136,5,222.85,5
10471,257,197,3,208.34,0
10472,5027,249,3,124.21,10
10473,4652,27,3,65.87,5
10474,3223,44,3,57.92,0
10475,2630,264,4,38.50,5
10476,5919,213,4,37.84,10
10477,9696,189,1,299.32,0
10478,8288,136,1,222.85,0
10479,1760,31,4,136.27,5
10480,5827,274,1,53.21,5
10481,3019,265,2,366.02,0
10482,2967,240,3,117.00,0
10483,7626,253,3,286.72,5
10484,2477,28,2,82.43,0
10485,7769,190,5,22.53,15
10486,2547,251,3,113.15,15
10487,191,150,4,181.60,10
10488,2373,85,2,114.41,0
10489,9802,119,3,86.31,0
10490,2463,27,1,65.87,0
10491,3906,209,1,188.28,0
10492,6693,139,4,321.64,5
10493,6459,213,2,37.84,15
10494,3038,176,1,367.34,15
10495,8095,168,1,156.48,0
10496,9744,249,1,124.21,10
10497,5807,214,4,163.02,15
10498,6790,64,5,245.58,0
10499,4303,279,2,313.02,15
10500,9498,102,4,102.20,15
10501,4845,136,1,222.85,0
10502,2606,73,4,222.38,0
10503,6461,165,5,273.91,0
10504,3555,182,3,183.61,0
10505,2649,158,3,214.14,5
10506,2036,166,2,314.43,0
10507,8174,211,2,323.51,15
10508,6470,128,3,220.39,0
10509,269,197,3,208.34,5
10510,7087,82,2,278.93,5
10511,8020,166,3,314.43,0
10512,784,7,2,263.49,5
10513,3440,263,5,116.93,0
10514,2735,243,3,297.01,10
10515,9708,242,1,67.91,5
10516,3825,206,5,31.78,0
10517,2646,98,4,115.13,5
10518,7554,208,3,389.11,0
10519,8801,260,4,294.26,5
10520,1998,93,2,28.93,5
10521,3699,144,5,321.56,0
10522,3779,267,1,208.17,0
10523,375,232,1,182.33,10
10524,7785,70,3,315.23,0
10525,2052,87,2,84.63,10
10526,177,128,3,220.39,5
10527,2105,267,2,208.17,0
10528,9523,101,2,167.15,0
10529,9145,235,4,43.63,0
10530,1427,89,2,285.99,5
10531,4852,281,1,263.43,5
10532,203,245,1,310.10,5
10533,7312,11,3,176.97,5
10534,4797,160,1,132.63,0
10535,551,32,5,318.14,10
10536,9031,185,5,48.99,10
10537,2877,4,4,296.68,15
10538,9216,76,2,297.26,10
10539,3359,104,2,188.19,0
10540,5686,125,1,327.79,15
10541,2629,119,3,86.31,10
10542,7772,16,5,386.04,5
10543,3828,58,4,218.95,15
10544,3547,205,3,150.21,10
10545,5537,21,2,299.77,0
10546,8052,260,3,294.26,0
10547,7182,128,4,220.39,5
10548,6731,79,1,19.52,10
10549,1252,245,3,310.10,5
10550,9914,38,5,200.72,15
10551,4654,101,1,167.15,10
10552,153,162,3,270.73,0
10553,8075,57,1,140.14,15
10554,1087,192,3,90.00,0
10555,4769,280,4,319.72,0
10556,6430,67,3,134.74,10
10557,5750,143,5,374.36,10
10558,5274,191,4,226.42,0
10559,6891,85,1,114.41,10
10560,2924,257,3,63.30,15
10561,3952,96,2,264.06,0
10562,5123,204,2,197.94,10
10563,5298,191,3,226.42,0
10564,4278,177,1,218.39,15
10565,5934,137,3,288.60,0
10566,8483,297,1,30.06,15
10567,1834,195,2,282.87,15
10568,8242,224,3,8.13,0
10569,6297,266,5,7.51,0
10570,3397,210,3,211.85,5
10571,9210,260,5,294.26,0
10572,6125,242,2,67.91,15
10573,4954,269,2,79.59,0
10574,955,292,1,136.17,0
10575,383,220,4,131.34,10
10576,2914,91,3,371.67,10
10577,6559,89,5,285.99,0
10578,9974,231,2,64.44,15
10579,1622,223,2,23.99,10
10580,6740,70,3,315.23,0
10581,5118,262,1,265.12,0
10582,9685,258,2,171.69,5
10583,6867,186,1,146.92,0
10584,7537,20,1,344.16,15
10585,1674,35,2,335.83,10
10586,9432,65,3,76.41,0
10587,6701,99,3,283.04,0
10588,6882,270,1,246.69,5
10589,8156,237,3,199.63,10
10590,797,185,5,48.99,10
10591,6691,73,3,222.38,0
10592,8539,94,5,66.86,15
10593,3581,36,5,229.35,5
10594,617,107,3,65.37,0
10595,6069,204,4,197.94,5
10596,3837,15,2,254.29,0
10597,6727,102,5,102.20,0
10598,82,256,4,343.78,0
10599,442,70,1,315.23,0
10600,2549,185,4,48.99,10
10601,8235,160,3,132.63,15
10602,3332,181,3,259.05,0
10603,8310,183,1,78.33,10
10604,8953,122,3,222.97,10
10605,813,211,2,323.51,0
10606,7544,258,5,171.69,15
10607,740,292,4,136.17,5
10608,860,208,4,389.11,15
10609,9943,2,4,340.09,5
10610,5837,252,1,24.03,15
10611,8457,294,3,200.35,10
10612,881,76,4,297.26,10
10613,1885,146,3,44.01,10
10614,471,6,4,190.26,5
10615,9156,186,3,146.92,5
10616,4258,36,1,229.35,0
10617,6206,212,3,324.30,10
10618,1821,88,1,42.74,0
10619,6353,146,2,44.01,0
10620,9091,293,1,58.98,5
10621,4734,37,3,258.60,10
10622,5534,283,1,390.13,10
10623,9634,293,5,58.98,10
10624,4678,272,1,120.04,5
10625,5403,55,2,396.81,15
10626,786,215,1,252.10,0
10627,3547,127,5,126.84,15
10628,3795,5,1,235.25,0
10629,3380,34,4,297.79,5
10630,9206,135,1,387.74,0
10631,4220,180,1,323.47,10
10632,5821,225,4,338.57,5
10633,8878,34,4,297.79,5
10634,2977,158,3,214.14,5
10635,2462,191,1,226.42,15
10636,8072,74,1,224.24,0
10637,4343,22,3,193.70,5
10638,6607,170,5,67.45,5
10639,6976,83,1,80.10,0
10640,72,53,2,200.65,5
10641,7930,223,1,23.99,0
10642,4892,184,5,200.81,15
10643,1345,264,4,38.50,0
10644,452,291,5,25.51,0
10645,1434,126,4,68.11,10
10646,5210,300,2,60.59,5
10647,4528,128,5,220.39,5
10648,6213,257,1,63.30,0
10649,5370,7,2,263.49,0
10650,6867,46,3,252.91,0
10651,882,194,4,212.39,5
10652,3807,121,5,251.05,0
10653,4059,300,5,60.59,15
10654,281,258,1,171.69,0
10655,4337,10,1,228.01,0
10656,4373,240,5,117.00,5
10657,9027,300,2,60.59,5
10658,1603,64,5,245.58,10
10659,729,76,5,297.26,0
10660,7238,211,4,323.51,5
10661,6752,99,4,283.04,0
10662,3655,255,5,339.07,10
10663,4787,32,4,318.14,0
10664,1711,58,1,218.95,15
10665,7607,230,5,323.29,5
10666,5853,208,3,389.11,15
10667,2163,99,2,283.04,0
10668,601,104,4,188.19,0
10669,3881,187,5,234.45,5
10670,3107,30,2,190.99,0
10671,1312,265,4,366.02,5
10672,44,179,1,237.43,0
10673,4603,239,3,320.95,0
10674,2745,249,1,124.21,10
10675,2235,299,4,277.33,0
10676,7252,33,1,330.23,15
10677,2140,39,5,49.89,15
10678,4099,38,2,200.72,0
10679,3521,35,2,335.83,10
10680,2247,285,4,258.56,10
10681,8061,23,2,393.39,15
10682,4647,144,5,321.56,5
10683,8105,108,3,261.20,10
10684,7515,231,5,64.44,15
10685,6259,274,5,53.21,0
10686,6953,217,3,395.04,15
10687,4396,26,4,122.89,10
10688,1327,261,1,297.20,10
10689,9468,26,5,122.89,5
10690,4426,236,3,383.46,0
10691,3180,182,4,183.61,5
10692,4924,242,4,67.91,0
10693,3272,74,5,224.24,0
10694,7578,94,5,66.86,0
10695,3551,256,5,343.78,10
10696,7115,16,2,386.04,10
10697,3853,64,3,245.58,0
10698,4380,76,1,297.26,15
10699,9343,285,2,258.56,15
10700,7724,228,5,335.11,0
10701,7031,3,4,369.07,5
10702,6459,184,3,200.81,15
10703,8868,73,5,222.38,5
10704,1755,140,5,120.30,0
10705,8825,66,4,206.27,15
10706,5488,266,5,7.51,15
10707,3432,299,4,277.33,0
10708,3380,112,1,121.23,5
10709,7070,280,5,319.72,15
10710,6899,175,4,372.30,0
10711,1750,129,3,265.34,0
10712,2605,99,5,283.04,0
10713,1006,109,4,97.22,5
10714,8702,227,3,303.25,5
10715,694,87,4,84.63,10
10716,9828,119,3,86.31,0
10717,8544,192,5,90.00,0
10718,6217,21,5,299.77,0
10719,7393,213,2,37.84,0
10720,584,185,1,48.99,0
10721,4305,299,4,277.33,15
10722,9314,47,2,202.34,15
10723,4641,134,1,378.20,5
10724,7637,27,4,65.87,0
10725,903,177,3,218.39,0
10726,540,189,2,299.32,10
10727,9662,297,1,30.06,0
10728,6098,155,2,190.98,0
10729,9927,42,3,309.17,10
10730,6493,53,5,200.65,0
10731,8975,71,4,167.32,0
10732,9938,264,5,38.50,0
10733,6810,11,1,176.97,0
10734,6530,277,4,219.37,0
10735,8819,222,3,345.59,10
10736,8119,75,4,347.15,0
10737,2207,72,2,370.40,0
10738,9353,96,3,264.06,10
10739,8699,270,2,246.69,0
10740,6155,176,4,367.34,0
10741,9313,85,2,114.41,15
10742,8543,194,5,212.39,0
10743,2099,125,4,327.79,0
10744,5772,27,1,65.87,15
10745,8346,86,3,365.04,0
10746,3334,117,1,350.39,0
10747,3318,65,4,76.41,0
10748,5786,16,2,386.04,0
10749,4976,277,2,219.37,0
10750,6979,285,5,258.56,10
10751,3921,16,3,386.04,10
10752,5524,71,1,167.32,0
10753,9789,50,5,311.33,5
10754,7198,257,1,63.30,0
10755,7495,167,1,245.05,0
10756,7498,273,5,341.96,0
10757,7066,147,2,344.67,15
10758,5229,23,1,393.39,0
10759,6819,108,1,261.20,15
10760,3078,193,3,85.60,10
10761,4513,157,3,87.60,0
10762,1926,178,2,308.38,10
10763,5236,27,3,65.87,0
10764,6877,189,3,299.32,10
10765,3543,278,2,334.45,15
10766,8161,86,5,365.04,5
10767,4593,155,4,190.98,0
10768,657,87,2,84.63,0
10769,5065,119,5,86.31,5
10770,2418,225,5,338.57,0
10771,6530,173,1,178.93,0
10772,7672,159,5,217.33,5
10773,4878,292,1,136.17,0
10774,4771,68,1,277.33,10
10775,7946,271,5,327.62,5
10776,3327,219,1,30.27,0
10777,8580,124,4,320.32,10
10778,6851,154,2,343.92,0
10779,8932,34,4,297.79,5
10780,4410,28,2,82.43,15
10781,472,141,1,53.20,10
10782,294,52,4,51.91,0
10783,1083,207,1,326.57,15
10784,3875,136,4,222.85,5
10785,7358,17,3,353.82,0
10786,8698,232,2,182.33,15
10787,7283,256,4,343.78,10
10788,3918,98,1,115.13,15
10789,5247,98,4,115.13,0
10790,5979,33,2,330.23,0
10791,6570,285,4,258.56,15
10792,9420,28,5,82.43,10
10793,7572,69,5,156.10,0
10794,410,148,1,119.97,5
10795,2249,255,5,339.07,15
10796,2877,145,5,94.23,0
10797,9579,274,4,53.21,10
10798,8725,123,4,106.64,15
10799,1971,17,3,353.82,0
10800,5427,279,1,313.02,5
10801,6197,252,2,24.03,15
10802,1936,106,1,66.50,5
10803,5978,134,5,378.20,0
10804,434,197,1,208.34,5
10805,9828,270,2,246.69,0
10806,7034,192,2,90.00,0
10807,999,87,3,84.63,0
10808,6826,240,2,117.00,5
10809,5064,213,5,37.84,10
10810,5977,276,5,342.04,5
10811,2095,4,1,296.68,0
10812,6965,149,1,70.07,10
10813,1697,224,4,8.13,0
10814,3447,204,4,197.94,0
10815,825,22,4,193.70,5
10816,9321,54,3,316.28,5
10817,7301,133,5,47.71,10
10818,727,68,4,277.33,10
10819,9255,161,2,291.83,0
10820,3560,226,4,348.65,0
10821,6022,59,3,213.06,0
10822,8394,281,4,263.43,15
10823,4377,216,5,301.09,5
10824,4879,111,3,225.30,15
10825,2375,190,1,22.53,0
10826,4931,161,2,291.83,15
10827,1399,292,5,136.17,10
10828,9235,241,2,101.41,5
10829,7172,102,2,102.20,0
10830,6781,194,2,212.39,0
10831,4907,207,4,326.57,0
10832,5385,108,3,261.20,0
10833,4795,54,3,316.28,5
10834,3363,172,2,43.91,0
10835,5234,80,3,392.68,0
10836,9421,237,4,199.63,0
10837,7535,105,2,338.11,0
10838,9132,49,2,123.44,5
10839,3296,187,3,234.45,0
10840,7000,38,4,200.72,5
10841,7560,60,2,275.96,5
10842,2413,229,4,324.76,0
10843,7551,185,4,48.99,10
10844,1022,14,4,106.54,0
10845,2416,242,4,67.91,10
10846,9714,125,2,327.79,15
10847,3926,17,5,353.82,10
10848,3220,276,4,342.04,10
10849,9130,226,1,348.65,0
10850,2414,290,4,25.70,0
10851,7610,281,5,263.43,15
10852,4975,171,1,132.85,0
10853,7785,170,3,67.45,15
10854,7002,48,3,72.09,5
10855,2352,62,4,78.99,10
10856,2456,90,3,206.30,0
10857,1425,22,3,193.70,0
10858,6664,144,3,321.56,5
10859,3758,125,4,327.79,0
10860,5555,51,4,340.30,5
10861,2013,85,5,114.41,0
10862,2722,280,5,319.72,0
10863,4647,251,5,113.15,0
10864,1521,108,1,261.20,0
10865,1012,84,5,124.05,0
10866,7948,59,2,213.06,15
10867,2894,68,5,277.33,0
10868,3336,215,5,252.10,5
10869,8795,286,1,362.28,10
10870,9783,17,3,353.82,15
10871,3406,61,2,175.74,0
10872,3432,89,4,285.99,10
10873,9398,294,2,200.35,0
10874,205,263,5,116.93,0
10875,9457,164,4,395.54,5
10876,4932,137,3,288.60,0
10877,2670,299,3,277.33,0
10878,4612,29,5,34.87,0
10879,8148,98,5,115.13,0
10880,7309,156,3,344.64,5
10881,2815,217,2,395.04,0
10882,1346,23,1,393.39,0
10883,5833,268,2,226.31,0
10884,2465,63,5,199.37,0
10885,30,195,4,282.87,10
10886,5953,105,4,338.11,15
10887,2474,74,4,224.24,0
10888,5565,100,1,371.65,10
10889,1391,270,3,246.69,15
10890,5640,150,2,181.60,0
10891,1544,56,2,372.10,10
10892,7545,237,2,199.63,10
10893,9382,146,4,44.01,15
10894,162,217,5,395.04,0
10895,6852,65,5,76.41,0
10896,4185,134,4,378.20,15
10897,9544,214,4,163.02,5
10898,2449,68,3,277.33,15
10899,646,250,3,178.43,5
10900,398,195,1,282.87,10
10901,2275,33,2,330.23,0
10902,2524,35,1,335.83,0
10903,1068,107,2,65.37,0
10904,7909,182,3,183.61,15
10905,5455,226,3,348.65,0
10906,7421,192,4,90.00,5
10907,626,61,2,175.74,0
10908,68,184,4,200.81,0
10909,707,3,1,369.07,5
10910,806,13,5,97.73,10
10911,7330,259,4,201.35,10
10912,5955,19,1,20.40,5
10913,8835,198,5,116.63,10
10914,4660,182,3,183.61,0
10915,4022,28,4,82.43,15
10916,9412,201,2,68.26,0
10917,3609,191,2,226.42,5
10918,2988,282,3,381.21,0
10919,3457,211,1,323.51,0
10920,8701,297,4,30.06,5
10921,4611,124,2,320.32,15
10922,6468,244,1,146.67,15
10923,1645,297,4,30.06,5
10924,589,177,5,218.39,10
10925,3090,251,4,113.15,0
10926,6665,98,4,115.13,0
10927,4557,149,1,70.07,0
10928,2341,127,1,126.84,15
10929,4128,141,4,53.20,0
10930,6419,54,1,316.28,10
10931,5492,127,3,126.84,0
10932,8799,240,2,117.00,0
10933,5907,72,5,370.40,15
10934,4815,180,2,323.47,15
10935,742,248,4,149.84,15
10936,2164,193,2,85.60,0
10937,5205,219,3,30.27,10
10938,1416,62,1,78.99,0
10939,6896,46,1,252.91,15
10940,4797,72,2,370.40,10
10941,3237,96,1,264.06,5
10942,2718,294,3,200.35,0
10943,7158,207,1,326.57,0
10944,2838,201,5,68.26,15
10945,819,30,5,190.99,10
10946,7953,34,4,297.79,5
10947,2004,157,2,87.60,5
10948,5947,233,2,245.00,0
10949,7061,126,2,68.11,15
10950,7996,65,1,76.41,0
10951,5475,243,2,297.01,0
10952,3604,132,4,356.02,0
10953,2067,227,3,303.25,15
10954,1475,216,3,301.09,10
10955,4004,223,3,23.99,5
10956,3327,48,4,72.09,10
10957,3024,262,5,265.12,10
10958,2691,34,5,297.79,0
10959,33,268,4,226.31,5
10960,7600,34,1,297.79,0
10961,8966,63,1,199.37,0
10962,4818,167,2,245.05,5
10963,2524,237,3,199.63,0
10964,9591,109,3,97.22,15
10965,4188,131,5,91.11,0
10966,8858,277,3,219.37,10
10967,7975,97,5,234.59,10
10968,2617,195,3,282.87,5
10969,9537,143,1,374.36,0
10970,5160,250,2,178.43,5
10971,5419,83,5,80.10,0
10972,9190,172,1,43.91,10
10973,6908,138,3,331.78,15
10974,7931,34,3,297.79,15
10975,7936,44,2,57.92,0
10976,7413,2,2,340.09,0
10977,6530,236,1,383.46,15
10978,3976,295,2,307.36,5
10979,8334,197,3,208.34,10
10980,6766,128,1,220.39,0
10981,5746,161,5,291.83,0
10982,9683,67,4,134.74,0
10983,750,145,1,94.23,5
10984,4661,5,1,235.25,5
10985,664,113,1,75.33,5
10986,4686,68,3,277.33,5
10987,4111,7,2,263.49,0
10988,4550,226,3,348.65,15
10989,6281,250,4,178.43,0
10990,2795,264,5,38.50,0
10991,6110,5,2,235.25,10
10992,5622,199,1,378.96,5
10993,1151,95,2,69.49,0
10994,949,129,2,265.34,10
10995,5577,204,3,197.94,10
10996,2560,282,5,381.21,0
10997,3528,78,2,33.23,10
10998,3635,252,2,24.03,5
10999,1501,41,5,89.26,0
11000,767,274,5,53.21,5
11001,977,296,2,93.52,0
11002,2425,165,5,273.91,0
11003,5290,59,3,213.06,0
11004,9508,24,4,74.40,10
11005,8252,1,1,281.65,10
11006,3086,78,1,33.23,15
11007,8198,5,2,235.25,10
11008,5604,225,1,338.57,15
11009,3919,297,5,30.06,10
11010,744,37,2,258.60,0
11011,3376,237,4,199.63,15
11012,6348,263,4,116.93,15
11013,7967,197,3,208.34,0
11014,1471,273,4,341.96,10
11015,5046,261,1,297.20,0
11016,9182,258,2,171.69,5
11017,8278,71,4,167.32,5
11018,9695,290,3,25.70,0
11019,5860,191,4,226.42,5
11020,6321,196,5,160.55,0
11021,7771,236,3,383.46,0
11022,5677,74,2,224.24,5
11023,4402,229,4,324.76,5
11024,7673,124,3,320.32,15
11025,1989,261,5,297.20,5
11026,587,31,5,136.27,10
11027,4662,107,3,65.37,10
11028,987,139,5,321.64,10
11029,4940,289,4,90.69,0
11030,1622,196,4,160.55,0
11031,8000,97,1,234.59,15
11032,6647,18,2,318.44,10
11033,108,249,1,124.21,5
11034,8393,94,4,66.86,0
11035,9139,297,4,30.06,0
11036,7101,70,4,315.23,0
11037,8994,289,1,90.69,0
11038,6929,280,3,319.72,10
11039,554,210,5,211.85,0
11040,53,144,1,321.56,0
11041,9723,6,3,190.26,5
11042,3504,122,4,222.97,5
11043,1099,299,4,277.33,0
11044,9995,213,2,37.84,0
11045,5135,72,3,370.40,0
11046,6246,54,4,316.28,15
11047,6968,271,1,327.62,15
11048,384,49,3,123.44,0
11049,8199,69,2,156.10,5
11050,9688,8,3,357.93,0
11051,7796,210,5,211.85,0
11052,5198,222,3,345.59,15
11053,2913,43,1,232.40,0
11054,1420,229,4,324.76,0
11055,5237,32,4,318.14,10
11056,6771,83,3,80.10,15
11057,4834,217,3,395.04,0
11058,43,152,3,359.63,0
11059,3891,100,1,371.65,0
11060,4107,200,4,67.84,0
11061,1774,295,5,307.36,10
11062,7636,151,3,214.50,15
11063,2852,167,3,245.05,15
11064,5099,132,5,356.02,0
11065,3777,51,4,340.30,10
11066,6071,52,5,51.91,0
11067,2666,17,1,353.82,5
11068,6779,182,3,183.61,5
11069,8469,110,4,326.74,10
11070,7884,49,3,123.44,0
11071,8578,43,2,232.40,15
11072,7384,47,1,202.34,0
11073,5568,206,1,31.78,5
11074,2288,108,5,261.20,0
11075,636,167,5,245.05,15
11076,6564,54,3,316.28,0
11077,5852,90,5,206.30,0
11078,7776,69,3,156.10,10
11079,7726,205,1,150.21,0
11080,2300,204,2,197.94,15
11081,1716,256,5,343.78,5
11082,2265,198,1,116.63,0
11083,6553,228,4,335.11,5
11084,3172,90,2,206.30,5
11085,868,298,2,253.90,15
11086,6581,62,2,78.99,0
11087,9332,115,2,353.64,10
11088,1731,92,5,50.16,15
11089,2891,127,3,126.84,10
11090,5488,98,1,115.13,10
11091,8832,277,1,219.37,0
11092,7680,191,4,226.42,10
11093,4614,138,2,331.78,5
11094,9496,57,5,140.14,0
11095,5788,87,4,84.63,5
11096,1979,73,3,222.38,10
11097,8055,65,3,76.41,0
11098,9620,293,2,58.98,5
11099,4537,63,3,199.37,15
11100,5170,272,2,120.04,15
11101,3648,191,1,226.42,0
11102,8212,91,4,371.67,15
11103,8634,126,5,68.11,10
11104,5064,36,5,229.35,0
11105,3484,123,5,106.64,0
11106,396,97,1,234.59,15
11107,6475,256,4,343.78,0
11108,8615,272,2,120.04,15
11109,6360,254,3,396.05,0
11110,432,174,5,232.35,15
11111,9160,79,3,19.52,0
11112,3473,247,2,202.30,15
11113,535,157,2,87.60,10
11114,9316,15,2,254.29,0
11115,8646,206,1,31.78,0
11116,3517,292,2,136.17,10
11117,8135,36,4,229.35,10
11118,4219,187,5,234.45,10
11119,1756,68,1,277.33,15
11120,5821,51,2,340.30,5
11121,7465,2,3,340.09,15
11122,5709,134,4,378.20,0
11123,795,109,5,97.22,10
11124,8736,217,3,395.04,0
11125,6053,275,5,59.35,0
11126,3579,235,5,43.63,5
11127,9925,194,2,212.39,10
11128,1767,95,1,69.49,5
11129,3388,156,2,344.64,10
11130,8914,296,3,93.52,0
11131,6821,116,2,368.79,0
11132,3384,19,5,20.40,15
11133,8416,74,1,224.24,0
11134,5684,136,3,222.85,0
11135,2293,198,5,116.63,10
11136,7997,201,3,68.26,0
11137,5121,150,1,181.60,5
11138,5437,190,5,22.53,0
11139,9630,177,2,218.39,0
11140,6889,33,4,330.23,0
11141,4614,80,5,392.68,0
11142,7337,191,1,226.42,0
11143,5170,74,4,224.24,5
11144,8477,143,5,374.36,0
11145,992,187,5,234.45,10
11146,3255,138,3,331.78,0
11147,3882,38,2,200.72,10
11148,303,107,4,65.37,5
11149,5333,119,5,86.31,10
11150,9947,6,3,190.26,10
11151,3495,59,3,213.06,0
11152,1635,196,2,160.55,0
11153,9019,128,5,220.39,0
11154,4085,177,5,218.39,5
11155,8891,167,5,245.05,0
11156,906,166,1,314.43,10
11157,5819,22,3,193.70,0
11158,71,221,1,33.76,0
11159,8437,124,1,320.32,0
11160,4349,60,1,275.96,10
11161,7341,59,2,213.06,0
11162,1294,89,4,285.99,0
11163,994,32,2,318.14,5
11164,5321,282,3,381.21,5
11165,7312,48,2,72.09,0
11166,9777,121,2,251.05,0
11167,4988,20,1,344.16,10
11168,4915,14,5,106.54,0
11169,697,127,1,126.84,0
11170,4735,236,1,383.46,0
11171,3175,265,2,366.02,10
11172,9850,145,5,94.23,0
11173,7140,208,2,389.11,0
11174,5210,119,2,86.31,10
11175,3315,251,1,113.15,0
11176,8378,114,3,156.49,0
11177,1683,251,1,113.15,0
11178,7796,53,3,200.65,5
11179,2823,36,2,229.35,5
11180,6524,238,1,200.57,0
11181,8927,40,3,226.87,5
11182,9883,81,3,191.34,0
11183,606,190,4,22.53,10
11184,8517,210,5,211.85,5
11185,9031,284,4,111.58,10
11186,5685,270,2,246.69,0
11187,4580,3,3,369.07,5
11188,4957,43,2,232.40,5
11189,1300,29,5,34.87,10
11190,4702,123,5,106.64,0
11191,3276,138,5,331.78,15
11192,3815,104,4,188.19,0
11193,6400,273,1,341.96,0
11194,409,94,1,66.86,0
11195,6281,243,3,297.01,15
11196,9829,61,1,175.74,0
11197,3646,186,4,146.92,10
11198,62,251,2,113.15,0
11199,8114,203,5,6.30,0
11200,4800,42,3,309.17,15
11201,7138,292,1,136.17,0
11202,9990,290,1,25.70,15
11203,6383,30,2,190.99,5
11204,389,123,1,106.64,15
11205,737,274,1,53.21,10
11206,3670,175,3,372.30,0
11207,9015,241,3,101.41,0
11208,6493,124,3,320.32,0
11209,7215,97,5,234.59,10
11210,7995,138,1,331.78,0
11211,8887,161,1,291.83,5
11212,5776,267,4,208.17,0
11213,7755,106,2,66.50,0
11214,5318,5,1,235.25,5
11215,746,163,5,20.58,15
11216,2689,121,1,251.05,0
11217,5767,135,3,387.74,10
11218,7921,124,2,320.32,15
11219,8997,251,4,113.15,10
11220,3821,60,4,275.96,10
11221,889,187,2,234.45,0
11222,8865,211,3,323.51,5
11223,410,146,5,44.01,0
11224,682,218,4,385.74,15
11225,6920,114,3,156.49,5
11226,2659,181,1,259.05,0
11227,7388,298,2,253.90,10
11228,3688,297,2,30.06,0
11229,8806,146,5,44.01,0
11230,4104,49,5,123.44,0
11231,9540,192,2,90.00,0
11232,7675,43,1,232.40,15
11233,9809,212,2,324.30,0
11234,1731,122,5,222.97,5
11235,528,208,2,389.11,0
11236,5769,36,5,229.35,15
11237,9695,214,5,163.02,0
11238,3830,126,5,68.11,5
11239,9335,175,1,372.30,15
11240,4569,219,4,30.27,15
11241,5268,137,2,288.60,15
11242,4388,135,2,387.74,15
11243,4795,173,3,178.93,5
11244,2518,62,4,78.99,0
11245,3715,274,3,53.21,0
11246,7869,90,2,206.30,0
11247,7474,2,1,340.09,0
11248,55,265,5,366.02,0
11249,3826,75,3,347.15,0
11250,7299,197,3,208.34,0
11251,618,207,2,326.57,15
11252,1455,162,4,270.73,0
11253,919,235,4,43.63,10
11254,8907,14,3,106.54,15
11255,2261,137,1,288.60,0
11256,9889,133,1,47.71,0
11257,5743,185,3,48.99,10
11258,6810,206,5,31.78,0
11259,9495,168,5,156.48,0
11260,6037,56,3,372.10,0
11261,5387,209,2,188.28,0
11262,295,57,1,140.14,0
11263,9804,51,5,340.30,0
11264,7231,67,5,134.74,0
11265,9651,54,2,316.28,5
11266,6664,215,5,252.10,15
11267,7749,66,3,206.27,0
11268,9612,172,4,43.91,0
11269,5744,175,1,372.30,15
11270,4164,48,3,72.09,10
11271,3540,17,4,353.82,15
11272,2425,255,4,339.07,0
11273,5901,218,3,385.74,15
11274,2181,126,5,68.11,10
11275,4653,223,3,23.99,5
11276,5979,273,2,341.96,0
11277,8637,156,2,344.64,0
11278,8763,192,3,90.00,0
11279,4817,58,5,218.95,0
11280,4934,26,3,122.89,0
11281,6675,242,2,67.91,0
11282,1658,189,5,299.32,0
11283,6797,152,1,359.63,15
11284,8425,273,1,341.96,5
11285,9700,255,3,339.07,0
11286,7624,198,5,116.63,15
11287,3533,86,4,365.04,10
11288,7160,117,5,350.39,0
11289,6598,138,3,331.78,0
11290,8321,294,3,200.35,10
11291,1502,30,1,190.99,0
11292,8967,198,2,116.63,0
11293,6722,128,1,220.39,5
11294,8111,138,5,331.78,5
11295,6970,209,5,188.28,5
11296,3329,241,3,101.41,0
11297,8527,81,1,191.34,0
11298,8267,152,3,359.63,15
11299,7102,129,2,265.34,0
11300,5809,133,4,47.71,0
11301,2108,227,1,303.25,5
11302,6464,251,2,113.15,15
11303,2549,173,4,178.93,0
11304,1944,20,5,344.16,0
11305,7679,9,4,150.86,0
11306,607,216,3,301.09,0
11307,4838,155,4,190.98,0
11308,879,230,3,323.29,0
11309,9279,173,2,178.93,5
11310,1931,242,4,67.91,0
11311,122,171,3,132.85,10
11312,791,96,3,264.06,0
11313,2375,125,4,327.79,10
11314,450,218,3,385.74,0
11315,8021,249,1,124.21,10
11316,8845,166,2,314.43,0
11317,9161,33,3,330.23,0
11318,7967,101,1,167.15,0
11319,8670,109,2,97.22,5
11320,8849,57,3,140.14,5
11321,9399,37,2,258.60,0
11322,1973,160,1,132.63,0
11323,7070,260,3,294.26,5
11324,1814,208,3,389.11,10
11325,1072,162,1,270.73,0
11326,3872,240,5,117.00,10
11327,5795,81,4,191.34,0
11328,8353,34,1,297.79,0
11329,6684,146,3,44.01,0
11330,8215,207,4,326.57,0
11331,294,124,5,320.32,0
11332,4418,216,4,301.09,15
11333,4318,195,2,282.87,10
11334,4579,54,4,316.28,5
11335,9725,196,1,160.55,0
11336,7320,99,2,283.04,5
11337,1303,71,5,167.32,0
11338,6041,187,3,234.45,15
11339,5508,197,2,208.34,0
11340,1036,228,1,335.11,15
11341,5160,46,1,252.91,0
11342,2460,59,3,213.06,0
11343,2722,204,5,197.94,0
11344,423,96,4,264.06,0
11345,3049,14,4,106.54,0
11346,8645,73,3,222.38,5
11347,8981,176,5,367.34,15
11348,155,28,2,82.43,5
11349,2821,255,5,339.07,10
11350,702,79,5,19.52,0
11351,215,292,5,136.17,0
11352,5318,59,4,213.06,0
11353,6343,219,4,30.27,0
11354,2792,204,1,197.94,0
11355,6253,121,1,251.05,15
11356,2234,77,2,338.07,0
11357,3092,151,4,214.50,0
11358,9813,132,3,356.02,0
11359,6112,88,1,42.74,0
11360,8218,50,4,311.33,0
11361,2463,205,4,150.21,0
11362,7175,221,3,33.76,0
11363,8455,86,3,365.04,5
11364,880,260,1,294.26,10
11365,8072,63,5,199.37,0
11366,9710,283,3,390.13,15
11367,669,125,4,327.79,0
11368,8830,97,3,234.59,5
11369,376,218,4,385.74,0
11370,5174,212,1,324.30,10
11371,2669,166,5,314.43,0
11372,2613,11,3,176.97,0
11373,6385,286,5,362.28,0
11374,7071,56,3,372.10,0
11375,2821,116,5,368.79,0
11376,9386,11,1,176.97,0
11377,3144,231,1,64.44,15
11378,6146,131,3,91.11,5
11379,1942,73,1,222.38,0
11380,7280,171,2,132.85,0
11381,7205,61,5,175.74,0
11382,7549,291,1,25.51,5
11383,3831,69,5,156.10,0
11384,664,194,5,212.39,5
11385,6862,158,2,214.14,5
11386,6155,251,1,113.15,0
11387,9337,271,3,327.62,0
11388,7000,98,3,115.13,0
11389,8536,142,3,249.44,5
11390,9028,255,3,339.07,0
11391,8128,43,4,232.40,0
11392,1068,248,3,149.84,0
11393,4942,52,3,51.91,5
11394,356,45,3,382.91,15
11395,2655,250,4,178.43,5
11396,819,280,4,319.72,10
11397,8173,1,1,281.65,0
11398,6740,202,5,268.66,0
11399,8314,107,2,65.37,10
11400,2227,16,2,386.04,0
11401,309,133,1,47.71,0
11402,9829,182,3,183.61,0
11403,1047,225,3,338.57,0
11404,6674,190,4,22.53,15
11405,3707,182,4,183.61,0
11406,3946,118,4,351.34,5
11407,8133,98,3,115.13,0
11408,1343,79,4,19.52,5
11409,8945,286,2,362.28,0
11410,4843,71,5,167.32,0
11411,6504,295,5,307.36,0
11412,8035,283,4,390.13,0
11413,3199,184,4,200.81,0
11414,2911,148,1,119.97,0
11415,8240,246,5,62.04,0
11416,766,115,5,353.64,0
11417,7840,243,1,297.01,10
11418,325,165,2,273.91,0
11419,2851,104,5,188.19,10
11420,6153,212,4,324.30,15
11421,9400,49,2,123.44,0
11422,1474,229,3,324.76,15
11423,3808,26,1,122.89,0
11424,5613,241,4,101.41,0
11425,6656,159,2,217.33,0
11426,7678,75,1,347.15,15
11427,5848,150,4,181.60,10
11428,8044,120,4,388.54,10
11429,9873,83,3,80.10,0
11430,7953,85,3,114.41,0
11431,8938,284,5,111.58,0
11432,7401,209,2,188.28,10
11433,1428,58,1,218.95,10
11434,9575,190,1,22.53,15
11435,12,34,2,297.79,0
11436,4702,141,4,53.20,15
11437,1858,24,1,74.40,5
11438,8701,180,4,323.47,0
11439,7317,9,3,150.86,10
11440,2245,264,5,38.50,0
11441,3095,43,1,232.40,5
11442,9031,163,2,20.58,0
11443,6290,112,2,121.23,15
11444,5182,185,3,48.99,0
11445,5807,180,1,323.47,5
11446,4820,87,2,84.63,5
11447,7787,150,3,181.60,15
11448,5608,70,4,315.23,0
11449,1490,281,3,263.43,5
11450,6247,36,2,229.35,5
11451,3387,27,1,65.87,15
11452,8836,25,3,157.60,0
11453,2773,260,3,294.26,5
11454,3925,120,2,388.54,0
11455,5905,272,5,120.04,10
11456,905,119,2,86.31,15
11457,5610,226,1,348.65,0
11458,777,30,1,190.99,0
11459,9430,133,5,47.71,0
11460,6367,75,4,347.15,0
11461,6635,267,4,208.17,0
11462,8520,148,1,119.97,0
11463,9463,67,2,134.74,10
11464,1674,253,3,286.72,0
11465,5137,249,2,124.21,5
11466,3853,138,3,331.78,0
11467,166,281,3,263.43,5
11468,7964,195,3,282.87,0
11469,1751,88,4,42.74,0
11470,2222,34,2,297.79,0
11471,1350,196,5,160.55,10
11472,5800,216,5,301.09,0
11473,1823,179,4,237.43,5
11474,8678,106,2,66.50,15
11475,4291,225,2,338.57,15
11476,2769,7,4,263.49,5
11477,6481,250,4,178.43,0
11478,6777,106,4,66.50,0
11479,3072,137,3,288.60,0
11480,4962,112,4,121.23,15
11481,412,41,1,89.26,15
11482,9769,239,2,320.95,10
11483,7858,56,1,372.10,5
11484,4446,262,2,265.12,10
11485,6620,144,3,321.56,5
11486,862,76,3,297.26,15
11487,2236,66,1,206.27,5
11488,8750,246,2,62.04,10
11489,6312,258,5,171.69,15
11490,9431,238,2,200.57,5
11491,3203,180,5,323.47,0
11492,6507,14,2,106.54,5
11493,4318,229,4,324.76,0
11494,2748,115,2,353.64,0
11495,81,197,5,208.34,0
11496,8777,242,4,67.91,10
11497,8041,43,5,232.40,0
11498,6064,97,5,234.59,5
11499,8812,133,4,47.71,0
11500,3200,144,3,321.56,0
11501,4573,63,4,199.37,0
11502,147,80,3,392.68,15
11503,5036,104,3,188.19,15
11504,2975,243,5,297.01,10
11505,4375,261,4,297.20,0
11506,9412,44,5,57.92,15
11507,6410,294,1,200.35,0
11508,2858,165,3,273.91,0
11509,3745,282,5,381.21,5
11510,442,182,1,183.61,0
11511,1015,220,3,131.34,10
11512,7999,188,4,61.43,0
11513,1362,31,5,136.27,0
11514,8606,185,5,48.99,0
11515,4348,77,5,338.07,15
11516,8632,60,1,275.96,0
11517,8295,101,3,167.15,0
11518,8912,189,4,299.32,10
11519,3275,280,4,319.72,0
11520,404,143,5,374.36,0
11521,7560,86,4,365.04,10
11522,1422,296,3,93.52,15
11523,3274,182,1,183.61,0
11524,339,82,2,278.93,10
11525,2625,202,5,268.66,0
11526,8272,137,3,288.60,15
11527,1528,62,5,78.99,5
11528,1089,274,4,53.21,0
11529,6706,238,5,200.57,0
11530,8919,163,2,20.58,10
11531,7095,300,1,60.59,5
11532,4546,93,5,28.93,15
11533,3740,102,2,102.20,10
11534,5321,221,1,33.76,15
11535,9079,64,4,245.58,5
11536,587,191,4,226.42,10
11537,8572,164,2,395.54,0
11538,8027,253,4,286.72,0
11539,8882,130,5,200.63,5
11540,41,147,1,344.67,0
11541,4917,76,5,297.26,15
11542,1060,225,4,338.57,0
11543,9108,193,4,85.60,0
11544,1681,280,2,319.72,0
11545,8965,280,1,319.72,10
11546,6183,49,2,123.44,0
11547,6469,297,5,30.06,0
11548,7418,234,5,268.61,0
11549,6359,235,2,43.63,0
11550,5095,267,4,208.17,0
11551,1600,127,2,126.84,0
11552,5369,130,2,200.63,0
11553,2669,58,3,218.95,0
11554,2395,213,5,37.84,0
11555,9575,285,5,258.56,0
11556,3168,108,1,261.20,0
11557,2671,249,2,124.21,5
11558,1064,254,5,396.05,0
11559,2073,145,3,94.23,5
11560,2090,102,3,102.20,0
11561,5833,132,1,356.02,15
11562,2535,288,5,66.37,0
11563,1670,267,2,208.17,0
11564,3806,221,4,33.76,0
11565,5121,235,4,43.63,0
11566,4689,29,1,34.87,15
11567,3788,149,1,70.07,0
11568,1801,237,5,199.63,0
11569,4023,106,1,66.50,0
11570,7963,95,4,69.49,0
11571,8020,239,1,320.95,0
11572,8843,60,1,275.96,0
11573,7651,223,3,23.99,15
11574,7819,23,5,393.39,15
11575,7705,229,4,324.76,10
11576,6362,238,2,200.57,0
11577,7544,241,3,101.41,10
11578,9505,255,1,339.07,15
11579,6941,246,4,62.04,0
11580,2768,284,3,111.58,10
11581,6609,55,1,396.81,0
11582,7461,137,3,288.60,0
11583,2045,227,2,303.25,10
11584,2175,118,2,351.34,5
11585,9035,160,3,132.63,0
11586,9604,5,1,235.25,0
11587,7673,239,3,320.95,5
11588,6604,108,1,261.20,10
11589,5738,169,2,65.85,0
11590,3373,298,3,253.90,15
11591,8749,186,1,146.92,0
11592,2640,121,3,251.05,0
11593,4401,64,3,245.58,0
11594,2634,182,5,183.61,5
11595,7461,120,1,388.54,0
11596,7460,105,1,338.11,0
11597,7211,195,2,282.87,0
11598,8972,175,2,372.30,15
11599,4008,250,3,178.43,10
11600,5072,204,3,197.94,0
11601,7282,156,4,344.64,5
11602,3085,158,4,214.14,5
11603,9138,51,3,340.30,0
11604,3469,126,5,68.11,0
11605,3764,100,5,371.65,10
11606,8450,161,5,291.83,15
11607,9801,44,2,57.92,15
11608,9867,219,2,30.27,10
11609,3621,172,2,43.91,0
11610,3763,265,3,366.02,0
11611,2712,104,5,188.19,15
11612,2425,110,2,326.74,0
11613,6290,26,3,122.89,5
11614,9599,179,5,237.43,5
11615,90,229,3,324.76,10
11616,8735,115,1,353.64,0
11617,8648,258,1,171.69,15
11618,1511,80,2,392.68,0
11619,7241,57,3,140.14,0
11620,4930,97,4,234.59,10
11621,6054,226,3,348.65,10
11622,1319,145,1,94.23,0
11623,4238,63,2,199.37,5
11624,4612,297,2,30.06,0
11625,5747,58,1,218.95,0
11626,3475,100,2,371.65,10
11627,5717,119,2,86.31,0
11628,8607,292,5,136.17,10
11629,451,248,1,149.84,0
11630,4646,136,4,222.85,0
11631,8258,131,1,91.11,0
11632,9625,39,3,49.89,0
11633,1488,21,3,299.77,5
11634,3632,28,1,82.43,5
11635,3065,96,3,264.06,0
11636,9870,183,2,78.33,0
11637,4981,141,3,53.20,15
11638,4353,163,3,20.58,15
11639,3998,158,5,214.14,0
11640,859,209,5,188.28,5
11641,4217,265,2,366.02,0
11642,6545,246,1,62.04,0
11643,6705,269,3,79.59,5
11644,3793,119,2,86.31,0
11645,7681,37,2,258.60,0
11646,4230,276,1,342.04,10
11647,3343,152,5,359.63,5
11648,513,238,1,200.57,0
11649,1626,299,3,277.33,10
11650,6324,97,3,234.59,0
11651,3750,152,1,359.63,0
11652,1771,237,1,199.63,15
11653,6245,243,4,297.01,0
11654,9237,258,4,171.69,5
11655,469,5,1,235.25,15
11656,9870,63,5,199.37,5
11657,5750,132,4,356.02,0
11658,6307,124,3,320.32,10
11659,6526,265,3,366.02,0
11660,6848,25,4,157.60,10
11661,4560,141,5,53.20,10
11662,2848,30,4,190.99,0
11663,1422,85,3,114.41,15
11664,7587,49,1,123.44,10
11665,3255,265,1,366.02,0
11666,1086,211,3,323.51,0
11667,759,64,3,245.58,0
11668,7096,26,3,122.89,0
11669,5694,265,1,366.02,15
11670,2016,88,4,42.74,0
11671,164,138,1,331.78,10
11672,8269,140,2,120.30,0
11673,2680,180,2,323.47,15
11674,6626,127,5,126.84,15
11675,3010,74,1,224.24,10
11676,2888,249,5,124.21,15
11677,2835,255,3,339.07,15
11678,6898,159,2,217.33,10
11679,8073,129,5,265.34,0
11680,7038,43,1,232.40,5
11681,8505,228,1,335.11,5
11682,5246,148,5,119.97,0
11683,6615,224,2,8.13,15
11684,5335,40,1,226.87,0
11685,7798,12,5,161.29,0
11686,3839,202,4,268.66,0
11687,5104,288,1,66.37,0
11688,8154,38,2,200.72,0
11689,2822,154,3,343.92,0
11690,9659,206,1,31.78,5
11691,6419,227,5,303.25,0
11692,6515,104,3,188.19,5
11693,4595,91,1,371.67,15
11694,45,48,5,72.09,0
11695,5713,158,2,214.14,0
11696,1265,155,3,190.98,10
11697,9156,188,5,61.43,5
11698,2082,285,5,258.56,10
11699,1703,26,5,122.89,0
11700,5267,209,1,188.28,5
11701,4312,128,5,220.39,10
11702,6308,72,5,370.40,0
11703,3038,178,1,308.38,0
11704,8362,269,4,79.59,0
11705,2126,206,5,31.78,0
11706,693,166,3,314.43,5
11707,8934,174,5,232.35,5
11708,5227,137,5,288.60,5
11709,2563,92,3,50.16,5
11710,7692,4,2,296.68,10
11711,3874,135,1,387.74,0
11712,3172,28,2,82.43,0
11713,9029,120,2,388.54,0
11714,892,146,3,44.01,5
11715,5837,136,3,222.85,0
11716,2108,270,1,246.69,0
11717,9129,40,2,226.87,15
11718,3519,139,1,321.64,0
11719,8797,97,3,234.59,0
11720,299,63,1,199.37,10
11721,8907,165,5,273.91,0
11722,6778,43,4,232.40,0
11723,5501,159,5,217.33,0
11724,5422,6,5,190.26,0
11725,4735,21,2,299.77,5
11726,2112,72,3,370.40,0
11727,9538,242,5,67.91,0
11728,6203,247,4,202.30,0
11729,1251,299,1,277.33,0
11730,47,7,3,263.49,0
11731,1180,52,2,51.91,0
11732,3111,249,4,124.21,0
11733,1031,250,1,178.43,10
11734,2825,166,1,314.43,5
11735,7882,176,4,367.34,0
11736,1204,38,3,200.72,0
11737,9695,120,2,388.54,15
11738,5740,148,2,119.97,5
11739,7058,141,5,53.20,0
11740,9144,2,4,340.09,5
11741,368,5,5,235.25,0
11742,4498,22,5,193.70,10
11743,6477,212,1,324.30,10
11744,5657,191,1,226.42,0
11745,4497,164,2,395.54,0
11746,591,14,1,106.54,0
11747,4117,157,3,87.60,10
11748,4437,116,4,368.79,10
11749,8652,124,4,320.32,5
11750,8422,173,5,178.93,15
11751,5869,91,1,371.67,10
11752,2474,187,3,234.45,0
11753,9452,200,1,67.84,0
11754,7590,127,1,126.84,0
11755,1888,279,4,313.02,10
11756,148,13,3,97.73,0
11757,1844,262,1,265.12,0
11758,6720,6,3,190.26,10
11759,7495,24,5,74.40,15
11760,2383,123,4,106.64,0
11761,1274,74,2,224.24,10
11762,1511,54,4,316.28,0
11763,7685,286,4,362.28,15
11764,5968,78,5,33.23,5
11765,1848,107,5,65.37,0
11766,5869,193,1,85.60,10
11767,7994,151,1,214.50,15
11768,9633,103,4,252.38,0
11769,6171,272,2,120.04,5
11770,2656,168,4,156.48,0
11771,5638,229,5,324.76,0
11772,5847,200,1,67.84,5
11773,8375,109,2,97.22,0
11774,7156,100,5,371.65,0
11775,774,268,1,226.31,0
11776,4553,109,5,97.22,10
11777,2466,282,5,381.21,15
11778,6374,60,3,275.96,5
11779,3325,219,4,30.27,0
11780,6968,79,3,19.52,15
11781,7060,202,2,268.66,0
11782,3014,131,1,91.11,0
11783,294,244,5,146.67,0
11784,3257,107,2,65.37,0
11785,1680,83,2,80.10,0
11786,2755,149,3,70.07,5
11787,8606,2,5,340.09,0
11788,5010,10,2,228.01,15
11789,9523,137,3,288.60,0
11790,8554,111,2,225.30,5
11791,1900,158,4,214.14,0
11792,1571,260,1,294.26,0
11793,4037,183,4,78.33,5
11794,4479,57,4,140.14,10
11795,2543,254,3,396.05,5
11796,4896,92,3,50.16,0
11797,8896,159,3,217.33,10
11798,7369,165,4,273.91,15
11799,5042,169,1,65.85,0
11800,5727,260,3,294.26,15
11801,5762,85,1,114.41,0
11802,8489,154,1,343.92,0
11803,4,131,4,91.11,15
11804,7639,150,5,181.60,0
11805,5535,181,4,259.05,10
11806,1837,200,4,67.84,10
11807,6046,168,1,156.48,15
11808,1728,46,3,252.91,0
11809,9934,245,1,310.10,0
11810,4542,290,2,25.70,10
11811,9503,58,4,218.95,15
11812,2638,207,3,326.57,5
11813,9900,8,4,357.93,0
11814,4676,253,4,286.72,10
11815,3286,155,1,190.98,0
11816,7518,41,1,89.26,10
11817,4205,183,2,78.33,0
11818,9042,233,3,245.00,0
11819,9678,74,5,224.24,15
11820,5048,133,2,47.71,0
11821,201,89,5,285.99,5
11822,5203,212,3,324.30,15
11823,3700,7,4,263.49,5
11824,257,72,1,370.40,15
11825,9467,143,2,374.36,15
11826,8223,135,5,387.74,0
11827,6271,98,3,115.13,0
11828,3351,155,1,190.98,5
11829,1674,129,1,265.34,0
11830,9478,166,3,314.43,0
11831,7095,144,1,321.56,0
11832,345,262,5,265.12,5
11833,129,281,3,263.43,0
11834,2122,77,5,338.07,15
11835,7189,238,2,200.57,15
11836,9196,8,3,357.93,15
11837,8936,47,1,202.34,10
11838,2332,69,5,156.10,0
11839,5239,215,2,252.10,0
11840,5444,18,3,318.44,0
11841,4356,27,4,65.87,5
11842,4026,48,5,72.09,10
11843,4496,78,1,33.23,0
11844,1193,241,5,101.41,0
11845,8735,33,5,330.23,5
11846,9509,211,1,323.51,0
11847,3769,167,5,245.05,15
11848,6253,225,5,338.57,5
11849,1451,35,1,335.83,10
11850,8343,5,3,235.25,0
11851,2618,246,4,62.04,10
11852,8479,160,1,132.63,0
11853,305,239,4,320.95,0
11854,5196,83,5,80.10,5
11855,8718,76,2,297.26,15
11856,5050,8,3,357.93,0
11857,4941,18,5,318.44,0
11858,9186,237,3,199.63,0
11859,4008,31,1,136.27,15
11860,8922,61,2,175.74,0
11861,748,89,2,285.99,10
11862,5091,147,4,344.67,0
11863,5830,148,5,119.97,10
11864,5256,32,3,318.14,10
11865,5841,15,5,254.29,0
11866,4351,239,3,320.95,0
11867,8099,145,4,94.23,0
11868,2796,161,5,291.83,10
11869,9873,78,4,33.23,0
11870,4907,300,4,60.59,0
11871,8507,203,2,6.30,5
11872,949,233,3,245.00,0
11873,4282,188,1,61.43,10
11874,655,179,5,237.43,0
11875,3116,260,4,294.26,0
11876,9419,66,1,206.27,10
11877,5602,206,5,31.78,5
11878,8554,198,3,116.63,15
11879,4392,110,3,326.74,10
11880,9014,165,4,273.91,15
11881,5380,175,4,372.30,5
11882,5741,132,1,356.02,0
11883,5641,182,2,183.61,0
11884,9345,142,3,249.44,0
11885,747,92,4,50.16,10
11886,8936,165,1,273.91,0
11887,2760,149,4,70.07,0
11888,9531,264,1,38.50,0
11889,8992,292,5,136.17,5
11890,2531,197,1,208.34,15
11891,4942,234,2,268.61,15
11892,1092,160,5,132.63,0
11893,878,121,2,251.05,10
11894,2017,162,2,270.73,0
11895,5577,211,5,323.51,0
11896,5395,118,3,351.34,0
11897,3998,201,3,68.26,10
11898,8638,214,4,163.02,15
11899,765,132,5,356.02,0
11900,162,63,5,199.37,0
11901,8233,66,2,206.27,5
11902,4420,185,1,48.99,15
11903,6357,126,3,68.11,0
11904,6900,149,5,70.07,5
11905,4060,138,1,331.78,5
11906,4724,71,4,167.32,10
11907,8961,8,4,357.93,10
11908,709,200,4,67.84,0
11909,1479,228,2,335.11,0
11910,649,163,3,20.58,0
11911,4454,119,5,86.31,15
11912,5740,15,3,254.29,15
11913,9393,88,4,42.74,5
11914,2199,202,2,268.66,0
11915,558,60,1,275.96,0
11916,2380,175,1,372.30,10
11917,4789,63,1,199.37,10
11918,4279,279,1,313.02,0
11919,5507,92,4,50.16,10
11920,2807,56,1,372.10,5
11921,1689,101,4,167.15,5
11922,7619,245,3,310.10,15
11923,610,20,2,344.16,15
11924,3228,230,4,323.29,5
11925,1736,247,4,202.30,10
11926,3616,65,4,76.41,0
11927,7679,1,4,281.65,0
11928,7375,279,4,313.02,15
11929,5338,141,4,53.20,0
11930,8466,204,1,197.94,0
11931,6351,44,3,57.92,0
11932,8384,49,5,123.44,0
11933,8145,29,5,34.87,0
11934,1223,82,3,278.93,0
11935,728,145,2,94.23,0
11936,2148,145,5,94.23,0
11937,5839,241,1,101.41,15
11938,7164,231,2,64.44,0
11939,8579,108,3,261.20,0
11940,7607,107,3,65.37,0
11941,850,293,2,58.98,0
11942,535,179,5,237.43,0
11943,6610,139,4,321.64,10
11944,2965,40,4,226.87,10
11945,628,220,4,131.34,0
11946,8059,146,3,44.01,15
11947,8585,133,4,47.71,0
11948,916,247,1,202.30,0
11949,8662,222,3,345.59,0
11950,4764,267,1,208.17,10
11951,1290,170,3,67.45,0
11952,7075,295,3,307.36,5
11953,5742,274,1,53.21,0
11954,2241,147,5,344.67,0
11955,5214,112,3,121.23,0
11956,8222,52,2,51.91,0
11957,2847,30,2,190.99,5
11958,9541,94,1,66.86,0
11959,5739,241,1,101.41,0
11960,1328,94,1,66.86,5
11961,8186,229,4,324.76,0
11962,4979,293,3,58.98,15
11963,2256,180,4,323.47,15
11964,5351,80,2,392.68,0
11965,7628,144,5,321.56,0
11966,4068,223,2,23.99,5
11967,7842,35,4,335.83,10
11968,23,150,4,181.60,10
11969,485,206,2,31.78,5
11970,9682,247,2,202.30,15
11971,326,126,2,68.11,0
11972,2303,95,3,69.49,0
11973,3905,107,2,65.37,5
11974,2596,60,1,275.96,15
11975,4116,300,1,60.59,5
11976,4126,280,3,319.72,10
11977,460,228,1,335.11,15
11978,107,62,1,78.99,15
11979,6275,52,5,51.91,0
11980,323,236,4,383.46,10
11981,2594,222,2,345.59,0
11982,7977,210,5,211.85,0
11983,7679,33,3,330.23,0
11984,8465,80,3,392.68,15
11985,3352,49,2,123.44,0
11986,7932,198,2,116.63,0
11987,311,170,1,67.45,0
11988,4254,94,2,66.86,15
11989,5683,254,2,396.05,10
11990,1077,277,3,219.37,0
11991,8224,198,2,116.63,10
11992,9829,114,4,156.49,0
11993,6770,141,3,53.20,15
11994,4946,18,4,318.44,10
11995,6799,215,1,252.10,0
11996,1541,202,2,268.66,0
11997,1132,197,1,208.34,0
11998,3452,183,1,78.33,0
11999,5681,21,5,299.77,0
12000,4674,294,4,200.35,5
12001,4516,222,1,345.59,5
12002,3986,39,2,49.89,10
12003,9149,266,3,7.51,15
12004,7440,68,5,277.33,10
12005,9305,90,2,206.30,0
12006,9430,219,2,30.27,0
12007,2001,261,4,297.20,0
12008,4906,85,3,114.41,0
12009,2912,1,1,281.65,0
12010,28,266,3,7.51,0
12011,3379,253,2,286.72,5
12012,5918,95,3,69.49,10
12013,672,133,1,47.71,10
12014,5010,109,1,97.22,0
12015,1503,246,4,62.04,5
12016,4309,136,1,222.85,15
12017,2320,272,4,120.04,0
12018,635,18,1,318.44,0
12019,9479,300,3,60.59,15
12020,1132,31,1,136.27,15
12021,1130,39,2,49.89,0
12022,4742,130,3,200.63,10
12023,912,68,4,277.33,0
12024,892,149,4,70.07,0
12025,7613,181,5,259.05,5
12026,7837,109,5,97.22,15
12027,8763,188,3,61.43,0
12028,5512,199,2,378.96,0
12029,4038,235,4,43.63,5
12030,9120,214,2,163.02,15
12031,9990,297,5,30.06,10
12032,858,68,1,277.33,0
12033,5218,203,2,6.30,0
12034,3326,162,1,270.73,5
12035,9381,234,1,268.61,0
12036,3353,188,3,61.43,5
12037,1089,236,1,383.46,0
12038,9881,94,2,66.86,0
12039,9658,223,2,23.99,15
12040,8279,92,3,50.16,15
12041,7505,112,3,121.23,0
12042,2244,89,1,285.99,0
12043,5511,176,3,367.34,15
12044,8990,135,5,387.74,10
12045,5584,72,3,370.40,0
12046,6767,300,1,60.59,10
12047,9118,140,2,120.30,5
12048,4383,98,3,115.13,10
12049,9942,39,3,49.89,10
12050,9143,75,5,347.15,15
12051,9976,77,3,338.07,0
12052,5935,11,1,176.97,10
12053,7179,221,4,33.76,5
12054,1966,109,5,97.22,0
12055,4786,44,4,57.92,5
12056,7623,269,2,79.59,0
12057,524,265,2,366.02,0
12058,6745,119,3,86.31,0
12059,2693,268,5,226.31,0
12060,9096,181,3,259.05,5
12061,9230,227,4,303.25,0
12062,2566,63,3,199.37,5
12063,299,80,3,392.68,10
12064,6100,51,5,340.30,10
12065,9258,138,2,331.78,10
12066,7832,57,3,140.14,0
12067,5895,84,1,124.05,0
12068,1040,196,3,160.55,0
12069,6257,170,4,67.45,0
12070,1474,91,3,371.67,10
12071,9147,150,4,181.60,0
12072,3725,1,3,281.65,5
12073,6436,171,5,132.85,0
12074,2641,187,2,234.45,0
12075,3468,231,2,64.44,0
12076,2012,135,5,387.74,0
12077,3988,90,5,206.30,0
12078,594,249,4,124.21,0
12079,9045,202,5,268.66,0
12080,9317,46,3,252.91,15
12081,257,133,5,47.71,0
12082,3787,195,1,282.87,0
12083,5238,90,2,206.30,0
12084,9278,29,2,34.87,5
12085,6301,209,3,188.28,0
12086,9769,199,3,378.96,5
12087,828,294,5,200.35,0
12088,7202,46,5,252.91,0
12089,9613,174,4,232.35,0
12090,6323,135,1,387.74,10
12091,585,15,5,254.29,0
12092,2627,16,3,386.04,5
12093,1766,74,2,224.24,15
12094,9545,190,2,22.53,0
12095,957,281,4,263.43,0
12096,3244,35,3,335.83,0
12097,9288,11,4,176.97,0
12098,802,151,3,214.50,0
12099,2892,70,1,315.23,0
12100,8095,183,3,78.33,5
12101,1865,168,2,156.48,5
12102,5056,156,4,344.64,0
12103,2044,26,1,122.89,0
12104,7713,46,4,252.91,5
12105,3442,215,1,252.10,0
12106,6628,230,1,323.29,0
12107,4956,119,4,86.31,0
12108,9942,25,2,157.60,0
12109,74,160,1,132.63,15
12110,7476,160,1,132.63,0
12111,5614,201,4,68.26,0
12112,8377,260,3,294.26,0
12113,2345,103,4,252.38,15
12114,284,130,5,200.63,0
12115,8106,58,1,218.95,0
12116,9147,12,5,161.29,10
12117,7445,178,4,308.38,15
12118,8481,285,3,258.56,0
12119,9507,134,1,378.20,5
12120,6464,115,5,353.64,0
12121,7671,220,5,131.34,10
12122,208,23,1,393.39,0
12123,1535,237,3,199.63,0
12124,3558,159,5,217.33,0
12125,3645,165,2,273.91,0
12126,7858,176,3,367.34,0
12127,7364,189,2,299.32,0
12128,3047,217,2,395.04,0
12129,3471,273,5,341.96,15
12130,3354,250,2,178.43,5
12131,5928,285,2,258.56,15
12132,1970,216,5,301.09,0
12133,8419,116,3,368.79,10
12134,2956,79,3,19.52,10
12135,2001,68,5,277.33,15
12136,6056,66,3,206.27,5
12137,3254,71,2,167.32,5
12138,5942,118,4,351.34,5
12139,827,146,5,44.01,5
12140,5663,277,5,219.37,15
12141,6168,51,3,340.30,15
12142,9124,196,1,160.55,0
12143,9103,39,3,49.89,0
12144,2068,227,1,303.25,0
12145,1312,91,4,371.67,0
12146,3457,274,1,53.21,10
12147,1177,262,2,265.12,10
12148,3461,254,3,396.05,0
12149,778,233,2,245.00,0
12150,8207,270,2,246.69,0
12151,744,101,2,167.15,0
12152,492,56,2,372.10,15
12153,3983,46,4,252.91,10
12154,5997,217,4,395.04,10
12155,2720,211,2,323.51,0
12156,4114,29,1,34.87,0
12157,9415,267,1,208.17,0
12158,8753,293,5,58.98,0
12159,1199,287,3,257.71,5
12160,5804,223,3,23.99,5
12161,625,184,2,200.81,10
12162,1443,35,4,335.83,15
12163,783,74,4,224.24,0
12164,563,263,1,116.93,15
12165,4387,287,5,257.71,0
12166,9608,136,2,222.85,0
12167,5760,207,1,326.57,15
12168,2314,184,5,200.81,5
12169,4809,289,3,90.69,0
12170,7825,213,5,37.84,0
12171,6741,291,4,25.51,5
12172,8834,54,5,316.28,15
12173,213,246,1,62.04,5
12174,1055,95,3,69.49,0
12175,8731,274,5,53.21,10
12176,777,255,2,339.07,15
12177,3411,202,3,268.66,15
12178,8708,224,5,8.13,0
12179,4808,179,1,237.43,5
12180,2688,95,5,69.49,0
12181,5711,81,4,191.34,0
12182,9505,187,1,234.45,0
12183,4427,119,2,86.31,0
12184,6843,10,4,228.01,10
12185,3221,218,4,385.74,5
12186,1010,286,1,362.28,0
12187,4227,205,4,150.21,0
12188,1771,75,5,347.15,0
12189,5085,244,3,146.67,10
12190,5014,174,3,232.35,0
12191,4011,69,2,156.10,0
12192,5302,285,5,258.56,5
12193,4347,93,1,28.93,0
12194,9710,71,1,167.32,0
12195,2263,283,2,390.13,15
12196,8473,43,3,232.40,0
12197,7678,40,5,226.87,15
12198,8858,119,5,86.31,0
12199,9889,160,4,132.63,5
12200,5542,5,4,235.25,15
12201,3878,263,2,116.93,0
12202,1882,147,1,344.67,0
12203,2504,17,3,353.82,0
12204,2430,179,1,237.43,0
12205,3278,45,3,382.91,0
12206,9636,164,5,395.54,0
12207,3208,179,5,237.43,15
12208,9254,139,4,321.64,0
12209,3389,194,5,212.39,5
12210,1682,284,4,111.58,5
12211,4811,62,3,78.99,0
12212,6475,253,2,286.72,0
12213,8308,92,2,50.16,10
12214,8455,16,5,386.04,15
12215,7300,81,3,191.34,0
12216,1017,222,3,345.59,0
12217,1049,263,5,116.93,0
12218,5517,34,1,297.79,0
12219,4893,144,5,321.56,0
12220,3627,73,4,222.38,10
12221,6885,208,4,389.11,0
12222,6086,151,4,214.50,0
12223,2263,177,4,218.39,15
12224,2092,123,1,106.64,15
12225,8802,174,3,232.35,0
12226,6479,278,4,334.45,0
12227,9112,194,2,212.39,0
12228,8049,176,4,367.34,0
12229,5139,294,1,200.35,15
12230,2873,104,1,188.19,0
12231,2128,294,1,200.35,0
12232,3246,56,3,372.10,10
12233,8805,67,3,134.74,0
12234,3813,217,3,395.04,0
12235,3997,225,1,338.57,10
12236,7294,292,5,136.17,0
12237,8611,202,2,268.66,15
12238,1078,128,5,220.39,0
12239,9382,141,3,53.20,0
12240,5432,102,1,102.20,0
12241,6955,280,3,319.72,5
12242,138,3,5,369.07,15
12243,1441,28,3,82.43,0
12244,9222,151,5,214.50,15
12245,1869,260,1,294.26,0
12246,3183,235,5,43.63,15
12247,4425,245,3,310.10,5
12248,7786,135,1,387.74,10
12249,620,135,4,387.74,0
12250,900,187,3,234.45,0
12251,6345,233,1,245.00,5
12252,132,268,1,226.31,0
12253,9299,122,2,222.97,0
12254,9215,215,1,252.10,0
12255,8470,3,2,369.07,5
12256,4647,33,4,330.23,15
12257,5894,10,4,228.01,0
12258,231,129,1,265.34,0
12259,2835,47,4,202.34,0
12260,8005,295,5,307.36,0
12261,3745,53,2,200.65,0
12262,5713,42,2,309.17,0
12263,4637,228,2,335.11,0
12264,8932,155,1,190.98,10
12265,6149,34,1,297.79,0
12266,6363,112,2,121.23,0
12267,8348,168,1,156.48,5
12268,3584,142,1,249.44,0
12269,6961,65,4,76.41,0
12270,2688,221,2,33.76,10
12271,792,223,2,23.99,5
12272,2733,23,4,393.39,10
12273,6510,225,5,338.57,0
12274,5493,295,1,307.36,0
12275,1957,111,1,225.30,0
12276,594,223,5,23.99,0
12277,5472,72,2,370.40,15
12278,1336,38,4,200.72,0
12279,6251,45,4,382.91,0
12280,9336,104,4,188.19,0
12281,8135,81,5,191.34,0
12282,374,36,4,229.35,10
12283,3496,186,1,146.92,0
12284,1437,183,4,78.33,0
12285,4037,87,1,84.63,0
12286,8779,18,5,318.44,0
12287,6384,200,5,67.84,0
12288,7774,153,3,174.41,0
12289,9304,42,2,309.17,0
12290,6276,270,3,246.69,5
12291,6955,272,4,120.04,0
12292,9400,256,4,343.78,15
12293,8568,262,1,265.12,0
12294,1382,271,4,327.62,0
12295,4217,78,5,33.23,10
12296,2921,2,5,340.09,10
12297,7390,133,3,47.71,5
12298,7445,226,1,348.65,0
12299,8643,222,2,345.59,0
12300,577,36,2,229.35,0
12301,3890,167,4,245.05,0
12302,4840,147,4,344.67,0
12303,5108,292,3,136.17,5
12304,7713,205,3,150.21,15
12305,4162,185,1,48.99,15
12306,9805,67,5,134.74,15
12307,6050,27,2,65.87,10
12308,9844,230,2,323.29,0
12309,6916,94,1,66.86,10
12310,5736,214,3,163.02,0
12311,9589,249,4,124.21,15
12312,7782,161,2,291.83,0
12313,2870,83,4,80.10,0
12314,5822,142,1,249.44,0
12315,2136,193,5,85.60,10
12316,9,77,5,338.07,0
12317,5862,27,4,65.87,0
12318,2948,257,2,63.30,0
12319,5433,56,2,372.10,15
12320,2546,123,1,106.64,0
12321,4437,136,4,222.85,0
12322,4463,20,4,344.16,15
12323,1382,217,4,395.04,5
12324,4988,158,1,214.14,15
12325,7443,20,4,344.16,15
12326,9030,92,1,50.16,0
12327,7442,277,4,219.37,10
12328,9635,1,2,281.65,0
12329,600,35,4,335.83,0
12330,212,165,3,273.91,0
12331,4950,60,2,275.96,0
12332,2114,164,1,395.54,15
12333,9071,128,5,220.39,15
12334,5248,209,4,188.28,10
12335,9299,281,1,263.43,15
12336,7485,114,2,156.49,15
12337,251,288,5,66.37,0
12338,7839,162,1,270.73,15
12339,4627,138,2,331.78,0
12340,7250,277,3,219.37,10
12341,1677,183,2,78.33,15
12342,510,113,4,75.33,0
12343,4583,115,4,353.64,0
12344,8942,65,1,76.41,0
12345,5052,89,2,285.99,0
12346,7937,47,5,202.34,0
12347,212,147,4,344.67,5
12348,5785,262,5,265.12,0
12349,6360,109,1,97.22,0
12350,1991,75,2,347.15,0
12351,7844,83,4,80.10,0
12352,9323,40,5,226.87,0
12353,8218,190,4,22.53,0
12354,6007,263,4,116.93,0
12355,2247,132,2,356.02,0
12356,7403,44,4,57.92,0
12357,2864,147,2,344.67,0
12358,9853,13,4,97.73,15
12359,8841,169,2,65.85,0
12360,3923,76,2,297.26,0
12361,673,19,3,20.40,0
12362,4844,276,2,342.04,0
12363,1341,246,5,62.04,10
12364,86,74,3,224.24,0
12365,69,263,4,116.93,0
12366,1913,29,3,34.87,15
12367,5289,263,4,116.93,15
12368,3582,48,3,72.09,0
12369,21,233,3,245.00,15
12370,2095,186,4,146.92,0
12371,9771,288,1,66.37,5
12372,3200,272,2,120.04,0
12373,8497,189,2,299.32,0
12374,6196,129,5,265.34,0
12375,5421,214,1,163.02,0
12376,5735,179,1,237.43,10
12377,1293,145,3,94.23,5
12378,178,98,1,115.13,5
12379,3515,98,2,115.13,0
12380,622,10,3,228.01,15
12381,6345,251,3,113.15,10
12382,2628,296,5,93.52,15
12383,4339,131,5,91.11,5
12384,3195,180,2,323.47,0
12385,861,169,3,65.85,0
12386,4048,116,3,368.79,10
12387,8230,185,3,48.99,10
12388,5599,48,5,72.09,0
12389,5646,33,3,330.23,15
12390,2239,14,5,106.54,5
12391,6501,80,4,392.68,15
12392,95,30,4,190.99,0
12393,8862,289,2,90.69,0
12394,352,84,3,124.05,10
12395,5516,130,1,200.63,0
12396,2624,245,1,310.10,0
12397,7944,118,1,351.34,15
12398,2306,217,3,395.04,0
12399,6756,200,4,67.84,0
12400,337,2,1,340.09,0
12401,1193,119,5,86.31,15
12402,184,48,5,72.09,10
12403,5264,50,3,311.33,0
12404,6538,177,5,218.39,5
12405,9458,56,1,372.10,10
12406,7411,79,5,19.52,0
12407,2810,185,4,48.99,0
12408,77,139,4,321.64,0
12409,2771,193,3,85.60,0
12410,1709,16,5,386.04,0
12411,6822,196,2,160.55,0
12412,4651,110,2,326.74,0
12413,3316,54,5,316.28,0
12414,4837,223,5,23.99,5
12415,2148,289,3,90.69,0
12416,664,19,3,20.40,0
12417,1174,41,4,89.26,0
12418,119,222,1,345.59,0
12419,3892,209,3,188.28,0
12420,5766,73,5,222.38,5
12421,6771,189,3,299.32,15
12422,4640,269,5,79.59,0
12423,5553,173,1,178.93,0
12424,4232,93,4,28.93,0
12425,15,241,4,101.41,5
12426,4761,257,2,63.30,0
12427,8597,14,2,106.54,10
12428,9476,249,3,124.21,10
12429,7204,12,2,161.29,5
12430,612,76,2,297.26,0
12431,8853,207,1,326.57,15
12432,3516,57,5,140.14,5
12433,3701,182,4,183.61,5
12434,6845,236,2,383.46,0
12435,1754,76,4,297.26,5
12436,1996,243,5,297.01,0
12437,5557,56,5,372.10,0
12438,7681,259,4,201.35,0
12439,7125,194,4,212.39,15
12440,202,31,4,136.27,0
12441,8116,100,1,371.65,5
12442,4823,207,3,326.57,10
12443,9229,257,2,63.30,10
12444,9782,284,1,111.58,10
12445,3637,112,4,121.23,5
12446,7260,52,3,51.91,15
12447,3177,123,5,106.64,15
12448,1574,108,4,261.20,15
12449,9025,19,5,20.40,0
12450,7727,62,5,78.99,15
12451,3541,182,3,183.61,15
12452,2950,140,4,120.30,5
12453,3709,184,5,200.81,0
12454,8484,242,1,67.91,10
12455,8205,136,4,222.85,5
12456,5763,27,2,65.87,0
12457,9112,227,3,303.25,10
12458,8806,229,3,324.76,5
12459,2931,75,4,347.15,15
12460,504,87,1,84.63,0
12461,3389,148,1,119.97,5
12462,3692,46,5,252.91,0
12463,697,176,3,367.34,10
12464,7099,261,3,297.20,5
12465,2251,188,3,61.43,0
12466,51,27,5,65.87,10
12467,284,224,1,8.13,0
12468,7606,55,3,396.81,10
12469,9286,63,1,199.37,10
12470,9045,165,4,273.91,0
12471,6316,100,1,371.65,0
12472,8493,37,2,258.60,10
12473,5543,261,4,297.20,15
12474,5604,166,2,314.43,10
12475,378,88,2,42.74,0
12476,6569,216,5,301.09,0
12477,4099,76,5,297.26,10
12478,7386,22,5,193.70,15
12479,6669,279,4,313.02,15
12480,787,67,4,134.74,0
12481,4495,51,4,340.30,10
12482,9372,274,3,53.21,0
12483,4512,194,4,212.39,10
12484,5958,57,1,140.14,0
12485,6788,19,4,20.40,0
12486,9466,298,1,253.90,10
12487,6499,150,2,181.60,15
12488,5652,53,5,200.65,0
12489,4227,222,4,345.59,15
12490,4080,39,2,49.89,0
12491,3738,190,5,22.53,15
12492,405,216,3,301.09,5
12493,3030,141,1,53.20,0
12494,8769,104,5,188.19,5
12495,843,58,3,218.95,0
12496,7436,18,1,318.44,10
12497,3618,228,2,335.11,0
12498,952,125,1,327.79,10
12499,3308,161,2,291.83,5
12500,1365,136,1,222.85,0
12501,3443,235,5,43.63,0
12502,7230,121,3,251.05,0
12503,2066,159,3,217.33,10
12504,2184,237,3,199.63,10
12505,5316,189,1,299.32,0
12506,5357,202,2,268.66,0
12507,1002,9,2,150.86,0
12508,445,30,5,190.99,0
12509,1670,119,4,86.31,0
12510,6496,104,5,188.19,10
12511,4045,36,4,229.35,0
12512,7568,51,1,340.30,10
12513,147,197,1,208.34,0
12514,8403,280,4,319.72,0
12515,6362,4,3,296.68,15
12516,5948,149,2,70.07,15
12517,8581,148,5,119.97,0
12518,1941,279,3,313.02,15
12519,1271,296,1,93.52,0
12520,5211,290,4,25.70,10
12521,7876,146,2,44.01,10
12522,4681,231,5,64.44,0
12523,2813,14,5,106.54,15
12524,9443,136,2,222.85,0
12525,3854,28,1,82.43,0
12526,6278,124,2,320.32,15
12527,9221,142,2,249.44,5
12528,1014,95,4,69.49,0
12529,7367,3,1,369.07,0
12530,4095,161,1,291.83,10
12531,869,276,2,342.04,15
12532,6444,215,4,252.10,5
12533,6229,215,5,252.10,0
12534,3997,254,5,396.05,10
12535,5137,58,2,218.95,0
12536,7289,151,1,214.50,10
12537,8104,61,2,175.74,10
12538,7001,102,2,102.20,0
12539,6292,84,5,124.05,0
12540,2216,19,3,20.40,0
12541,9101,18,2,318.44,0
12542,2415,274,1,53.21,5
12543,9403,99,3,283.04,10
12544,9209,28,4,82.43,5
12545,1203,155,2,190.98,0
12546,2690,290,1,25.70,0
12547,7480,167,3,245.05,10
12548,6414,138,3,331.78,5
12549,3544,246,2,62.04,15
12550,6593,244,4,146.67,10
12551,1268,191,5,226.42,0
12552,6154,214,4,163.02,0
12553,673,101,1,167.15,15
12554,8663,102,3,102.20,10
12555,6027,265,2,366.02,0
12556,9690,173,1,178.93,0
12557,7363,126,3,68.11,0
12558,1229,118,1,351.34,15
12559,288,54,4,316.28,15
12560,350,83,2,80.10,0
12561,8405,99,2,283.04,0
12562,5152,166,1,314.43,0
12563,663,260,2,294.26,0
12564,5599,21,1,299.77,15
12565,2372,250,1,178.43,15
12566,7825,31,2,136.27,0
12567,878,210,4,211.85,0
12568,4010,4,3,296.68,0
12569,3998,67,3,134.74,0
12570,2158,10,1,228.01,0
12571,1651,291,5,25.51,0
12572,9010,148,3,119.97,10
12573,2028,13,2,97.73,0
12574,2192,261,1,297.20,0
12575,7746,151,1,214.50,15
12576,7398,129,5,265.34,0
12577,2252,218,4,385.74,5
12578,4992,272,1,120.04,10
12579,2560,212,4,324.30,15
12580,4838,204,5,197.94,5
12581,3973,239,1,320.95,0
12582,9305,61,2,175.74,15
12583,4416,164,4,395.54,0
12584,3651,151,2,214.50,15
12585,5476,137,3,288.60,5
12586,6243,108,5,261.20,10
12587,8772,285,3,258.56,0
12588,5369,172,2,43.91,15
12589,8838,35,3,335.83,0
12590,2161,48,3,72.09,5
12591,9617,167,1,245.05,0
12592,8693,174,1,232.35,0
12593,4125,142,5,249.44,10
12594,6685,16,2,386.04,0
12595,9117,289,4,90.69,0
12596,2744,21,5,299.77,5
12597,8363,65,2,76.41,0
12598,2524,243,1,297.01,0
12599,3609,95,4,69.49,5
12600,7890,185,5,48.99,0
12601,3304,145,4,94.23,15
12602,6974,10,3,228.01,15
12603,1885,199,5,378.96,0
12604,2295,285,4,258.56,15
12605,1485,153,2,174.41,0
12606,56,231,3,64.44,15
12607,7790,52,4,51.91,5
12608,7396,44,2,57.92,0
12609,4961,246,4,62.04,15
12610,2155,114,5,156.49,0
12611,9050,44,2,57.92,10
12612,780,168,4,156.48,0
12613,5742,59,3,213.06,0
12614,927,226,3,348.65,10
12615,8894,257,5,63.30,0
12616,3413,220,2,131.34,0
12617,535,36,1,229.35,0
12618,9616,72,3,370.40,0
12619,668,243,5,297.01,0
12620,952,300,5,60.59,0
12621,8049,36,4,229.35,5
12622,7937,151,4,214.50,0
12623,3325,199,5,378.96,10
12624,7916,193,3,85.60,15
12625,7047,197,1,208.34,15
12626,5086,28,2,82.43,0
12627,8517,116,4,368.79,0
12628,1261,216,2,301.09,0
12629,1335,220,2,131.34,0
12630,8666,266,4,7.51,0
12631,1712,253,3,286.72,15
12632,7451,65,3,76.41,5
12633,4002,168,5,156.48,0
12634,9407,228,2,335.11,0
12635,9253,158,3,214.14,0
12636,8554,214,1,163.02,15
12637,5045,109,3,97.22,5
12638,9199,267,4,208.17,0
12639,2233,248,3,149.84,15
12640,44,67,4,134.74,0
12641,3086,190,4,22.53,0
12642,979,18,3,318.44,5
12643,9020,188,1,61.43,0
12644,1953,71,5,167.32,0
12645,7396,139,3,321.64,5
12646,2129,198,3,116.63,0
12647,5686,177,3,218.39,15
12648,7967,42,5,309.17,0
12649,7979,38,1,200.72,0
12650,674,187,1,234.45,0
12651,495,252,3,24.03,0
12652,4588,212,2,324.30,0
12653,6451,252,2,24.03,10
12654,2918,165,4,273.91,5
12655,1289,175,1,372.30,5
12656,6539,96,3,264.06,15
12657,2966,180,5,323.47,10
12658,6,87,4,84.63,0
12659,3535,6,3,190.26,15
12660,5565,259,2,201.35,15
12661,9053,26,5,122.89,15
12662,6048,135,3,387.74,0
12663,9715,12,3,161.29,10
12664,5571,6,4,190.26,15
12665,3636,167,5,245.05,0
12666,9670,162,2,270.73,10
12667,6520,30,5,190.99,15
12668,1642,273,5,341.96,10
12669,6024,258,4,171.69,15
12670,159,153,1,174.41,5
12671,4500,28,3,82.43,0
12672,1682,227,3,303.25,15
12673,7329,24,3,74.40,0
12674,2792,108,3,261.20,0
12675,5442,1,4,281.65,0
12676,8757,209,1,188.28,0
12677,3121,129,2,265.34,15
12678,384,185,3,48.99,0
12679,4961,144,5,321.56,0
12680,8325,219,2,30.27,10
12681,5485,1,1,281.65,0
12682,5857,234,1,268.61,0
12683,7467,97,2,234.59,5
12684,7461,192,5,90.00,0
12685,1394,243,2,297.01,15
12686,1788,61,1,175.74,0
12687,7610,98,4,115.13,0
12688,6872,96,1,264.06,10
12689,1316,88,5,42.74,10
12690,9552,114,1,156.49,0
12691,1466,206,4,31.78,0
12692,3775,154,3,343.92,0
12693,174,149,3,70.07,5
12694,1492,160,2,132.63,0
12695,6204,25,2,157.60,15
12696,7890,194,3,212.39,10
12697,4773,175,3,372.30,10
12698,8305,236,5,383.46,0
12699,2709,41,1,89.26,0
12700,3657,287,3,257.71,10
12701,7334,189,5,299.32,15
12702,3200,95,1,69.49,0
12703,6898,286,2,362.28,15
12704,7945,156,4,344.64,0
12705,1658,241,1,101.41,0
12706,9897,242,1,67.91,0
12707,3172,141,1,53.20,10
12708,9688,222,1,345.59,0
12709,7530,76,5,297.26,0
12710,9452,142,3,249.44,10
12711,2182,46,4,252.91,0
12712,2621,63,3,199.37,0
12713,7204,82,1,278.93,0
12714,8975,161,3,291.83,0
12715,4795,62,3,78.99,0
12716,4899,54,4,316.28,15
12717,9185,279,3,313.02,10
12718,5012,15,2,254.29,0
12719,3013,190,3,22.53,0
12720,8789,7,3,263.49,0
12721,7525,64,4,245.58,5
12722,2251,74,3,224.24,0
12723,4319,237,1,199.63,0
12724,442,20,4,344.16,0
12725,7795,60,4,275.96,0
12726,5258,41,5,89.26,15
12727,5777,191,4,226.42,0
12728,5827,245,5,310.10,15
12729,2172,205,3,150.21,0
12730,1477,275,4,59.35,10
12731,9223,181,4,259.05,5
12732,2816,120,1,388.54,5
12733,4071,73,5,222.38,15
12734,2543,222,2,345.59,15
12735,9612,178,5,308.38,15
12736,5996,65,3,76.41,0
12737,1963,227,1,303.25,10
12738,2069,143,2,374.36,0
12739,7526,274,5,53.21,15
12740,9778,230,1,323.29,0
12741,5361,273,2,341.96,0
12742,900,150,3,181.60,10
12743,4710,34,3,297.79,0
12744,2021,177,4,218.39,0
12745,9256,123,5,106.64,0
12746,564,255,1,339.07,0
12747,4592,13,4,97.73,15
12748,1943,226,3,348.65,0
12749,4384,10,1,228.01,15
12750,4478,110,1,326.74,0
12751,3569,177,1,218.39,10
12752,3579,44,5,57.92,0
12753,3150,133,3,47.71,0
12754,3332,294,2,200.35,15
12755,5934,266,3,7.51,0
12756,2761,79,4,19.52,10
12757,6992,209,4,188.28,0
12758,73,237,3,199.63,15
12759,8774,23,5,393.39,10
12760,7583,193,4,85.60,5
12761,84,267,5,208.17,5
12762,6090,8,3,357.93,10
12763,5001,54,5,316.28,0
12764,62,65,1,76.41,15
12765,3989,144,3,321.56,0
12766,1107,138,1,331.78,0
12767,6120,257,2,63.30,15
12768,6754,160,2,132.63,0
12769,229,291,1,25.51,10
12770,1364,154,5,343.92,0
12771,3751,13,5,97.73,10
12772,8730,47,5,202.34,0
12773,9213,135,2,387.74,5
12774,2790,165,1,273.91,10
12775,2423,121,2,251.05,0
12776,5989,225,5,338.57,0
12777,9517,279,1,313.02,0
12778,5288,74,5,224.24,10
12779,8315,256,2,343.78,5
12780,4662,48,3,72.09,0
12781,2562,243,1,297.01,0
12782,2758,102,2,102.20,15
12783,6276,68,4,277.33,0
12784,7453,35,5,335.83,0
12785,6585,41,5,89.26,5
12786,952,171,5,132.85,0
12787,6541,40,5,226.87,15
12788,6516,2,4,340.09,10
12789,3172,50,1,311.33,10
12790,3785,73,5,222.38,10
12791,7575,166,2,314.43,10
12792,1866,57,2,140.14,15
12793,2657,280,1,319.72,0
12794,2272,106,3,66.50,10
12795,8917,103,4,252.38,5
12796,9086,118,3,351.34,5
12797,8133,168,3,156.48,10
12798,2849,267,2,208.17,15
12799,6017,8,2,357.93,0
12800,4068,127,4,126.84,0
12801,2754,39,5,49.89,0
12802,6460,47,2,202.34,10
12803,5039,82,5,278.93,10
12804,2741,135,4,387.74,15
12805,4957,29,1,34.87,0
12806,3258,168,1,156.48,10
12807,6570,192,3,90.00,10
12808,432,249,4,124.21,0
12809,6846,138,3,331.78,15
12810,3246,179,4,237.43,15
12811,7656,132,2,356.02,10
12812,9275,56,2,372.10,15
12813,3353,59,4,213.06,15
12814,9659,172,4,43.91,0
12815,6038,271,2,327.62,5
12816,6376,63,4,199.37,0
12817,4357,71,5,167.32,0
12818,8367,236,2,383.46,10
12819,2029,237,2,199.63,0
12820,6705,285,2,258.56,0
12821,1313,62,2,78.99,10
12822,6755,22,2,193.70,0
12823,9558,257,2,63.30,0
12824,3393,36,4,229.35,5
12825,9275,154,3,343.92,0
12826,9040,81,4,191.34,0
12827,8247,238,2,200.57,15
12828,3991,116,3,368.79,15
12829,6872,157,5,87.60,0
12830,2409,158,4,214.14,15
12831,1821,3,5,369.07,0
12832,1880,263,4,116.93,0
12833,3230,270,2,246.69,15
12834,401,152,2,359.63,5
12835,8977,25,1,157.60,0
12836,9849,227,5,303.25,0
12837,4864,238,2,200.57,15
12838,2917,122,2,222.97,0
12839,5199,154,3,343.92,5
12840,4571,201,3,68.26,10
12841,2663,93,4,28.93,5
12842,4626,83,3,80.10,10
12843,1430,214,1,163.02,10
12844,1073,280,2,319.72,15
12845,5038,2,1,340.09,15
12846,7219,267,5,208.17,10
12847,3597,16,1,386.04,0
12848,9826,250,2,178.43,5
12849,2410,294,2,200.35,0
12850,8764,58,4,218.95,5
12851,8231,105,2,338.11,0
12852,4163,98,4,115.13,5
12853,1956,245,1,310.10,0
12854,8140,273,3,341.96,10
12855,1586,255,5,339.07,15
12856,8709,7,4,263.49,0
12857,998,42,2,309.17,0
12858,1532,203,4,6.30,10
12859,9821,184,1,200.81,0
12860,2751,194,4,212.39,10
12861,9896,288,3,66.37,5
12862,8081,248,5,149.84,0
12863,3691,238,1,200.57,5
12864,2589,23,4,393.39,15
12865,8270,149,5,70.07,10
12866,2995,78,5,33.23,15
12867,6105,193,2,85.60,10
12868,4980,270,2,246.69,0
12869,1398,257,1,63.30,15
12870,9775,58,4,218.95,5
12871,5537,1,2,281.65,10
12872,5207,122,2,222.97,0
12873,164,155,2,190.98,10
12874,1917,14,3,106.54,15
12875,312,256,4,343.78,10
12876,2796,155,1,190.98,0
12877,1772,253,1,286.72,5
12878,2295,209,5,188.28,10
12879,8976,274,2,53.21,10
12880,6941,298,2,253.90,10
12881,453,20,5,344.16,5
12882,5700,140,5,120.30,5
12883,1061,93,4,28.93,0
12884,7183,208,1,389.11,5
12885,5341,203,1,6.30,15
12886,7971,225,3,338.57,0
12887,847,161,1,291.83,10
12888,5361,166,1,314.43,0
12889,7724,47,5,202.34,10
12890,7783,179,4,237.43,15
12891,9768,83,4,80.10,0
12892,4835,190,5,22.53,0
12893,7634,249,3,124.21,0
12894,1733,208,3,389.11,0
12895,8114,6,3,190.26,15
12896,5667,52,2,51.91,0
12897,9412,98,5,115.13,0
12898,4514,211,1,323.51,5
12899,9574,231,4,64.44,0
12900,5122,52,2,51.91,0
12901,9444,50,1,311.33,0
12902,7385,172,1,43.91,5
12903,7392,43,5,232.40,15
12904,9764,252,4,24.03,10
12905,8270,111,2,225.30,0
12906,5498,146,3,44.01,0
12907,1621,299,4,277.33,10
12908,1522,204,3,197.94,15
12909,7014,143,4,374.36,0
12910,6667,277,4,219.37,10
12911,3315,225,3,338.57,0
12912,4624,214,3,163.02,0
12913,1736,132,2,356.02,5
12914,7506,77,1,338.07,0
12915,2823,111,2,225.30,10
12916,2706,39,3,49.89,0
12917,3330,173,4,178.93,5
12918,7937,109,3,97.22,0
12919,4245,45,5,382.91,15
12920,8717,44,1,57.92,0
12921,8650,234,5,268.61,0
12922,607,248,2,149.84,0
12923,1451,77,5,338.07,0
12924,1748,127,2,126.84,0
12925,2545,295,2,307.36,10
12926,3914,112,1,121.23,5
12927,8590,219,3,30.27,0
12928,5019,211,1,323.51,10
12929,6474,49,1,123.44,0
12930,2986,67,4,134.74,0
12931,2377,19,1,20.40,0
12932,1090,204,4,197.94,0
12933,1712,214,5,163.02,0
12934,6803,117,2,350.39,0
12935,5167,3,3,369.07,5
12936,5682,81,1,191.34,10
12937,2465,143,1,374.36,5
12938,4206,3,1,369.07,5
12939,7294,245,1,310.10,0
12940,108,58,5,218.95,5
12941,3844,133,5,47.71,0
12942,1657,19,1,20.40,5
12943,173,203,3,6.30,15
12944,3170,128,4,220.39,0
12945,2580,20,3,344.16,5
12946,4397,198,3,116.63,0
12947,5816,253,1,286.72,0
12948,7465,74,4,224.24,0
12949,3647,139,4,321.64,10
12950,9992,87,5,84.63,15
12951,7394,167,1,245.05,15
12952,7765,3,3,369.07,10
12953,8646,268,3,226.31,0
12954,1,289,1,90.69,10
12955,5179,243,2,297.01,15
12956,4973,292,4,136.17,0
12957,8076,101,5,167.15,0
12958,676,149,4,70.07,0
12959,3696,223,2,23.99,0
12960,712,81,5,191.34,5
12961,9396,44,4,57.92,0
12962,2625,8,1,357.93,5
12963,5728,74,2,224.24,0
12964,1729,284,2,111.58,0
12965,9823,261,2,297.20,0
12966,6827,289,2,90.69,15
12967,7169,74,3,224.24,0
12968,1983,103,4,252.38,0
12969,42,139,1,321.64,10
12970,3971,207,4,326.57,10
12971,6788,185,5,48.99,5
12972,8165,192,2,90.00,0
12973,1792,248,4,149.84,15
12974,7470,285,1,258.56,10
12975,973,276,2,342.04,15
12976,162,139,2,321.64,0
12977,7510,282,4,381.21,5
12978,7962,105,2,338.11,0
12979,372,3,3,369.07,10
12980,9764,208,5,389.11,0
12981,3785,284,2,111.58,0
12982,8399,245,1,310.10,5
12983,6416,119,5,86.31,0
12984,9767,226,1,348.65,0
12985,2478,245,1,310.10,0
12986,9613,208,1,389.11,15
12987,5829,274,1,53.21,0
12988,8076,214,3,163.02,10
12989,7972,158,5,214.14,15
12990,2983,49,5,123.44,0
12991,5812,64,5,245.58,10
12992,2111,78,2,33.23,15
12993,5910,213,4,37.84,0
12994,1874,49,3,123.44,0
12995,8671,130,3,200.63,15
12996,2103,161,2,291.83,0
12997,5420,217,2,395.04,0
12998,8654,11,1,176.97,5
12999,9916,51,2,340.30,0
13000,8156,68,1,277.33,0
13001,5796,206,1,31.78,15
13002,5739,235,3,43.63,5
13003,8120,5,2,235.25,10
13004,9261,245,2,310.10,0
13005,744,256,4,343.78,0
13006,2930,290,1,25.70,0
13007,1789,165,5,273.91,0
13008,3842,179,1,237.43,5
13009,1383,3,3,369.07,10
13010,7054,35,2,335.83,10
13011,2929,209,2,188.28,15
13012,9532,173,5,178.93,0
13013,9987,188,4,61.43,15
13014,8947,116,4,368.79,0
13015,9283,169,1,65.85,0
13016,4522,83,1,80.10,10
13017,6241,182,1,183.61,0
13018,7395,67,4,134.74,10
13019,2104,295,2,307.36,0
13020,8985,147,5,344.67,15
13021,3262,42,3,309.17,5
13022,9416,199,1,378.96,0
13023,3554,47,4,202.34,0
13024,7135,205,1,150.21,0
13025,1208,48,1,72.09,10
13026,5650,16,4,386.04,15
13027,6483,293,5,58.98,10
13028,9405,4,3,296.68,5
13029,9357,296,5,93.52,10
13030,9135,106,4,66.50,0
13031,4284,202,2,268.66,5
13032,9117,132,5,356.02,15
13033,7840,186,1,146.92,5
13034,6348,64,2,245.58,0
13035,6958,221,2,33.76,5
13036,6532,260,5,294.26,0
13037,6582,103,5,252.38,0
13038,1742,264,3,38.50,15
13039,9213,93,2,28.93,0
13040,3107,8,2,357.93,15
13041,2043,103,4,252.38,5
13042,3999,165,3,273.91,0
13043,5577,231,3,64.44,0
13044,417,28,2,82.43,5
13045,6413,172,1,43.91,0
13046,9505,71,5,167.32,5
13047,4797,250,1,178.43,0
13048,9399,205,4,150.21,0
13049,9113,196,2,160.55,15
13050,3616,11,4,176.97,0
13051,28,90,4,206.30,0
13052,1046,265,2,366.02,10
13053,8786,64,3,245.58,15
13054,1728,147,4,344.67,5
13055,507,89,2,285.99,5
13056,8966,283,1,390.13,15
13057,5932,21,3,299.77,0
13058,956,108,2,261.20,15
13059,4733,245,1,310.10,15
13060,7344,149,4,70.07,10
13061,4549,250,1,178.43,15
13062,4467,25,2,157.60,15
13063,6236,4,5,296.68,10
13064,972,105,5,338.11,0
13065,6538,36,2,229.35,0
13066,6575,204,2,197.94,0
13067,8131,151,2,214.50,0
13068,5708,69,3,156.10,5
13069,616,200,5,67.84,0
13070,2633,298,2,253.90,10
13071,4514,90,4,206.30,5
13072,6690,88,1,42.74,0
13073,6129,121,4,251.05,0
13074,981,31,5,136.27,0
13075,1421,275,1,59.35,0
13076,7856,191,4,226.42,15
13077,3208,214,5,163.02,10
13078,2554,236,4,383.46,15
13079,773,292,2,136.17,5
13080,8760,276,4,342.04,0
13081,4328,252,1,24.03,0
13082,6134,142,2,249.44,15
13083,5429,256,2,343.78,10
13084,4006,105,3,338.11,10
13085,4642,140,2,120.30,0
13086,4122,193,2,85.60,0
13087,7591,105,2,338.11,5
13088,7536,50,3,311.33,10
13089,542,176,2,367.34,0
13090,3461,153,4,174.41,0
13091,5954,264,5,38.50,0
13092,2710,129,2,265.34,15
13093,9082,69,4,156.10,5
13094,2598,75,2,347.15,0
13095,3501,94,4,66.86,10
13096,2719,75,2,347.15,0
13097,1159,179,2,237.43,0
13098,8373,158,4,214.14,10
13099,762,100,4,371.65,15
13100,3117,298,5,253.90,10
13101,5368,111,1,225.30,15
13102,8318,94,5,66.86,10
13103,4871,97,3,234.59,0
13104,7576,223,2,23.99,0
13105,8781,111,3,225.30,5
13106,4301,109,5,97.22,0
13107,7910,206,3,31.78,0
13108,4351,282,1,381.21,0
13109,643,125,4,327.79,10
13110,6749,57,1,140.14,0
13111,8530,103,3,252.38,0
13112,7267,69,2,156.10,0
13113,2354,86,1,365.04,10
13114,8968,242,5,67.91,0
13115,1830,98,2,115.13,15
13116,9955,194,2,212.39,0
13117,7174,121,4,251.05,5
13118,962,114,1,156.49,10
13119,6608,77,5,338.07,5
13120,7751,285,3,258.56,0
13121,600,217,2,395.04,0
13122,3560,18,5,318.44,10
13123,6236,55,3,396.81,0
13124,5070,25,3,157.60,0
13125,551,48,5,72.09,15
13126,2308,18,5,318.44,15
13127,8492,62,4,78.99,5
13128,3660,21,1,299.77,15
13129,4290,222,5,345.59,0
13130,3094,13,2,97.73,0
13131,5518,232,2,182.33,15
13132,2301,219,4,30.27,15
13133,7475,144,5,321.56,0
13134,5326,68,4,277.33,10
13135,8965,207,2,326.57,0
13136,7176,212,3,324.30,0
13137,9884,82,1,278.93,5
13138,9049,242,2,67.91,10
13139,407,12,1,161.29,0
13140,6529,190,1,22.53,0
13141,7460,36,1,229.35,5
13142,4369,120,2,388.54,0
13143,7784,12,1,161.29,0
13144,5539,128,3,220.39,10
13145,8787,103,5,252.38,15
13146,9464,109,1,97.22,10
13147,5624,61,2,175.74,10
13148,8564,78,3,33.23,5
13149,141,278,2,334.45,10
13150,102,178,5,308.38,15
13151,2102,191,5,226.42,10
13152,686,243,3,297.01,0
13153,7665,187,5,234.45,10
13154,1780,137,5,288.60,15
13155,9080,74,3,224.24,0
13156,7371,289,2,90.69,5
13157,9597,26,4,122.89,5
13158,7614,188,4,61.43,5
13159,6298,162,5,270.73,0
13160,8138,9,5,150.86,5
13161,9300,289,3,90.69,0
13162,1085,20,5,344.16,5
13163,4210,285,3,258.56,5
13164,4226,227,3,303.25,10
13165,6339,253,4,286.72,10
13166,5490,295,3,307.36,10
13167,9229,42,3,309.17,0
13168,8969,286,3,362.28,0
13169,9227,188,5,61.43,5
13170,1247,291,1,25.51,0
13171,7085,70,4,315.23,15
13172,2499,103,3,252.38,10
13173,6778,23,5,393.39,10
13174,8966,217,2,395.04,15
13175,7149,188,4,61.43,5
13176,3718,53,1,200.65,0
13177,3418,60,4,275.96,0
13178,2946,16,1,386.04,0
13179,425,267,2,208.17,15
13180,1267,17,2,353.82,0
13181,9507,8,4,357.93,0
13182,8483,142,3,249.44,0
13183,2752,190,1,22.53,10
13184,6855,278,5,334.45,0
13185,4309,145,1,94.23,0
13186,5676,208,4,389.11,10
13187,877,284,4,111.58,0
13188,2,24,4,74.40,0
13189,5292,218,5,385.74,15
13190,8751,196,4,160.55,5
13191,9330,120,4,388.54,10
13192,3546,262,2,265.12,0
13193,8572,76,4,297.26,10
13194,5903,177,3,218.39,15
13195,457,10,1,228.01,15
13196,4820,104,5,188.19,0
13197,4945,75,2,347.15,0
13198,6180,142,1,249.44,5
13199,7620,66,1,206.27,5
13200,9511,264,2,38.50,15
13201,1351,96,1,264.06,0
13202,9059,279,2,313.02,0
13203,982,13,4,97.73,10
13204,9679,78,3,33.23,15
13205,5414,58,1,218.95,0
13206,2143,286,4,362.28,15
13207,4512,95,5,69.49,10
13208,619,44,4,57.92,15
13209,2596,165,1,273.91,0
13210,3568,101,1,167.15,10
13211,4204,122,1,222.97,15
13212,4768,244,4,146.67,10
13213,6266,13,2,97.73,15
13214,4869,47,1,202.34,5
13215,4474,150,5,181.60,5
13216,3115,292,1,136.17,0
13217,9997,62,5,78.99,0
13218,8109,45,5,382.91,0
13219,876,31,1,136.27,10
13220,9983,155,1,190.98,0
13221,4279,5,3,235.25,0
13222,4438,239,3,320.95,15
13223,5227,99,3,283.04,0
13224,7518,202,3,268.66,0
13225,4554,103,5,252.38,5
13226,6651,92,5,50.16,15
13227,167,17,2,353.82,0
13228,7887,243,2,297.01,5
13229,4549,300,5,60.59,10
13230,8388,205,3,150.21,15
13231,2844,138,4,331.78,0
13232,3125,227,3,303.25,10
13233,6469,240,5,117.00,0
13234,9617,235,5,43.63,10
13235,9433,62,3,78.99,0
13236,826,204,3,197.94,0
13237,5091,36,4,229.35,10
13238,4436,73,4,222.38,5
13239,7832,182,3,183.61,15
13240,5958,204,5,197.94,15
13241,1397,66,4,206.27,0
13242,802,50,2,311.33,0
13243,8389,9,3,150.86,15
13244,756,266,2,7.51,0
13245,9077,128,5,220.39,0
13246,7760,111,4,225.30,15
13247,5351,259,4,201.35,0
13248,3850,94,3,66.86,0
13249,1289,97,3,234.59,0
13250,3354,18,5,318.44,0
13251,9033,87,1,84.63,15
13252,3526,224,1,8.13,15
13253,4388,212,3,324.30,0
13254,3859,111,3,225.30,0
13255,8617,220,1,131.34,5
13256,4009,96,5,264.06,0
13257,4964,23,2,393.39,15
13258,4279,276,1,342.04,10
13259,3037,49,4,123.44,5
13260,9235,175,1,372.30,0
13261,8669,64,4,245.58,10
13262,8283,238,2,200.57,10
13263,7929,28,5,82.43,15
13264,3729,40,3,226.87,10
13265,4069,224,1,8.13,0
13266,844,65,2,76.41,15
13267,8599,206,2,31.78,0
13268,1283,6,4,190.26,5
13269,7530,47,1,202.34,10
13270,1810,235,3,43.63,5
13271,707,140,3,120.30,0
13272,1041,110,5,326.74,0
13273,8387,18,2,318.44,10
13274,1136,211,3,323.51,0
13275,7349,125,2,327.79,0
13276,6678,121,1,251.05,0
13277,8385,188,3,61.43,0
13278,8196,93,2,28.93,10
13279,1292,41,4,89.26,15
13280,3798,78,2,33.23,15
13281,5053,256,2,343.78,10
13282,7090,233,1,245.00,10
13283,7740,153,2,174.41,0
13284,8441,84,4,124.05,5
13285,9912,269,1,79.59,0
13286,8834,123,3,106.64,5
13287,4867,172,2,43.91,15
13288,5118,247,5,202.30,0
13289,7917,266,3,7.51,0
13290,775,90,1,206.30,0
13291,1643,60,4,275.96,15
13292,2459,207,1,326.57,15
13293,3923,7,4,263.49,15
13294,8835,44,1,57.92,0
13295,5764,184,5,200.81,0
13296,3453,65,1,76.41,0
13297,3195,59,1,213.06,0
13298,7743,274,5,53.21,10
13299,2760,270,2,246.69,10
13300,5982,190,5,22.53,15
13301,6382,252,5,24.03,0
13302,3544,13,2,97.73,0
13303,3982,31,5,136.27,15
13304,8869,98,3,115.13,0
13305,1242,40,5,226.87,0
13306,4415,149,5,70.07,5
13307,6970,165,1,273.91,15
13308,4417,252,5,24.03,0
13309,4323,83,1,80.10,10
13310,7278,100,3,371.65,5
13311,841,197,1,208.34,0
13312,7073,291,2,25.51,10
13313,3766,49,1,123.44,0
13314,2367,214,4,163.02,15
13315,6998,233,3,245.00,0
13316,8315,195,2,282.87,0
13317,2923,75,4,347.15,0
13318,9835,254,5,396.05,0
13319,2469,280,2,319.72,10
13320,9348,179,5,237.43,0
13321,137,86,3,365.04,15
13322,479,127,5,126.84,0
13323,5597,171,4,132.85,10
13324,2754,210,4,211.85,0
13325,9573,249,2,124.21,15
13326,3014,75,3,347.15,0
13327,4335,285,5,258.56,5
13328,2116,284,4,111.58,0
13329,8364,129,2,265.34,10
13330,7090,196,5,160.55,10
13331,5710,183,2,78.33,5
13332,746,293,5,58.98,0
13333,6167,268,5,226.31,10
13334,860,118,1,351.34,0
13335,2849,234,1,268.61,0
13336,9909,141,4,53.20,15
13337,1186,182,2,183.61,0
13338,4243,75,1,347.15,10
13339,3807,46,2,252.91,0
13340,4287,292,2,136.17,0
13341,1410,88,5,42.74,5
13342,2412,251,4,113.15,0
13343,6999,97,3,234.59,0
13344,1609,115,5,353.64,10
13345,6840,137,3,288.60,15
13346,1244,47,1,202.34,10
13347,5502,43,4,232.40,0
13348,8072,36,4,229.35,0
13349,4517,29,3,34.87,5
13350,5235,291,4,25.51,5
13351,3435,88,1,42.74,0
13352,6125,143,2,374.36,0
13353,7634,40,2,226.87,0
13354,8138,266,1,7.51,15
13355,283,220,2,131.34,10
13356,108,197,4,208.34,5
13357,7128,42,2,309.17,5
13358,7562,10,1,228.01,0
13359,2811,235,5,43.63,15
13360,3393,141,4,53.20,5
13361,7165,104,5,188.19,15
13362,7220,117,3,350.39,10
13363,7130,146,2,44.01,5
13364,4188,185,5,48.99,5
13365,6153,124,2,320.32,0
13366,4267,275,1,59.35,5
13367,5133,143,1,374.36,0
13368,1164,191,1,226.42,0
13369,4017,255,2,339.07,0
13370,144,196,3,160.55,0
13371,1146,89,5,285.99,0
13372,6436,280,2,319.72,15
13373,6056,279,1,313.02,15
13374,8846,91,5,371.67,0
13375,6304,269,4,79.59,5
13376,1041,110,5,326.74,0
13377,9130,157,1,87.60,5
13378,1560,220,1,131.34,10
13379,4911,297,5,30.06,5
13380,1544,94,3,66.86,10
13381,4313,8,3,357.93,15
13382,8444,266,1,7.51,0
13383,3321,174,5,232.35,10
13384,3943,46,2,252.91,10
13385,9346,230,3,323.29,0
13386,1528,271,5,327.62,0
13387,5346,246,1,62.04,5
13388,6355,14,3,106.54,10
13389,5559,272,2,120.04,0
13390,9121,129,2,265.34,0
13391,15,254,5,396.05,10
13392,8517,279,3,313.02,5
13393,8691,234,2,268.61,5
13394,8686,65,1,76.41,5
13395,767,215,2,252.10,0
13396,4340,9,5,150.86,5
13397,5371,193,1,85.60,10
13398,4251,36,2,229.35,0
13399,6513,33,2,330.23,5
13400,1539,172,5,43.91,10
13401,5193,190,4,22.53,10
13402,1298,160,2,132.63,15
13403,1184,88,2,42.74,5
13404,1591,244,4,146.67,0
13405,5234,20,4,344.16,0
13406,5504,60,1,275.96,15
13407,7238,227,5,303.25,10
13408,4817,42,3,309.17,0
13409,7202,251,3,113.15,15
13410,9063,100,4,371.65,0
13411,6053,30,3,190.99,0
13412,148,128,2,220.39,5
13413,2976,9,1,150.86,10
13414,6161,285,3,258.56,0
13415,9544,12,5,161.29,0
13416,9814,121,5,251.05,0
13417,2365,27,4,65.87,10
13418,7618,31,3,136.27,0
13419,3777,250,5,178.43,5
13420,3696,152,2,359.63,5
13421,7255,182,4,183.61,0
13422,9735,214,1,163.02,0
13423,1380,184,3,200.81,15
13424,1084,85,1,114.41,0
13425,6045,4,3,296.68,15
13426,8441,193,2,85.60,0
13427,7167,20,1,344.16,0
13428,4075,300,3,60.59,0
13429,3750,211,1,323.51,5
13430,290,185,1,48.99,5
13431,317,117,5,350.39,0
13432,2308,61,4,175.74,0
13433,7284,256,2,343.78,0
13434,707,213,3,37.84,15
13435,2945,225,3,338.57,5
13436,693,68,4,277.33,0
13437,7156,129,2,265.34,5
13438,1120,128,4,220.39,0
13439,7746,254,4,396.05,0
13440,84,249,2,124.21,0
13441,4898,16,3,386.04,15
13442,2211,9,1,150.86,15
13443,2662,90,3,206.30,0
13444,7713,298,3,253.90,0
13445,2156,130,4,200.63,10
13446,6089,184,1,200.81,5
13447,7722,241,3,101.41,5
13448,2897,260,2,294.26,0
13449,1998,171,3,132.85,0
13450,8200,100,5,371.65,5
13451,2069,298,2,253.90,5
13452,1860,21,1,299.77,5
13453,4630,41,4,89.26,0
13454,7651,271,2,327.62,15
13455,6259,46,3,252.91,0
13456,5464,250,2,178.43,0
13457,7961,184,3,200.81,10
13458,7425,217,5,395.04,5
13459,1206,82,5,278.93,10
13460,1631,39,5,49.89,0
13461,2845,140,2,120.30,15
13462,2760,79,2,19.52,10
13463,6614,162,1,270.73,10
13464,7851,62,4,78.99,0
13465,1461,77,4,338.07,5
13466,6085,142,5,249.44,10
13467,6956,298,2,253.90,10
13468,1993,133,4,47.71,15
13469,1520,113,5,75.33,0
13470,3531,244,5,146.67,10
13471,4518,297,4,30.06,0
13472,3918,133,1,47.71,10
13473,8628,113,5,75.33,0
13474,8579,276,4,342.04,10
13475,4049,172,2,43.91,5
13476,5831,97,3,234.59,5
13477,7807,20,2,344.16,0
13478,9348,195,4,282.87,5
13479,2334,268,2,226.31,5
13480,4475,143,4,374.36,0
13481,2260,108,2,261.20,0
13482,9268,95,4,69.49,0
13483,2952,196,4,160.55,0
13484,8802,180,5,323.47,10
13485,9191,293,1,58.98,0
13486,9196,24,5,74.40,15
13487,3123,73,2,222.38,0
13488,433,210,1,211.85,10
13489,4378,152,1,359.63,15
13490,5931,196,4,160.55,0
13491,974,158,5,214.14,5
13492,65,273,4,341.96,0
13493,1550,266,2,7.51,15
13494,6719,176,5,367.34,10
13495,5441,139,3,321.64,10
13496,4254,280,5,319.72,0
13497,3317,187,1,234.45,10
13498,1914,97,3,234.59,0
13499,4269,261,1,297.20,5
13500,2439,135,4,387.74,15
13501,8190,229,3,324.76,0
13502,9664,164,3,395.54,10
13503,4151,95,2,69.49,10
13504,4910,228,2,335.11,0
13505,7450,144,5,321.56,5
13506,345,294,2,200.35,15
13507,3729,134,3,378.20,0
13508,7630,258,4,171.69,15
13509,7405,266,3,7.51,5
13510,6443,98,4,115.13,15
13511,5285,182,2,183.61,0
13512,2677,220,5,131.34,0
13513,1464,290,3,25.70,0
13514,2849,202,1,268.66,15
13515,8018,96,3,264.06,0
13516,4180,41,3,89.26,5
13517,1965,122,4,222.97,0
13518,9634,8,5,357.93,5
13519,4752,8,5,357.93,0
13520,4812,100,5,371.65,0
13521,900,5,1,235.25,0
13522,1637,286,5,362.28,0
13523,2956,152,5,359.63,0
13524,1123,241,4,101.41,5
13525,3860,252,3,24.03,0
13526,7828,81,3,191.34,0
13527,2196,27,2,65.87,10
13528,8253,109,1,97.22,10
13529,9350,120,5,388.54,0
13530,1687,12,1,161.29,0
13531,5229,142,5,249.44,0
13532,4179,31,1,136.27,0
13533,5994,165,3,273.91,0
13534,7276,145,4,94.23,0
13535,1648,26,3,122.89,0
13536,5314,176,3,367.34,15
13537,481,173,2,178.93,0
13538,6303,138,2,331.78,5
13539,5706,244,2,146.67,0
13540,3293,82,2,278.93,5
13541,7301,246,5,62.04,15
13542,4935,31,4,136.27,0
13543,9116,267,1,208.17,5
13544,166,150,4,181.60,5
13545,5821,111,2,225.30,5
13546,3459,2,2,340.09,0
13547,8003,99,4,283.04,15
13548,7361,112,3,121.23,10
13549,4189,128,4,220.39,0
13550,4487,156,5,344.64,0
13551,3072,239,3,320.95,0
13552,3302,125,1,327.79,0
13553,6883,177,4,218.39,5
13554,2959,44,3,57.92,5
13555,2426,262,2,265.12,0
13556,1528,97,1,234.59,15
13557,6729,74,3,224.24,0
13558,8078,126,1,68.11,0
13559,4889,166,5,314.43,10
13560,5993,235,2,43.63,5
13561,7930,279,4,313.02,10
13562,1011,149,4,70.07,5
13563,3931,224,1,8.13,0
13564,1661,123,1,106.64,0
13565,6652,209,5,188.28,15
13566,114,248,2,149.84,10
13567,5844,253,2,286.72,5
13568,9566,292,5,136.17,5
13569,9236,236,1,383.46,0
13570,6111,127,1,126.84,15
13571,2949,282,4,381.21,10
13572,2347,244,5,146.67,15
13573,3382,26,2,122.89,15
13574,2162,24,5,74.40,0
13575,7525,188,3,61.43,0
13576,469,277,2,219.37,0
13577,5140,170,3,67.45,15
13578,7098,16,5,386.04,0
13579,6698,191,3,226.42,0
13580,2898,29,1,34.87,10
13581,3204,257,2,63.30,0
13582,5321,151,3,214.50,0
13583,4930,244,1,146.67,0
13584,9817,240,4,117.00,0
13585,594,57,1,140.14,0
13586,3106,165,1,273.91,0
13587,5472,158,4,214.14,5
13588,5576,7,2,263.49,5
13589,2141,157,4,87.60,5
13590,4538,23,4,393.39,0
13591,1318,226,1,348.65,0
13592,9937,219,3,30.27,5
13593,861,289,2,90.69,0
13594,3328,254,2,396.05,0
13595,35,80,2,392.68,0
13596,7096,203,3,6.30,0
13597,4518,256,2,343.78,0
13598,6406,49,5,123.44,10
13599,6748,235,4,43.63,10
13600,4190,122,4,222.97,10
13601,1750,233,4,245.00,0
13602,3438,58,1,218.95,0
13603,3406,194,1,212.39,10
13604,1501,145,2,94.23,15
13605,7821,55,4,396.81,0
13606,6146,34,5,297.79,5
13607,9749,280,2,319.72,5
13608,1151,256,1,343.78,5
13609,9197,111,3,225.30,0
13610,4418,43,2,232.40,0
13611,8317,66,5,206.27,5
13612,8334,213,2,37.84,0
13613,7459,168,2,156.48,0
13614,5927,229,4,324.76,0
13615,1866,169,5,65.85,0
13616,4707,124,5,320.32,5
13617,3164,102,4,102.20,0
13618,3544,70,4,315.23,5
13619,7715,148,3,119.97,0
13620,4611,81,2,191.34,0
13621,900,69,2,156.10,15
13622,6704,149,2,70.07,10
13623,1585,1,5,281.65,0
13624,6172,56,2,372.10,0
13625,9498,65,2,76.41,0
13626,3635,242,1,67.91,0
13627,7157,162,2,270.73,0
13628,8533,165,2,273.91,0
13629,5338,83,5,80.10,15
13630,6828,270,1,246.69,10
13631,3536,142,2,249.44,0
13632,9457,240,5,117.00,0
13633,8721,36,1,229.35,0
13634,9232,252,1,24.03,10
13635,4940,74,2,224.24,5
13636,3739,16,1,386.04,5
13637,238,284,5,111.58,0
13638,818,169,1,65.85,0
13639,144,26,1,122.89,5
13640,1581,185,3,48.99,10
13641,2152,250,1,178.43,15
13642,6992,80,4,392.68,15
13643,322,191,5,226.42,10
13644,3765,88,5,42.74,5
13645,6282,275,3,59.35,0
13646,1953,140,4,120.30,0
13647,2930,282,1,381.21,15
13648,3412,45,1,382.91,0
13649,4836,10,5,228.01,0
13650,6076,203,2,6.30,0
13651,8250,174,2,232.35,5
13652,5700,168,1,156.48,0
13653,7208,235,1,43.63,0
13654,2087,270,1,246.69,15
13655,7783,147,4,344.67,0
13656,2857,281,2,263.43,10
13657,7393,291,1,25.51,0
13658,979,137,5,288.60,0
13659,8271,296,1,93.52,15
13660,2212,122,3,222.97,0
13661,80,178,4,308.38,10
13662,36,147,4,344.67,0
13663,5261,130,4,200.63,0
13664,3909,203,2,6.30,15
13665,6828,132,5,356.02,0
13666,9981,60,3,275.96,10
13667,2083,10,5,228.01,0
13668,1969,236,2,383.46,10
13669,458,176,4,367.34,0
13670,1523,97,2,234.59,0
13671,7101,79,5,19.52,0
13672,7664,109,3,97.22,0
13673,1754,207,4,326.57,15
13674,5318,14,5,106.54,10
13675,5118,130,5,200.63,15
13676,2688,232,5,182.33,0
13677,9618,76,4,297.26,10
13678,8457,27,3,65.87,5
13679,8729,268,1,226.31,0
13680,6208,83,3,80.10,0
13681,3960,297,2,30.06,0
13682,5557,155,4,190.98,0
13683,6990,206,3,31.78,5
13684,7990,11,5,176.97,0
13685,6713,20,5,344.16,5
13686,2850,158,3,214.14,10
13687,9823,142,4,249.44,5
13688,290,170,4,67.45,15
13689,8442,140,1,120.30,10
13690,8477,241,5,101.41,10
13691,3354,110,2,326.74,15
13692,908,248,4,149.84,10
13693,851,239,2,320.95,10
13694,6782,112,2,121.23,0
13695,3085,204,2,197.94,0
13696,7095,79,1,19.52,0
13697,7873,254,3,396.05,10
13698,2060,210,2,211.85,0
13699,5698,159,3,217.33,5
13700,6338,205,2,150.21,15
13701,143,129,4,265.34,15
13702,7469,199,5,378.96,10
13703,8753,191,5,226.42,10
13704,6145,262,5,265.12,5
13705,4894,73,3,222.38,0
13706,8297,226,2,348.65,0
13707,4736,182,1,183.61,10
13708,6458,222,5,345.59,0
13709,8278,117,1,350.39,5
13710,5015,162,1,270.73,10
13711,6992,219,2,30.27,0
13712,9239,57,3,140.14,5
13713,2541,4,3,296.68,5
13714,1205,176,2,367.34,5
13715,9949,292,2,136.17,0
13716,4456,221,4,33.76,15
13717,5931,68,2,277.33,15
13718,3457,62,1,78.99,0
13719,3617,73,5,222.38,0
13720,291,78,2,33.23,0
13721,4212,261,1,297.20,0
13722,7283,71,3,167.32,0
13723,7904,203,3,6.30,0
13724,41,184,3,200.81,0
13725,3524,280,3,319.72,0
13726,4723,185,1,48.99,15
13727,3825,147,3,344.67,15
13728,7266,103,1,252.38,5
13729,7952,194,1,212.39,15
13730,1167,214,3,163.02,0
13731,8234,134,3,378.20,0
13732,8567,85,1,114.41,0
13733,394,215,1,252.10,0
13734,6716,30,2,190.99,10
13735,595,12,3,161.29,0
13736,1648,209,4,188.28,15
13737,7171,146,2,44.01,0
13738,6342,208,2,389.11,5
13739,8426,174,5,232.35,5
13740,8513,83,5,80.10,15
13741,1971,122,2,222.97,5
13742,4078,163,5,20.58,0
13743,6724,76,1,297.26,10
13744,9918,126,4,68.11,5
13745,4145,145,3,94.23,5
13746,1223,289,1,90.69,0
13747,9239,94,2,66.86,15
13748,4628,1,5,281.65,5
13749,1166,226,3,348.65,5
13750,2547,300,2,60.59,10
13751,878,41,1,89.26,0
13752,466,176,3,367.34,0
13753,1788,178,4,308.38,0
13754,5403,108,1,261.20,15
13755,4072,180,3,323.47,5
13756,2365,144,1,321.56,0
13757,6655,203,5,6.30,5
13758,8429,128,2,220.39,15
13759,2608,28,1,82.43,0
13760,9456,54,2,316.28,0
13761,5563,141,1,53.20,5
13762,4417,202,3,268.66,15
13763,2001,249,1,124.21,5
13764,9670,282,3,381.21,0
13765,4660,17,4,353.82,0
13766,9066,234,5,268.61,0
13767,2906,127,3,126.84,0
13768,9790,56,4,372.10,15
13769,9216,292,3,136.17,0
13770,9588,147,4,344.67,0
13771,2582,54,3,316.28,10
13772,9717,115,5,353.64,5
13773,3465,174,5,232.35,10
13774,7791,107,2,65.37,0
13775,1010,266,4,7.51,5
13776,5878,90,5,206.30,0
13777,3804,265,1,366.02,15
13778,5006,19,2,20.40,5
13779,9218,89,5,285.99,5
13780,8039,156,4,344.64,5
13781,8679,252,4,24.03,0
13782,633,255,4,339.07,0
13783,8298,263,3,116.93,10
13784,8539,173,2,178.93,10
13785,8917,32,4,318.14,0
13786,9030,155,3,190.98,5
13787,4137,257,2,63.30,0
13788,5732,272,4,120.04,15
13789,5155,219,5,30.27,5
13790,7911,242,1,67.91,10
13791,2825,113,3,75.33,0
13792,2423,277,4,219.37,0
13793,4439,275,2,59.35,0
13794,6289,43,1,232.40,10
13795,8730,61,2,175.74,15
13796,3671,91,5,371.67,10
13797,5279,117,3,350.39,10
13798,1310,240,3,117.00,0
13799,8957,4,5,296.68,0
13800,2065,263,2,116.93,0
13801,1315,290,5,25.70,0
13802,4771,67,3,134.74,0
13803,8977,97,1,234.59,5
13804,9278,66,3,206.27,0
13805,4387,108,3,261.20,5
13806,3089,104,3,188.19,0
13807,6926,108,3,261.20,15
13808,1013,243,1,297.01,0
13809,6726,65,2,76.41,15
13810,9583,68,4,277.33,5
13811,7806,272,4,120.04,5
13812,5042,221,1,33.76,0
13813,1333,284,4,111.58,5
13814,5878,223,2,23.99,0
13815,8117,287,2,257.71,0
13816,3268,255,2,339.07,10
13817,4738,118,3,351.34,0
13818,6178,122,5,222.97,5
13819,2445,178,1,308.38,0
13820,8084,167,3,245.05,0
13821,911,28,4,82.43,0
13822,552,202,1,268.66,10
13823,6479,3,5,369.07,0
13824,2262,200,4,67.84,0
13825,9808,222,4,345.59,0
13826,1476,86,3,365.04,10
13827,7049,221,4,33.76,10
13828,6770,5,5,235.25,5
13829,8043,172,5,43.91,0
13830,1287,121,4,251.05,10
13831,2703,224,4,8.13,10
13832,1733,98,5,115.13,0
13833,2911,220,1,131.34,0
13834,8627,232,1,182.33,0
13835,1720,297,1,30.06,10
13836,7868,36,1,229.35,0
13837,6225,63,2,199.37,0
13838,6787,55,1,396.81,0
13839,6819,57,2,140.14,0
13840,8976,76,3,297.26,0
13841,9495,219,1,30.27,0
13842,4144,195,2,282.87,0
13843,896,147,4,344.67,5
13844,4670,148,3,119.97,15
13845,6274,102,5,102.20,0
13846,2219,215,1,252.10,0
13847,7743,29,2,34.87,0
13848,9690,48,3,72.09,15
13849,787,293,4,58.98,0
13850,2890,126,2,68.11,5
13851,9623,269,5,79.59,0
13852,5194,169,1,65.85,5
13853,7636,183,1,78.33,5
13854,30,175,3,372.30,10
13855,1795,47,3,202.34,0
13856,6709,147,5,344.67,15
13857,4034,288,4,66.37,0
13858,9305,253,1,286.72,10
13859,6246,237,4,199.63,0
13860,2343,73,5,222.38,0
13861,6845,171,2,132.85,0
13862,6486,195,2,282.87,10
13863,6220,42,2,309.17,0
13864,9350,271,2,327.62,15
13865,4846,208,1,389.11,0
13866,3793,294,4,200.35,0
13867,9640,81,5,191.34,10
13868,9209,299,1,277.33,0
13869,4067,152,5,359.63,5
13870,7092,31,5,136.27,0
13871,6475,76,3,297.26,0
13872,1443,95,5,69.49,10
13873,1477,28,1,82.43,0
13874,2928,40,2,226.87,0
13875,8433,98,4,115.13,0
13876,7366,5,4,235.25,15
13877,9074,237,3,199.63,15
13878,5658,288,1,66.37,0
13879,9352,107,2,65.37,15
13880,9307,38,5,200.72,10
13881,6131,232,4,182.33,15
13882,1430,79,1,19.52,10
13883,2135,239,1,320.95,0
13884,3761,161,4,291.83,0
13885,862,199,1,378.96,15
13886,8030,263,1,116.93,15
13887,6827,50,4,311.33,5
13888,7475,24,5,74.40,0
13889,8182,153,3,174.41,0
13890,7387,268,4,226.31,10
13891,1773,74,5,224.24,15
13892,8991,123,5,106.64,10
13893,1838,136,4,222.85,10
13894,6732,123,3,106.64,10
13895,1868,210,1,211.85,0
13896,9605,86,2,365.04,0
13897,6916,267,1,208.17,15
13898,4188,133,5,47.71,15
13899,3078,259,2,201.35,10
13900,1313,213,1,37.84,5
13901,5625,250,5,178.43,15
13902,1402,90,1,206.30,0
13903,8678,293,2,58.98,0
13904,1262,47,1,202.34,0
13905,1184,292,2,136.17,0
13906,4212,230,5,323.29,0
13907,8577,258,1,171.69,0
13908,6570,1,2,281.65,10
13909,5720,138,5,331.78,0
13910,8878,107,4,65.37,5
13911,3021,65,2,76.41,0
13912,2428,148,3,119.97,5
13913,3988,17,1,353.82,0
13914,1184,293,1,58.98,0
13915,3249,106,3,66.50,10
13916,7257,215,3,252.10,0
13917,6016,45,1,382.91,10
13918,6591,177,5,218.39,5
13919,5318,23,2,393.39,5
13920,1497,127,3,126.84,0
13921,2620,200,2,67.84,0
13922,6961,285,4,258.56,0
13923,9640,153,4,174.41,0
13924,6263,264,1,38.50,10
13925,4018,53,3,200.65,10
13926,1233,130,3,200.63,0
13927,9043,117,1,350.39,10
13928,9390,207,5,326.57,5
13929,8056,235,5,43.63,0
13930,7354,250,1,178.43,0
13931,4828,36,1,229.35,15
13932,3235,201,1,68.26,5
13933,8753,218,1,385.74,0
13934,9043,300,4,60.59,10
13935,9825,55,2,396.81,5
13936,6714,228,2,335.11,0
13937,7343,2,2,340.09,0
13938,658,96,3,264.06,15
13939,2432,76,1,297.26,0
13940,2375,217,2,395.04,15
13941,5577,140,5,120.30,0
13942,9179,290,1,25.70,0
13943,7934,159,4,217.33,0
13944,2439,212,2,324.30,0
13945,7704,190,4,22.53,15
13946,6763,73,5,222.38,10
13947,9884,12,2,161.29,0
13948,9485,115,4,353.64,0
13949,6920,117,1,350.39,0
13950,8773,22,2,193.70,15
13951,7576,193,1,85.60,0
13952,2226,216,5,301.09,0
13953,556,260,4,294.26,0
13954,9587,129,3,265.34,0
13955,235,83,4,80.10,10
13956,5518,138,1,331.78,0
13957,5407,261,5,297.20,0
13958,6088,295,5,307.36,0
13959,2269,219,1,30.27,0
13960,852,116,2,368.79,10
13961,9847,184,5,200.81,0
13962,6475,119,2,86.31,10
13963,4061,158,4,214.14,0
13964,3592,238,1,200.57,0
13965,3421,134,2,378.20,5
13966,9135,106,5,66.50,10
13967,3593,202,4,268.66,15
13968,6580,211,4,323.51,0
13969,4162,161,2,291.83,0
13970,5390,21,5,299.77,0
13971,9341,246,5,62.04,5
13972,7315,118,1,351.34,10
13973,273,120,2,388.54,0
13974,9235,157,1,87.60,0
13975,4816,240,1,117.00,0
13976,6721,220,2,131.34,0
13977,6029,277,5,219.37,0
13978,2508,236,3,383.46,5
13979,9205,133,2,47.71,5
13980,1115,209,3,188.28,5
13981,5298,135,2,387.74,0
13982,7408,200,5,67.84,0
13983,7434,160,3,132.63,0
13984,5315,244,3,146.67,5
13985,2101,34,1,297.79,0
13986,4120,285,5,258.56,15
13987,4697,135,4,387.74,0
13988,3337,244,1,146.67,0
13989,9567,295,3,307.36,0
13990,4135,72,5,370.40,5
13991,963,188,1,61.43,0
13992,3393,33,4,330.23,5
13993,3707,199,5,378.96,0
13994,9228,183,1,78.33,0
13995,9616,115,4,353.64,0
13996,4271,111,3,225.30,0
13997,2196,69,2,156.10,10
13998,7808,172,1,43.91,0
13999,961,24,1,74.40,0
14000,1634,42,3,309.17,0
14001,5802,191,1,226.42,0
14002,1835,168,2,156.48,15
14003,9769,176,5,367.34,0
14004,6644,120,2,388.54,5
14005,6794,26,3,122.89,5
14006,6051,243,2,297.01,5
14007,4016,94,2,66.86,15
14008,1989,18,3,318.44,5
14009,5504,221,5,33.76,5
14010,8060,231,2,64.44,15
14011,820,80,2,392.68,0
14012,4041,255,1,339.07,15
14013,15,159,2,217.33,0
14014,9597,4,1,296.68,15
14015,1201,253,2,286.72,0
14016,5569,103,5,252.38,5
14017,3189,179,5,237.43,0
14018,5842,228,4,335.11,15
14019,705,66,4,206.27,10
14020,6872,207,5,326.57,0
14021,3421,105,4,338.11,10
14022,2502,163,2,20.58,10
14023,5665,140,5,120.30,5
14024,5428,260,3,294.26,5
14025,5286,241,4,101.41,0
14026,3460,171,5,132.85,15
14027,7659,253,1,286.72,15
14028,3902,39,3,49.89,0
14029,1915,201,1,68.26,0
14030,9941,77,2,338.07,5
14031,8812,52,4,51.91,5
14032,2188,21,3,299.77,10
14033,7575,99,5,283.04,10
14034,9907,192,1,90.00,0
14035,8990,291,1,25.51,0
14036,2639,20,5,344.16,5
14037,8192,127,1,126.84,0
14038,1688,89,1,285.99,5
14039,9442,198,3,116.63,0
14040,7935,77,4,338.07,5
14041,4802,38,5,200.72,15
14042,3590,82,5,278.93,0
14043,1592,231,4,64.44,0
14044,8989,27,4,65.87,10
14045,3005,39,1,49.89,0
14046,2024,84,3,124.05,0
14047,5615,16,1,386.04,5
14048,9981,130,5,200.63,0
14049,7886,167,2,245.05,0
14050,3862,132,3,356.02,15
14051,7181,224,5,8.13,0
14052,186,297,5,30.06,0
14053,656,22,4,193.70,15
14054,6703,54,3,316.28,15
14055,2528,276,1,342.04,10
14056,6927,281,2,263.43,5
14057,952,182,3,183.61,0
14058,936,292,4,136.17,15
14059,4679,87,5,84.63,15
14060,9476,96,1,264.06,0
14061,3731,287,3,257.71,15
14062,2060,223,3,23.99,10
14063,2766,107,5,65.37,15
14064,5578,252,5,24.03,0
14065,720,210,2,211.85,0
14066,1716,119,1,86.31,0
14067,6338,24,3,74.40,10
14068,486,18,5,318.44,10
14069,6695,89,2,285.99,0
14070,6457,207,3,326.57,0
14071,2002,150,1,181.60,0
14072,4613,296,2,93.52,0
14073,6124,277,4,219.37,10
14074,2563,113,1,75.33,0
14075,4219,234,5,268.61,15
14076,729,25,4,157.60,5
14077,8809,89,5,285.99,0
14078,8231,44,4,57.92,10
14079,3921,283,1,390.13,0
14080,6631,247,5,202.30,0
14081,2720,18,4,318.44,0
14082,3500,45,3,382.91,0
14083,6808,208,5,389.11,5
14084,2669,109,1,97.22,15
14085,4834,197,3,208.34,10
14086,9405,70,2,315.23,0
14087,3098,61,5,175.74,10
14088,5044,258,4,171.69,10
14089,5052,2,2,340.09,0
14090,8063,266,2,7.51,10
14091,4717,225,1,338.57,15
14092,2238,6,5,190.26,5
14093,7437,50,3,311.33,5
14094,442,78,4,33.23,15
14095,1527,182,3,183.61,15
14096,187,162,2,270.73,0
14097,5372,167,5,245.05,0
14098,711,277,2,219.37,0
14099,1136,220,5,131.34,15
14100,5000,118,1,351.34,15
14101,5313,83,1,80.10,0
14102,3276,120,3,388.54,0
14103,8209,293,4,58.98,5
14104,7614,145,3,94.23,5
14105,4793,211,4,323.51,0
14106,7896,57,3,140.14,15
14107,5620,88,5,42.74,0
14108,8775,232,4,182.33,0
14109,9428,113,2,75.33,0
14110,6734,297,3,30.06,0
14111,5301,159,4,217.33,15
14112,8439,272,3,120.04,0
14113,2142,298,3,253.90,5
14114,9670,120,1,388.54,5
14115,5217,33,2,330.23,10
14116,667,292,4,136.17,5
14117,1416,71,3,167.32,0
14118,8522,73,5,222.38,0
14119,53,193,3,85.60,10
14120,9924,241,1,101.41,0
14121,9957,45,5,382.91,0
14122,908,233,3,245.00,5
14123,7003,32,2,318.14,15
14124,8943,252,1,24.03,0
14125,3727,107,4,65.37,0
14126,7424,219,1,30.27,10
14127,1922,92,4,50.16,0
14128,1780,84,4,124.05,5
14129,9938,258,3,171.69,0
14130,1984,213,1,37.84,0
14131,7962,251,3,113.15,0
14132,524,255,3,339.07,0
14133,6989,63,2,199.37,0
14134,5451,297,5,30.06,15
14135,4566,56,2,372.10,5
14136,5772,296,4,93.52,0
14137,2788,170,2,67.45,0
14138,979,267,3,208.17,0
14139,6395,172,5,43.91,5
14140,8017,3,3,369.07,10
14141,8020,108,4,261.20,0
14142,4312,273,5,341.96,15
14143,2664,109,4,97.22,10
14144,6998,193,5,85.60,0
14145,2835,275,2,59.35,15
14146,388,18,3,318.44,0
14147,7509,239,4,320.95,10
14148,2928,64,2,245.58,0
14149,8969,137,1,288.60,0
14150,3789,160,4,132.63,5
14151,5007,134,2,378.20,10
14152,5936,74,3,224.24,15
14153,2423,18,3,318.44,5
14154,9957,194,3,212.39,5
14155,7139,11,2,176.97,10
14156,7288,246,5,62.04,5
14157,9697,117,1,350.39,5
14158,6235,19,3,20.40,0
14159,2764,151,3,214.50,0
14160,8200,2,2,340.09,5
14161,8886,50,3,311.33,0
14162,8728,235,3,43.63,10
14163,4407,178,5,308.38,0
14164,9056,260,5,294.26,15
14165,7310,114,5,156.49,0
14166,6415,135,1,387.74,0
14167,7176,121,2,251.05,5
14168,2569,183,5,78.33,0
14169,9955,233,3,245.00,0
14170,8298,180,3,323.47,5
14171,1641,188,3,61.43,5
14172,7938,65,3,76.41,0
14173,7285,139,3,321.64,5
14174,2960,269,2,79.59,15
14175,2865,230,2,323.29,10
14176,47,77,3,338.07,0
14177,3739,38,4,200.72,0
14178,6825,85,4,114.41,0
14179,9401,248,1,149.84,0
14180,35,178,2,308.38,0
14181,8845,183,2,78.33,5
14182,5368,132,5,356.02,5
14183,2743,99,5,283.04,0
14184,4827,172,4,43.91,15
14185,5664,108,3,261.20,0
14186,9142,115,5,353.64,0
14187,1311,121,2,251.05,10
14188,4296,100,1,371.65,15
14189,6478,160,5,132.63,10
14190,8654,154,3,343.92,0
14191,731,74,4,224.24,0
14192,8716,248,4,149.84,0
14193,6790,264,4,38.50,5
14194,2813,54,5,316.28,0
14195,284,210,5,211.85,15
14196,4357,22,4,193.70,15
14197,5783,96,5,264.06,15
14198,6833,202,4,268.66,10
14199,9273,52,3,51.91,0
14200,3740,222,3,345.59,5
14201,6835,17,3,353.82,5
14202,9400,185,2,48.99,5
14203,5061,272,1,120.04,0
14204,2421,281,5,263.43,10
14205,6528,262,1,265.12,10
14206,8762,98,4,115.13,5
14207,2945,79,3,19.52,10
14208,3880,78,5,33.23,10
14209,8833,110,2,326.74,0
14210,9477,118,4,351.34,5
14211,336,21,1,299.77,0
14212,10000,111,3,225.30,10
14213,5059,201,4,68.26,0
14214,2722,258,1,171.69,10
14215,7091,34,5,297.79,0
14216,3830,68,2,277.33,10
14217,9750,141,4,53.20,15
14218,1710,122,2,222.97,10
14219,4692,95,3,69.49,0
14220,8797,268,5,226.31,0
14221,2033,107,3,65.37,15
14222,4863,62,2,78.99,0
14223,7856,245,5,310.10,5
14224,9543,281,2,263.43,10
14225,9102,105,3,338.11,5
14226,8309,97,1,234.59,15
14227,5281,125,3,327.79,0
14228,752,202,5,268.66,0
14229,8153,106,2,66.50,0
14230,7818,132,1,356.02,10
14231,9918,239,2,320.95,0
14232,3401,186,1,146.92,0
14233,7527,3,2,369.07,0
14234,9476,34,1,297.79,0
14235,5012,101,1,167.15,0
14236,2083,166,1,314.43,0
14237,2116,178,1,308.38,10
14238,6655,194,5,212.39,0
14239,191,176,2,367.34,0
14240,4371,252,1,24.03,5
14241,7177,300,1,60.59,15
14242,2011,109,2,97.22,5
14243,7223,250,4,178.43,10
14244,6328,268,1,226.31,15
14245,9728,99,5,283.04,0
14246,6085,146,2,44.01,0
14247,7150,208,4,389.11,0
14248,8413,289,4,90.69,0
14249,6204,213,4,37.84,15
14250,5290,226,1,348.65,0
14251,5143,212,1,324.30,15
14252,7535,110,5,326.74,10
14253,6347,142,3,249.44,0
14254,5335,254,1,396.05,0
14255,2450,168,4,156.48,5
14256,5718,202,2,268.66,0
14257,1036,255,3,339.07,0
14258,6798,270,5,246.69,5
14259,5556,125,5,327.79,0
14260,2511,275,4,59.35,15
14261,8891,214,3,163.02,5
14262,8166,94,5,66.86,15
14263,8115,53,5,200.65,0
14264,2481,187,5,234.45,0
14265,2393,103,3,252.38,0
14266,6438,205,3,150.21,0
14267,9104,77,5,338.07,0
14268,5844,73,5,222.38,15
14269,8096,162,5,270.73,15
14270,3281,152,4,359.63,10
14271,4230,64,1,245.58,0
14272,1969,68,3,277.33,10
14273,8647,276,3,342.04,0
14274,5325,72,3,370.40,0
14275,9330,93,5,28.93,5
14276,8014,199,1,378.96,0
14277,644,108,2,261.20,15
14278,4330,69,1,156.10,0
14279,9117,33,5,330.23,0
14280,9815,276,2,342.04,10
14281,3308,88,5,42.74,15
14282,5416,268,1,226.31,0
14283,4504,149,1,70.07,15
14284,1419,242,3,67.91,5
14285,4523,241,2,101.41,0
14286,1545,120,5,388.54,0
14287,6135,9,2,150.86,10
14288,9921,63,1,199.37,10
14289,1410,35,2,335.83,0
14290,9404,240,3,117.00,10
14291,1294,296,2,93.52,15
14292,9901,211,1,323.51,5
14293,6686,247,3,202.30,5
14294,4655,23,3,393.39,0
14295,2243,266,3,7.51,10
14296,4711,200,4,67.84,0
14297,1211,239,4,320.95,0
14298,2573,248,4,149.84,0
14299,5698,96,3,264.06,0
14300,4060,200,4,67.84,0
14301,2559,160,3,132.63,0
14302,3717,114,1,156.49,0
14303,9348,117,4,350.39,5
14304,2995,37,2,258.60,0
14305,6074,211,3,323.51,0
14306,1841,86,2,365.04,0
14307,7114,54,5,316.28,0
14308,5585,106,2,66.50,5
14309,1777,276,4,342.04,15
14310,9414,79,3,19.52,10
14311,2735,293,1,58.98,15
14312,6604,175,1,372.30,10
14313,6940,133,3,47.71,5
14314,2731,266,4,7.51,10
14315,7885,160,2,132.63,0
14316,9777,283,4,390.13,0
14317,1075,258,1,171.69,0
14318,270,133,5,47.71,0
14319,9279,220,4,131.34,5
14320,1939,10,3,228.01,0
14321,2801,28,4,82.43,10
14322,6193,159,3,217.33,0
14323,3613,184,2,200.81,5
14324,5749,55,5,396.81,0
14325,3399,230,4,323.29,0
14326,4124,73,4,222.38,0
14327,1046,127,3,126.84,15
14328,3240,250,1,178.43,5
14329,7412,274,5,53.21,15
14330,2632,216,5,301.09,0
14331,8215,152,2,359.63,0
14332,950,49,3,123.44,0
14333,3681,95,3,69.49,0
14334,3500,83,2,80.10,15
14335,6541,293,4,58.98,0
14336,2062,76,2,297.26,0
14337,8855,261,3,297.20,10
14338,2098,255,4,339.07,0
14339,5534,226,2,348.65,5
14340,5970,12,2,161.29,0
14341,3782,248,5,149.84,0
14342,2301,214,1,163.02,0
14343,1125,277,2,219.37,0
14344,6079,269,5,79.59,5
14345,9516,10,1,228.01,0
14346,5703,234,3,268.61,10
14347,833,210,2,211.85,0
14348,8140,86,4,365.04,15
14349,7333,291,1,25.51,15
14350,7515,70,1,315.23,10
14351,1348,153,1,174.41,15
14352,4398,101,4,167.15,15
14353,1675,160,3,132.63,0
14354,9278,232,4,182.33,0
14355,1157,139,4,321.64,15
14356,2018,152,3,359.63,0
14357,9953,170,2,67.45,0
14358,1105,249,4,124.21,0
14359,6193,93,1,28.93,0
14360,8786,2,3,340.09,15
14361,2726,181,5,259.05,15
14362,1147,110,3,326.74,10
14363,9187,261,3,297.20,0
14364,1649,227,5,303.25,0
14365,6874,145,3,94.23,0
14366,610,21,3,299.77,10
14367,7027,77,2,338.07,5
14368,532,29,3,34.87,0
14369,4814,101,2,167.15,0
14370,6922,3,5,369.07,5
14371,9872,108,2,261.20,0
14372,8327,183,2,78.33,0
14373,7450,46,4,252.91,0
14374,3049,179,3,237.43,5
14375,1839,48,4,72.09,10
14376,8233,4,4,296.68,15
14377,5097,252,5,24.03,5
14378,4661,30,5,190.99,0
14379,5894,247,1,202.30,0
14380,878,208,3,389.11,0
14381,8625,221,2,33.76,15
14382,6754,23,2,393.39,10
14383,1406,156,3,344.64,15
14384,7122,240,5,117.00,0
14385,8316,87,4,84.63,10
14386,2159,21,4,299.77,15
14387,2412,179,3,237.43,5
14388,8894,285,2,258.56,0
14389,830,52,4,51.91,10
14390,2190,225,4,338.57,0
14391,354,187,1,234.45,0
14392,5852,214,4,163.02,10
14393,6582,237,5,199.63,5
14394,1264,220,5,131.34,0
14395,7249,22,2,193.70,0
14396,4132,188,2,61.43,0
14397,3869,272,1,120.04,0
14398,8953,66,2,206.27,0
14399,9169,211,3,323.51,15
14400,3634,111,2,225.30,10
14401,2261,166,5,314.43,15
14402,4844,198,2,116.63,15
14403,4570,137,3,288.60,15
14404,131,165,2,273.91,0
14405,5541,286,3,362.28,10
14406,4457,246,1,62.04,10
14407,3901,54,1,316.28,5
14408,4382,224,4,8.13,10
14409,1290,283,4,390.13,10
14410,2751,130,2,200.63,5
14411,3147,230,5,323.29,0
14412,3412,156,2,344.64,10
14413,5985,257,5,63.30,0
14414,1988,45,5,382.91,10
14415,792,184,2,200.81,5
14416,800,168,1,156.48,0
14417,7830,81,3,191.34,5
14418,3066,300,1,60.59,0
14419,6484,29,3,34.87,10
14420,2494,158,4,214.14,0
14421,1619,8,5,357.93,0
14422,4720,205,5,150.21,0
14423,6387,72,3,370.40,15
14424,3822,223,4,23.99,0
14425,4049,1,2,281.65,0
14426,3005,22,2,193.70,15
14427,4880,35,1,335.83,5
14428,5898,129,3,265.34,0
14429,1935,112,4,121.23,5
14430,4453,39,5,49.89,0
14431,4859,77,4,338.07,0
14432,8207,228,1,335.11,0
14433,527,13,4,97.73,5
14434,3469,214,3,163.02,10
14435,3130,209,5,188.28,5
14436,6134,264,2,38.50,10
14437,6453,200,4,67.84,0
14438,3375,183,1,78.33,0
14439,7336,123,2,106.64,0
14440,3420,266,2,7.51,5
14441,8029,259,2,201.35,0
14442,9104,177,2,218.39,0
14443,2219,99,1,283.04,10
14444,2141,130,1,200.63,0
14445,2628,151,5,214.50,0
14446,5052,88,4,42.74,15
14447,6078,118,1,351.34,5
14448,6942,153,2,174.41,5
14449,5051,281,4,263.43,10
14450,3683,204,5,197.94,10
14451,6257,140,5,120.30,10
14452,9822,61,2,175.74,0
14453,4450,52,2,51.91,0
14454,269,184,2,200.81,10
14455,656,5,4,235.25,5
14456,8140,187,2,234.45,15
14457,5139,297,4,30.06,0
14458,7792,174,5,232.35,0
14459,2397,291,3,25.51,5
14460,8228,4,3,296.68,0
14461,2134,158,2,214.14,0
14462,7514,81,3,191.34,0
14463,6597,43,4,232.40,0
14464,6908,274,4,53.21,0
14465,9335,75,5,347.15,0
14466,7248,227,2,303.25,10
14467,3150,276,2,342.04,0
14468,7743,34,1,297.79,0
14469,4108,113,2,75.33,0
14470,9061,133,4,47.71,0
14471,2909,131,1,91.11,0
14472,6873,127,4,126.84,5
14473,7570,93,1,28.93,15
14474,6858,34,2,297.79,0
14475,9322,87,4,84.63,0
14476,6818,175,5,372.30,0
14477,4092,287,2,257.71,0
14478,8375,294,5,200.35,0
14479,9931,8,1,357.93,10
14480,2792,23,4,393.39,0
14481,2252,247,1,202.30,0
14482,7951,53,1,200.65,15
14483,99,80,1,392.68,0
14484,7101,15,2,254.29,10
14485,8197,281,2,263.43,5
14486,7890,215,2,252.10,5
14487,4568,159,1,217.33,10
14488,2435,51,4,340.30,10
14489,9021,167,3,245.05,15
14490,7004,20,3,344.16,0
14491,8752,256,4,343.78,0
14492,8126,235,3,43.63,5
14493,3396,27,4,65.87,15
14494,7360,144,2,321.56,5
14495,2480,240,5,117.00,0
14496,7847,140,4,120.30,0
14497,8382,37,1,258.60,5
14498,7541,45,5,382.91,10
14499,253,247,5,202.30,0
14500,6002,52,5,51.91,0
14501,6937,107,4,65.37,5
14502,992,283,5,390.13,0
14503,1594,251,4,113.15,5
14504,5175,131,1,91.11,0
14505,6720,70,3,315.23,0
14506,591,132,4,356.02,5
14507,1940,248,3,149.84,0
14508,8775,166,1,314.43,0
14509,1192,71,5,167.32,5
14510,5314,219,5,30.27,15
14511,4249,17,2,353.82,0
14512,818,264,2,38.50,15
14513,578,128,4,220.39,10
14514,4821,218,4,385.74,5
14515,5644,226,5,348.65,5
14516,7255,65,2,76.41,0
14517,3048,170,1,67.45,15
14518,4787,271,5,327.62,15
14519,334,129,1,265.34,0
14520,4706,83,2,80.10,15
14521,1388,236,1,383.46,10
14522,8,203,3,6.30,15
14523,981,94,5,66.86,0
14524,5232,241,4,101.41,0
14525,1553,119,4,86.31,0
14526,7930,254,3,396.05,0
14527,2009,152,1,359.63,10
14528,3612,23,5,393.39,0
14529,5990,103,2,252.38,0
14530,8870,242,3,67.91,15
14531,3567,5,4,235.25,5
14532,5200,120,2,388.54,0
14533,4911,222,3,345.59,10
14534,7341,223,2,23.99,0
14535,5642,20,3,344.16,0
14536,8681,145,5,94.23,15
14537,1731,107,4,65.37,0
14538,9803,10,3,228.01,0
14539,2700,52,2,51.91,0
14540,9539,251,5,113.15,0
14541,824,267,4,208.17,10
14542,8362,240,5,117.00,0
14543,589,267,1,208.17,0
14544,3523,40,5,226.87,5
14545,1026,100,2,371.65,10
14546,7722,36,2,229.35,10
14547,2087,253,4,286.72,15
14548,6227,290,5,25.70,10
14549,2203,237,4,199.63,0
14550,9589,5,4,235.25,0
14551,4099,274,5,53.21,0
14552,17,171,3,132.85,10
14553,8450,65,5,76.41,0
14554,2998,163,2,20.58,0
14555,6374,256,3,343.78,5
14556,8029,54,3,316.28,0
14557,1626,62,4,78.99,0
14558,9306,127,3,126.84,0
14559,4049,220,3,131.34,0
14560,4565,7,1,263.49,15
14561,916,57,4,140.14,0
14562,7487,2,4,340.09,15
14563,2920,120,5,388.54,0
14564,4232,272,1,120.04,15
14565,2211,264,4,38.50,10
14566,2617,241,5,101.41,5
14567,8252,183,3,78.33,5
14568,5264,21,5,299.77,0
14569,732,296,4,93.52,15
14570,368,252,3,24.03,0
14571,5674,219,3,30.27,0
14572,8100,56,2,372.10,0
14573,7709,28,4,82.43,0
14574,4457,197,4,208.34,5
14575,9810,186,2,146.92,10
14576,5765,108,4,261.20,0
14577,8647,123,5,106.64,0
14578,6840,21,5,299.77,0
14579,7996,40,4,226.87,0
14580,3026,159,4,217.33,0
14581,205,237,1,199.63,15
14582,7947,233,5,245.00,10
14583,9215,104,4,188.19,5
14584,8334,186,4,146.92,0
14585,7857,155,2,190.98,10
14586,8789,2,1,340.09,10
14587,5414,159,3,217.33,0
14588,7307,50,2,311.33,5
14589,1076,47,5,202.34,0
14590,5216,219,5,30.27,15
14591,8208,11,1,176.97,15
14592,2488,171,5,132.85,0
14593,3299,221,2,33.76,0
14594,6193,213,4,37.84,15
14595,4756,283,3,390.13,0
14596,3035,245,2,310.10,5
14597,8749,48,4,72.09,0
14598,8252,141,1,53.20,10
14599,5780,119,4,86.31,15
14600,9593,168,5,156.48,0
14601,4147,216,1,301.09,0
14602,534,253,5,286.72,0
14603,2272,111,1,225.30,5
14604,741,19,1,20.40,0
14605,8519,207,4,326.57,5
14606,7892,34,4,297.79,15
14607,1656,187,4,234.45,0
14608,9938,232,1,182.33,5
14609,1691,165,2,273.91,15
14610,3335,147,3,344.67,5
14611,6158,255,3,339.07,0
14612,5262,23,4,393.39,0
14613,7093,113,2,75.33,15
14614,4917,16,4,386.04,10
14615,655,226,5,348.65,0
14616,5099,164,5,395.54,5
14617,5494,226,1,348.65,0
14618,7041,32,4,318.14,10
14619,1597,57,5,140.14,0
14620,7188,270,1,246.69,15
14621,3827,279,2,313.02,15
14622,4946,232,4,182.33,10
14623,2315,65,1,76.41,0
14624,8869,70,3,315.23,0
14625,1376,269,3,79.59,0
14626,1576,273,4,341.96,15
14627,9563,210,3,211.85,5
14628,2241,162,4,270.73,0
14629,3829,297,2,30.06,15
14630,2311,148,4,119.97,0
14631,7260,116,2,368.79,0
14632,9548,145,3,94.23,15
14633,6137,292,2,136.17,5
14634,6014,1,1,281.65,0
14635,910,197,1,208.34,0
14636,2349,10,3,228.01,0
14637,3959,157,4,87.60,10
14638,7519,168,1,156.48,0
14639,363,160,2,132.63,10
14640,1568,228,1,335.11,0
14641,6682,242,2,67.91,0
14642,7412,228,3,335.11,0
14643,2410,12,1,161.29,0
14644,294,206,1,31.78,5
14645,9535,78,2,33.23,15
14646,7453,23,2,393.39,15
14647,7610,20,3,344.16,0
14648,5711,123,2,106.64,5
14649,3921,53,1,200.65,5
14650,2733,240,2,117.00,0
14651,3264,12,4,161.29,0
14652,823,120,3,388.54,15
14653,1707,278,1,334.45,0
14654,5227,8,3,357.93,0
14655,8692,81,3,191.34,10
14656,3866,158,2,214.14,0
14657,7034,282,3,381.21,0
14658,9998,14,4,106.54,0
14659,9149,284,5,111.58,0
14660,5228,181,2,259.05,15
14661,205,80,1,392.68,0
14662,3953,137,4,288.60,0
14663,1922,183,3,78.33,0
14664,7866,38,4,200.72,15
14665,5234,10,2,228.01,5
14666,3709,289,4,90.69,0
14667,9904,182,5,183.61,5
14668,6953,183,5,78.33,15
14669,4887,207,2,326.57,0
14670,7615,129,5,265.34,0
14671,7751,79,1,19.52,0
14672,5918,102,4,102.20,5
14673,9442,44,2,57.92,15
14674,9292,203,4,6.30,0
14675,9013,21,2,299.77,10
14676,208,299,5,277.33,5
14677,3564,164,2,395.54,10
14678,9606,177,3,218.39,0
14679,1756,64,2,245.58,0
14680,928,75,4,347.15,15
14681,1296,83,2,80.10,0
14682,4650,55,4,396.81,10
14683,5903,271,3,327.62,5
14684,8693,100,5,371.65,5
14685,7906,90,3,206.30,0
14686,7058,114,3,156.49,0
14687,5846,124,1,320.32,15
14688,3158,125,1,327.79,0
14689,4655,292,2,136.17,15
14690,9250,162,1,270.73,0
14691,8354,194,4,212.39,10
14692,1241,106,2,66.50,10
14693,7234,22,2,193.70,10
14694,1789,177,3,218.39,5
14695,6032,54,5,316.28,5
14696,5612,130,4,200.63,0
14697,7757,115,4,353.64,0
14698,6304,23,2,393.39,15
14699,9912,260,3,294.26,10
14700,5010,281,5,263.43,5
14701,5296,92,4,50.16,0
14702,8124,248,5,149.84,5
14703,2201,47,2,202.34,5
14704,733,278,2,334.45,0
14705,7036,287,3,257.71,15
14706,2808,39,3,49.89,0
14707,3322,197,3,208.34,10
14708,6580,78,2,33.23,0
14709,5029,51,1,340.30,10
14710,3057,184,1,200.81,15
14711,4584,19,4,20.40,0
14712,8860,146,1,44.01,0
14713,177,137,5,288.60,0
14714,5537,134,1,378.20,0
14715,5083,128,2,220.39,0
14716,6611,95,2,69.49,0
14717,6408,156,4,344.64,0
14718,6978,159,1,217.33,15
14719,8687,163,2,20.58,0
14720,7756,68,2,277.33,0
14721,8046,286,3,362.28,10
14722,4596,66,2,206.27,0
14723,7637,163,3,20.58,0
14724,4394,262,3,265.12,0
14725,5503,283,4,390.13,5
14726,8877,290,4,25.70,0
14727,5037,144,1,321.56,5
14728,8319,15,3,254.29,0
14729,4199,277,4,219.37,15
14730,4818,158,5,214.14,0
14731,9555,128,3,220.39,0
14732,7012,110,2,326.74,0
14733,4799,133,4,47.71,0
14734,7671,300,4,60.59,10
14735,6822,182,2,183.61,0
14736,8652,88,1,42.74,0
14737,136,162,4,270.73,5
14738,8838,224,3,8.13,10
14739,289,149,5,70.07,0
14740,8330,97,5,234.59,5
14741,1186,46,2,252.91,15
14742,460,113,3,75.33,0
14743,9782,220,4,131.34,0
14744,1246,44,1,57.92,0
14745,9989,262,3,265.12,10
14746,1926,253,2,286.72,0
14747,5851,35,2,335.83,0
14748,440,118,5,351.34,5
14749,735,93,4,28.93,0
14750,7273,139,1,321.64,15
14751,1244,177,1,218.39,15
14752,2093,7,5,263.49,0
14753,3627,103,4,252.38,0
14754,7042,21,4,299.77,15
14755,5063,136,1,222.85,5
14756,9192,253,3,286.72,0
14757,4129,134,5,378.20,0
14758,5493,19,5,20.40,5
14759,2212,250,3,178.43,10
14760,4352,233,2,245.00,0
14761,6361,6,3,190.26,5
14762,7316,53,4,200.65,0
14763,5195,17,1,353.82,0
14764,5085,151,1,214.50,0
14765,737,182,5,183.61,0
14766,7791,200,1,67.84,0
14767,5728,155,2,190.98,0
14768,1632,78,3,33.23,5
14769,2635,83,2,80.10,0
14770,5031,100,1,371.65,0
14771,3386,61,2,175.74,0
14772,3533,60,3,275.96,0
14773,532,270,2,246.69,0
14774,1803,266,1,7.51,0
14775,9831,269,4,79.59,10
14776,8009,21,5,299.77,0
14777,2673,83,2,80.10,0
14778,4047,224,4,8.13,15
14779,7495,62,3,78.99,10
14780,2430,249,3,124.21,5
14781,5880,160,1,132.63,5
14782,3236,119,5,86.31,10
14783,1657,62,5,78.99,15
14784,333,147,2,344.67,5
14785,8855,269,4,79.59,10
14786,4222,272,4,120.04,0
14787,5438,233,2,245.00,0
14788,7029,39,4,49.89,0
14789,5269,275,2,59.35,10
14790,2377,173,4,178.93,0
14791,4368,42,5,309.17,5
14792,5508,220,2,131.34,0
14793,1109,267,2,208.17,15
14794,485,272,2,120.04,0
14795,2934,257,2,63.30,5
14796,772,224,1,8.13,0
14797,5551,200,3,67.84,0
14798,596,100,5,371.65,15
14799,9217,36,3,229.35,10
14800,2625,97,4,234.59,0
14801,3003,64,5,245.58,0
14802,2830,190,1,22.53,0
14803,1206,214,1,163.02,0
14804,7505,113,3,75.33,5
14805,353,93,5,28.93,15
14806,6360,80,4,392.68,0
14807,9935,12,1,161.29,10
14808,5957,113,3,75.33,0
14809,6240,4,4,296.68,15
14810,1633,193,3,85.60,0
14811,6042,224,1,8.13,0
14812,5176,266,4,7.51,0
14813,6675,292,2,136.17,10
14814,6973,224,5,8.13,0
14815,5730,70,3,315.23,10
14816,107,248,3,149.84,0
14817,865,214,3,163.02,15
14818,7565,46,2,252.91,0
14819,4168,25,5,157.60,0
14820,452,188,2,61.43,5
14821,280,155,1,190.98,0
14822,9431,109,5,97.22,0
14823,1477,1,5,281.65,10
14824,4489,95,3,69.49,0
14825,8853,232,1,182.33,0
14826,9928,219,5,30.27,0
14827,1203,129,1,265.34,0
14828,2430,290,4,25.70,0
14829,2966,223,5,23.99,0
14830,4125,25,3,157.60,15
14831,5786,270,5,246.69,5
14832,1803,95,3,69.49,0
14833,6328,10,4,228.01,0
14834,4401,16,2,386.04,10
14835,8364,111,5,225.30,15
14836,2263,169,5,65.85,10
14837,9182,200,5,67.84,0
14838,4423,236,2,383.46,10
14839,214,220,2,131.34,0
14840,599,177,4,218.39,5
14841,8205,163,4,20.58,10
14842,3134,142,4,249.44,15
14843,8037,3,3,369.07,10
14844,6203,86,4,365.04,5
14845,5775,268,5,226.31,0
14846,7373,185,2,48.99,15
14847,360,43,4,232.40,0
14848,4081,62,3,78.99,5
14849,4497,256,2,343.78,0
14850,9873,188,1,61.43,10
14851,4810,34,5,297.79,10
14852,2790,156,3,344.64,0
14853,9200,158,3,214.14,0
14854,4604,104,4,188.19,0
14855,2109,182,3,183.61,5
14856,5993,192,2,90.00,0
14857,5628,117,2,350.39,10
14858,7943,51,1,340.30,0
14859,1153,273,2,341.96,0
14860,4969,59,1,213.06,5
14861,7312,51,3,340.30,10
14862,8320,271,3,327.62,10
14863,7215,272,5,120.04,0
14864,6925,181,2,259.05,10
14865,9288,141,2,53.20,10
14866,1594,221,1,33.76,5
14867,1328,73,3,222.38,0
14868,6722,79,1,19.52,15
14869,3524,230,5,323.29,0
14870,6983,142,5,249.44,15
14871,564,88,3,42.74,0
14872,4717,252,3,24.03,0
14873,1767,162,3,270.73,5
14874,4000,91,3,371.67,0
14875,4734,206,1,31.78,5
14876,7993,209,5,188.28,0
14877,3129,93,4,28.93,0
14878,9529,289,5,90.69,5
14879,9753,18,5,318.44,5
14880,2621,178,3,308.38,15
14881,2872,123,5,106.64,0
14882,5558,157,3,87.60,15
14883,3575,10,4,228.01,0
14884,2821,64,2,245.58,5
14885,8684,62,1,78.99,15
14886,22,234,3,268.61,5
14887,9365,21,1,299.77,0
14888,2613,232,5,182.33,0
14889,1968,262,1,265.12,15
14890,4157,164,1,395.54,0
14891,9601,257,3,63.30,0
14892,6665,198,3,116.63,5
14893,7885,127,4,126.84,0
14894,9435,36,4,229.35,0
14895,2977,22,1,193.70,0
14896,7754,44,4,57.92,0
14897,5551,268,3,226.31,10
14898,2377,233,2,245.00,0
14899,2969,15,2,254.29,0
14900,631,151,3,214.50,15
14901,8062,272,5,120.04,0
14902,4229,155,2,190.98,5
14903,4528,152,5,359.63,10
14904,5174,189,3,299.32,10
14905,9775,42,4,309.17,0
14906,8980,207,2,326.57,5
14907,9893,57,1,140.14,5
14908,7767,230,4,323.29,0
14909,1864,166,1,314.43,5
14910,3149,269,1,79.59,10
14911,6591,187,2,234.45,5
14912,4037,188,1,61.43,10
14913,8970,292,2,136.17,0
14914,5711,190,3,22.53,5
14915,4614,226,5,348.65,10
14916,3887,21,5,299.77,5
14917,9460,242,1,67.91,0
14918,5355,61,1,175.74,15
14919,5674,50,1,311.33,0
14920,9239,9,3,150.86,0
14921,6142,77,4,338.07,0
14922,8387,299,3,277.33,0
14923,5972,104,2,188.19,10
14924,2707,82,4,278.93,0
14925,1890,53,1,200.65,15
14926,7178,98,3,115.13,5
14927,7345,89,4,285.99,0
14928,72,196,3,160.55,5
14929,9166,294,2,200.35,15
14930,7989,271,4,327.62,15
14931,506,157,5,87.60,0
14932,9973,245,3,310.10,0
14933,5740,194,2,212.39,10
14934,2864,234,2,268.61,10
14935,6058,213,4,37.84,5
14936,5211,88,4,42.74,15
14937,7016,233,1,245.00,10
14938,6962,33,3,330.23,0
14939,3082,7,5,263.49,0
14940,1916,187,2,234.45,0
14941,8124,300,4,60.59,15
14942,1819,161,1,291.83,10
14943,8863,24,2,74.40,0
14944,2324,9,1,150.86,10
14945,1095,158,1,214.14,0
14946,6861,280,5,319.72,10
14947,9902,230,3,323.29,0
14948,6351,228,3,335.11,5
14949,926,50,3,311.33,0
14950,4810,194,2,212.39,5
14951,5421,55,5,396.81,5
14952,2417,34,2,297.79,0
14953,7779,87,2,84.63,10
14954,1162,66,1,206.27,5
14955,5294,157,5,87.60,0
14956,1606,59,4,213.06,0
14957,3619,99,5,283.04,5
14958,614,116,2,368.79,15
14959,1860,53,4,200.65,0
14960,3976,237,5,199.63,0
14961,5046,296,5,93.52,5
14962,4593,77,5,338.07,15
14963,6282,116,2,368.79,0
14964,8702,295,1,307.36,0
14965,5342,74,1,224.24,0
14966,9149,246,4,62.04,15
14967,7676,250,4,178.43,0
14968,8285,78,4,33.23,5
14969,9355,274,5,53.21,0
14970,6331,203,1,6.30,0
14971,8134,99,1,283.04,10
14972,2317,273,2,341.96,0
14973,1903,6,4,190.26,10
14974,6134,168,2,156.48,5
14975,8142,292,5,136.17,10
14976,558,35,3,335.83,10
14977,6828,299,5,277.33,0
14978,6913,4,5,296.68,0
14979,4720,193,4,85.60,0
14980,8684,65,2,76.41,15
14981,1914,261,2,297.20,0
14982,5558,232,2,182.33,15
14983,4482,292,1,136.17,0
14984,8214,211,2,323.51,0
14985,8889,92,2,50.16,10
14986,4465,260,1,294.26,0
14987,272,168,2,156.48,0
14988,4125,236,4,383.46,10
14989,9907,67,4,134.74,0
14990,2115,118,5,351.34,0
14991,3859,204,4,197.94,0
14992,2663,164,3,395.54,0
14993,7757,58,4,218.95,5
14994,444,84,5,124.05,15
14995,1011,26,1,122.89,15
14996,1976,72,5,370.40,5
14997,9006,102,3,102.20,15
14998,6985,56,1,372.10,15
14999,8491,190,2,22.53,0
15000,5542,189,4,299.32,15
15001,1600,264,5,38.50,0
15002,5529,198,2,116.63,0
15003,9962,40,1,226.87,10
15004,5053,187,3,234.45,0
15005,9597,169,4,65.85,5
15006,9476,206,5,31.78,5
15007,8932,255,4,339.07,0
15008,6263,75,3,347.15,0
15009,2524,100,1,371.65,0
15010,3375,253,3,286.72,5
15011,2401,214,5,163.02,0
15012,9079,63,4,199.37,15
15013,5185,51,1,340.30,0
15014,2945,207,3,326.57,15
15015,5017,216,3,301.09,15
15016,4101,294,3,200.35,5
15017,8979,34,4,297.79,5
15018,4775,206,5,31.78,0
15019,7593,157,4,87.60,0
15020,8891,179,5,237.43,0
15021,9743,92,5,50.16,5
15022,7054,22,1,193.70,15
15023,4610,182,5,183.61,0
15024,1733,23,3,393.39,0
15025,4857,214,3,163.02,0
15026,9330,44,4,57.92,0
15027,8110,93,1,28.93,15
15028,239,33,3,330.23,10
15029,836,56,2,372.10,10
15030,9073,50,3,311.33,10
15031,1001,82,1,278.93,0
15032,4275,293,1,58.98,10
15033,2327,246,5,62.04,0
15034,7190,217,3,395.04,15
15035,1391,61,4,175.74,5
15036,5276,9,5,150.86,0
15037,3490,187,3,234.45,15
15038,5526,8,2,357.93,0
15039,8673,238,2,200.57,0
15040,4187,241,5,101.41,0
15041,8159,7,1,263.49,10
15042,9745,151,5,214.50,5
15043,8217,146,3,44.01,0
15044,7257,264,4,38.50,15
15045,2460,181,3,259.05,15
15046,5425,27,3,65.87,15
15047,659,245,2,310.10,0
15048,2746,175,3,372.30,10
15049,8319,298,1,253.90,0
15050,1253,141,4,53.20,0
15051,5863,21,3,299.77,15
15052,5758,100,3,371.65,5
15053,9551,126,4,68.11,15
15054,668,139,4,321.64,0
15055,4431,287,2,257.71,15
15056,8859,186,5,146.92,0
15057,9729,207,4,326.57,10
15058,6022,288,4,66.37,0
15059,1664,287,2,257.71,5
15060,7353,39,3,49.89,5
15061,1128,144,4,321.56,0
15062,5919,298,1,253.90,15
15063,951,133,2,47.71,5
15064,5794,58,5,218.95,10
15065,3798,27,3,65.87,5
15066,2422,96,2,264.06,0
15067,5237,110,4,326.74,0
15068,2208,101,1,167.15,0
15069,331,231,1,64.44,0
15070,5199,59,5,213.06,0
15071,9269,289,5,90.69,0
15072,1276,9,4,150.86,0
15073,4578,207,2,326.57,10
15074,4913,3,2,369.07,0
15075,4647,50,4,311.33,5
15076,8494,223,3,23.99,0
15077,3163,254,2,396.05,0
15078,952,95,2,69.49,0
15079,6639,265,1,366.02,10
15080,9599,38,4,200.72,0
15081,6446,279,2,313.02,0
15082,3991,239,5,320.95,0
15083,6583,217,5,395.04,0
15084,5921,240,4,117.00,5
15085,5871,105,5,338.11,0
15086,2885,296,4,93.52,0
15087,1750,16,4,386.04,0
15088,6632,8,3,357.93,15
15089,2143,202,4,268.66,0
15090,6125,62,4,78.99,10
15091,5035,97,3,234.59,10
15092,3758,294,2,200.35,0
15093,9157,110,5,326.74,10
15094,1006,204,1,197.94,0
15095,1484,39,4,49.89,0
15096,6004,10,3,228.01,0
15097,1332,225,2,338.57,0
15098,3872,269,1,79.59,5
15099,8708,273,4,341.96,10
15100,4238,6,1,190.26,5
15101,6317,229,1,324.76,0
15102,4804,270,2,246.69,10
15103,6812,86,2,365.04,15
15104,8048,242,1,67.91,0
15105,6130,22,3,193.70,0
15106,5112,162,3,270.73,5
15107,4726,60,2,275.96,0
15108,512,5,2,235.25,15
15109,666,23,2,393.39,10
15110,3541,4,4,296.68,10
15111,6304,44,5,57.92,15
15112,554,130,2,200.63,0
15113,7070,295,2,307.36,0
15114,8861,181,3,259.05,10
15115,21,46,5,252.91,0
15116,1558,254,2,396.05,10
15117,8285,192,1,90.00,5
15118,2791,283,4,390.13,0
15119,4075,14,4,106.54,10
15120,8172,186,4,146.92,15
15121,1717,8,5,357.93,5
15122,4636,232,5,182.33,0
15123,5903,76,1,297.26,5
15124,4569,16,3,386.04,5
15125,2545,219,1,30.27,0
15126,2661,149,2,70.07,5
15127,6290,84,1,124.05,5
15128,863,75,1,347.15,5
15129,6130,286,3,362.28,0
15130,9092,154,4,343.92,0
15131,2049,130,3,200.63,10
15132,1483,300,2,60.59,5
15133,3669,243,2,297.01,15
15134,6881,133,4,47.71,0
15135,6544,233,2,245.00,0
15136,638,214,5,163.02,10
15137,127,93,2,28.93,0
15138,3852,150,5,181.60,0
15139,4612,185,4,48.99,10
15140,9947,256,4,343.78,0
15141,819,37,2,258.60,0
15142,6955,156,2,344.64,0
15143,9023,24,3,74.40,10
15144,4618,250,1,178.43,10
15145,7978,224,3,8.13,10
15146,3340,168,5,156.48,15
15147,9347,70,1,315.23,0
15148,1944,216,2,301.09,0
15149,3585,225,2,338.57,0
15150,9759,39,1,49.89,15
15151,8518,35,5,335.83,0
15152,2392,48,2,72.09,0
15153,6703,35,2,335.83,15
15154,8794,263,4,116.93,15
15155,1319,248,1,149.84,5
15156,6244,102,2,102.20,10
15157,1009,253,5,286.72,0
15158,3961,285,1,258.56,0
15159,2778,3,3,369.07,0
15160,586,227,1,303.25,15
15161,5489,280,4,319.72,15
15162,5732,235,5,43.63,10
15163,6490,117,2,350.39,10
15164,5784,254,1,396.05,0
15165,2873,217,2,395.04,15
15166,6839,26,5,122.89,10
15167,7152,277,2,219.37,0
15168,8265,88,4,42.74,0
15169,8337,161,2,291.83,15
15170,7822,29,1,34.87,0
15171,9974,115,1,353.64,15
15172,2889,48,3,72.09,5
15173,1632,128,3,220.39,0
15174,4838,81,3,191.34,15
15175,8472,80,4,392.68,15
15176,9117,286,5,362.28,5
15177,2026,217,3,395.04,0
15178,1573,141,2,53.20,5
15179,7169,58,5,218.95,0
15180,5660,277,2,219.37,15
15181,2760,34,1,297.79,0
15182,2449,210,5,211.85,0
15183,1920,117,4,350.39,10
15184,2810,28,5,82.43,5
15185,7106,40,2,226.87,0
15186,5510,68,3,277.33,0
15187,2164,261,3,297.20,5
15188,6565,69,3,156.10,0
15189,809,213,5,37.84,0
15190,396,186,3,146.92,0
15191,5391,169,1,65.85,15
15192,2752,150,4,181.60,10
15193,9062,77,5,338.07,5
15194,1066,270,1,246.69,5
15195,1180,46,4,252.91,0
15196,7901,230,5,323.29,0
15197,8743,16,4,386.04,10
15198,4111,110,4,326.74,5
15199,377,264,1,38.50,0
15200,1551,34,4,297.79,15
15201,4527,34,4,297.79,0
15202,8034,263,4,116.93,0
15203,1431,224,2,8.13,0
15204,7939,212,1,324.30,0
15205,7805,146,1,44.01,0
15206,2481,7,3,263.49,0
15207,5588,104,2,188.19,0
15208,2101,5,2,235.25,0
15209,949,234,1,268.61,0
15210,356,296,3,93.52,5
15211,7278,297,4,30.06,15
15212,1359,51,1,340.30,5
15213,5068,236,4,383.46,0
15214,9507,190,4,22.53,5
15215,4243,229,5,324.76,5
15216,8447,180,2,323.47,0
15217,4479,283,4,390.13,15
15218,4646,230,1,323.29,0
15219,2771,100,3,371.65,0
15220,7346,23,4,393.39,0
15221,4860,277,1,219.37,0
15222,5935,269,4,79.59,0
15223,7500,292,4,136.17,5
15224,2652,189,4,299.32,0
15225,4260,146,1,44.01,10
15226,1557,298,1,253.90,15
15227,7190,63,5,199.37,5
15228,9676,146,2,44.01,0
15229,8047,146,2,44.01,0
15230,9281,249,3,124.21,10
15231,9060,110,3,326.74,0
15232,9867,64,4,245.58,0
15233,8575,244,5,146.67,5
15234,6476,264,4,38.50,5
15235,1646,145,3,94.23,0
15236,9654,206,2,31.78,0
15237,4970,84,1,124.05,5
15238,4693,272,5,120.04,10
15239,7918,3,3,369.07,15
15240,3058,62,5,78.99,15
15241,2588,42,5,309.17,5
15242,9637,137,3,288.60,0
15243,8832,162,4,270.73,0
15244,9118,231,1,64.44,10
15245,7712,139,4,321.64,15
15246,9535,279,5,313.02,5
15247,3636,186,1,146.92,15
15248,995,282,5,381.21,0
15249,1519,220,5,131.34,0
15250,8042,22,5,193.70,0
15251,8546,160,3,132.63,5
15252,2398,46,3,252.91,10
15253,3829,54,5,316.28,0
15254,9126,106,1,66.50,0
15255,2851,42,2,309.17,15
15256,2175,78,4,33.23,5
15257,7699,215,4,252.10,0
15258,8106,225,1,338.57,15
15259,7829,133,3,47.71,0
15260,8932,18,1,318.44,15
15261,1437,3,2,369.07,15
15262,5633,109,3,97.22,5
15263,2450,168,4,156.48,5
15264,9865,269,5,79.59,10
15265,2597,262,2,265.12,5
15266,4348,69,5,156.10,0
15267,3411,241,4,101.41,10
15268,3861,232,1,182.33,10
15269,8192,181,2,259.05,0
15270,5719,96,1,264.06,0
15271,72,13,1,97.73,0
15272,1772,176,1,367.34,0
15273,501,43,2,232.40,10
15274,5103,82,3,278.93,0
15275,2237,145,1,94.23,10
15276,9745,152,1,359.63,10
15277,7085,249,3,124.21,0
15278,9242,4,4,296.68,15
15279,7999,23,3,393.39,10
15280,6211,118,1,351.34,0
15281,336,117,1,350.39,0
15282,956,122,4,222.97,0
15283,6088,293,3,58.98,0
15284,8159,143,1,374.36,0
15285,770,174,2,232.35,0
15286,6440,222,4,345.59,0
15287,7324,120,2,388.54,0
15288,1857,60,1,275.96,5
15289,7277,231,2,64.44,0
15290,6681,180,3,323.47,5
15291,5969,179,3,237.43,0
15292,7170,285,1,258.56,0
15293,3319,209,3,188.28,0
15294,2242,144,4,321.56,0
15295,9115,98,3,115.13,0
15296,9969,47,4,202.34,0
15297,6702,295,4,307.36,0
15298,2944,180,2,323.47,10
15299,5171,220,2,131.34,0
15300,8914,172,2,43.91,0
15301,8436,26,3,122.89,15
15302,6671,143,1,374.36,0
15303,6009,155,4,190.98,5
15304,6612,128,4,220.39,0
15305,4224,241,2,101.41,15
15306,5671,18,3,318.44,10
15307,4108,84,5,124.05,15
15308,6,212,4,324.30,5
15309,3191,224,5,8.13,0
15310,7157,68,4,277.33,15
15311,9719,141,4,53.20,10
15312,4652,84,3,124.05,0
15313,5517,263,5,116.93,15
15314,5654,292,5,136.17,15
15315,802,249,3,124.21,0
15316,1950,243,1,297.01,0
15317,3812,50,2,311.33,0
15318,1062,133,1,47.71,0
15319,1170,298,5,253.90,0
15320,4285,29,1,34.87,10
15321,2842,280,1,319.72,0
15322,9931,14,3,106.54,0
15323,2445,118,1,351.34,0
15324,797,198,5,116.63,0
15325,7219,200,5,67.84,10
15326,3109,199,2,378.96,5
15327,520,192,3,90.00,0
15328,6224,210,2,211.85,10
15329,646,292,5,136.17,5
15330,8420,90,2,206.30,15
15331,5304,81,1,191.34,0
15332,4948,21,5,299.77,5
15333,3551,68,4,277.33,10
15334,4750,32,2,318.14,5
15335,5329,129,2,265.34,5
15336,2608,118,2,351.34,15
15337,2038,256,1,343.78,0
15338,8675,189,2,299.32,0
15339,146,229,2,324.76,10
15340,1981,114,1,156.49,0
15341,4723,44,3,57.92,0
15342,1771,195,5,282.87,0
15343,3253,5,4,235.25,15
15344,4788,244,2,146.67,0
15345,9573,224,3,8.13,0
15346,2287,288,5,66.37,5
15347,3227,98,5,115.13,0
15348,5861,29,2,34.87,0
15349,2012,195,4,282.87,0
15350,7966,53,5,200.65,0
15351,2624,115,5,353.64,0
15352,8204,73,2,222.38,5
15353,7345,233,2,245.00,5
15354,9022,64,1,245.58,0
15355,8195,45,1,382.91,0
15356,7694,165,5,273.91,0
15357,6219,161,4,291.83,5
15358,3568,134,4,378.20,10
15359,4212,22,4,193.70,0
15360,7530,113,3,75.33,5
15361,4610,14,3,106.54,5
15362,9336,121,1,251.05,15
15363,8636,9,2,150.86,0
15364,6407,168,4,156.48,0
15365,6445,262,4,265.12,0
15366,987,118,5,351.34,0
15367,9940,153,2,174.41,10
15368,4670,286,3,362.28,10
15369,4586,238,2,200.57,5
15370,5060,50,2,311.33,5
15371,7902,125,5,327.79,5
15372,6673,204,2,197.94,15
15373,9943,106,4,66.50,10
15374,8131,297,2,30.06,0
15375,4786,15,4,254.29,0
15376,5412,258,5,171.69,0
15377,6600,222,5,345.59,5
15378,8746,22,4,193.70,5
15379,7222,116,1,368.79,10
15380,1986,31,4,136.27,15
15381,9043,35,3,335.83,0
15382,3056,136,3,222.85,15
15383,4808,149,2,70.07,15
15384,4289,132,1,356.02,15
15385,310,180,2,323.47,10
15386,8174,211,5,323.51,0
15387,6807,86,5,365.04,0
15388,5498,45,4,382.91,10
15389,9762,240,5,117.00,0
15390,4654,22,2,193.70,5
15391,6210,294,3,200.35,10
15392,1721,45,3,382.91,5
15393,941,198,4,116.63,10
15394,8205,128,2,220.39,0
15395,9080,174,1,232.35,15
15396,2932,248,3,149.84,0
15397,1910,267,5,208.17,15
15398,974,73,1,222.38,0
15399,7609,258,5,171.69,0
15400,7319,198,1,116.63,5
15401,3356,152,2,359.63,0
15402,9819,178,2,308.38,5
15403,4053,247,2,202.30,0
15404,4990,110,1,326.74,5
15405,9273,261,3,297.20,10
15406,4794,268,2,226.31,0
15407,8112,274,2,53.21,15
15408,7187,105,1,338.11,15
15409,36,221,4,33.76,0
15410,2772,9,3,150.86,0
15411,1071,251,4,113.15,0
15412,4636,85,5,114.41,10
15413,357,119,5,86.31,0
15414,2535,115,2,353.64,10
15415,2880,135,5,387.74,0
15416,1186,2,3,340.09,15
15417,7253,59,3,213.06,0
15418,8626,127,4,126.84,10
15419,4726,110,4,326.74,0
15420,256,178,2,308.38,10
15421,5089,157,3,87.60,15
15422,1616,33,3,330.23,10
15423,3061,122,5,222.97,5
15424,3410,111,1,225.30,15
15425,279,46,3,252.91,0
15426,2470,12,5,161.29,0
15427,2319,61,2,175.74,10
15428,1637,46,4,252.91,10
15429,6005,254,1,396.05,10
15430,6737,37,3,258.60,0
15431,540,231,1,64.44,0
15432,6312,245,1,310.10,15
15433,2990,219,5,30.27,0
15434,7876,107,5,65.37,0
15435,2201,144,1,321.56,0
15436,9694,211,1,323.51,0
15437,1385,57,2,140.14,15
15438,7379,279,1,313.02,15
15439,7992,261,1,297.20,15
15440,4300,56,4,372.10,15
15441,9684,153,3,174.41,0
15442,7942,79,2,19.52,15
15443,741,102,1,102.20,0
15444,4606,68,3,277.33,10
15445,6550,257,4,63.30,0
15446,3243,139,5,321.64,10
15447,388,18,3,318.44,10
15448,4139,253,2,286.72,0
15449,9638,88,1,42.74,15
15450,8299,270,4,246.69,15
15451,2743,75,2,347.15,5
15452,665,250,2,178.43,15
15453,3383,105,3,338.11,10
15454,4360,44,4,57.92,15
15455,1685,101,1,167.15,15
15456,4789,280,2,319.72,15
15457,6976,104,3,188.19,0
15458,8759,36,5,229.35,0
15459,5449,111,3,225.30,0
15460,2815,233,4,245.00,0
15461,9271,260,2,294.26,0
15462,5662,257,5,63.30,10
15463,1899,262,2,265.12,0
15464,5140,228,5,335.11,10
15465,8277,257,3,63.30,0
15466,3143,238,1,200.57,0
15467,312,175,4,372.30,0
15468,352,202,5,268.66,15
15469,5637,46,1,252.91,0
15470,6136,233,5,245.00,0
15471,3077,81,3,191.34,0
15472,8342,49,2,123.44,0
15473,9346,162,2,270.73,0
15474,6439,241,5,101.41,10
15475,5607,3,2,369.07,5
15476,1657,292,2,136.17,0
15477,7072,254,4,396.05,5
15478,5252,256,4,343.78,10
15479,6638,130,2,200.63,5
15480,1757,230,1,323.29,15
15481,77,139,4,321.64,10
15482,9276,24,1,74.40,15
15483,5954,92,3,50.16,10
15484,4930,31,4,136.27,0
15485,6381,246,2,62.04,10
15486,7152,23,1,393.39,0
15487,6948,44,2,57.92,5
15488,83,278,1,334.45,0
15489,2004,133,1,47.71,15
15490,9801,282,2,381.21,5
15491,9184,145,1,94.23,0
15492,6009,211,3,323.51,0
15493,663,90,5,206.30,0
15494,4662,157,1,87.60,0
15495,293,92,5,50.16,0
15496,3018,142,1,249.44,0
15497,4732,83,3,80.10,0
15498,6006,231,1,64.44,0
15499,3329,257,4,63.30,15
15500,3558,25,3,157.60,15
15501,2470,169,3,65.85,0
15502,3630,81,5,191.34,0
15503,816,81,3,191.34,5
15504,9768,221,3,33.76,15
15505,3386,149,2,70.07,0
15506,6013,113,4,75.33,5
15507,9519,274,3,53.21,5
15508,312,36,1,229.35,0
15509,9362,282,4,381.21,0
15510,9067,59,5,213.06,0
15511,3143,215,3,252.10,0
15512,9855,239,3,320.95,0
15513,2747,233,3,245.00,5
15514,9115,44,2,57.92,10
15515,9733,278,5,334.45,15
15516,9407,41,2,89.26,15
15517,5499,158,5,214.14,15
15518,4165,34,5,297.79,0
15519,9335,211,1,323.51,10
15520,5609,199,1,378.96,15
15521,15,239,2,320.95,0
15522,2311,247,2,202.30,15
15523,1533,202,1,268.66,0
15524,575,85,1,114.41,10
15525,5992,246,1,62.04,15
15526,4138,105,3,338.11,5
15527,8439,139,4,321.64,10
15528,4103,236,4,383.46,0
15529,8607,134,3,378.20,5
15530,4519,56,1,372.10,0
15531,3992,83,3,80.10,5
15532,9619,253,4,286.72,10
15533,6922,217,3,395.04,5
15534,3108,79,4,19.52,5
15535,7722,219,4,30.27,10
15536,7834,168,1,156.48,15
15537,4204,231,2,64.44,0
15538,7320,114,4,156.49,5
15539,6446,162,5,270.73,5
15540,8313,56,3,372.10,5
15541,6285,271,1,327.62,10
15542,6526,144,3,321.56,0
15543,649,46,2,252.91,0
15544,9809,206,2,31.78,5
15545,4754,80,1,392.68,0
15546,4701,139,1,321.64,0
15547,7483,66,5,206.27,15
15548,5996,242,2,67.91,0
15549,7633,227,5,303.25,0
15550,3902,274,4,53.21,5
15551,1465,55,2,396.81,15
15552,5363,107,5,65.37,5
15553,6376,2,5,340.09,15
15554,8892,195,2,282.87,15
15555,7416,236,5,383.46,0
15556,4672,282,4,381.21,5
15557,9250,178,2,308.38,15
15558,4246,184,1,200.81,0
15559,2216,18,4,318.44,0
15560,7434,154,3,343.92,0
15561,7745,59,4,213.06,15
15562,5977,42,1,309.17,5
15563,3261,170,3,67.45,0
15564,1896,35,1,335.83,0
15565,1296,77,4,338.07,0
15566,5996,141,2,53.20,0
15567,2227,226,5,348.65,0
15568,3801,74,3,224.24,15
15569,1851,69,5,156.10,5
15570,1655,242,1,67.91,0
15571,8525,281,5,263.43,5
15572,2421,18,1,318.44,10
15573,1977,162,3,270.73,15
15574,2940,101,4,167.15,0
15575,6527,209,3,188.28,0
15576,897,114,5,156.49,0
15577,9968,221,3,33.76,10
15578,6064,142,5,249.44,10
15579,5570,231,4,64.44,0
15580,1436,14,1,106.54,5
15581,6235,93,5,28.93,15
15582,3590,183,3,78.33,0
15583,9203,104,4,188.19,0
15584,2806,215,1,252.10,0
15585,2741,65,1,76.41,0
15586,9321,12,1,161.29,0
15587,9665,244,4,146.67,15
15588,1823,166,5,314.43,0
15589,5253,269,4,79.59,5
15590,4240,87,1,84.63,15
15591,5627,5,1,235.25,0
15592,6924,57,2,140.14,0
15593,9970,29,1,34.87,0
15594,8723,119,1,86.31,0
15595,5845,187,1,234.45,5
15596,4976,109,1,97.22,15
15597,3162,170,3,67.45,5
15598,3112,61,2,175.74,15
15599,5050,207,4,326.57,10
15600,2276,74,1,224.24,15
15601,6050,163,3,20.58,0
15602,6164,249,2,124.21,15
15603,7348,124,4,320.32,0
15604,5499,111,5,225.30,0
15605,1466,129,3,265.34,5
15606,9302,254,1,396.05,0
15607,8359,271,2,327.62,0
15608,6186,61,4,175.74,0
15609,8629,235,5,43.63,0
15610,8328,269,2,79.59,5
15611,1016,5,2,235.25,0
15612,5723,100,1,371.65,0
15613,7592,137,3,288.60,0
15614,1736,295,5,307.36,0
15615,9082,78,3,33.23,0
15616,5819,121,5,251.05,5
15617,5152,212,3,324.30,0
15618,7167,192,2,90.00,15
15619,8460,165,4,273.91,15
15620,1791,211,4,323.51,0
15621,3999,298,4,253.90,5
15622,7727,158,3,214.14,10
15623,2199,147,2,344.67,10
15624,8202,121,4,251.05,15
15625,2852,141,3,53.20,15
15626,3718,121,4,251.05,5
15627,9015,26,3,122.89,0
15628,9328,84,5,124.05,5
15629,4180,243,4,297.01,0
15630,6861,184,5,200.81,15
15631,1013,10,4,228.01,15
15632,871,279,5,313.02,0
15633,2801,102,2,102.20,0
15634,2663,33,2,330.23,0
15635,6852,213,5,37.84,10
15636,2138,290,3,25.70,0
15637,2364,267,2,208.17,5
15638,5872,15,1,254.29,5
15639,6879,150,1,181.60,10
15640,4769,74,1,224.24,0
15641,9844,178,3,308.38,0
15642,3115,174,3,232.35,15
15643,4741,36,1,229.35,15
15644,2497,47,1,202.34,0
15645,3514,120,4,388.54,5
15646,5373,187,4,234.45,0
15647,4037,232,1,182.33,10
15648,1262,131,2,91.11,10
15649,1739,253,1,286.72,15
15650,800,220,3,131.34,15
15651,3569,80,4,392.68,15
15652,3632,40,2,226.87,0
15653,7722,157,2,87.60,0
15654,8417,132,5,356.02,10
15655,2907,241,2,101.41,15
15656,834,262,2,265.12,10
15657,7760,282,4,381.21,0
15658,236,256,1,343.78,0
15659,1981,242,1,67.91,5
15660,8478,93,1,28.93,15
15661,5088,103,5,252.38,0
15662,4064,173,2,178.93,0
15663,3515,91,3,371.67,0
15664,4492,166,3,314.43,0
15665,4144,234,2,268.61,0
15666,3690,226,2,348.65,0
15667,2418,58,1,218.95,0
15668,5406,235,3,43.63,5
15669,2879,32,4,318.14,15
15670,9649,1,1,281.65,0
15671,8256,185,3,48.99,0
15672,7763,227,1,303.25,0
15673,8496,125,1,327.79,10
15674,4461,81,3,191.34,0
15675,7848,167,2,245.05,15
15676,6322,3,4,369.07,10
15677,6431,154,2,343.92,0
15678,7700,163,1,20.58,15
15679,106,184,2,200.81,0
15680,574,193,4,85.60,15
15681,6759,79,2,19.52,15
15682,7947,10,4,228.01,0
15683,2637,205,4,150.21,15
15684,1738,199,3,378.96,10
15685,498,188,2,61.43,10
15686,2464,103,5,252.38,0
15687,1483,185,2,48.99,0
15688,7039,144,1,321.56,0
15689,5075,181,1,259.05,0
15690,592,224,3,8.13,15
15691,7034,234,5,268.61,15
15692,9972,169,5,65.85,5
15693,6626,291,4,25.51,15
15694,8590,140,2,120.30,0
15695,8123,132,4,356.02,0
15696,4950,15,3,254.29,15
15697,435,91,1,371.67,0
15698,6829,172,1,43.91,0
15699,3937,299,2,277.33,0
15700,6912,152,3,359.63,5
15701,834,282,4,381.21,15
15702,461,215,4,252.10,0
15703,7825,36,5,229.35,15
15704,4513,230,3,323.29,5
15705,4115,228,4,335.11,0
15706,6933,131,1,91.11,5
15707,5099,44,5,57.92,0
15708,1717,92,3,50.16,10
15709,2634,64,5,245.58,0
15710,1858,34,2,297.79,0
15711,9841,72,1,370.40,0
15712,5946,116,3,368.79,0
15713,5192,110,5,326.74,5
15714,4872,54,2,316.28,5
15715,4168,288,3,66.37,0
15716,3825,139,4,321.64,0
15717,9526,144,5,321.56,10
15718,988,274,1,53.21,0
15719,1111,287,1,257.71,0
15720,7507,77,2,338.07,10
15721,6158,293,2,58.98,10
15722,6700,231,3,64.44,15
15723,5108,163,1,20.58,0
15724,1526,16,1,386.04,15
15725,2598,22,3,193.70,0
15726,1346,262,3,265.12,15
15727,7150,95,1,69.49,5
15728,4056,223,2,23.99,0
15729,1881,53,4,200.65,0
15730,1199,71,3,167.32,0
15731,7069,187,4,234.45,5
15732,2463,101,4,167.15,10
15733,2431,255,4,339.07,5
15734,1554,88,4,42.74,0
15735,3635,232,2,182.33,5
15736,1340,194,3,212.39,5
15737,5977,15,4,254.29,0
15738,8695,55,2,396.81,5
15739,4935,110,2,326.74,10
15740,5798,73,4,222.38,0
15741,3656,150,3,181.60,0
15742,8030,82,4,278.93,15
15743,8690,51,1,340.30,0
15744,5911,191,1,226.42,5
15745,9863,44,4,57.92,15
15746,4476,17,4,353.82,0
15747,2243,241,1,101.41,15
15748,7974,33,3,330.23,0
15749,5764,149,1,70.07,0
15750,5794,2,2,340.09,5
15751,4728,157,5,87.60,0
15752,3645,175,2,372.30,0
15753,4890,19,4,20.40,0
15754,7769,195,5,282.87,0
15755,4592,82,2,278.93,0
15756,8862,245,2,310.10,5
15757,2243,114,2,156.49,10
15758,5143,164,1,395.54,15
15759,5260,273,5,341.96,0
15760,1022,300,2,60.59,0
15761,2284,201,4,68.26,0
15762,2183,233,4,245.00,15
15763,2941,62,3,78.99,0
15764,4439,68,5,277.33,0
15765,5756,64,1,245.58,15
15766,6860,43,4,232.40,10
15767,2556,4,1,296.68,0
15768,885,66,5,206.27,0
15769,4734,192,4,90.00,10
15770,8827,282,1,381.21,10
15771,8915,128,1,220.39,0
15772,149,64,1,245.58,15
15773,1308,232,4,182.33,5
15774,9482,71,2,167.32,10
15775,2990,210,5,211.85,10
15776,8937,242,1,67.91,0
15777,1104,2,1,340.09,10
15778,5802,235,4,43.63,0
15779,4420,123,2,106.64,0
15780,4572,126,1,68.11,0
15781,5756,218,3,385.74,15
15782,3200,151,1,214.50,5
15783,2774,67,3,134.74,5
15784,4178,92,5,50.16,10
15785,7643,173,3,178.93,0
15786,2452,40,1,226.87,0
15787,3359,45,3,382.91,0
15788,5787,208,2,389.11,10
15789,1947,232,2,182.33,0
15790,8845,105,2,338.11,0
15791,8298,184,3,200.81,15
15792,4939,102,2,102.20,5
15793,6104,291,5,25.51,0
15794,5507,184,4,200.81,15
15795,9739,68,3,277.33,10
15796,3412,181,5,259.05,10
15797,8473,64,4,245.58,0
15798,7071,217,3,395.04,0
15799,5828,258,4,171.69,15
15800,1564,30,4,190.99,15
15801,9811,151,2,214.50,0
15802,5712,261,5,297.20,15
15803,2788,45,5,382.91,15
15804,782,104,5,188.19,0
15805,8622,74,4,224.24,0
15806,9189,54,1,316.28,0
15807,4744,190,5,22.53,0
15808,5674,5,3,235.25,15
15809,1451,234,3,268.61,5
15810,492,166,1,314.43,0
15811,209,173,3,178.93,0
15812,9819,223,4,23.99,0
15813,8839,144,5,321.56,5
15814,3612,297,3,30.06,0
15815,9807,293,1,58.98,0
15816,1465,37,3,258.60,5
15817,5802,42,1,309.17,10
15818,5862,82,3,278.93,0
15819,1146,153,2,174.41,0
15820,181,261,4,297.20,5
15821,7742,66,1,206.27,0
15822,8374,87,5,84.63,15
15823,9411,24,2,74.40,5
15824,2308,257,5,63.30,0
15825,1061,122,1,222.97,0
15826,8124,273,1,341.96,0
15827,9826,186,3,146.92,15
15828,5712,241,2,101.41,15
15829,3750,210,5,211.85,0
15830,4325,230,2,323.29,0
15831,2355,238,4,200.57,5
15832,4402,15,1,254.29,15
15833,3813,62,1,78.99,10
15834,5183,87,5,84.63,0
15835,3219,277,2,219.37,0
15836,1194,190,3,22.53,0
15837,5226,204,2,197.94,15
15838,4560,34,1,297.79,5
15839,7330,95,1,69.49,0
15840,3876,79,5,19.52,0
15841,8751,235,5,43.63,5
15842,6997,190,1,22.53,15
15843,3117,169,1,65.85,0
15844,9331,26,5,122.89,15
15845,9364,199,1,378.96,0
15846,2485,115,3,353.64,5
15847,5128,37,4,258.60,0
15848,3984,290,5,25.70,10
15849,9072,119,2,86.31,15
15850,1858,280,5,319.72,15
15851,256,193,4,85.60,5
15852,1630,48,2,72.09,5
15853,3989,41,1,89.26,0
15854,9949,27,5,65.87,0
15855,6306,174,5,232.35,10
15856,1325,207,1,326.57,15
15857,2185,92,2,50.16,0
15858,6436,199,1,378.96,15
15859,6041,208,1,389.11,0
15860,1015,2,5,340.09,0
15861,415,45,1,382.91,0
15862,3095,21,4,299.77,0
15863,3101,236,5,383.46,5
15864,9679,19,5,20.40,15
15865,2374,263,4,116.93,5
15866,4108,202,1,268.66,15
15867,4452,142,2,249.44,0
15868,3762,56,1,372.10,0
15869,8613,201,2,68.26,10
15870,4838,35,4,335.83,5
15871,9874,70,1,315.23,5
15872,6338,294,1,200.35,0
15873,3135,123,2,106.64,15
15874,4213,221,2,33.76,0
15875,8226,219,4,30.27,10
15876,8810,292,5,136.17,15
15877,1217,208,2,389.11,15
15878,5512,116,3,368.79,5
15879,7169,121,1,251.05,0
15880,3000,146,5,44.01,0
15881,6816,68,4,277.33,15
15882,9652,33,1,330.23,15
15883,918,140,1,120.30,0
15884,1016,299,4,277.33,0
15885,8169,256,4,343.78,10
15886,706,140,2,120.30,0
15887,5081,122,5,222.97,5
15888,999,9,2,150.86,0
15889,2543,191,4,226.42,0
15890,5063,38,1,200.72,0
15891,8795,235,1,43.63,0
15892,2517,220,5,131.34,5
15893,9704,123,2,106.64,0
15894,7821,39,2,49.89,10
15895,2749,189,4,299.32,0
15896,286,125,3,327.79,0
15897,555,79,3,19.52,0
15898,1772,69,4,156.10,5
15899,9915,197,3,208.34,5
15900,1839,21,2,299.77,0
15901,6255,155,3,190.98,10
15902,3798,110,2,326.74,10
15903,4459,148,1,119.97,5
15904,2397,42,4,309.17,15
15905,5774,123,3,106.64,0
15906,8646,152,3,359.63,0
15907,4179,107,5,65.37,5
15908,7155,220,4,131.34,0
15909,6960,170,4,67.45,15
15910,6032,130,1,200.63,0
15911,9674,100,5,371.65,0
15912,5886,41,5,89.26,0
15913,971,62,3,78.99,0
15914,2969,35,1,335.83,0
15915,3607,296,3,93.52,15
15916,3282,213,4,37.84,15
15917,6944,36,4,229.35,0
15918,2728,300,5,60.59,0
15919,4625,283,1,390.13,5
15920,1222,246,5,62.04,15
15921,1794,139,2,321.64,0
15922,2239,143,1,374.36,15
15923,2763,204,5,197.94,0
15924,5928,61,3,175.74,5
15925,7806,112,1,121.23,0
15926,3428,216,4,301.09,0
15927,8518,177,2,218.39,0
15928,8279,79,5,19.52,15
15929,2910,210,2,211.85,0
15930,3963,161,3,291.83,0
15931,6230,188,1,61.43,5
15932,8876,204,5,197.94,10
15933,2060,71,5,167.32,10
15934,732,55,4,396.81,10
15935,5346,249,2,124.21,0
15936,3445,101,3,167.15,0
15937,8434,110,3,326.74,0
15938,4073,106,3,66.50,5
15939,5599,244,1,146.67,5
15940,5792,20,1,344.16,15
15941,5090,154,1,343.92,0
15942,2818,174,1,232.35,15
15943,7390,256,1,343.78,15
15944,7907,80,5,392.68,0
15945,3237,49,2,123.44,5
15946,1603,74,2,224.24,10
15947,3374,10,5,228.01,10
15948,3533,210,3,211.85,15
15949,4687,208,1,389.11,15
15950,3020,104,1,188.19,0
15951,1357,252,5,24.03,0
15952,290,298,4,253.90,0
15953,1263,186,2,146.92,10
15954,9550,234,1,268.61,0
15955,3603,185,4,48.99,0
15956,7747,27,1,65.87,10
15957,4653,87,2,84.63,15
15958,3699,189,3,299.32,0
15959,7366,76,2,297.26,10
15960,6885,296,1,93.52,5
15961,7941,13,3,97.73,0
15962,3529,136,2,222.85,0
15963,7159,34,4,297.79,0
15964,5467,226,3,348.65,0
15965,9201,238,1,200.57,0
15966,7396,214,1,163.02,0
15967,9357,283,5,390.13,0
15968,4670,161,5,291.83,0
15969,7789,100,2,371.65,10
15970,1986,173,1,178.93,0
15971,311,62,3,78.99,15
15972,8652,194,4,212.39,5
15973,6261,292,5,136.17,10
15974,2108,286,1,362.28,0
15975,6026,281,2,263.43,0
15976,5218,70,2,315.23,0
15977,5448,140,1,120.30,0
15978,9058,179,2,237.43,0
15979,1559,67,5,134.74,0
15980,3216,17,3,353.82,10
15981,8710,127,4,126.84,5
15982,4929,299,1,277.33,10
15983,4540,7,1,263.49,15
15984,2404,14,5,106.54,15
15985,6597,138,2,331.78,5
15986,1097,41,3,89.26,5
15987,5527,72,4,370.40,0
15988,116,285,4,258.56,0
15989,5495,84,1,124.05,0
15990,3401,197,3,208.34,15
15991,4746,19,4,20.40,0
15992,4280,93,1,28.93,0
15993,1465,253,1,286.72,10
15994,9275,234,1,268.61,15
15995,1110,239,4,320.95,0
15996,2312,198,4,116.63,0
15997,1890,279,2,313.02,0
15998,8730,284,2,111.58,5
15999,7077,277,2,219.37,15
16000,7042,127,3,126.84,0
16001,610,96,5,264.06,5
16002,4501,6,4,190.26,0
16003,370,153,2,174.41,0
16004,8819,200,4,67.84,15
16005,4369,146,2,44.01,0
16006,889,177,2,218.39,0
16007,8638,189,5,299.32,5
16008,219,119,3,86.31,0
16009,9174,231,3,64.44,0
16010,3615,71,3,167.32,0
16011,4346,30,2,190.99,5
16012,7787,247,4,202.30,0
16013,6634,35,1,335.83,0
16014,4947,210,5,211.85,10
16015,3456,193,4,85.60,0
16016,1631,241,4,101.41,15
16017,2275,114,1,156.49,0
16018,7985,259,5,201.35,15
16019,6315,11,3,176.97,5
16020,874,76,3,297.26,15
16021,7077,288,5,66.37,15
16022,3730,151,4,214.50,0
16023,433,211,1,323.51,15
16024,6968,66,3,206.27,0
16025,9514,295,2,307.36,0
16026,7027,217,2,395.04,0
16027,9698,226,5,348.65,5
16028,8708,81,4,191.34,15
16029,6626,238,1,200.57,0
16030,6494,53,3,200.65,0
16031,8348,41,1,89.26,15
16032,5500,206,4,31.78,0
16033,4811,126,2,68.11,0
16034,1573,154,1,343.92,15
16035,3346,75,3,347.15,0
16036,5551,300,3,60.59,0
16037,1624,54,5,316.28,10
16038,1003,173,5,178.93,5
16039,7442,20,2,344.16,0
16040,792,86,1,365.04,0
16041,7089,54,1,316.28,15
16042,5320,96,4,264.06,10
16043,8965,134,3,378.20,0
16044,8424,249,1,124.21,0
16045,9128,128,2,220.39,5
16046,4083,269,3,79.59,0
16047,4494,173,5,178.93,15
16048,6849,287,3,257.71,0
16049,9962,256,4,343.78,0
16050,8356,281,1,263.43,0
16051,5383,199,3,378.96,10
16052,4046,275,4,59.35,15
16053,2609,111,3,225.30,15
16054,8373,120,1,388.54,10
16055,3527,121,2,251.05,0
16056,2535,234,2,268.61,10
16057,3491,6,1,190.26,10
16058,2978,111,1,225.30,0
16059,2462,50,1,311.33,0
16060,8030,90,1,206.30,15
16061,9273,60,2,275.96,10
16062,5007,285,4,258.56,0
16063,5557,39,4,49.89,0
16064,9866,78,1,33.23,0
16065,7964,281,3,263.43,0
16066,5810,246,1,62.04,0
16067,9174,206,3,31.78,0
16068,9818,190,3,22.53,0
16069,5202,180,3,323.47,0
16070,6173,192,1,90.00,0
16071,4614,293,2,58.98,10
16072,9861,112,2,121.23,0
16073,887,133,4,47.71,0
16074,9082,100,2,371.65,0
16075,9979,47,5,202.34,10
16076,7877,246,2,62.04,10
16077,632,286,3,362.28,15
16078,1165,198,1,116.63,0
16079,7187,106,3,66.50,0
16080,795,102,2,102.20,0
16081,2201,4,3,296.68,0
16082,6501,9,4,150.86,0
16083,9383,10,1,228.01,0
16084,8106,174,5,232.35,10
16085,704,262,4,265.12,15
16086,2953,26,1,122.89,0
16087,6165,282,5,381.21,10
16088,2827,42,5,309.17,0
16089,8074,148,1,119.97,0
16090,5947,239,2,320.95,0
16091,9805,39,4,49.89,5
16092,3962,239,1,320.95,10
16093,3459,20,5,344.16,5
16094,2092,188,4,61.43,5
16095,3508,155,3,190.98,15
16096,7722,240,1,117.00,10
16097,1071,143,1,374.36,5
16098,6905,166,2,314.43,5
16099,2079,19,5,20.40,0
16100,8734,51,1,340.30,0
16101,2658,8,4,357.93,0
16102,8621,62,5,78.99,5
16103,6358,255,4,339.07,0
16104,2221,1,4,281.65,5
16105,8133,125,5,327.79,0
16106,8503,30,3,190.99,10
16107,242,59,3,213.06,15
16108,8727,95,5,69.49,0
16109,2741,181,4,259.05,0
16110,4272,158,4,214.14,0
16111,8811,106,4,66.50,10
16112,2028,62,2,78.99,10
16113,1208,193,3,85.60,0
16114,1892,187,4,234.45,10
16115,6171,121,3,251.05,0
16116,142,194,2,212.39,0
16117,2859,16,4,386.04,0
16118,301,88,5,42.74,5
16119,9645,256,1,343.78,10
16120,6361,154,4,343.92,10
16121,9598,134,1,378.20,10
16122,3982,2,1,340.09,0
16123,7981,128,1,220.39,15
16124,2446,58,1,218.95,0
16125,5873,83,2,80.10,15
16126,4321,94,4,66.86,5
16127,3121,59,1,213.06,0
16128,7521,174,2,232.35,0
16129,5640,276,2,342.04,0
16130,6031,232,4,182.33,0
16131,7943,8,4,357.93,0
16132,5800,33,2,330.23,0
16133,447,194,5,212.39,10
16134,3522,186,4,146.92,0
16135,5465,154,1,343.92,0
16136,7631,47,3,202.34,0
16137,4631,164,3,395.54,15
16138,2352,56,1,372.10,0
16139,8023,146,5,44.01,5
16140,1030,124,5,320.32,0
16141,5863,34,2,297.79,5
16142,1689,203,5,6.30,15
16143,5469,238,2,200.57,15
16144,9485,121,1,251.05,0
16145,1792,195,4,282.87,10
16146,3068,137,4,288.60,0
16147,4811,69,5,156.10,5
16148,5681,115,1,353.64,0
16149,3157,191,1,226.42,0
16150,1682,50,5,311.33,0
16151,7171,295,3,307.36,10
16152,2904,121,4,251.05,10
16153,2745,255,4,339.07,15
16154,8218,294,4,200.35,0
16155,3236,103,2,252.38,15
16156,1143,189,3,299.32,5
16157,874,56,1,372.10,5
16158,5907,4,3,296.68,10
16159,8873,136,3,222.85,10
16160,6672,121,3,251.05,10
16161,5354,193,2,85.60,0
16162,2649,173,5,178.93,0
16163,4238,148,1,119.97,10
16164,864,4,4,296.68,0
16165,9674,261,4,297.20,0
16166,16,3,2,369.07,5
16167,1683,39,4,49.89,15
16168,9133,207,5,326.57,0
16169,3660,243,5,297.01,5
16170,3977,112,5,121.23,15
16171,5502,247,5,202.30,0
16172,5988,105,3,338.11,5
16173,928,83,3,80.10,5
16174,791,18,2,318.44,0
16175,6619,242,1,67.91,10
16176,9270,243,3,297.01,0
16177,3500,161,1,291.83,0
16178,164,55,4,396.81,5
16179,5648,77,2,338.07,0
16180,9029,202,3,268.66,5
16181,9284,100,5,371.65,0
16182,1303,174,3,232.35,15
16183,7891,104,5,188.19,0
16184,4461,66,3,206.27,5
16185,208,199,2,378.96,15
16186,4961,207,1,326.57,0
16187,1034,283,2,390.13,15
16188,143,153,3,174.41,10
16189,1226,203,1,6.30,0
16190,2199,197,3,208.34,5
16191,7647,182,3,183.61,0
16192,4838,158,3,214.14,0
16193,7842,297,2,30.06,0
16194,1640,228,5,335.11,0
16195,600,47,3,202.34,0
16196,2882,147,3,344.67,0
16197,8986,153,3,174.41,0
16198,9276,48,4,72.09,0
16199,914,18,4,318.44,0
16200,6444,30,2,190.99,0
16201,1263,215,2,252.10,0
16202,2504,255,2,339.07,15
16203,1597,202,1,268.66,5
16204,8169,129,1,265.34,0
16205,2302,183,5,78.33,15
16206,7728,261,5,297.20,10
16207,2616,187,2,234.45,10
16208,247,153,2,174.41,0
16209,4938,190,2,22.53,5
16210,3331,139,2,321.64,0
16211,360,62,2,78.99,15
16212,982,216,4,301.09,10
16213,4663,245,3,310.10,0
16214,1349,99,2,283.04,5
16215,3781,246,1,62.04,10
16216,7541,179,3,237.43,0
16217,6872,235,2,43.63,0
16218,8050,76,4,297.26,5
16219,5386,177,2,218.39,10
16220,7620,148,3,119.97,0
16221,8806,94,2,66.86,0
16222,3219,125,1,327.79,5
16223,453,97,3,234.59,0
16224,3933,3,1,369.07,5
16225,5489,26,1,122.89,0
16226,5759,155,2,190.98,5
16227,6893,162,5,270.73,0
16228,1456,108,2,261.20,0
16229,9292,258,5,171.69,5
16230,1719,295,5,307.36,0
16231,8059,250,5,178.43,5
16232,2142,235,2,43.63,0
16233,8515,16,2,386.04,0
16234,9403,234,1,268.61,15
16235,9850,21,5,299.77,0
16236,8165,139,3,321.64,0
16237,8548,186,5,146.92,0
16238,857,198,3,116.63,0
16239,2032,149,3,70.07,15
16240,4198,189,2,299.32,0
16241,4951,231,4,64.44,0
16242,2713,69,5,156.10,0
16243,1730,59,4,213.06,10
16244,9302,64,5,245.58,0
16245,314,183,1,78.33,0
16246,9169,281,4,263.43,0
16247,1255,20,2,344.16,0
16248,6669,254,2,396.05,0
16249,5575,70,5,315.23,10
16250,9280,27,3,65.87,0
16251,2004,185,5,48.99,10
16252,5065,212,4,324.30,5
16253,4904,187,2,234.45,5
16254,2044,112,3,121.23,0
16255,4997,145,4,94.23,0
16256,3197,208,4,389.11,0
16257,9721,102,1,102.20,0
16258,8545,300,5,60.59,5
16259,2027,253,1,286.72,10
16260,7935,85,5,114.41,5
16261,6253,235,1,43.63,15
16262,6749,208,5,389.11,15
16263,4559,53,2,200.65,0
16264,3443,38,4,200.72,0
16265,445,192,5,90.00,10
16266,9186,246,4,62.04,5
16267,8646,266,3,7.51,0
16268,7609,48,4,72.09,5
16269,1058,33,1,330.23,10
16270,9214,4,3,296.68,10
16271,2740,280,5,319.72,0
16272,6721,202,1,268.66,0
16273,2189,146,3,44.01,10
16274,6170,4,3,296.68,5
16275,5012,284,2,111.58,0
16276,1713,262,3,265.12,15
16277,4532,40,4,226.87,0
16278,6789,92,1,50.16,0
16279,9014,130,3,200.63,5
16280,4723,129,1,265.34,0
16281,5551,78,5,33.23,0
16282,8230,137,5,288.60,15
16283,1931,57,1,140.14,5
16284,3664,270,1,246.69,10
16285,7925,109,1,97.22,0
16286,7804,130,4,200.63,15
16287,8178,299,1,277.33,10
16288,6466,64,3,245.58,5
16289,7664,56,4,372.10,0
16290,1250,135,2,387.74,0
16291,6304,56,2,372.10,15
16292,2920,237,1,199.63,15
16293,5324,62,5,78.99,10
16294,9250,264,2,38.50,10
16295,3925,132,4,356.02,0
16296,3161,258,2,171.69,10
16297,4135,44,1,57.92,0
16298,1760,26,5,122.89,15
16299,7726,3,5,369.07,5
16300,4935,30,3,190.99,0
16301,7922,140,3,120.30,15
16302,7389,236,1,383.46,10
16303,1929,221,1,33.76,10
16304,8266,70,2,315.23,5
16305,7042,292,3,136.17,0
16306,7455,178,1,308.38,15
16307,3786,232,2,182.33,0
16308,6435,79,2,19.52,0
16309,8228,159,1,217.33,0
16310,8054,253,1,286.72,0
16311,3222,242,4,67.91,5
16312,9524,172,5,43.91,5
16313,2912,206,3,31.78,0
16314,7709,116,4,368.79,5
16315,3284,138,3,331.78,15
16316,8824,272,4,120.04,15
16317,5589,92,4,50.16,10
16318,8256,105,2,338.11,0
16319,6866,90,1,206.30,15
16320,1441,173,5,178.93,0
16321,9096,149,1,70.07,0
16322,834,186,3,146.92,15
16323,5380,19,1,20.40,0
16324,5324,105,1,338.11,5
16325,3270,278,2,334.45,0
16326,1704,155,2,190.98,0
16327,5541,119,4,86.31,0
16328,8962,130,2,200.63,0
16329,6008,144,1,321.56,5
16330,4664,108,3,261.20,0
16331,9258,244,2,146.67,0
16332,6136,86,1,365.04,15
16333,4269,89,5,285.99,0
16334,3911,35,4,335.83,5
16335,418,125,4,327.79,0
16336,7276,24,4,74.40,0
16337,3756,157,5,87.60,0
16338,7625,9,1,150.86,0
16339,3143,169,2,65.85,10
16340,1049,119,5,86.31,0
16341,7726,182,1,183.61,15
16342,8988,278,4,334.45,10
16343,719,250,3,178.43,10
16344,5632,243,2,297.01,10
16345,2604,126,5,68.11,0
16346,8057,280,2,319.72,0
16347,7347,89,4,285.99,0
16348,4981,151,4,214.50,15
16349,1750,119,3,86.31,0
16350,6952,35,2,335.83,0
16351,3690,235,3,43.63,0
16352,6555,12,5,161.29,10
16353,9787,38,1,200.72,0
16354,55,5,5,235.25,5
16355,6760,88,3,42.74,0
16356,2075,45,4,382.91,0
16357,8769,205,4,150.21,0
16358,8954,122,1,222.97,5
16359,8959,300,5,60.59,0
16360,1871,289,4,90.69,0
16361,9052,194,2,212.39,10
16362,4342,188,1,61.43,10
16363,2335,149,3,70.07,0
16364,6641,207,1,326.57,5
16365,7160,151,5,214.50,10
16366,3501,174,5,232.35,0
16367,1720,94,4,66.86,5
16368,1718,217,1,395.04,0
16369,5333,99,5,283.04,0
16370,6684,217,5,395.04,5
16371,9018,263,2,116.93,0
16372,9316,166,1,314.43,10
16373,5681,76,5,297.26,15
16374,7242,174,2,232.35,5
16375,2185,78,2,33.23,5
16376,6744,141,2,53.20,0
16377,7650,262,4,265.12,15
16378,7933,144,4,321.56,15
16379,9204,284,5,111.58,10
16380,9992,207,2,326.57,0
16381,5273,73,4,222.38,15
16382,6191,161,5,291.83,0
16383,9436,170,1,67.45,15
16384,9274,279,3,313.02,10
16385,1500,1,1,281.65,15
16386,4957,231,2,64.44,0
16387,6244,22,2,193.70,15
16388,4005,12,5,161.29,10
16389,4688,250,4,178.43,15
16390,8874,138,2,331.78,0
16391,7307,292,1,136.17,0
16392,1538,187,4,234.45,0
16393,1865,237,3,199.63,0
16394,9825,66,1,206.27,5
16395,8788,275,3,59.35,10
16396,8270,265,5,366.02,5
16397,8963,108,5,261.20,5
16398,5335,78,5,33.23,0
16399,7831,20,1,344.16,10
16400,6753,204,3,197.94,0
16401,8327,27,4,65.87,5
16402,9297,225,5,338.57,0
16403,7790,97,1,234.59,0
16404,1537,249,4,124.21,5
16405,1221,156,3,344.64,0
16406,8358,216,1,301.09,5
16407,7638,185,3,48.99,5
16408,4385,235,3,43.63,0
16409,2122,174,1,232.35,15
16410,7939,297,2,30.06,5
16411,9055,173,5,178.93,0
16412,2965,205,2,150.21,0
16413,6950,172,3,43.91,0
16414,4390,238,4,200.57,10
16415,1,69,3,156.10,5
16416,7041,38,4,200.72,0
16417,2050,59,2,213.06,0
16418,6859,104,4,188.19,15
16419,8949,28,3,82.43,10
16420,5306,263,2,116.93,0
16421,7133,101,1,167.15,0
16422,4156,45,2,382.91,10
16423,9118,169,4,65.85,5
16424,233,43,5,232.40,10
16425,6850,103,4,252.38,0
16426,8979,42,5,309.17,10
16427,8312,288,5,66.37,0
16428,1837,211,1,323.51,0
16429,7071,15,5,254.29,0
16430,1847,160,5,132.63,10
16431,7861,104,5,188.19,5
16432,2133,233,5,245.00,5
16433,1713,43,4,232.40,5
16434,5842,189,5,299.32,0
16435,5700,133,3,47.71,0
16436,9750,64,5,245.58,0
16437,4974,95,1,69.49,0
16438,3328,90,3,206.30,0
16439,7049,146,1,44.01,15
16440,3426,6,3,190.26,0
16441,4799,221,4,33.76,15
16442,1188,184,4,200.81,5
16443,6022,144,2,321.56,0
16444,6155,130,5,200.63,10
16445,3916,145,3,94.23,15
16446,8041,207,5,326.57,0
16447,2643,58,4,218.95,5
16448,6974,298,5,253.90,0
16449,1393,148,3,119.97,10
16450,3507,161,5,291.83,5
16451,4668,66,1,206.27,5
16452,6816,94,5,66.86,5
16453,9608,170,1,67.45,15
16454,9585,294,1,200.35,10
16455,4727,246,1,62.04,10
16456,256,171,2,132.85,0
16457,2235,119,5,86.31,10
16458,7146,199,5,378.96,0
16459,7912,63,1,199.37,5
16460,3508,160,3,132.63,0
16461,7580,267,4,208.17,10
16462,5426,267,1,208.17,10
16463,541,103,3,252.38,10
16464,3219,208,1,389.11,0
16465,2829,116,2,368.79,0
16466,8399,273,3,341.96,0
16467,7836,300,4,60.59,0
16468,5419,83,4,80.10,15
16469,871,283,2,390.13,5
16470,821,160,4,132.63,5
16471,898,143,2,374.36,5
16472,7325,264,5,38.50,5
16473,6852,286,4,362.28,0
16474,5881,217,3,395.04,15
16475,8968,46,5,252.91,10
16476,9174,143,4,374.36,5
16477,5114,80,1,392.68,5
16478,4268,246,2,62.04,15
16479,3927,79,5,19.52,5
16480,5122,3,1,369.07,5
16481,165,222,2,345.59,5
16482,8303,265,1,366.02,15
16483,1030,92,5,50.16,0
16484,9344,18,3,318.44,0
16485,2680,275,5,59.35,0
16486,3611,192,4,90.00,10
16487,9726,293,4,58.98,0
16488,2698,137,3,288.60,10
16489,4861,277,1,219.37,5
16490,2244,75,5,347.15,0
16491,2040,249,3,124.21,15
16492,425,295,1,307.36,0
16493,3465,184,3,200.81,0
16494,6393,164,5,395.54,0
16495,4140,51,5,340.30,0
16496,6075,69,2,156.10,0
16497,3252,122,1,222.97,0
16498,1755,17,5,353.82,0
16499,3329,11,1,176.97,10
16500,3311,139,3,321.64,10
16501,4645,164,5,395.54,5
16502,2879,267,3,208.17,15
16503,4958,215,3,252.10,5
16504,4061,26,3,122.89,0
16505,1418,242,2,67.91,0
16506,926,163,3,20.58,0
16507,5340,12,3,161.29,10
16508,7646,271,3,327.62,0
16509,198,132,2,356.02,0
16510,9689,208,3,389.11,0
16511,1071,294,4,200.35,0
16512,581,252,5,24.03,0
16513,5119,97,1,234.59,0
16514,4254,288,5,66.37,10
16515,144,200,2,67.84,10
16516,3055,33,3,330.23,15
16517,1900,209,3,188.28,0
16518,1838,234,3,268.61,0
16519,6721,225,5,338.57,0
16520,8307,263,3,116.93,15
16521,8429,85,3,114.41,0
16522,9477,161,3,291.83,0
16523,7592,17,4,353.82,0
16524,1584,1,3,281.65,0
16525,6078,152,3,359.63,5
16526,2673,286,1,362.28,15
16527,2164,179,3,237.43,10
16528,6731,213,2,37.84,0
16529,6634,112,5,121.23,15
16530,3750,83,4,80.10,10
16531,8421,230,5,323.29,15
16532,1215,22,1,193.70,10
16533,6586,299,1,277.33,10
16534,9456,146,3,44.01,0
16535,4797,93,1,28.93,0
16536,729,203,5,6.30,0
16537,6217,278,5,334.45,0
16538,4006,109,1,97.22,5
16539,7522,212,4,324.30,15
16540,380,60,1,275.96,0
16541,8881,121,3,251.05,0
16542,7830,65,2,76.41,10
16543,3965,161,5,291.83,0
16544,194,268,1,226.31,15
16545,8408,271,1,327.62,5
16546,1542,186,2,146.92,10
16547,7658,16,3,386.04,0
16548,8771,262,5,265.12,0
16549,166,197,5,208.34,10
16550,2105,286,3,362.28,5
16551,8073,39,3,49.89,15
16552,5885,207,2,326.57,10
16553,8674,208,2,389.11,5
16554,1247,150,3,181.60,15
16555,8927,41,3,89.26,5
16556,9238,14,2,106.54,15
16557,5671,105,5,338.11,15
16558,5644,37,4,258.60,0
16559,9908,195,2,282.87,10
16560,936,241,2,101.41,5
16561,689,26,5,122.89,0
16562,8708,278,2,334.45,0
16563,8164,18,2,318.44,0
16564,6264,28,1,82.43,0
16565,6673,184,5,200.81,0
16566,1469,81,2,191.34,10
16567,7278,288,5,66.37,0
16568,6117,174,2,232.35,0
16569,3850,226,4,348.65,15
16570,5860,166,3,314.43,0
16571,8773,54,2,316.28,0
16572,4309,9,4,150.86,15
16573,3286,99,5,283.04,5
16574,9006,262,4,265.12,0
16575,8278,42,4,309.17,0
16576,223,44,5,57.92,10
16577,276,276,3,342.04,0
16578,2884,184,5,200.81,5
16579,329,121,2,251.05,0
16580,3695,264,2,38.50,0
16581,7097,68,3,277.33,10
16582,2674,273,4,341.96,5
16583,3754,278,1,334.45,10
16584,4171,8,2,357.93,5
16585,3800,247,3,202.30,10
16586,7354,74,2,224.24,15
16587,9724,34,1,297.79,0
16588,9647,220,2,131.34,0
16589,2896,75,2,347.15,0
16590,8659,141,2,53.20,0
16591,7898,163,3,20.58,0
16592,1096,46,1,252.91,10
16593,4359,297,4,30.06,0
16594,3357,174,5,232.35,15
16595,1610,135,2,387.74,10
16596,5607,198,3,116.63,5
16597,3216,291,4,25.51,0
16598,6023,199,2,378.96,0
16599,6308,148,4,119.97,0
16600,994,235,3,43.63,5
16601,5461,200,5,67.84,5
16602,7666,155,4,190.98,0
16603,1591,95,5,69.49,5
16604,7489,200,3,67.84,5
16605,3677,6,1,190.26,0
16606,8460,125,3,327.79,0
16607,7051,284,3,111.58,10
16608,4849,60,4,275.96,15
16609,6440,62,1,78.99,0
16610,4642,146,3,44.01,5
16611,8021,110,4,326.74,10
16612,2546,282,1,381.21,0
16613,5903,241,3,101.41,10
16614,9416,240,3,117.00,0
16615,3903,172,2,43.91,0
16616,5568,251,2,113.15,0
16617,9022,45,3,382.91,10
16618,7233,218,2,385.74,0
16619,2621,149,4,70.07,0
16620,380,49,5,123.44,15
16621,5329,141,4,53.20,15
16622,7411,214,2,163.02,10
16623,7925,76,4,297.26,15
16624,5401,57,3,140.14,0
16625,4577,250,3,178.43,0
16626,125,187,3,234.45,10
16627,6175,68,2,277.33,0
16628,8717,48,4,72.09,10
16629,6245,175,1,372.30,15
16630,5465,185,5,48.99,0
16631,686,85,1,114.41,5
16632,9028,272,2,120.04,15
16633,2297,132,1,356.02,0
16634,5582,236,2,383.46,0
16635,1909,298,3,253.90,5
16636,5363,68,2,277.33,10
16637,6528,37,2,258.60,0
16638,4358,122,2,222.97,0
16639,438,251,5,113.15,0
16640,5169,31,2,136.27,0
16641,9215,186,2,146.92,10
16642,638,180,2,323.47,0
16643,7787,213,2,37.84,15
16644,8514,257,1,63.30,5
16645,3402,35,4,335.83,10
16646,4790,224,2,8.13,5
16647,3180,136,4,222.85,10
16648,4657,67,5,134.74,5
16649,5854,46,4,252.91,5
16650,7290,211,3,323.51,15
16651,4112,20,3,344.16,0
16652,2137,191,4,226.42,5
16653,6372,1,2,281.65,5
16654,2027,79,5,19.52,10
16655,2307,53,1,200.65,15
16656,7485,18,4,318.44,0
16657,793,24,2,74.40,0
16658,71,110,3,326.74,0
16659,1284,39,1,49.89,0
16660,2607,52,2,51.91,5
16661,1262,50,3,311.33,0
16662,187,242,3,67.91,5
16663,692,201,5,68.26,0
16664,4055,99,4,283.04,15
16665,2530,182,2,183.61,0
16666,9413,65,3,76.41,0
16667,8473,120,5,388.54,0
16668,357,163,2,20.58,0
16669,5098,188,4,61.43,15
16670,6023,34,2,297.79,0
16671,9005,146,3,44.01,15
16672,7919,227,1,303.25,10
16673,7194,182,2,183.61,0
16674,1473,210,3,211.85,0
16675,538,64,3,245.58,0
16676,7130,53,3,200.65,0
16677,828,51,5,340.30,15
16678,1108,260,5,294.26,0
16679,9172,48,2,72.09,15
16680,2341,88,4,42.74,0
16681,3208,134,3,378.20,0
16682,7497,59,4,213.06,10
16683,4350,76,4,297.26,0
16684,821,156,1,344.64,10
16685,6908,288,3,66.37,10
16686,7294,202,4,268.66,10
16687,3485,274,1,53.21,0
16688,1868,27,5,65.87,0
16689,9308,130,3,200.63,0
16690,961,295,5,307.36,0
16691,8920,233,4,245.00,10
16692,8008,92,3,50.16,0
16693,1167,135,4,387.74,15
16694,704,192,1,90.00,15
16695,5338,44,2,57.92,0
16696,71,30,1,190.99,0
16697,1665,196,3,160.55,5
16698,9902,182,1,183.61,0
16699,9240,102,5,102.20,0
16700,8228,51,4,340.30,0
16701,7841,130,3,200.63,0
16702,9414,246,1,62.04,0
16703,9723,89,3,285.99,5
16704,6199,167,2,245.05,15
16705,4377,113,4,75.33,15
16706,6092,23,5,393.39,5
16707,3406,76,2,297.26,5
16708,2681,263,4,116.93,0
16709,8706,19,4,20.40,15
16710,7116,256,2,343.78,0
16711,3724,111,5,225.30,0
16712,4133,97,1,234.59,0
16713,2832,9,1,150.86,5
16714,5814,190,3,22.53,0
16715,2153,6,1,190.26,5
16716,7162,19,2,20.40,0
16717,5015,198,2,116.63,0
16718,568,97,3,234.59,0
16719,6370,60,4,275.96,0
16720,8349,141,1,53.20,5
16721,6316,132,2,356.02,5
16722,7628,268,5,226.31,10
16723,6611,129,2,265.34,0
16724,3385,273,2,341.96,0
16725,5474,62,3,78.99,5
16726,7026,155,4,190.98,5
16727,9971,81,4,191.34,0
16728,2419,8,2,357.93,10
16729,6187,144,2,321.56,0
16730,9128,162,3,270.73,5
16731,6615,212,4,324.30,0
16732,634,7,4,263.49,5
16733,2715,125,1,327.79,5
16734,3033,291,5,25.51,0
16735,9570,234,4,268.61,5
16736,9372,179,2,237.43,0
16737,7588,244,5,146.67,0
16738,1611,197,2,208.34,5
16739,4984,264,1,38.50,5
16740,3621,164,2,395.54,0
16741,8305,15,5,254.29,0
16742,6297,125,5,327.79,5
16743,8328,240,1,117.00,0
16744,2960,209,1,188.28,0
16745,1815,60,5,275.96,5
16746,3650,246,3,62.04,0
16747,2148,119,3,86.31,0
16748,5823,125,2,327.79,5
16749,7528,84,5,124.05,10
16750,3097,106,4,66.50,0
16751,6292,173,5,178.93,10
16752,823,143,4,374.36,15
16753,3728,89,4,285.99,5
16754,6630,131,2,91.11,10
16755,2581,243,4,297.01,10
16756,7335,114,5,156.49,0
16757,7407,171,1,132.85,0
16758,395,290,4,25.70,10
16759,1085,80,2,392.68,5
16760,7279,239,1,320.95,10
16761,1648,2,1,340.09,0
16762,3471,64,3,245.58,0
16763,9714,196,2,160.55,10
16764,23,69,3,156.10,5
16765,659,240,1,117.00,0
16766,4565,27,2,65.87,10
16767,121,285,4,258.56,0
16768,9039,83,3,80.10,10
16769,8109,38,5,200.72,0
16770,7332,19,3,20.40,0
16771,5496,201,5,68.26,10
16772,3430,226,3,348.65,0
16773,5991,283,4,390.13,10
16774,7771,231,1,64.44,0
16775,3758,34,1,297.79,15
16776,2416,45,5,382.91,0
16777,5810,155,3,190.98,5
16778,1042,136,5,222.85,15
16779,6556,107,3,65.37,5
16780,787,190,2,22.53,0
16781,3802,72,5,370.40,0
16782,3453,154,4,343.92,0
16783,202,17,3,353.82,0
16784,4921,149,3,70.07,0
16785,9979,26,2,122.89,0
16786,3380,297,5,30.06,0
16787,8886,30,4,190.99,0
16788,45,204,5,197.94,15
16789,7608,196,1,160.55,0
16790,1699,138,4,331.78,0
16791,8828,73,2,222.38,0
16792,4752,252,5,24.03,0
16793,729,275,3,59.35,0
16794,7102,257,5,63.30,15
16795,8272,254,5,396.05,5
16796,1889,180,5,323.47,0
16797,1061,1,4,281.65,0
16798,272,258,3,171.69,0
16799,4994,143,4,374.36,5
16800,5688,51,1,340.30,5
16801,1024,67,3,134.74,10
16802,2086,125,2,327.79,15
16803,4953,226,1,348.65,10
16804,1258,233,3,245.00,0
16805,2563,72,4,370.40,0
16806,7183,121,2,251.05,15
16807,4560,251,2,113.15,0
16808,2047,43,2,232.40,0
16809,6492,20,1,344.16,15
16810,3986,174,1,232.35,0
16811,6382,196,5,160.55,0
16812,5945,59,3,213.06,0
16813,6920,21,2,299.77,5
16814,9525,94,2,66.86,10
16815,7272,64,2,245.58,0
16816,7955,223,1,23.99,5
16817,1963,197,4,208.34,15
16818,6314,277,2,219.37,0
16819,1877,53,4,200.65,0
16820,9811,27,5,65.87,5
16821,1301,30,3,190.99,5
16822,5181,192,5,90.00,0
16823,7715,247,5,202.30,5
16824,1905,127,2,126.84,10
16825,3932,286,5,362.28,0
16826,9450,74,3,224.24,0
16827,9344,257,2,63.30,0
16828,8240,78,3,33.23,15
16829,9236,82,3,278.93,10
16830,5803,189,4,299.32,0
16831,6122,173,2,178.93,10
16832,3424,67,2,134.74,15
16833,4350,254,5,396.05,10
16834,7943,74,2,224.24,10
16835,2073,114,1,156.49,10
16836,8435,176,4,367.34,15
16837,6518,242,4,67.91,10
16838,3140,157,5,87.60,15
16839,6270,50,4,311.33,15
16840,7640,109,5,97.22,10
16841,8343,109,2,97.22,10
16842,128,119,5,86.31,10
16843,4276,189,4,299.32,10
16844,7219,213,3,37.84,15
16845,1115,16,4,386.04,10
16846,9989,173,4,178.93,5
16847,450,118,3,351.34,15
16848,3172,10,1,228.01,0
16849,2369,132,2,356.02,10
16850,7751,96,4,264.06,5
16851,9992,289,3,90.69,0
16852,6874,72,5,370.40,15
16853,3418,87,3,84.63,0
16854,5572,264,4,38.50,5
16855,3137,11,1,176.97,5
16856,562,286,4,362.28,0
16857,7817,177,3,218.39,5
16858,7676,202,4,268.66,15
16859,7375,260,2,294.26,0
16860,7788,111,4,225.30,5
16861,3184,3,4,369.07,5
16862,7179,280,4,319.72,0
16863,4065,128,1,220.39,0
16864,2467,15,3,254.29,5
16865,9953,284,2,111.58,15
16866,9639,44,5,57.92,15
16867,1402,189,5,299.32,10
16868,6295,7,3,263.49,0
16869,5786,78,5,33.23,0
16870,1040,85,1,114.41,0
16871,5751,96,4,264.06,0
16872,4106,284,2,111.58,0
16873,225,213,3,37.84,0
16874,8176,18,2,318.44,0
16875,799,78,5,33.23,0
16876,3366,226,3,348.65,0
16877,192,160,3,132.63,10
16878,2246,139,5,321.64,0
16879,6073,264,2,38.50,0
16880,1791,296,1,93.52,0
16881,8449,260,4,294.26,5
16882,1859,119,2,86.31,0
16883,554,252,3,24.03,0
16884,1042,293,4,58.98,0
16885,6751,131,2,91.11,0
16886,6544,177,3,218.39,0
16887,6950,118,5,351.34,0
16888,7812,254,1,396.05,5
16889,6308,95,3,69.49,0
16890,4717,162,1,270.73,5
16891,3604,73,2,222.38,5
16892,3604,102,2,102.20,15
16893,1071,286,3,362.28,0
16894,8009,94,2,66.86,0
16895,2566,27,3,65.87,0
16896,6017,225,5,338.57,0
16897,74,283,1,390.13,0
16898,7973,234,5,268.61,0
16899,9806,121,5,251.05,5
16900,7116,47,4,202.34,0
16901,4356,130,5,200.63,15
16902,9067,221,5,33.76,0
16903,7164,110,5,326.74,0
16904,3244,158,1,214.14,0
16905,166,163,2,20.58,0
16906,1056,155,3,190.98,5
16907,41,81,2,191.34,0
16908,9477,23,3,393.39,0
16909,1155,48,2,72.09,0
16910,1620,289,3,90.69,15
16911,5086,169,3,65.85,10
16912,1022,282,1,381.21,0
16913,1242,270,2,246.69,10
16914,5277,24,1,74.40,5
16915,1651,144,4,321.56,0
16916,4577,156,3,344.64,5
16917,4426,62,5,78.99,0
16918,1050,64,1,245.58,5
16919,2489,55,4,396.81,5
16920,9071,93,4,28.93,5
16921,1172,124,4,320.32,0
16922,6593,17,2,353.82,10
16923,3251,127,3,126.84,0
16924,9277,296,2,93.52,0
16925,8775,251,5,113.15,10
16926,4676,50,4,311.33,0
16927,4036,120,3,388.54,5
16928,438,217,4,395.04,0
16929,7729,16,2,386.04,10
16930,4856,83,2,80.10,5
16931,6183,62,2,78.99,0
16932,8984,182,3,183.61,0
16933,5373,148,3,119.97,0
16934,2486,145,3,94.23,10
16935,1619,192,3,90.00,5
16936,8801,244,2,146.67,5
16937,975,178,3,308.38,5
16938,2536,263,2,116.93,0
16939,2220,8,4,357.93,15
16940,4313,233,4,245.00,0
16941,5627,257,1,63.30,15
16942,9519,15,1,254.29,15
16943,4084,277,1,219.37,0
16944,60,138,5,331.78,15
16945,9458,102,3,102.20,0
16946,9247,120,2,388.54,5
16947,9428,120,3,388.54,0
16948,8689,44,1,57.92,5
16949,1324,128,4,220.39,0
16950,342,227,3,303.25,0
16951,244,198,4,116.63,0
16952,9666,73,1,222.38,0
16953,3852,51,2,340.30,0
16954,1481,243,2,297.01,0
16955,3931,279,1,313.02,15
16956,156,117,4,350.39,0
16957,4859,258,1,171.69,15
16958,5307,119,2,86.31,15
16959,9466,92,2,50.16,10
16960,2688,276,4,342.04,5
16961,7047,8,2,357.93,0
16962,7180,108,2,261.20,15
16963,8393,269,2,79.59,10
16964,726,176,2,367.34,0
16965,780,182,2,183.61,0
16966,6717,61,5,175.74,0
16967,5308,114,1,156.49,5
16968,3376,159,4,217.33,0
16969,2063,256,3,343.78,5
16970,7580,112,3,121.23,10
16971,3411,55,1,396.81,15
16972,3001,192,4,90.00,0
16973,7938,149,5,70.07,10
16974,6743,281,5,263.43,0
16975,5870,259,5,201.35,0
16976,6971,241,3,101.41,0
16977,2766,290,2,25.70,0
16978,3679,213,5,37.84,10
16979,5312,110,2,326.74,0
16980,7033,226,2,348.65,0
16981,1371,287,1,257.71,0
16982,1631,152,1,359.63,10
16983,2926,272,5,120.04,10
16984,3785,205,2,150.21,0
16985,4918,40,5,226.87,15
16986,1699,164,3,395.54,0
16987,8297,104,2,188.19,0
16988,7865,116,2,368.79,5
16989,618,87,4,84.63,0
16990,2909,61,1,175.74,0
16991,254,188,4,61.43,0
16992,7946,1,2,281.65,0
16993,5786,228,5,335.11,15
16994,8275,35,5,335.83,15
16995,1001,55,2,396.81,5
16996,5468,165,4,273.91,0
16997,9523,119,2,86.31,0
16998,3530,6,4,190.26,0
16999,7309,171,4,132.85,0
17000,279,256,1,343.78,0
17001,5756,59,2,213.06,0
17002,2440,1,4,281.65,5
17003,3346,59,5,213.06,0
17004,6716,152,2,359.63,0
17005,9058,136,1,222.85,10
17006,1542,59,1,213.06,0
17007,3316,49,4,123.44,10
17008,6702,219,1,30.27,15
17009,4312,35,2,335.83,0
17010,2808,248,2,149.84,0
17011,9822,79,1,19.52,0
17012,1296,60,3,275.96,0
17013,7072,239,1,320.95,5
17014,24,70,3,315.23,0
17015,6209,12,1,161.29,0
17016,270,255,4,339.07,10
17017,9758,229,4,324.76,0
17018,1759,93,1,28.93,0
17019,3334,130,2,200.63,15
17020,261,213,4,37.84,0
17021,9861,194,2,212.39,0
17022,6878,158,3,214.14,10
17023,5030,106,5,66.50,15
17024,8295,168,5,156.48,0
17025,755,253,1,286.72,0
17026,4384,230,2,323.29,5
17027,3079,220,2,131.34,0
17028,6016,249,4,124.21,15
17029,1577,37,5,258.60,10
17030,707,16,4,386.04,0
17031,7835,110,5,326.74,0
17032,6721,157,1,87.60,0
17033,2095,53,5,200.65,0
17034,7141,239,3,320.95,5
17035,2345,68,5,277.33,0
17036,3899,26,1,122.89,5
17037,652,185,5,48.99,0
17038,9042,49,2,123.44,15
17039,5540,195,3,282.87,5
17040,2644,98,4,115.13,0
17041,4664,252,3,24.03,0
17042,8286,138,4,331.78,10
17043,9042,157,5,87.60,0
17044,6458,156,1,344.64,10
17045,6475,38,2,200.72,5
17046,9192,92,2,50.16,10
17047,5134,156,4,344.64,5
17048,3543,25,3,157.60,15
17049,3526,197,5,208.34,0
17050,6697,256,1,343.78,0
17051,6714,279,1,313.02,5
17052,3675,63,5,199.37,5
17053,8690,205,1,150.21,0
17054,7773,63,2,199.37,0
17055,7850,238,2,200.57,5
17056,9508,222,5,345.59,15
17057,8939,60,5,275.96,0
17058,2152,22,5,193.70,15
17059,1541,270,4,246.69,15
17060,6899,136,3,222.85,5
17061,2409,99,4,283.04,0
17062,9120,137,5,288.60,0
17063,4461,279,4,313.02,0
17064,7637,90,4,206.30,15
17065,5188,231,2,64.44,0
17066,4124,163,4,20.58,0
17067,3246,21,5,299.77,5
17068,4053,157,1,87.60,0
17069,8794,164,3,395.54,10
17070,7942,27,3,65.87,5
17071,3132,62,4,78.99,0
17072,3871,252,2,24.03,0
17073,3539,204,2,197.94,0
17074,1974,222,3,345.59,0
17075,8187,57,1,140.14,5
17076,1312,41,3,89.26,15
17077,5269,228,5,335.11,15
17078,1192,81,1,191.34,0
17079,5763,236,1,383.46,0
17080,2864,293,3,58.98,5
17081,5431,238,4,200.57,0
17082,7210,246,2,62.04,5
17083,7771,256,1,343.78,5
17084,4400,99,5,283.04,15
17085,3981,105,1,338.11,0
17086,367,288,4,66.37,10
17087,43,72,2,370.40,5
17088,5202,2,4,340.09,15
17089,6474,83,5,80.10,0
17090,5887,233,4,245.00,0
17091,6374,216,5,301.09,0
17092,2014,239,5,320.95,0
17093,540,35,5,335.83,5
17094,6431,168,1,156.48,5
17095,5103,212,5,324.30,0
17096,3321,184,2,200.81,0
17097,467,239,3,320.95,5
17098,2753,128,3,220.39,0
17099,6540,60,5,275.96,0
17100,4841,69,4,156.10,0
17101,8239,1,4,281.65,5
17102,6864,56,5,372.10,0
17103,2036,216,4,301.09,5
17104,1701,177,5,218.39,0
17105,9641,129,3,265.34,0
17106,8406,149,5,70.07,5
17107,1924,261,1,297.20,10
17108,9408,241,3,101.41,15
17109,2658,28,3,82.43,0
17110,7315,114,5,156.49,0
17111,7212,197,3,208.34,0
17112,6088,237,5,199.63,15
17113,4630,139,1,321.64,0
17114,1990,19,4,20.40,0
17115,2900,240,3,117.00,0
17116,4656,213,4,37.84,15
17117,5873,196,1,160.55,5
17118,9193,155,2,190.98,0
17119,7295,51,4,340.30,5
17120,1098,119,4,86.31,10
17121,7372,8,4,357.93,0
17122,984,76,2,297.26,0
17123,8295,170,3,67.45,15
17124,3020,69,4,156.10,0
17125,4870,175,3,372.30,15
17126,9858,61,3,175.74,0
17127,999,230,5,323.29,0
17128,8891,230,2,323.29,0
17129,2155,156,2,344.64,0
17130,5918,211,4,323.51,5
17131,2483,289,5,90.69,10
17132,6764,178,1,308.38,5
17133,3843,42,1,309.17,15
17134,4889,208,2,389.11,0
17135,5105,77,5,338.07,0
17136,6462,193,1,85.60,0
17137,8933,184,2,200.81,0
17138,5727,300,3,60.59,15
17139,2390,84,5,124.05,10
17140,6044,140,4,120.30,0
17141,4996,280,3,319.72,10
17142,2411,73,2,222.38,0
17143,8193,2,4,340.09,0
17144,6369,231,3,64.44,15
17145,356,20,2,344.16,5
17146,8300,9,5,150.86,0
17147,5933,270,3,246.69,0
17148,8153,265,1,366.02,15
17149,6063,93,1,28.93,0
17150,8690,86,5,365.04,15
17151,6615,239,5,320.95,0
17152,8536,139,3,321.64,0
17153,5481,128,5,220.39,0
17154,3502,95,4,69.49,5
17155,8784,261,1,297.20,10
17156,8698,112,1,121.23,15
17157,1468,32,3,318.14,15
17158,202,237,3,199.63,0
17159,4533,237,4,199.63,5
17160,8434,240,3,117.00,0
17161,8598,88,3,42.74,0
17162,3257,284,4,111.58,10
17163,1344,14,3,106.54,0
17164,1347,202,5,268.66,0
17165,8496,247,5,202.30,5
17166,3461,254,2,396.05,10
17167,6747,296,1,93.52,0
17168,3892,244,3,146.67,5
17169,5149,181,2,259.05,5
17170,9369,171,5,132.85,10
17171,2724,164,4,395.54,0
17172,8917,212,4,324.30,5
17173,8682,168,1,156.48,0
17174,6644,227,5,303.25,0
17175,1227,193,2,85.60,0
17176,5466,88,1,42.74,0
17177,9385,222,5,345.59,0
17178,3109,119,1,86.31,0
17179,4059,197,1,208.34,5
17180,4666,291,5,25.51,10
17181,4507,32,2,318.14,0
17182,8647,56,1,372.10,0
17183,8116,194,2,212.39,0
17184,513,279,3,313.02,0
17185,6856,30,4,190.99,0
17186,5645,94,2,66.86,10
17187,2187,60,5,275.96,15
17188,8794,269,1,79.59,5
17189,7161,92,5,50.16,0
17190,1521,27,5,65.87,10
17191,7967,21,1,299.77,0
17192,3901,80,4,392.68,5
17193,8730,296,1,93.52,15
17194,1207,195,5,282.87,0
17195,6629,37,3,258.60,0
17196,1877,168,1,156.48,5
17197,1341,150,2,181.60,5
17198,3961,235,5,43.63,15
17199,5318,70,1,315.23,5
17200,4160,18,2,318.44,5
17201,9703,39,5,49.89,0
17202,9215,234,1,268.61,0
17203,9077,55,5,396.81,15
17204,6603,150,5,181.60,0
17205,2940,269,1,79.59,5
17206,6502,67,2,134.74,5
17207,9282,58,4,218.95,0
17208,5673,125,5,327.79,10
17209,2295,238,4,200.57,5
17210,1021,151,4,214.50,0
17211,7951,173,2,178.93,5
17212,2990,85,5,114.41,0
17213,9661,19,1,20.40,0
17214,5610,188,1,61.43,5
17215,6988,299,5,277.33,0
17216,4923,3,4,369.07,0
17217,8604,79,4,19.52,0
17218,1153,258,3,171.69,10
17219,4887,237,1,199.63,15
17220,26,11,2,176.97,0
17221,2755,249,1,124.21,10
17222,8711,125,4,327.79,0
17223,6102,35,3,335.83,5
17224,9687,161,3,291.83,0
17225,2781,174,3,232.35,10
17226,7653,245,4,310.10,10
17227,4791,102,1,102.20,0
17228,5674,288,4,66.37,5
17229,697,43,1,232.40,10
17230,4318,290,5,25.70,0
17231,3303,109,3,97.22,15
17232,2937,256,2,343.78,10
17233,8248,49,1,123.44,0
17234,8333,143,1,374.36,5
17235,5602,285,3,258.56,0
17236,5098,208,2,389.11,0
17237,5510,166,4,314.43,15
17238,6165,18,5,318.44,0
17239,4259,95,5,69.49,5
17240,8471,31,3,136.27,0
17241,1165,60,2,275.96,10
17242,6840,153,2,174.41,0
17243,6216,9,1,150.86,10
17244,890,17,1,353.82,5
17245,2479,254,5,396.05,0
17246,626,181,1,259.05,0
17247,6081,186,5,146.92,0
17248,5486,254,3,396.05,15
17249,5603,285,3,258.56,0
17250,1136,129,4,265.34,0
17251,1944,204,2,197.94,0
17252,2520,41,4,89.26,5
17253,9223,298,4,253.90,15
17254,6159,162,5,270.73,0
17255,1539,264,1,38.50,15
17256,8355,189,1,299.32,10
17257,3358,191,1,226.42,10
17258,1343,281,5,263.43,0
17259,5370,91,3,371.67,10
17260,7426,149,2,70.07,5
17261,2653,280,4,319.72,0
17262,710,240,4,117.00,5
17263,7260,174,4,232.35,10
17264,722,180,2,323.47,5
17265,2641,134,3,378.20,15
17266,408,236,1,383.46,10
17267,586,271,3,327.62,0
17268,8253,207,3,326.57,15
17269,3349,194,5,212.39,0
17270,9477,118,1,351.34,0
17271,1668,44,2,57.92,15
17272,2094,117,2,350.39,10
17273,7725,20,4,344.16,5
17274,5956,68,5,277.33,15
17275,9556,48,1,72.09,5
17276,4110,96,3,264.06,10
17277,4882,90,2,206.30,15
17278,578,111,2,225.30,0
17279,5241,24,2,74.40,10
17280,5844,120,5,388.54,0
17281,6548,155,1,190.98,0
17282,8794,282,1,381.21,10
17283,8579,161,1,291.83,0
17284,784,1,4,281.65,5
17285,816,284,2,111.58,0
17286,7249,277,1,219.37,0
17287,2398,191,5,226.42,0
17288,9317,171,2,132.85,15
17289,7003,138,3,331.78,0
17290,169,261,4,297.20,5
17291,1135,87,5,84.63,0
17292,3769,17,3,353.82,10
17293,9841,149,2,70.07,15
17294,4386,106,3,66.50,0
17295,6914,97,5,234.59,0
17296,1972,188,2,61.43,0
17297,2205,297,1,30.06,5
17298,2220,280,5,319.72,0
17299,9692,38,2,200.72,0
17300,9133,117,3,350.39,10
17301,4895,58,1,218.95,0
17302,4132,49,3,123.44,0
17303,7041,44,4,57.92,0
17304,3339,32,1,318.14,0
17305,5310,189,5,299.32,5
17306,3893,75,4,347.15,5
17307,2315,216,2,301.09,0
17308,4339,148,1,119.97,0
17309,3618,46,2,252.91,10
17310,8032,210,1,211.85,0
17311,3313,103,2,252.38,10
17312,1812,214,5,163.02,0
17313,416,252,3,24.03,5
17314,2749,291,2,25.51,10
17315,4305,34,1,297.79,10
17316,1834,72,4,370.40,5
17317,68,134,4,378.20,0
17318,2516,131,4,91.11,0
17319,4464,228,5,335.11,0
17320,3295,230,2,323.29,5
17321,5831,216,5,301.09,5
17322,9306,185,1,48.99,0
17323,7219,42,4,309.17,5
17324,1689,73,3,222.38,0
17325,3486,93,1,28.93,15
17326,6114,10,2,228.01,15
17327,8541,23,1,393.39,0
17328,2032,288,2,66.37,15
17329,1728,38,2,200.72,0
17330,3422,182,1,183.61,5
17331,5205,61,4,175.74,0
17332,7022,24,2,74.40,0
17333,4317,251,1,113.15,0
17334,3741,215,5,252.10,0
17335,9940,180,1,323.47,0
17336,2267,257,1,63.30,0
17337,4076,88,2,42.74,10
17338,5382,17,5,353.82,0
17339,728,183,2,78.33,0
17340,323,24,3,74.40,5
17341,5696,157,3,87.60,0
17342,4633,141,5,53.20,10
17343,4628,155,4,190.98,10
17344,6550,283,1,390.13,10
17345,3491,19,4,20.40,0
17346,7774,54,2,316.28,5
17347,1530,269,1,79.59,0
17348,7697,280,2,319.72,5
17349,1687,276,1,342.04,5
17350,2194,247,1,202.30,15
17351,9602,120,1,388.54,0
17352,2549,30,5,190.99,15
17353,7462,164,3,395.54,15
17354,1646,116,4,368.79,5
17355,6156,255,2,339.07,5
17356,3275,106,1,66.50,0
17357,4139,257,5,63.30,10
17358,3768,15,2,254.29,0
17359,7699,60,3,275.96,0
17360,1817,28,3,82.43,0
17361,4213,227,3,303.25,0
17362,1963,206,3,31.78,10
17363,8409,250,5,178.43,0
17364,7588,242,2,67.91,0
17365,3745,10,3,228.01,15
17366,2719,26,5,122.89,0
17367,4956,284,1,111.58,0
17368,637,2,3,340.09,5
17369,3556,83,2,80.10,0
17370,6347,100,5,371.65,0
17371,673,8,4,357.93,10
17372,8055,218,1,385.74,5
17373,6167,261,5,297.20,0
17374,8743,50,2,311.33,0
17375,6253,259,2,201.35,10
17376,9860,263,2,116.93,15
17377,4853,171,1,132.85,0
17378,9793,260,5,294.26,0
17379,5384,46,2,252.91,0
17380,4672,150,4,181.60,5
17381,6416,136,3,222.85,15
17382,133,149,4,70.07,5
17383,3573,244,4,146.67,10
17384,5860,245,2,310.10,0
17385,7739,19,2,20.40,0
17386,4679,24,2,74.40,5
17387,5834,244,2,146.67,15
17388,9693,140,3,120.30,0
17389,9771,201,5,68.26,15
17390,5343,77,1,338.07,0
17391,1396,250,5,178.43,0
17392,5451,21,5,299.77,0
17393,439,6,1,190.26,0
17394,2944,197,5,208.34,0
17395,129,2,3,340.09,15
17396,22,149,1,70.07,5
17397,466,231,5,64.44,15
17398,5927,173,1,178.93,15
17399,788,260,3,294.26,0
17400,326,76,2,297.26,15
17401,9969,63,2,199.37,5
17402,5157,176,1,367.34,10
17403,9164,74,1,224.24,0
17404,4702,183,3,78.33,5
17405,9034,176,4,367.34,0
17406,1220,50,5,311.33,0
17407,2848,115,2,353.64,0
17408,5468,6,5,190.26,0
17409,8124,96,1,264.06,0
17410,2332,45,3,382.91,0
17411,3831,147,2,344.67,10
17412,5304,78,1,33.23,0
17413,9482,162,4,270.73,0
17414,4177,291,4,25.51,0
17415,3466,117,5,350.39,5
17416,3895,295,5,307.36,0
17417,6941,111,2,225.30,0
17418,4404,149,2,70.07,0
17419,874,275,5,59.35,10
17420,8240,110,3,326.74,15
17421,3392,111,5,225.30,0
17422,9557,195,4,282.87,5
17423,4892,29,4,34.87,5
17424,1300,227,1,303.25,15
17425,4689,30,3,190.99,0
17426,9145,268,5,226.31,0
17427,6962,187,1,234.45,15
17428,5654,80,3,392.68,5
17429,7928,15,1,254.29,0
17430,9399,244,1,146.67,0
17431,567,258,5,171.69,0
17432,8461,155,4,190.98,0
17433,9562,158,2,214.14,0
17434,2157,287,3,257.71,0
17435,4957,66,3,206.27,10
17436,1749,277,5,219.37,5
17437,3179,171,3,132.85,10
17438,9529,208,2,389.11,0
17439,6400,207,1,326.57,5
17440,104,106,3,66.50,0
17441,5990,2,1,340.09,0
17442,5970,262,1,265.12,10
17443,5654,288,2,66.37,10
17444,2302,151,3,214.50,15
17445,2731,124,4,320.32,0
17446,8672,174,3,232.35,5
17447,8761,187,4,234.45,15
17448,2483,281,5,263.43,0
17449,4687,147,5,344.67,10
17450,2884,153,4,174.41,0
17451,9413,78,2,33.23,0
17452,2127,2,4,340.09,5
17453,8268,259,5,201.35,0
17454,9814,240,5,117.00,0
17455,2521,108,3,261.20,0
17456,654,170,2,67.45,5
17457,4404,128,3,220.39,0
17458,1793,178,3,308.38,10
17459,6297,88,1,42.74,0
17460,2763,17,3,353.82,0
17461,6719,215,1,252.10,15
17462,9518,144,4,321.56,0
17463,8576,71,1,167.32,0
17464,3789,27,4,65.87,0
17465,1764,104,1,188.19,0
17466,8454,177,2,218.39,15
17467,5438,199,3,378.96,0
17468,7950,166,1,314.43,10
17469,9734,144,2,321.56,0
17470,6697,188,4,61.43,15
17471,5692,79,3,19.52,5
17472,6446,290,5,25.70,10
17473,3080,284,3,111.58,0
17474,8498,226,5,348.65,0
17475,1944,211,4,323.51,0
17476,4903,247,4,202.30,5
17477,4247,133,1,47.71,10
17478,4940,218,4,385.74,10
17479,7100,45,5,382.91,0
17480,2273,226,5,348.65,5
17481,2388,155,1,190.98,0
17482,3599,44,3,57.92,5
17483,4210,276,2,342.04,10
17484,7272,91,4,371.67,0
17485,7931,278,1,334.45,0
17486,4358,180,5,323.47,0
17487,6922,283,5,390.13,15
17488,126,166,3,314.43,15
17489,2770,133,2,47.71,0
17490,8015,150,5,181.60,15
17491,8425,260,4,294.26,15
17492,989,14,2,106.54,10
17493,4265,288,1,66.37,0
17494,2713,160,4,132.63,10
17495,4372,47,4,202.34,0
17496,3310,86,4,365.04,5
17497,5221,8,2,357.93,0
17498,1352,60,3,275.96,15
17499,532,123,1,106.64,10
17500,2658,199,3,378.96,5
17501,4248,251,1,113.15,5
17502,2828,187,4,234.45,15
17503,920,176,4,367.34,5
17504,6674,134,1,378.20,15
17505,7665,297,3,30.06,0
17506,547,155,4,190.98,5
17507,2092,81,4,191.34,0
17508,5869,215,4,252.10,0
17509,2340,89,1,285.99,0
17510,312,44,3,57.92,0
17511,8911,133,1,47.71,15
17512,6647,243,3,297.01,15
17513,7639,231,3,64.44,15
17514,3419,142,5,249.44,0
17515,8642,13,1,97.73,0
17516,5197,189,4,299.32,0
17517,1762,293,1,58.98,15
17518,8023,158,5,214.14,0
17519,5291,204,2,197.94,0
17520,4546,53,4,200.65,10
17521,8278,216,1,301.09,10
17522,1155,243,1,297.01,0
17523,8473,215,1,252.10,10
17524,2811,57,4,140.14,10
17525,6816,196,3,160.55,10
17526,6931,39,4,49.89,15
17527,7547,241,3,101.41,5
17528,5509,200,3,67.84,5
17529,599,293,2,58.98,5
17530,3924,288,3,66.37,5
17531,6148,64,2,245.58,0
17532,7542,57,2,140.14,10
17533,9886,275,4,59.35,10
17534,3633,161,1,291.83,0
17535,9590,217,2,395.04,5
17536,2403,94,3,66.86,0
17537,4870,91,1,371.67,5
17538,657,142,5,249.44,5
17539,6184,128,2,220.39,0
17540,6727,184,5,200.81,0
17541,6599,141,4,53.20,0
17542,7745,198,5,116.63,0
17543,4732,269,5,79.59,0
17544,8935,129,5,265.34,0
17545,1560,185,5,48.99,10
17546,4761,49,5,123.44,10
17547,7920,62,4,78.99,10
17548,7764,189,3,299.32,0
17549,1540,4,4,296.68,15
17550,2817,65,3,76.41,10
17551,6730,112,2,121.23,5
17552,8261,33,4,330.23,0
17553,2665,251,2,113.15,0
17554,4357,203,5,6.30,0
17555,2572,111,3,225.30,10
17556,4475,107,5,65.37,0
17557,3040,208,1,389.11,0
17558,5642,1,4,281.65,5
17559,7903,56,1,372.10,0
17560,155,164,3,395.54,0
17561,4315,41,3,89.26,10
17562,1172,264,1,38.50,5
17563,8356,24,1,74.40,0
17564,714,120,1,388.54,5
17565,5363,7,2,263.49,0
17566,3795,198,3,116.63,0
17567,9602,265,3,366.02,0
17568,7141,296,2,93.52,10
17569,6343,44,2,57.92,5
17570,7880,236,5,383.46,0
17571,6109,42,3,309.17,0
17572,513,87,5,84.63,5
17573,9915,279,1,313.02,0
17574,1829,221,1,33.76,15
17575,2798,211,1,323.51,0
17576,4745,234,1,268.61,0
17577,9391,273,1,341.96,10
17578,8043,57,3,140.14,0
17579,9258,158,5,214.14,10
17580,3914,130,3,200.63,15
17581,8385,214,3,163.02,10
17582,6806,93,2,28.93,0
17583,5931,144,4,321.56,0
17584,8390,20,5,344.16,15
17585,6044,154,5,343.92,0
17586,5458,219,3,30.27,15
17587,9773,122,5,222.97,5
17588,7026,46,5,252.91,10
17589,6870,80,3,392.68,0
17590,707,180,1,323.47,15
17591,1661,170,1,67.45,0
17592,9870,177,3,218.39,15
17593,7885,255,2,339.07,0
17594,6459,43,4,232.40,10
17595,191,162,3,270.73,0
17596,725,107,5,65.37,15
17597,9249,18,5,318.44,0
17598,4401,24,5,74.40,0
17599,5092,28,1,82.43,0
17600,7543,274,1,53.21,15
17601,873,202,5,268.66,0
17602,3049,280,4,319.72,10
17603,4226,264,2,38.50,5
17604,1301,210,5,211.85,15
17605,6180,197,5,208.34,0
17606,5327,125,5,327.79,15
17607,1821,81,5,191.34,5
17608,7681,46,1,252.91,15
17609,137,286,5,362.28,15
17610,6711,222,1,345.59,15
17611,5880,200,3,67.84,15
17612,7916,167,2,245.05,0
17613,2695,50,4,311.33,10
17614,4720,144,2,321.56,10
17615,5170,67,2,134.74,5
17616,6164,208,5,389.11,0
17617,8504,52,3,51.91,0
17618,3423,191,5,226.42,10
17619,8547,110,2,326.74,10
17620,5220,253,1,286.72,5
17621,5379,116,5,368.79,0
17622,4566,79,4,19.52,0
17623,2294,135,5,387.74,0
17624,9514,25,3,157.60,10
17625,9321,67,5,134.74,0
17626,2624,125,2,327.79,0
17627,4082,6,2,190.26,15
17628,9477,220,3,131.34,15
17629,8540,195,1,282.87,10
17630,6956,273,5,341.96,0
17631,1951,262,1,265.12,5
17632,8551,64,5,245.58,5
17633,6125,230,4,323.29,0
17634,1189,117,2,350.39,5
17635,3788,278,5,334.45,0
17636,22,138,5,331.78,15
17637,4641,254,2,396.05,15
17638,3132,59,4,213.06,0
17639,6641,113,3,75.33,15
17640,3832,167,4,245.05,5
17641,1121,197,1,208.34,10
17642,2299,119,5,86.31,0
17643,6913,254,3,396.05,0
17644,5081,209,2,188.28,10
17645,2590,264,4,38.50,15
17646,4063,154,5,343.92,10
17647,8456,107,4,65.37,0
17648,2326,221,5,33.76,15
17649,808,198,3,116.63,5
17650,6371,243,4,297.01,0
17651,9286,252,3,24.03,0
17652,3649,38,5,200.72,10
17653,8734,167,5,245.05,0
17654,1541,114,4,156.49,0
17655,797,63,5,199.37,0
17656,1817,62,4,78.99,0
17657,6378,199,5,378.96,0
17658,5199,63,3,199.37,15
17659,6299,87,5,84.63,0
17660,2992,283,3,390.13,0
17661,9885,274,5,53.21,15
17662,2660,218,1,385.74,15
17663,9465,97,3,234.59,0
17664,8062,159,5,217.33,0
17665,3961,246,3,62.04,10
17666,6013,181,5,259.05,5
17667,9314,286,4,362.28,10
17668,5535,40,1,226.87,5
17669,9944,235,3,43.63,10
17670,1286,168,2,156.48,0
17671,6152,300,1,60.59,15
17672,3186,95,3,69.49,0
17673,3374,116,3,368.79,0
17674,7996,256,3,343.78,0
17675,6810,231,4,64.44,10
17676,2685,249,2,124.21,0
17677,2323,178,4,308.38,0
17678,9591,201,5,68.26,15
17679,2952,87,2,84.63,0
17680,1908,245,5,310.10,5
17681,4362,159,5,217.33,0
17682,2406,152,3,359.63,0
17683,7749,75,1,347.15,0
17684,6737,113,1,75.33,5
17685,2533,166,5,314.43,15
17686,7454,200,3,67.84,10
17687,4434,268,1,226.31,5
17688,858,124,1,320.32,15
17689,3502,3,1,369.07,15
17690,2778,172,1,43.91,0
17691,2478,267,2,208.17,0
17692,9418,262,1,265.12,10
17693,5717,9,3,150.86,5
17694,2925,256,3,343.78,0
17695,4737,68,4,277.33,10
17696,347,253,2,286.72,10
17697,4547,240,4,117.00,0
17698,6852,137,4,288.60,15
17699,6727,220,5,131.34,5
17700,8645,47,5,202.34,0
17701,3342,177,4,218.39,0
17702,68,83,2,80.10,0
17703,8217,259,3,201.35,10
17704,8859,52,2,51.91,0
17705,2263,214,4,163.02,0
17706,2265,237,1,199.63,10
17707,9889,101,4,167.15,5
17708,8444,204,5,197.94,5
17709,5617,244,4,146.67,15
17710,5643,65,4,76.41,0
17711,7034,160,4,132.63,10
17712,4557,188,2,61.43,5
17713,7614,122,2,222.97,0
17714,7834,182,5,183.61,15
17715,6659,208,5,389.11,0
17716,4707,274,4,53.21,0
17717,7065,280,4,319.72,0
17718,283,259,3,201.35,0
17719,7456,213,2,37.84,0
17720,9958,136,2,222.85,10
17721,365,61,1,175.74,0
17722,5616,223,4,23.99,5
17723,8413,9,1,150.86,15
17724,3258,185,2,48.99,0
17725,3484,244,3,146.67,5
17726,4125,48,3,72.09,15
17727,7690,7,2,263.49,0
17728,6768,132,4,356.02,0
17729,2003,165,1,273.91,5
17730,1158,55,3,396.81,0
17731,5285,226,5,348.65,5
17732,574,239,1,320.95,0
17733,9097,157,1,87.60,15
17734,9459,276,2,342.04,5
17735,275,116,4,368.79,0
17736,684,156,3,344.64,5
17737,5332,207,1,326.57,0
17738,5396,185,5,48.99,0
17739,4095,242,1,67.91,0
17740,8560,60,1,275.96,15
17741,1882,126,2,68.11,5
17742,4619,146,1,44.01,10
17743,5659,17,4,353.82,5
17744,7022,86,4,365.04,10
17745,5506,91,4,371.67,5
17746,9981,200,5,67.84,0
17747,8469,85,3,114.41,10
17748,8607,240,3,117.00,0
17749,6404,187,1,234.45,5
17750,6630,92,1,50.16,0
17751,7046,11,1,176.97,0
17752,2691,22,3,193.70,0
17753,2814,87,5,84.63,15
17754,6946,241,3,101.41,0
17755,9308,240,1,117.00,5
17756,6819,206,2,31.78,15
17757,5461,25,1,157.60,5
17758,1124,201,3,68.26,5
17759,5791,125,5,327.79,5
17760,2237,191,2,226.42,0
17761,8758,229,3,324.76,0
17762,1197,213,1,37.84,0
17763,9143,118,2,351.34,5
17764,7665,183,3,78.33,5
17765,8429,262,2,265.12,10
17766,3166,25,2,157.60,5
17767,1721,16,4,386.04,0
17768,4970,26,5,122.89,15
17769,2815,93,5,28.93,5
17770,1853,77,4,338.07,10
17771,4815,52,3,51.91,15
17772,5859,33,2,330.23,5
17773,5975,138,1,331.78,0
17774,6213,131,3,91.11,0
17775,7783,149,4,70.07,5
17776,1062,109,3,97.22,10
17777,9862,18,5,318.44,10
17778,9277,14,4,106.54,0
17779,5372,74,5,224.24,0
17780,4463,181,3,259.05,0
17781,4718,129,5,265.34,5
17782,6008,105,5,338.11,0
17783,308,184,1,200.81,10
17784,4726,86,5,365.04,0
17785,3449,63,4,199.37,0
17786,407,162,2,270.73,5
17787,2181,137,4,288.60,5
17788,2330,8,1,357.93,5
17789,2208,12,4,161.29,10
17790,6721,125,3,327.79,5
17791,7559,177,2,218.39,0
17792,4425,114,2,156.49,15
17793,4577,272,4,120.04,15
17794,545,75,2,347.15,0
17795,1724,21,1,299.77,5
17796,8626,242,2,67.91,0
17797,4611,204,1,197.94,10
17798,5982,145,5,94.23,0
17799,754,19,5,20.40,0
17800,8155,33,1,330.23,10
17801,263,189,1,299.32,15
17802,1658,47,1,202.34,0
17803,5075,96,2,264.06,0
17804,7097,184,3,200.81,15
17805,5620,80,4,392.68,0
17806,2850,34,1,297.79,0
17807,7668,66,1,206.27,0
17808,7801,5,4,235.25,15
17809,5398,285,1,258.56,15
17810,2670,132,1,356.02,10
17811,7129,151,1,214.50,0
17812,6542,147,5,344.67,5
17813,7114,186,5,146.92,0
17814,8980,252,5,24.03,15
17815,4841,40,1,226.87,5
17816,6243,33,4,330.23,0
17817,9370,13,5,97.73,0
17818,8895,162,2,270.73,5
17819,7846,43,5,232.40,10
17820,9274,254,5,396.05,5
17821,311,222,3,345.59,15
17822,3825,50,1,311.33,5
17823,4569,243,4,297.01,0
17824,4386,195,1,282.87,0
17825,735,185,4,48.99,0
17826,9572,31,2,136.27,0
17827,3759,218,1,385.74,15
17828,9137,273,3,341.96,0
17829,1189,31,2,136.27,15
17830,79,249,1,124.21,0
17831,8897,123,3,106.64,5
17832,2510,185,3,48.99,0
17833,8855,102,3,102.20,5
17834,3896,299,3,277.33,5
17835,8556,127,1,126.84,5
17836,1613,279,2,313.02,5
17837,2397,172,4,43.91,10
17838,7885,183,2,78.33,15
17839,9682,78,1,33.23,5
17840,4321,30,5,190.99,0
17841,6773,152,5,359.63,0
17842,1038,32,2,318.14,0
17843,4909,82,4,278.93,0
17844,7484,81,1,191.34,15
17845,7758,36,1,229.35,15
17846,4297,35,3,335.83,0
17847,1476,55,1,396.81,0
17848,3155,136,2,222.85,0
17849,9028,177,1,218.39,15
17850,688,143,3,374.36,0
17851,5200,271,4,327.62,10
17852,9535,211,3,323.51,0
17853,3322,25,1,157.60,5
17854,446,227,4,303.25,0
17855,4843,87,1,84.63,5
17856,5402,165,5,273.91,0
17857,9056,71,4,167.32,0
17858,9260,9,1,150.86,0
17859,40,158,2,214.14,0
17860,9138,276,1,342.04,0
17861,8828,275,2,59.35,5
17862,5697,54,3,316.28,15
17863,3890,286,2,362.28,5
17864,7876,187,4,234.45,5
17865,2261,198,1,116.63,0
17866,8334,151,5,214.50,0
17867,2032,239,1,320.95,5
17868,4344,197,2,208.34,0
17869,6544,195,5,282.87,5
17870,5380,283,2,390.13,10
17871,4995,255,2,339.07,0
17872,104,193,5,85.60,0
17873,9848,170,4,67.45,5
17874,6685,232,2,182.33,0
17875,5862,203,5,6.30,0
17876,3399,104,3,188.19,0
17877,5021,209,3,188.28,0
17878,3187,253,4,286.72,5
17879,1255,137,4,288.60,5
17880,3658,296,3,93.52,5
17881,8152,42,5,309.17,10
17882,6980,275,3,59.35,0
17883,1265,155,3,190.98,0
17884,5730,272,1,120.04,10
17885,3934,88,1,42.74,0
17886,5142,26,2,122.89,10
17887,9993,50,1,311.33,0
17888,7929,78,3,33.23,0
17889,4925,190,5,22.53,5
17890,9351,19,5,20.40,15
17891,2452,136,3,222.85,15
17892,2329,62,1,78.99,0
17893,5383,288,2,66.37,5
17894,5528,44,5,57.92,5
17895,9817,180,4,323.47,10
17896,2010,279,5,313.02,5
17897,5674,183,4,78.33,10
17898,6078,291,2,25.51,5
17899,3313,241,3,101.41,15
17900,6626,164,3,395.54,0
17901,6608,122,1,222.97,10
17902,5244,19,2,20.40,0
17903,5764,176,3,367.34,10
17904,8959,189,2,299.32,0
17905,7022,201,1,68.26,10
17906,3999,50,1,311.33,15
17907,8494,292,4,136.17,10
17908,8412,232,5,182.33,0
17909,4653,239,3,320.95,0
17910,9768,14,4,106.54,0
17911,4490,266,2,7.51,0
17912,2516,129,4,265.34,0
17913,9024,240,2,117.00,0
17914,8604,139,1,321.64,5
17915,8729,175,1,372.30,0
17916,600,217,4,395.04,10
17917,8625,77,4,338.07,0
17918,20,215,1,252.10,5
17919,3016,79,5,19.52,0
17920,4142,174,5,232.35,0
17921,3469,112,5,121.23,10
17922,8627,280,2,319.72,0
17923,888,77,5,338.07,10
17924,7627,73,1,222.38,0
17925,7243,257,1,63.30,15
17926,5487,48,3,72.09,15
17927,6401,123,4,106.64,0
17928,5570,264,4,38.50,0
17929,9683,297,2,30.06,0
17930,7185,281,2,263.43,15
17931,9584,37,2,258.60,0
17932,3450,120,3,388.54,5
17933,3744,293,1,58.98,0
17934,3795,113,2,75.33,0
17935,1955,105,2,338.11,0
17936,9112,128,3,220.39,0
17937,5232,114,4,156.49,0
17938,7736,141,5,53.20,0
17939,955,291,1,25.51,0
17940,5351,5,2,235.25,0
17941,2949,275,1,59.35,0
17942,1253,122,2,222.97,0
17943,9155,40,2,226.87,0
17944,7455,144,1,321.56,0
17945,1298,212,4,324.30,15
17946,3197,112,4,121.23,15
17947,3405,31,1,136.27,5
17948,2658,152,5,359.63,5
17949,4687,87,3,84.63,0
17950,3473,107,1,65.37,15
17951,6075,60,3,275.96,15
17952,4232,185,1,48.99,0
17953,7456,26,3,122.89,15
17954,7711,247,1,202.30,10
17955,6855,152,4,359.63,10
17956,6666,75,4,347.15,0
17957,4785,146,5,44.01,0
17958,2655,113,4,75.33,10
17959,7419,75,5,347.15,0
17960,6200,127,3,126.84,0
17961,2999,197,1,208.34,15
17962,5311,214,1,163.02,0
17963,2221,35,4,335.83,0
17964,540,165,4,273.91,0
17965,2426,106,2,66.50,10
17966,2670,147,2,344.67,15
17967,9262,153,2,174.41,10
17968,1053,282,4,381.21,10
17969,4833,3,5,369.07,5
17970,7719,54,2,316.28,0
17971,394,76,5,297.26,15
17972,9336,56,2,372.10,0
17973,6782,15,4,254.29,10
17974,6585,161,3,291.83,0
17975,3718,215,4,252.10,0
17976,3251,20,4,344.16,0
17977,2871,223,3,23.99,5
17978,3226,33,1,330.23,0
17979,7372,60,4,275.96,0
17980,9924,190,1,22.53,15
17981,2348,125,5,327.79,0
17982,6529,92,3,50.16,5
17983,7276,156,3,344.64,10
17984,9026,68,4,277.33,15
17985,2571,138,4,331.78,0
17986,1053,188,2,61.43,0
17987,9509,234,3,268.61,15
17988,1969,237,5,199.63,10
17989,8702,134,4,378.20,15
17990,8247,89,1,285.99,10
17991,3614,144,1,321.56,15
17992,2667,172,4,43.91,0
17993,3187,94,3,66.86,0
17994,5351,5,2,235.25,0
17995,3486,64,4,245.58,0
17996,3106,53,4,200.65,10
17997,1014,1,2,281.65,5
17998,7623,107,3,65.37,0
17999,7057,90,4,206.30,0
18000,3905,8,4,357.93,0
18001,661,122,2,222.97,0
18002,8917,239,4,320.95,0
18003,7589,300,2,60.59,5
18004,5983,181,1,259.05,10
18005,4442,169,1,65.85,5
18006,2232,232,5,182.33,0
18007,4511,181,1,259.05,10
18008,3064,199,4,378.96,5
18009,9880,93,1,28.93,0
18010,6153,239,1,320.95,10
18011,4195,151,4,214.50,0
18012,9701,65,1,76.41,0
18013,8493,125,2,327.79,5
18014,362,173,5,178.93,10
18015,4134,175,3,372.30,0
18016,4567,202,4,268.66,0
18017,7281,3,1,369.07,0
18018,9978,216,4,301.09,5
18019,4885,286,1,362.28,10
18020,8272,246,4,62.04,0
18021,7889,203,3,6.30,10
18022,8662,24,3,74.40,5
18023,9543,260,4,294.26,5
18024,5615,268,5,226.31,10
18025,3721,270,3,246.69,0
18026,9300,108,1,261.20,0
18027,6125,140,2,120.30,0
18028,174,282,3,381.21,0
18029,470,148,5,119.97,0
18030,7732,161,5,291.83,0
18031,385,19,2,20.40,15
18032,583,203,2,6.30,0
18033,6666,193,5,85.60,5
18034,1047,200,4,67.84,15
18035,7765,210,5,211.85,15
18036,4043,6,4,190.26,0
18037,1998,3,3,369.07,5
18038,6037,178,4,308.38,10
18039,3347,63,4,199.37,0
18040,3103,164,5,395.54,0
18041,7544,50,1,311.33,0
18042,3080,45,5,382.91,15
18043,9420,50,5,311.33,0
18044,7979,248,1,149.84,5
18045,4611,71,1,167.32,0
18046,3138,23,4,393.39,15
18047,8687,204,5,197.94,0
18048,5737,100,5,371.65,10
18049,5411,120,2,388.54,10
18050,1292,299,5,277.33,15
18051,9833,197,4,208.34,0
18052,9100,7,5,263.49,0
18053,45,255,2,339.07,5
18054,6204,180,1,323.47,0
18055,1138,159,1,217.33,15
18056,849,119,2,86.31,15
18057,1954,122,5,222.97,0
18058,6303,71,5,167.32,0
18059,7834,120,2,388.54,15
18060,5649,29,1,34.87,5
18061,9113,217,4,395.04,0
18062,3695,125,3,327.79,15
18063,9661,8,5,357.93,0
18064,8772,34,1,297.79,5
18065,398,2,3,340.09,0
18066,5515,180,5,323.47,0
18067,4659,61,5,175.74,15
18068,4673,90,2,206.30,5
18069,7074,130,1,200.63,5
18070,5589,242,4,67.91,10
18071,9474,121,3,251.05,5
18072,8485,81,4,191.34,0
18073,8157,201,1,68.26,0
18074,8971,207,4,326.57,0
18075,4680,262,3,265.12,5
18076,2369,104,2,188.19,15
18077,9704,264,5,38.50,0
18078,7736,28,2,82.43,0
18079,5958,226,4,348.65,0
18080,6876,80,1,392.68,0
18081,1680,144,5,321.56,15
18082,656,125,2,327.79,15
18083,4967,289,1,90.69,0
18084,6302,220,1,131.34,0
18085,7754,147,2,344.67,0
18086,1656,91,2,371.67,10
18087,7940,80,4,392.68,0
18088,3916,185,2,48.99,15
18089,2180,32,3,318.14,15
18090,2230,106,2,66.50,0
18091,5853,93,4,28.93,0
18092,9008,16,1,386.04,0
18093,4761,213,2,37.84,0
18094,1964,96,5,264.06,0
18095,6688,13,3,97.73,15
18096,4245,20,1,344.16,15
18097,3059,27,2,65.87,0
18098,2606,254,2,396.05,0
18099,7483,98,3,115.13,0
18100,2828,109,3,97.22,0
18101,5275,5,5,235.25,0
18102,532,112,5,121.23,15
18103,9545,116,4,368.79,10
18104,3642,209,1,188.28,15
18105,2566,212,4,324.30,0
18106,4449,275,3,59.35,0
18107,4170,202,2,268.66,10
18108,2361,262,4,265.12,5
18109,9916,24,1,74.40,0
18110,2041,197,2,208.34,0
18111,7375,11,3,176.97,0
18112,1133,199,3,378.96,0
18113,2728,65,5,76.41,0
18114,8356,65,2,76.41,5
18115,1025,28,5,82.43,10
18116,1490,150,1,181.60,0
18117,9364,86,4,365.04,0
18118,2691,247,4,202.30,0
18119,3699,210,2,211.85,0
18120,5586,52,4,51.91,0
18121,533,217,3,395.04,0
18122,8662,88,2,42.74,15
18123,5745,118,5,351.34,0
18124,435,150,5,181.60,15
18125,9853,221,5,33.76,5
18126,4486,242,1,67.91,0
18127,651,285,1,258.56,0
18128,433,32,5,318.14,15
18129,4549,14,2,106.54,5
18130,3365,73,4,222.38,15
18131,4798,264,5,38.50,0
18132,200,146,3,44.01,0
18133,8189,55,1,396.81,10
18134,6409,40,5,226.87,0
18135,9608,172,3,43.91,0
18136,1508,150,5,181.60,10
18137,459,197,5,208.34,0
18138,5770,222,5,345.59,5
18139,3045,289,3,90.69,15
18140,2962,2,2,340.09,15
18141,4684,50,3,311.33,10
18142,1931,242,5,67.91,0
18143,7323,108,2,261.20,15
18144,2391,267,4,208.17,10
18145,8519,127,5,126.84,0
18146,3644,29,2,34.87,0
18147,4004,92,3,50.16,0
18148,6021,89,2,285.99,15
18149,9719,138,5,331.78,0
18150,3326,222,2,345.59,0
18151,7822,106,5,66.50,10
18152,6337,272,2,120.04,10
18153,2849,72,4,370.40,0
18154,8196,209,2,188.28,5
18155,5087,208,5,389.11,10
18156,4216,1,1,281.65,0
18157,6396,209,5,188.28,5
18158,8600,110,2,326.74,0
18159,4239,55,4,396.81,0
18160,3821,204,1,197.94,0
18161,9533,236,3,383.46,0
18162,61,84,2,124.05,0
18163,890,178,5,308.38,5
18164,790,41,2,89.26,0
18165,9608,263,4,116.93,15
18166,1412,162,5,270.73,15
18167,9173,268,1,226.31,0
18168,372,213,4,37.84,5
18169,6416,205,1,150.21,0
18170,3818,268,4,226.31,10
18171,4566,269,4,79.59,0
18172,6744,293,5,58.98,15
18173,8007,136,5,222.85,5
18174,2206,260,2,294.26,0
18175,3580,18,5,318.44,10
18176,541,54,4,316.28,0
18177,8324,215,2,252.10,5
18178,8659,231,2,64.44,10
18179,9883,163,2,20.58,0
18180,394,46,4,252.91,0
18181,7128,92,2,50.16,5
18182,1917,141,2,53.20,0
18183,8391,285,5,258.56,10
18184,7714,262,1,265.12,0
18185,6817,31,1,136.27,0
18186,2117,27,5,65.87,0
18187,3584,186,3,146.92,10
18188,3009,153,2,174.41,0
18189,662,278,2,334.45,0
18190,2482,183,4,78.33,0
18191,6559,134,3,378.20,15
18192,3590,96,3,264.06,5
18193,7716,178,2,308.38,0
18194,299,18,2,318.44,0
18195,1326,299,5,277.33,5
18196,588,282,3,381.21,0
18197,3595,291,1,25.51,0
18198,7016,194,1,212.39,0
18199,6556,94,3,66.86,0
18200,6452,83,5,80.10,0
18201,3197,100,5,371.65,15
18202,8429,91,2,371.67,10
18203,7684,103,1,252.38,10
18204,394,202,4,268.66,5
18205,9278,184,4,200.81,15
18206,7188,271,4,327.62,0
18207,5043,156,1,344.64,15
18208,1510,71,4,167.32,0
18209,3486,5,2,235.25,0
18210,2489,113,3,75.33,5
18211,4743,263,2,116.93,0
18212,9424,70,3,315.23,5
18213,9814,215,1,252.10,15
18214,5013,22,4,193.70,10
18215,2729,32,4,318.14,5
18216,4560,122,3,222.97,0
18217,596,249,5,124.21,0
18218,202,131,1,91.11,0
18219,3548,227,2,303.25,15
18220,9928,73,4,222.38,5
18221,6770,239,3,320.95,0
18222,7241,96,3,264.06,15
18223,4843,291,1,25.51,0
18224,7463,173,1,178.93,15
18225,6288,210,5,211.85,10
18226,3387,179,4,237.43,10
18227,2856,117,5,350.39,15
18228,2991,254,3,396.05,5
18229,547,35,5,335.83,10
18230,4954,11,1,176.97,0
18231,1561,281,4,263.43,10
18232,4744,164,4,395.54,0
18233,2725,2,1,340.09,15
18234,2924,253,2,286.72,0
18235,2449,129,1,265.34,10
18236,8334,97,4,234.59,5
18237,1465,109,3,97.22,10
18238,1230,30,3,190.99,5
18239,5903,56,3,372.10,15
18240,8316,68,3,277.33,0
18241,2895,161,4,291.83,5
18242,2735,1,5,281.65,0
18243,7717,183,3,78.33,15
18244,254,98,2,115.13,0
18245,5857,199,2,378.96,5
18246,5072,196,2,160.55,15
18247,2513,111,4,225.30,10
18248,3090,175,3,372.30,0
18249,6392,270,4,246.69,5
18250,4362,119,1,86.31,0
18251,7536,241,1,101.41,0
18252,1,246,5,62.04,0
18253,2887,3,3,369.07,5
18254,4617,298,3,253.90,10
18255,3337,249,5,124.21,0
18256,5330,278,5,334.45,0
18257,3849,282,4,381.21,0
18258,1985,210,2,211.85,5
18259,9570,11,4,176.97,0
18260,2215,289,4,90.69,0
18261,3365,29,5,34.87,0
18262,2639,135,4,387.74,0
18263,6601,207,4,326.57,15
18264,8509,275,4,59.35,15
18265,7757,182,3,183.61,10
18266,8477,30,4,190.99,10
18267,2700,258,1,171.69,15
18268,1718,47,1,202.34,0
18269,641,195,5,282.87,0
18270,401,131,3,91.11,0
18271,647,219,2,30.27,0
18272,5958,129,5,265.34,10
18273,8375,43,5,232.40,0
18274,1870,152,5,359.63,0
18275,2441,282,3,381.21,10
18276,9307,200,1,67.84,15
18277,6592,263,4,116.93,15
18278,4093,265,4,366.02,10
18279,9519,21,1,299.77,0
18280,6740,82,2,278.93,0
18281,1919,115,1,353.64,0
18282,7888,30,4,190.99,5
18283,702,26,3,122.89,0
18284,2953,85,5,114.41,15
18285,9273,85,3,114.41,5
18286,6709,35,1,335.83,0
18287,8920,216,3,301.09,0
18288,1735,249,5,124.21,0
18289,1359,247,3,202.30,5
18290,459,75,5,347.15,0
18291,4056,94,1,66.86,10
18292,4473,82,1,278.93,10
18293,4789,25,1,157.60,10
18294,6408,176,5,367.34,0
18295,2367,300,2,60.59,5
18296,8752,248,1,149.84,0
18297,1102,111,3,225.30,15
18298,992,158,4,214.14,15
18299,2883,12,5,161.29,0
18300,2236,256,5,343.78,0
18301,4850,202,5,268.66,10
18302,9008,195,2,282.87,0
18303,690,197,5,208.34,15
18304,8284,255,5,339.07,5
18305,8860,129,1,265.34,0
18306,9709,289,3,90.69,10
18307,6744,76,1,297.26,5
18308,1680,191,5,226.42,10
18309,4975,143,4,374.36,15
18310,2851,60,2,275.96,15
18311,1184,170,4,67.45,0
18312,9159,146,2,44.01,0
18313,243,1,3,281.65,5
18314,2418,227,5,303.25,0
18315,3492,166,4,314.43,15
18316,7676,48,2,72.09,0
18317,5417,62,2,78.99,15
18318,9418,53,4,200.65,0
18319,7330,144,2,321.56,0
18320,2036,111,1,225.30,0
18321,1064,162,3,270.73,0
18322,3015,211,2,323.51,0
18323,4692,70,2,315.23,0
18324,4084,248,2,149.84,15
18325,225,7,1,263.49,0
18326,1284,279,5,313.02,10
18327,2068,16,1,386.04,5
18328,2245,250,4,178.43,0
18329,4263,169,1,65.85,0
18330,1615,200,2,67.84,0
18331,3278,70,2,315.23,15
18332,9248,170,2,67.45,10
18333,6838,296,2,93.52,0
18334,7715,41,5,89.26,10
18335,1112,271,4,327.62,5
18336,2380,84,5,124.05,0
18337,3790,275,4,59.35,15
18338,863,75,1,347.15,0
18339,7250,142,3,249.44,0
18340,113,51,4,340.30,0
18341,6457,77,4,338.07,10
18342,8107,179,2,237.43,5
18343,204,196,3,160.55,15
18344,7945,242,3,67.91,10
18345,2273,253,2,286.72,0
18346,5268,56,1,372.10,0
18347,1887,115,2,353.64,0
18348,5675,279,4,313.02,5
18349,7795,20,1,344.16,5
18350,8801,51,5,340.30,5
18351,7324,249,4,124.21,10
18352,6140,236,5,383.46,15
18353,1749,157,1,87.60,0
18354,6424,227,1,303.25,15
18355,4134,271,4,327.62,15
18356,8535,136,1,222.85,0
18357,8173,125,4,327.79,5
18358,2554,286,2,362.28,10
18359,854,208,3,389.11,0
18360,1184,200,3,67.84,0
18361,138,110,5,326.74,5
18362,9551,36,1,229.35,10
18363,3294,63,2,199.37,10
18364,9628,91,3,371.67,5
18365,6153,268,2,226.31,10
18366,739,226,1,348.65,5
18367,4349,204,5,197.94,0
18368,2985,17,3,353.82,5
18369,3374,283,3,390.13,15
18370,8776,89,2,285.99,0
18371,1210,286,1,362.28,5
18372,8293,258,5,171.69,0
18373,4309,128,5,220.39,5
18374,8419,112,3,121.23,0
18375,844,44,4,57.92,15
18376,318,154,5,343.92,15
18377,7043,244,4,146.67,0
18378,9915,82,3,278.93,0
18379,2251,20,1,344.16,0
18380,3114,85,1,114.41,0
18381,2058,7,4,263.49,5
18382,8042,230,2,323.29,10
18383,259,121,2,251.05,0
18384,4358,178,4,308.38,15
18385,7324,145,3,94.23,0
18386,3600,243,2,297.01,5
18387,3990,221,2,33.76,0
18388,7392,110,3,326.74,0
18389,656,13,2,97.73,5
18390,1881,142,2,249.44,0
18391,6868,81,2,191.34,0
18392,6534,283,4,390.13,15
18393,8959,181,3,259.05,10
18394,7358,190,3,22.53,0
18395,382,101,2,167.15,0
18396,8770,235,5,43.63,0
18397,2396,208,5,389.11,0
18398,7069,126,1,68.11,0
18399,7948,211,3,323.51,0
18400,8472,96,2,264.06,10
18401,5164,82,4,278.93,0
18402,4814,149,1,70.07,5
18403,1366,169,3,65.85,0
18404,7811,246,3,62.04,0
18405,3658,269,5,79.59,10
18406,891,243,2,297.01,0
18407,1297,172,3,43.91,10
18408,129,299,2,277.33,5
18409,1844,193,4,85.60,0
18410,9693,255,2,339.07,5
18411,7295,208,3,389.11,0
18412,2589,253,1,286.72,5
18413,1210,171,1,132.85,0
18414,7461,265,3,366.02,0
18415,3328,216,5,301.09,0
18416,4619,185,5,48.99,10
18417,5560,98,1,115.13,5
18418,7554,181,2,259.05,5
18419,4315,56,1,372.10,0
18420,2676,269,3,79.59,0
18421,2410,138,2,331.78,5
18422,4000,139,2,321.64,15
18423,8515,300,3,60.59,0
18424,6435,155,1,190.98,0
18425,1750,242,2,67.91,0
18426,8841,13,5,97.73,15
18427,2381,274,2,53.21,10
18428,3,160,1,132.63,15
18429,4923,94,4,66.86,0
18430,4301,18,4,318.44,5
18431,6925,210,3,211.85,0
18432,3438,170,5,67.45,15
18433,2199,183,3,78.33,0
18434,8985,105,2,338.11,15
18435,9497,203,3,6.30,0
18436,809,64,5,245.58,5
18437,6220,92,3,50.16,10
18438,3577,152,5,359.63,5
18439,6419,224,5,8.13,0
18440,1194,108,4,261.20,5
18441,2077,236,3,383.46,15
18442,7293,149,3,70.07,0
18443,6592,248,4,149.84,0
18444,4945,299,4,277.33,0
18445,5837,87,5,84.63,15
18446,7240,181,1,259.05,0
18447,4874,267,2,208.17,15
18448,2722,140,2,120.30,0
18449,5185,171,2,132.85,0
18450,8626,181,3,259.05,0
18451,8023,58,2,218.95,0
18452,4215,256,3,343.78,15
18453,2334,169,4,65.85,15
18454,8123,146,4,44.01,0
18455,1553,108,5,261.20,0
18456,6543,116,1,368.79,10
18457,221,155,4,190.98,5
18458,8666,35,4,335.83,5
18459,8938,57,4,140.14,0
18460,3877,244,1,146.67,10
18461,5279,177,4,218.39,5
18462,7787,281,1,263.43,5
18463,4091,52,1,51.91,5
18464,6599,292,5,136.17,10
18465,3683,294,4,200.35,10
18466,9321,109,5,97.22,0
18467,5769,110,4,326.74,0
18468,4053,110,1,326.74,15
18469,5017,131,2,91.11,5
18470,9092,134,5,378.20,10
18471,804,166,3,314.43,0
18472,8796,264,2,38.50,0
18473,9936,149,4,70.07,10
18474,6075,208,3,389.11,5
18475,4481,150,5,181.60,0
18476,4015,133,4,47.71,0
18477,7563,204,2,197.94,0
18478,5191,104,1,188.19,15
18479,6447,8,2,357.93,0
18480,7438,35,3,335.83,5
18481,9001,44,1,57.92,5
18482,6052,251,1,113.15,0
18483,440,249,1,124.21,0
18484,5525,61,5,175.74,15
18485,3796,68,4,277.33,15
18486,4602,215,5,252.10,0
18487,8340,239,3,320.95,15
18488,6289,25,5,157.60,0
18489,932,232,1,182.33,0
18490,7340,279,3,313.02,15
18491,1336,231,1,64.44,0
18492,7873,219,4,30.27,0
18493,2423,266,4,7.51,0
18494,6576,159,1,217.33,15
18495,5623,105,5,338.11,15
18496,7322,150,4,181.60,0
18497,8977,134,5,378.20,5
18498,8043,159,1,217.33,0
18499,4288,239,4,320.95,0
18500,4025,186,1,146.92,0
18501,6204,185,3,48.99,0
18502,5315,154,3,343.92,0
18503,1709,203,3,6.30,10
18504,669,233,5,245.00,0
18505,8326,157,3,87.60,0
18506,6109,137,2,288.60,15
18507,5558,291,2,25.51,0
18508,8277,255,4,339.07,0
18509,6183,215,2,252.10,10
18510,2263,57,1,140.14,5
18511,7256,183,1,78.33,0
18512,9281,130,4,200.63,0
18513,5853,108,4,261.20,10
18514,7789,87,5,84.63,5
18515,1412,109,5,97.22,5
18516,9371,254,2,396.05,0
18517,7391,84,3,124.05,15
18518,9342,195,1,282.87,10
18519,3670,274,3,53.21,0
18520,3498,6,2,190.26,10
18521,3468,42,4,309.17,10
18522,2202,21,1,299.77,10
18523,6343,290,1,25.70,15
18524,4434,253,1,286.72,0
18525,7122,282,2,381.21,15
18526,68,93,4,28.93,15
18527,2075,192,4,90.00,10
18528,1812,38,1,200.72,15
18529,1585,165,3,273.91,0
18530,1749,234,4,268.61,15
18531,2283,2,3,340.09,0
18532,8624,29,1,34.87,5
18533,87,10,2,228.01,0
18534,4959,194,5,212.39,0
18535,136,246,1,62.04,0
18536,7170,202,5,268.66,0
18537,2461,192,3,90.00,0
18538,612,38,4,200.72,0
18539,4579,275,5,59.35,15
18540,831,148,2,119.97,0
18541,1500,187,4,234.45,5
18542,817,126,2,68.11,0
18543,7762,257,4,63.30,15
18544,7700,187,1,234.45,0
18545,4232,285,2,258.56,0
18546,3526,207,3,326.57,15
18547,478,185,1,48.99,0
18548,1044,282,2,381.21,0
18549,7162,96,2,264.06,15
18550,9697,93,2,28.93,5
18551,2633,267,4,208.17,0
18552,1864,149,2,70.07,0
18553,4634,289,1,90.69,0
18554,7026,138,2,331.78,0
18555,7510,201,3,68.26,0
18556,6417,39,1,49.89,15
18557,2023,48,5,72.09,15
18558,638,160,1,132.63,10
18559,8686,131,4,91.11,0
18560,764,126,3,68.11,0
18561,2034,211,1,323.51,5
18562,3500,29,1,34.87,10
18563,6174,76,3,297.26,0
18564,4908,266,5,7.51,0
18565,4392,48,1,72.09,0
18566,787,240,4,117.00,0
18567,7412,196,5,160.55,10
18568,2568,87,2,84.63,0
18569,4035,106,3,66.50,0
18570,3269,136,5,222.85,10
18571,1067,264,5,38.50,0
18572,2950,265,2,366.02,10
18573,1569,195,5,282.87,5
18574,820,234,5,268.61,0
18575,3466,131,2,91.11,0
18576,7617,242,5,67.91,5
18577,5042,258,2,171.69,0
18578,4659,245,2,310.10,15
18579,5818,256,5,343.78,5
18580,255,211,5,323.51,15
18581,1388,178,5,308.38,10
18582,8958,242,3,67.91,0
18583,4837,211,4,323.51,0
18584,8271,131,4,91.11,10
18585,1401,52,5,51.91,0
18586,8099,270,1,246.69,5
18587,3554,199,1,378.96,15
18588,7669,274,4,53.21,0
18589,780,92,5,50.16,15
18590,5203,9,4,150.86,0
18591,1235,298,1,253.90,10
18592,5415,256,1,343.78,0
18593,5352,182,1,183.61,0
18594,3918,21,5,299.77,10
18595,224,106,5,66.50,5
18596,8163,185,5,48.99,15
18597,2702,7,1,263.49,5
18598,3181,11,5,176.97,0
18599,6010,283,1,390.13,15
18600,3991,178,3,308.38,0
18601,4785,155,5,190.98,0
18602,7267,252,5,24.03,0
18603,5545,204,5,197.94,15
18604,3307,47,2,202.34,0
18605,8146,205,4,150.21,0
18606,2378,273,1,341.96,10
18607,1429,125,1,327.79,0
18608,5647,111,1,225.30,0
18609,8362,265,1,366.02,0
18610,5206,130,1,200.63,15
18611,9501,76,1,297.26,15
18612,371,243,4,297.01,0
18613,7130,185,3,48.99,15
18614,2424,226,1,348.65,0
18615,5732,244,1,146.67,5
18616,3237,254,5,396.05,0
18617,9013,240,3,117.00,0
18618,783,224,3,8.13,15
18619,1212,44,2,57.92,0
18620,2732,9,5,150.86,15
18621,2316,112,3,121.23,0
18622,2676,121,5,251.05,0
18623,6739,69,3,156.10,15
18624,7715,233,1,245.00,10
18625,2015,147,5,344.67,0
18626,7578,139,3,321.64,0
18627,9808,154,3,343.92,15
18628,7488,211,5,323.51,5
18629,11,62,5,78.99,0
18630,51,242,1,67.91,10
18631,6660,44,3,57.92,5
18632,1396,79,1,19.52,0
18633,2148,283,5,390.13,5
18634,4409,257,3,63.30,15
18635,6836,180,4,323.47,0
18636,3901,85,5,114.41,0
18637,3316,48,2,72.09,0
18638,4128,180,4,323.47,0
18639,9403,39,4,49.89,0
18640,8058,74,4,224.24,15
18641,8737,57,5,140.14,0
18642,6492,31,3,136.27,0
18643,4605,97,2,234.59,0
18644,2023,38,4,200.72,0
18645,5507,8,5,357.93,5
18646,8607,144,2,321.56,0
18647,663,165,3,273.91,0
18648,6769,193,1,85.60,0
18649,7765,271,2,327.62,5
18650,185,53,5,200.65,0
18651,3252,174,1,232.35,10
18652,2384,296,1,93.52,5
18653,4668,202,3,268.66,15
18654,1388,39,3,49.89,0
18655,5238,35,1,335.83,0
18656,5615,163,1,20.58,10
18657,2512,219,3,30.27,15
18658,9088,79,1,19.52,10
18659,6335,212,2,324.30,0
18660,3351,126,2,68.11,10
18661,1383,274,1,53.21,0
18662,9053,89,4,285.99,5
18663,1251,213,3,37.84,0
18664,428,201,2,68.26,0
18665,3057,186,2,146.92,10
18666,4434,265,4,366.02,0
18667,6728,129,1,265.34,10
18668,3093,186,3,146.92,10
18669,3322,151,4,214.50,0
18670,8524,74,1,224.24,0
18671,7031,249,1,124.21,10
18672,3003,117,2,350.39,5
18673,4328,5,2,235.25,0
18674,5469,14,4,106.54,10
18675,1405,270,2,246.69,0
18676,8125,22,5,193.70,15
18677,9071,7,3,263.49,0
18678,1337,219,5,30.27,0
18679,842,54,5,316.28,5
18680,8304,157,1,87.60,15
18681,3759,263,1,116.93,5
18682,8470,148,3,119.97,5
18683,4149,166,3,314.43,0
18684,5633,10,2,228.01,0
18685,7243,133,2,47.71,10
18686,1023,150,3,181.60,0
18687,6178,134,4,378.20,0
18688,8902,33,5,330.23,0
18689,8850,65,5,76.41,10
18690,5869,200,1,67.84,0
18691,5543,246,3,62.04,10
18692,7780,61,1,175.74,0
18693,8983,91,3,371.67,15
18694,5738,209,2,188.28,15
18695,9416,48,4,72.09,10
18696,6157,217,3,395.04,5
18697,4560,2,2,340.09,0
18698,9891,290,1,25.70,15
18699,1016,42,2,309.17,0
18700,6173,185,4,48.99,0
18701,6202,47,1,202.34,10
18702,9395,249,2,124.21,10
18703,6821,211,5,323.51,15
18704,6214,156,4,344.64,0
18705,9180,17,3,353.82,5
18706,4049,59,5,213.06,0
18707,9061,109,3,97.22,10
18708,9841,282,1,381.21,5
18709,4759,159,5,217.33,5
18710,6788,51,5,340.30,10
18711,4261,50,1,311.33,0
18712,1561,92,5,50.16,0
18713,330,52,2,51.91,0
18714,2675,260,2,294.26,5
18715,5418,1,4,281.65,10
18716,2500,91,5,371.67,5
18717,3274,172,3,43.91,10
18718,7473,226,1,348.65,0
18719,6451,89,4,285.99,0
18720,2356,143,3,374.36,0
18721,9137,157,1,87.60,10
18722,4247,258,5,171.69,0
18723,8696,3,3,369.07,0
18724,3797,56,5,372.10,15
18725,3789,244,2,146.67,0
18726,1503,15,4,254.29,5
18727,3629,155,4,190.98,0
18728,4195,100,3,371.65,5
18729,825,9,3,150.86,10
18730,2263,178,2,308.38,15
18731,6841,83,5,80.10,0
18732,1407,246,3,62.04,5
18733,6967,67,3,134.74,15
18734,9740,271,3,327.62,10
18735,384,1,2,281.65,0
18736,253,23,2,393.39,0
18737,4778,291,3,25.51,0
18738,763,69,3,156.10,10
18739,4519,8,1,357.93,10
18740,9404,160,2,132.63,0
18741,8063,198,1,116.63,10
18742,9985,137,4,288.60,10
18743,3976,25,3,157.60,0
18744,8068,232,1,182.33,15
18745,9849,286,2,362.28,15
18746,1321,78,1,33.23,0
18747,830,187,4,234.45,10
18748,5996,295,4,307.36,0
18749,8478,223,5,23.99,0
18750,3336,106,5,66.50,0
18751,4425,284,5,111.58,0
18752,9579,76,3,297.26,0
18753,5719,101,3,167.15,0
18754,2660,277,1,219.37,0
18755,5166,23,1,393.39,0
18756,4393,96,4,264.06,15
18757,6335,271,5,327.62,0
18758,3555,44,4,57.92,15
18759,5561,93,1,28.93,10
18760,1412,3,4,369.07,15
18761,564,288,1,66.37,15
18762,638,275,2,59.35,5
18763,1302,262,3,265.12,0
18764,6806,132,5,356.02,0
18765,4747,254,1,396.05,5
18766,3729,133,4,47.71,15
18767,1706,76,1,297.26,15
18768,6680,228,5,335.11,0
18769,8584,280,1,319.72,10
18770,4136,2,4,340.09,5
18771,4114,172,5,43.91,0
18772,1891,31,2,136.27,15
18773,6687,232,3,182.33,15
18774,3739,216,5,301.09,0
18775,6014,152,5,359.63,0
18776,3422,276,1,342.04,0
18777,5923,5,4,235.25,10
18778,6241,26,5,122.89,0
18779,320,273,2,341.96,10
18780,3682,126,4,68.11,0
18781,2821,292,4,136.17,0
18782,6044,177,1,218.39,0
18783,8620,222,2,345.59,0
18784,4498,42,4,309.17,0
18785,3742,126,2,68.11,15
18786,3187,280,1,319.72,0
18787,9214,7,5,263.49,10
18788,6160,173,3,178.93,5
18789,9002,75,4,347.15,10
18790,8655,137,1,288.60,0
18791,4035,298,5,253.90,0
18792,8301,200,4,67.84,0
18793,440,27,3,65.87,10
18794,5121,206,5,31.78,0
18795,1977,165,1,273.91,15
18796,104,37,2,258.60,5
18797,5199,109,2,97.22,10
18798,8937,151,3,214.50,15
18799,3738,255,5,339.07,0
18800,9530,112,1,121.23,0
18801,8880,6,1,190.26,10
18802,7705,232,3,182.33,15
18803,4520,44,1,57.92,10
18804,9515,2,5,340.09,0
18805,1136,300,5,60.59,0
18806,7371,248,1,149.84,5
18807,2548,78,4,33.23,5
18808,9369,51,4,340.30,15
18809,7145,299,3,277.33,10
18810,2474,197,1,208.34,5
18811,6574,271,3,327.62,0
18812,3210,209,5,188.28,10
18813,9821,146,4,44.01,0
18814,6770,104,2,188.19,0
18815,3651,200,5,67.84,0
18816,4694,211,1,323.51,15
18817,5874,148,3,119.97,0
18818,4343,232,5,182.33,15
18819,4918,48,4,72.09,0
18820,4357,132,2,356.02,10
18821,609,106,5,66.50,5
18822,6519,219,1,30.27,10
18823,6740,66,4,206.27,10
18824,3345,298,3,253.90,15
18825,2612,181,4,259.05,0
18826,3407,137,1,288.60,15
18827,4740,198,2,116.63,10
18828,9290,157,5,87.60,0
18829,1158,172,1,43.91,0
18830,9466,154,1,343.92,5
18831,1399,15,4,254.29,15
18832,7594,156,4,344.64,0
18833,3438,127,1,126.84,15
18834,3710,141,1,53.20,0
18835,6463,107,1,65.37,15
18836,9462,179,3,237.43,0
18837,9857,92,4,50.16,0
18838,8953,4,2,296.68,15
18839,515,205,3,150.21,0
18840,1292,7,5,263.49,0
18841,369,203,5,6.30,15
18842,185,263,3,116.93,15
18843,7643,262,1,265.12,0
18844,7371,281,4,263.43,0
18845,1848,75,3,347.15,0
18846,2726,215,5,252.10,0
18847,2997,216,5,301.09,0
18848,9933,66,5,206.27,0
18849,4872,80,4,392.68,0
18850,1143,23,1,393.39,10
18851,9812,161,1,291.83,15
18852,2711,223,3,23.99,0
18853,5409,240,3,117.00,15
18854,4036,117,2,350.39,0
18855,8706,244,2,146.67,0
18856,3736,76,4,297.26,0
18857,212,34,2,297.79,0
18858,4382,30,1,190.99,15
18859,5588,25,4,157.60,0
18860,2795,213,4,37.84,15
18861,6465,20,2,344.16,0
18862,7619,120,2,388.54,15
18863,1079,179,4,237.43,10
18864,3762,122,5,222.97,15
18865,1799,151,2,214.50,0
18866,7530,190,3,22.53,0
18867,7276,280,3,319.72,0
18868,620,194,2,212.39,10
18869,8687,138,3,331.78,0
18870,6931,157,3,87.60,15
18871,8023,161,2,291.83,5
18872,8757,297,2,30.06,10
18873,9889,261,5,297.20,0
18874,6427,107,3,65.37,0
18875,9986,90,3,206.30,0
18876,5725,9,2,150.86,10
18877,2800,113,5,75.33,10
18878,9506,239,1,320.95,10
18879,1592,271,1,327.62,0
18880,8234,87,2,84.63,10
18881,5373,46,3,252.91,10
18882,7178,123,1,106.64,0
18883,4300,161,3,291.83,0
18884,3824,213,3,37.84,5
18885,8351,127,2,126.84,0
18886,5549,151,4,214.50,0
18887,4678,282,3,381.21,0
18888,8981,161,2,291.83,5
18889,7528,147,1,344.67,5
18890,5622,67,1,134.74,0
18891,3343,233,2,245.00,10
18892,6655,7,3,263.49,5
18893,3084,221,2,33.76,0
18894,1659,281,3,263.43,10
18895,7017,106,2,66.50,0
18896,1142,255,5,339.07,0
18897,3228,170,5,67.45,0
18898,8061,109,4,97.22,0
18899,8626,231,3,64.44,10
18900,9486,213,5,37.84,0
18901,5833,26,3,122.89,0
18902,9726,27,5,65.87,10
18903,9570,206,5,31.78,15
18904,8149,35,1,335.83,0
18905,8567,230,2,323.29,15
18906,2214,131,3,91.11,15
18907,9737,186,4,146.92,0
18908,137,82,4,278.93,0
18909,6810,111,4,225.30,0
18910,9698,4,5,296.68,0
18911,4856,12,3,161.29,15
18912,574,34,3,297.79,0
18913,1936,202,1,268.66,0
18914,7006,298,4,253.90,10
18915,9879,221,1,33.76,0
18916,2945,31,1,136.27,0
18917,7456,254,1,396.05,0
18918,2780,67,3,134.74,5
18919,7818,110,5,326.74,0
18920,1768,99,4,283.04,5
18921,4442,241,2,101.41,10
18922,2956,270,1,246.69,15
18923,2519,142,1,249.44,15
18924,3654,142,3,249.44,10
18925,6633,289,3,90.69,5
18926,3082,290,3,25.70,5
18927,7668,220,3,131.34,5
18928,7563,74,2,224.24,10
18929,4252,165,3,273.91,5
18930,8019,183,3,78.33,15
18931,1951,73,4,222.38,0
18932,4137,45,5,382.91,0
18933,8999,84,1,124.05,10
18934,9425,278,5,334.45,0
18935,9064,34,5,297.79,0
18936,5809,246,3,62.04,0
18937,4423,124,4,320.32,5
18938,9364,74,4,224.24,15
18939,3645,240,2,117.00,5
18940,8099,91,4,371.67,10
18941,7529,184,1,200.81,10
18942,1554,135,3,387.74,0
18943,9457,121,5,251.05,0
18944,2123,156,1,344.64,0
18945,183,211,1,323.51,0
18946,6567,255,2,339.07,0
18947,8271,186,3,146.92,0
18948,5747,153,2,174.41,5
18949,5430,14,5,106.54,15
18950,9277,77,2,338.07,15
18951,7828,275,1,59.35,15
18952,2613,298,3,253.90,0
18953,4055,48,4,72.09,10
18954,4514,253,4,286.72,0
18955,1040,128,1,220.39,0
18956,9451,254,2,396.05,0
18957,9263,215,1,252.10,10
18958,9169,87,1,84.63,0
18959,4853,193,5,85.60,0
18960,3998,42,4,309.17,0
18961,957,82,1,278.93,5
18962,5887,37,1,258.60,10
18963,4579,94,1,66.86,0
18964,2557,103,3,252.38,15
18965,3605,115,1,353.64,15
18966,6783,70,4,315.23,0
18967,1039,9,4,150.86,10
18968,8351,17,4,353.82,5
18969,4128,226,5,348.65,10
18970,3380,108,1,261.20,5
18971,2484,210,1,211.85,15
18972,6054,8,1,357.93,0
18973,1892,43,5,232.40,5
18974,1676,233,1,245.00,0
18975,7988,212,4,324.30,15
18976,5906,291,3,25.51,5
18977,8063,152,5,359.63,15
18978,5313,34,5,297.79,0
18979,5587,1,2,281.65,0
18980,628,61,3,175.74,5
18981,606,254,3,396.05,0
18982,3883,102,5,102.20,15
18983,2722,255,3,339.07,15
18984,5718,174,2,232.35,5
18985,5286,132,4,356.02,0
18986,5344,203,4,6.30,0
18987,4006,194,3,212.39,15
18988,9082,175,4,372.30,0
18989,2772,222,3,345.59,5
18990,4502,295,1,307.36,5
18991,6691,128,4,220.39,0
18992,2938,68,3,277.33,0
18993,2194,82,2,278.93,5
18994,7872,207,4,326.57,0
18995,2821,186,1,146.92,15
18996,8118,85,1,114.41,0
18997,9276,55,3,396.81,0
18998,242,80,1,392.68,15
18999,7894,202,1,268.66,0
19000,9743,199,2,378.96,10
19001,7128,12,2,161.29,15
19002,3286,87,1,84.63,0
19003,2702,243,3,297.01,15
19004,9997,276,2,342.04,10
19005,6027,209,3,188.28,15
19006,2618,6,1,190.26,10
19007,6658,245,5,310.10,10
19008,9707,265,3,366.02,0
19009,6825,152,3,359.63,5
19010,4366,246,1,62.04,0
19011,6661,200,4,67.84,10
19012,9026,265,3,366.02,15
19013,7537,94,3,66.86,10
19014,6413,114,1,156.49,5
19015,4555,218,1,385.74,0
19016,9808,161,4,291.83,5
19017,1765,110,5,326.74,0
19018,5650,59,2,213.06,15
19019,2100,138,2,331.78,0
19020,6965,112,1,121.23,10
19021,8879,154,2,343.92,5
19022,9606,74,1,224.24,0
19023,8458,234,3,268.61,0
19024,73,279,3,313.02,5
19025,7255,260,4,294.26,10
19026,1176,185,1,48.99,0
19027,819,273,2,341.96,0
19028,4542,273,4,341.96,0
19029,9394,148,4,119.97,10
19030,1581,253,2,286.72,0
19031,8159,106,4,66.50,0
19032,6280,217,1,395.04,5
19033,8626,157,2,87.60,0
19034,2710,78,1,33.23,0
19035,9458,66,4,206.27,0
19036,4779,210,1,211.85,5
19037,4791,112,1,121.23,10
19038,6186,112,3,121.23,0
19039,4646,209,3,188.28,5
19040,3997,262,1,265.12,0
19041,5294,288,4,66.37,0
19042,3658,198,1,116.63,10
19043,4736,108,1,261.20,15
19044,421,298,1,253.90,0
19045,5624,33,2,330.23,15
19046,6515,30,3,190.99,5
19047,2960,3,4,369.07,5
19048,7762,186,1,146.92,5
19049,5807,203,3,6.30,10
19050,7074,285,5,258.56,0
19051,3580,184,5,200.81,5
19052,6877,224,4,8.13,0
19053,2393,132,5,356.02,5
19054,7581,26,1,122.89,5
19055,8830,59,1,213.06,10
19056,9463,73,1,222.38,10
19057,1178,103,2,252.38,0
19058,3502,176,5,367.34,15
19059,274,300,3,60.59,10
19060,9433,231,4,64.44,15
19061,9754,300,4,60.59,0
19062,1575,56,4,372.10,5
19063,2066,251,5,113.15,15
19064,7074,115,1,353.64,15
19065,4087,21,4,299.77,0
19066,6898,20,3,344.16,5
19067,5041,259,2,201.35,0
19068,8649,233,4,245.00,15
19069,1241,250,5,178.43,15
19070,8822,97,5,234.59,0
19071,5048,135,2,387.74,0
19072,7198,20,4,344.16,0
19073,2274,169,3,65.85,0
19074,9414,84,3,124.05,0
19075,6383,89,3,285.99,0
19076,8373,272,5,120.04,10
19077,6582,51,2,340.30,0
19078,9756,286,4,362.28,0
19079,1177,161,5,291.83,0
19080,4892,231,3,64.44,0
19081,8369,47,3,202.34,0
19082,255,294,4,200.35,0
19083,7688,87,3,84.63,15
19084,893,161,2,291.83,0
19085,7734,97,5,234.59,0
19086,7670,283,4,390.13,15
19087,4432,265,2,366.02,5
19088,5502,118,1,351.34,0
19089,7014,205,2,150.21,0
19090,80,132,4,356.02,5
19091,9209,126,5,68.11,0
19092,748,56,1,372.10,0
19093,3375,10,1,228.01,0
19094,7232,155,4,190.98,5
19095,7925,254,2,396.05,15
19096,6597,34,5,297.79,15
19097,4608,173,4,178.93,0
19098,4960,271,4,327.62,0
19099,7717,292,3,136.17,0
19100,4352,130,5,200.63,0
19101,6606,223,5,23.99,0
19102,4233,188,5,61.43,0
19103,8576,90,5,206.30,0
19104,1199,132,5,356.02,15
19105,4431,26,5,122.89,0
19106,9559,39,5,49.89,0
19107,1806,134,1,378.20,5
19108,5887,291,5,25.51,5
19109,8835,114,1,156.49,10
19110,8459,167,2,245.05,0
19111,7351,206,5,31.78,10
19112,4507,171,1,132.85,15
19113,2968,289,3,90.69,5
19114,138,241,4,101.41,0
19115,3684,138,1,331.78,15
19116,3484,181,4,259.05,10
19117,3353,287,1,257.71,0
19118,4820,245,4,310.10,0
19119,1387,212,1,324.30,10
19120,3911,260,3,294.26,0
19121,2144,294,3,200.35,5
19122,8737,108,2,261.20,0
19123,4729,250,3,178.43,0
19124,8234,291,3,25.51,15
19125,1529,175,2,372.30,5
19126,6956,107,4,65.37,0
19127,262,263,4,116.93,15
19128,2390,238,5,200.57,0
19129,9311,125,3,327.79,0
19130,5377,107,3,65.37,15
19131,187,28,4,82.43,10
19132,9500,218,2,385.74,5
19133,6586,105,5,338.11,5
19134,4338,179,1,237.43,0
19135,8705,163,2,20.58,0
19136,256,89,2,285.99,10
19137,8154,278,2,334.45,0
19138,3664,129,5,265.34,10
19139,1706,171,3,132.85,5
19140,371,23,2,393.39,0
19141,2721,62,5,78.99,0
19142,6104,284,4,111.58,0
19143,9354,251,4,113.15,0
19144,103,195,1,282.87,5
19145,5747,283,4,390.13,5
19146,2888,161,4,291.83,5
19147,3699,139,2,321.64,10
19148,7101,214,3,163.02,0
19149,9917,165,5,273.91,15
19150,1321,259,2,201.35,15
19151,7812,211,5,323.51,0
19152,6177,148,3,119.97,0
19153,5442,39,4,49.89,10
19154,757,38,2,200.72,10
19155,9675,134,1,378.20,0
19156,588,259,3,201.35,15
19157,4311,293,5,58.98,0
19158,6151,227,1,303.25,5
19159,8125,122,4,222.97,5
19160,986,258,2,171.69,0
19161,5556,189,4,299.32,15
19162,9445,47,3,202.34,0
19163,3410,71,3,167.32,0
19164,7640,58,2,218.95,0
19165,7374,282,4,381.21,0
19166,7649,123,1,106.64,15
19167,8665,93,1,28.93,0
19168,660,159,2,217.33,15
19169,5976,283,3,390.13,0
19170,3437,13,3,97.73,0
19171,196,24,4,74.40,0
19172,7193,217,1,395.04,15
19173,2806,234,3,268.61,5
19174,4473,121,5,251.05,15
19175,8015,211,3,323.51,10
19176,1151,27,3,65.87,15
19177,9976,140,3,120.30,15
19178,7487,116,5,368.79,0
19179,2436,149,1,70.07,15
19180,8011,298,5,253.90,0
19181,9655,217,3,395.04,0
19182,1659,162,1,270.73,10
19183,674,180,2,323.47,0
19184,4263,47,2,202.34,0
19185,5090,124,5,320.32,10
19186,8290,60,3,275.96,10
19187,1359,295,3,307.36,0
19188,6118,227,3,303.25,0
19189,7739,89,3,285.99,5
19190,1208,205,2,150.21,0
19191,7427,254,5,396.05,0
19192,4287,259,4,201.35,0
19193,4961,59,3,213.06,5
19194,2238,168,5,156.48,10
19195,8704,58,5,218.95,15
19196,3969,30,1,190.99,10
19197,3557,234,2,268.61,0
19198,8445,262,1,265.12,10
19199,3610,84,2,124.05,10
19200,8932,145,3,94.23,0
19201,1181,140,5,120.30,15
19202,729,181,5,259.05,5
19203,7512,85,2,114.41,0
19204,2470,95,1,69.49,0
19205,8535,53,4,200.65,10
19206,358,153,1,174.41,0
19207,7906,129,2,265.34,0
19208,9211,28,3,82.43,15
19209,6400,30,3,190.99,0
19210,8882,237,5,199.63,15
19211,1964,226,4,348.65,0
19212,6013,14,3,106.54,0
19213,9293,128,4,220.39,5
19214,5227,17,4,353.82,0
19215,5205,75,4,347.15,15
19216,9540,212,3,324.30,0
19217,9648,130,1,200.63,5
19218,8708,32,3,318.14,10
19219,7599,228,1,335.11,0
19220,8802,222,1,345.59,15
19221,812,145,5,94.23,5
19222,3232,20,4,344.16,5
19223,5769,98,1,115.13,10
19224,8996,198,1,116.63,0
19225,6801,127,2,126.84,10
19226,8476,142,1,249.44,5
19227,3014,250,4,178.43,0
19228,5390,162,3,270.73,15
19229,6888,85,2,114.41,15
19230,9333,92,2,50.16,0
19231,3040,300,2,60.59,5
19232,2240,120,4,388.54,15
19233,5203,122,5,222.97,0
19234,523,291,2,25.51,0
19235,4277,133,5,47.71,0
19236,6152,148,2,119.97,0
19237,8566,195,4,282.87,0
19238,8012,76,5,297.26,10
19239,8636,276,3,342.04,15
19240,2502,171,4,132.85,0
19241,5552,250,5,178.43,10
19242,3151,31,1,136.27,10
19243,8197,243,2,297.01,10
19244,2009,242,4,67.91,10
19245,3024,212,1,324.30,0
19246,5636,178,5,308.38,15
19247,7297,14,1,106.54,15
19248,644,261,3,297.20,0
19249,7146,283,2,390.13,0
19250,6824,157,2,87.60,5
19251,6223,241,5,101.41,0
19252,7911,59,3,213.06,15
19253,9645,109,3,97.22,0
19254,3256,183,4,78.33,5
19255,9276,140,5,120.30,15
19256,9798,8,1,357.93,0
19257,4888,133,5,47.71,15
19258,2425,90,1,206.30,5
19259,4053,259,2,201.35,15
19260,1587,46,1,252.91,0
19261,8722,91,5,371.67,0
19262,200,255,4,339.07,0
19263,194,56,4,372.10,0
19264,9956,110,3,326.74,10
19265,8906,209,5,188.28,15
19266,521,264,1,38.50,5
19267,4818,18,4,318.44,0
19268,919,178,2,308.38,5
19269,1904,244,3,146.67,5
19270,307,159,2,217.33,0
19271,5551,203,3,6.30,15
19272,9187,134,3,378.20,15
19273,845,46,4,252.91,5
19274,9513,182,1,183.61,0
19275,1075,261,5,297.20,5
19276,592,125,4,327.79,0
19277,2369,295,4,307.36,0
19278,3198,195,5,282.87,10
19279,8958,52,1,51.91,0
19280,5838,260,4,294.26,0
19281,2115,183,2,78.33,0
19282,7910,150,4,181.60,10
19283,3673,4,3,296.68,5
19284,583,93,1,28.93,0
19285,7494,192,3,90.00,0
19286,8668,165,2,273.91,0
19287,6533,116,2,368.79,0
19288,3798,217,3,395.04,5
19289,5427,100,4,371.65,10
19290,6308,201,1,68.26,5
19291,8196,134,2,378.20,15
19292,8945,178,4,308.38,0
19293,6161,114,5,156.49,0
19294,8877,200,2,67.84,0
19295,7676,190,5,22.53,0
19296,6081,268,5,226.31,5
19297,9917,285,1,258.56,0
19298,1951,239,5,320.95,0
19299,5531,234,5,268.61,5
19300,9494,271,2,327.62,5
19301,9780,114,2,156.49,10
19302,8848,201,5,68.26,10
19303,2135,210,4,211.85,0
19304,5093,48,3,72.09,15
19305,2438,87,4,84.63,10
19306,2897,135,3,387.74,5
19307,7257,83,2,80.10,5
19308,3732,179,2,237.43,0
19309,2165,227,2,303.25,0
19310,21,291,5,25.51,5
19311,2372,143,4,374.36,0
19312,8523,163,5,20.58,10
19313,3374,77,5,338.07,0
19314,3027,177,1,218.39,0
19315,5858,176,2,367.34,0
19316,8829,296,1,93.52,5
19317,440,20,2,344.16,15
19318,367,4,3,296.68,0
19319,4804,161,2,291.83,10
19320,5247,16,4,386.04,0
19321,7063,198,1,116.63,15
19322,1120,62,2,78.99,0
19323,4083,11,3,176.97,0
19324,5251,278,4,334.45,0
19325,6499,199,3,378.96,10
19326,6465,288,5,66.37,15
19327,6600,196,3,160.55,15
19328,7149,126,2,68.11,10
19329,3441,192,4,90.00,0
19330,2025,150,5,181.60,0
19331,8109,43,5,232.40,0
19332,5157,131,3,91.11,0
19333,6105,98,5,115.13,0
19334,3595,76,3,297.26,10
19335,9875,131,1,91.11,10
19336,8812,117,2,350.39,15
19337,5577,208,2,389.11,15
19338,5458,32,3,318.14,0
19339,55,89,4,285.99,15
19340,1709,194,1,212.39,15
19341,6361,271,1,327.62,5
19342,8070,158,3,214.14,5
19343,9224,120,2,388.54,0
19344,2478,8,4,357.93,10
19345,4991,47,2,202.34,0
19346,9231,91,3,371.67,0
19347,4467,170,2,67.45,15
19348,5135,183,4,78.33,0
19349,9770,82,2,278.93,0
19350,2223,238,2,200.57,5
19351,484,92,4,50.16,0
19352,8369,71,4,167.32,5
19353,7106,274,1,53.21,10
19354,8552,101,2,167.15,0
19355,8147,172,3,43.91,0
19356,5340,167,5,245.05,15
19357,2739,194,1,212.39,0
19358,4443,77,1,338.07,0
19359,2803,147,5,344.67,0
19360,9091,52,2,51.91,5
19361,7373,282,5,381.21,15
19362,9476,171,2,132.85,0
19363,6156,200,4,67.84,5
19364,9958,230,4,323.29,10
19365,253,184,4,200.81,15
19366,8512,64,1,245.58,15
19367,9503,84,4,124.05,5
19368,554,254,3,396.05,0
19369,6937,261,5,297.20,0
19370,454,224,1,8.13,5
19371,4023,15,2,254.29,0
19372,4353,241,4,101.41,5
19373,5033,44,1,57.92,15
19374,1883,48,2,72.09,0
19375,8044,251,2,113.15,5
19376,9843,43,1,232.40,15
19377,8417,212,4,324.30,5
19378,7975,122,1,222.97,0
19379,1008,29,1,34.87,0
19380,3593,102,4,102.20,10
19381,7464,24,5,74.40,0
19382,9971,2,2,340.09,0
19383,1339,7,4,263.49,0
19384,9526,140,3,120.30,10
19385,1238,54,1,316.28,0
19386,6677,127,4,126.84,10
19387,8198,181,2,259.05,5
19388,7585,184,3,200.81,0
19389,4500,2,3,340.09,0
19390,7131,165,2,273.91,5
19391,69,267,2,208.17,0
19392,7182,158,4,214.14,0
19393,6233,223,4,23.99,0
19394,6187,245,5,310.10,0
19395,582,204,2,197.94,5
19396,4063,78,3,33.23,5
19397,8671,17,1,353.82,15
19398,9036,27,2,65.87,0
19399,1694,244,3,146.67,5
19400,6344,53,5,200.65,15
19401,8134,61,1,175.74,0
19402,1978,179,5,237.43,0
19403,7194,127,4,126.84,15
19404,5264,156,3,344.64,0
19405,85,192,2,90.00,10
19406,3808,207,3,326.57,10
19407,1075,271,1,327.62,0
19408,5548,218,5,385.74,0
19409,6470,190,2,22.53,0
19410,1705,122,5,222.97,5
19411,3054,265,2,366.02,0
19412,6825,229,1,324.76,0
19413,843,63,5,199.37,0
19414,430,275,4,59.35,0
19415,4674,240,5,117.00,0
19416,8334,272,4,120.04,0
19417,7198,213,3,37.84,10
19418,9442,215,2,252.10,10
19419,4606,156,3,344.64,10
19420,5494,68,3,277.33,0
19421,4956,288,1,66.37,0
19422,4689,129,1,265.34,0
19423,3626,114,2,156.49,10
19424,5959,7,2,263.49,0
19425,375,244,5,146.67,0
19426,8357,22,5,193.70,0
19427,434,251,4,113.15,0
19428,7174,54,3,316.28,15
19429,2231,138,2,331.78,15
19430,6785,30,4,190.99,0
19431,6157,141,5,53.20,5
19432,1337,105,2,338.11,0
19433,1567,6,1,190.26,0
19434,3952,94,3,66.86,0
19435,9978,27,4,65.87,5
19436,7397,140,1,120.30,0
19437,5479,241,3,101.41,0
19438,9400,85,1,114.41,5
19439,251,20,2,344.16,0
19440,9357,71,5,167.32,15
19441,2926,109,2,97.22,0
19442,7969,192,1,90.00,0
19443,447,22,1,193.70,15
19444,4500,145,3,94.23,10
19445,9724,138,3,331.78,5
19446,263,213,2,37.84,0
19447,2840,162,3,270.73,5
19448,7062,169,4,65.85,0
19449,4316,172,1,43.91,5
19450,4396,279,3,313.02,0
19451,4228,35,5,335.83,0
19452,9345,171,3,132.85,5
19453,1807,22,5,193.70,10
19454,4757,205,5,150.21,0
19455,2395,221,5,33.76,0
19456,3068,49,1,123.44,15
19457,7654,249,3,124.21,5
19458,3389,207,2,326.57,0
19459,7386,128,2,220.39,10
19460,6913,235,2,43.63,10
19461,8900,111,3,225.30,0
19462,3247,263,4,116.93,10
19463,3584,215,5,252.10,10
19464,4412,263,4,116.93,0
19465,7126,230,4,323.29,0
19466,4433,286,3,362.28,5
19467,9918,286,2,362.28,0
19468,5378,8,2,357.93,0
19469,9461,53,5,200.65,15
19470,4146,272,5,120.04,5
19471,1325,15,3,254.29,15
19472,1369,113,1,75.33,10
19473,5533,147,3,344.67,0
19474,2489,18,4,318.44,15
19475,5059,241,5,101.41,0
19476,727,29,4,34.87,0
19477,5960,254,3,396.05,15
19478,7806,47,5,202.34,0
19479,3825,212,2,324.30,0
19480,7171,160,2,132.63,0
19481,1925,268,4,226.31,0
19482,3267,247,3,202.30,0
19483,3980,244,3,146.67,0
19484,4868,219,2,30.27,0
19485,1812,60,1,275.96,0
19486,3254,83,5,80.10,15
19487,7293,261,2,297.20,0
19488,483,167,5,245.05,10
19489,3947,1,3,281.65,10
19490,7512,227,5,303.25,0
19491,6232,55,2,396.81,10
19492,1602,27,4,65.87,5
19493,50,204,2,197.94,10
19494,7895,87,5,84.63,15
19495,3860,193,3,85.60,0
19496,737,208,2,389.11,5
19497,2860,262,2,265.12,0
19498,6,210,1,211.85,0
19499,5185,186,3,146.92,10
19500,8431,257,3,63.30,15
19501,4469,246,1,62.04,0
19502,247,62,2,78.99,0
19503,593,110,5,326.74,15
19504,4230,88,5,42.74,0
19505,6927,273,5,341.96,0
19506,713,140,4,120.30,15
19507,8818,27,1,65.87,10
19508,3064,34,1,297.79,0
19509,4628,299,5,277.33,0
19510,1129,145,4,94.23,0
19511,6177,19,4,20.40,0
19512,5755,26,1,122.89,10
19513,2537,144,5,321.56,0
19514,8814,298,5,253.90,0
19515,8520,223,1,23.99,0
19516,1040,110,1,326.74,0
19517,8907,299,2,277.33,15
19518,9565,140,3,120.30,0
19519,8803,240,1,117.00,0
19520,719,138,2,331.78,5
19521,9692,182,3,183.61,0
19522,2683,112,2,121.23,5
19523,8247,286,3,362.28,5
19524,107,62,3,78.99,15
19525,441,44,4,57.92,0
19526,3716,104,4,188.19,0
19527,9343,228,2,335.11,15
19528,1569,206,5,31.78,0
19529,3619,230,4,323.29,0
19530,3609,33,5,330.23,5
19531,3058,292,2,136.17,15
19532,4960,154,4,343.92,15
19533,6238,112,3,121.23,5
19534,7455,172,5,43.91,10
19535,7161,170,2,67.45,5
19536,716,14,5,106.54,0
19537,2143,159,4,217.33,0
19538,6892,132,3,356.02,5
19539,7098,298,3,253.90,0
19540,6460,87,4,84.63,0
19541,9155,15,1,254.29,15
19542,6988,251,4,113.15,0
19543,1011,166,2,314.43,0
19544,616,299,1,277.33,0
19545,906,178,3,308.38,0
19546,8592,14,3,106.54,0
19547,412,87,1,84.63,15
19548,402,139,1,321.64,5
19549,394,143,1,374.36,15
19550,3309,66,4,206.27,10
19551,7995,113,3,75.33,10
19552,7319,41,3,89.26,0
19553,8494,198,5,116.63,0
19554,6785,134,4,378.20,5
19555,3213,274,1,53.21,15
19556,702,56,1,372.10,10
19557,1111,115,3,353.64,0
19558,8596,223,2,23.99,0
19559,1490,194,1,212.39,10
19560,3411,167,2,245.05,10
19561,6145,261,5,297.20,15
19562,4233,250,3,178.43,15
19563,8857,178,4,308.38,10
19564,9740,273,3,341.96,15
19565,9764,70,4,315.23,5
19566,5324,111,3,225.30,10
19567,7762,219,4,30.27,10
19568,7915,176,3,367.34,10
19569,4124,140,3,120.30,0
19570,5855,219,5,30.27,5
19571,9,8,5,357.93,0
19572,2852,70,4,315.23,0
19573,8189,44,1,57.92,0
19574,7380,47,1,202.34,0
19575,9004,153,3,174.41,5
19576,5762,235,4,43.63,10
19577,9801,148,2,119.97,0
19578,5839,117,4,350.39,0
19579,4832,238,4,200.57,5
19580,7494,132,4,356.02,10
19581,6590,116,2,368.79,0
19582,576,189,5,299.32,10
19583,2154,23,2,393.39,15
19584,4284,193,1,85.60,5
19585,1831,84,5,124.05,15
19586,4286,39,2,49.89,5
19587,7485,182,5,183.61,0
19588,9015,192,1,90.00,0
19589,598,116,4,368.79,5
19590,3343,30,1,190.99,5
19591,2876,208,5,389.11,0
19592,6184,281,5,263.43,0
19593,1998,142,5,249.44,0
19594,693,282,4,381.21,15
19595,802,84,5,124.05,10
19596,6057,74,4,224.24,0
19597,7010,292,4,136.17,5
19598,8123,150,4,181.60,5
19599,686,245,4,310.10,10
19600,7617,179,4,237.43,0
19601,3979,135,5,387.74,5
19602,4254,216,2,301.09,0
19603,3675,7,1,263.49,10
19604,6835,231,5,64.44,5
19605,2161,130,2,200.63,0
19606,313,228,5,335.11,0
19607,5692,102,3,102.20,15
19608,3404,251,3,113.15,0
19609,5799,14,1,106.54,5
19610,4849,182,3,183.61,0
19611,3593,64,5,245.58,10
19612,2057,93,5,28.93,10
19613,8281,217,3,395.04,0
19614,3113,157,1,87.60,0
19615,3164,234,3,268.61,0
19616,2849,83,5,80.10,15
19617,9497,167,3,245.05,5
19618,4798,226,5,348.65,0
19619,7350,147,5,344.67,15
19620,5379,254,3,396.05,15
19621,9670,107,4,65.37,0
19622,6486,43,2,232.40,10
19623,916,278,1,334.45,5
19624,6872,25,1,157.60,0
19625,9589,269,2,79.59,0
19626,8450,181,4,259.05,0
19627,8561,114,3,156.49,10
19628,3711,213,5,37.84,5
19629,821,264,3,38.50,15
19630,4548,215,1,252.10,0
19631,6231,119,2,86.31,10
19632,8076,160,1,132.63,0
19633,1629,94,1,66.86,0
19634,2753,27,3,65.87,15
19635,4875,87,4,84.63,0
19636,6549,152,2,359.63,5
19637,584,46,2,252.91,15
19638,4774,147,2,344.67,0
19639,2637,71,1,167.32,15
19640,5032,274,5,53.21,5
19641,9997,200,4,67.84,5
19642,7235,116,4,368.79,15
19643,3332,171,2,132.85,0
19644,8243,190,5,22.53,15
19645,7313,158,3,214.14,0
19646,5564,133,5,47.71,10
19647,251,71,1,167.32,5
19648,7252,223,5,23.99,10
19649,1858,18,5,318.44,0
19650,2127,154,3,343.92,15
19651,3296,97,2,234.59,15
19652,8349,294,1,200.35,0
19653,6773,45,1,382.91,15
19654,5897,19,2,20.40,0
19655,4940,171,2,132.85,5
19656,9972,68,2,277.33,0
19657,4623,209,5,188.28,0
19658,9301,275,2,59.35,0
19659,6540,279,4,313.02,10
19660,1366,18,4,318.44,10
19661,6578,184,5,200.81,10
19662,8733,83,3,80.10,15
19663,5525,55,2,396.81,15
19664,2313,30,4,190.99,0
19665,2644,260,1,294.26,0
19666,506,114,4,156.49,0
19667,5709,188,1,61.43,0
19668,6731,229,1,324.76,0
19669,242,134,2,378.20,10
19670,2664,300,5,60.59,0
19671,7448,84,4,124.05,0
19672,1420,183,5,78.33,15
19673,7824,32,4,318.14,15
19674,3852,73,4,222.38,0
19675,7607,73,1,222.38,0
19676,4723,239,2,320.95,5
19677,5710,185,5,48.99,10
19678,1902,268,2,226.31,15
19679,2692,128,5,220.39,0
19680,7356,300,4,60.59,5
19681,8319,201,5,68.26,0
19682,7895,277,1,219.37,0
19683,2695,26,2,122.89,0
19684,1299,94,5,66.86,5
19685,6962,130,3,200.63,15
19686,9835,27,4,65.87,15
19687,208,216,3,301.09,0
19688,1987,177,4,218.39,5
19689,2035,211,2,323.51,5
19690,5918,58,2,218.95,10
19691,9838,197,4,208.34,10
19692,8935,70,2,315.23,5
19693,8734,247,4,202.30,5
19694,775,140,3,120.30,0
19695,8313,187,1,234.45,15
19696,4266,288,1,66.37,10
19697,5186,250,1,178.43,5
19698,3264,41,3,89.26,15
19699,6567,282,2,381.21,5
19700,719,273,4,341.96,0
19701,3632,144,1,321.56,0
19702,6708,295,1,307.36,5
19703,8187,3,3,369.07,0
19704,5001,121,5,251.05,0
19705,8128,294,1,200.35,5
19706,3551,84,3,124.05,0
19707,3228,41,3,89.26,10
19708,9339,194,3,212.39,0
19709,2716,125,5,327.79,0
19710,5472,221,4,33.76,0
19711,9741,288,3,66.37,0
19712,9789,166,1,314.43,15
19713,8432,212,3,324.30,5
19714,2121,278,1,334.45,0
19715,7090,74,4,224.24,0
19716,2804,79,1,19.52,15
19717,7189,109,4,97.22,0
19718,5496,81,1,191.34,5
19719,5854,30,1,190.99,0
19720,2961,127,3,126.84,0
19721,9795,161,1,291.83,0
19722,3369,287,3,257.71,0
19723,9707,111,4,225.30,0
19724,978,266,3,7.51,0
19725,8144,257,5,63.30,15
19726,3689,205,4,150.21,0
19727,1854,96,4,264.06,0
19728,5679,277,4,219.37,5
19729,6706,76,1,297.26,5
19730,1455,212,2,324.30,10
19731,5357,203,2,6.30,5
19732,9156,87,1,84.63,0
19733,8896,85,3,114.41,0
19734,4415,119,4,86.31,0
19735,3066,1,1,281.65,0
19736,2738,98,4,115.13,0
19737,2007,117,5,350.39,10
19738,3279,211,2,323.51,15
19739,5078,100,4,371.65,0
19740,9909,229,2,324.76,15
19741,5475,297,1,30.06,5
19742,1198,286,3,362.28,0
19743,9193,40,3,226.87,10
19744,5902,168,5,156.48,10
19745,6340,156,3,344.64,10
19746,1582,179,1,237.43,0
19747,5486,80,2,392.68,15
19748,6159,266,1,7.51,5
19749,9670,6,5,190.26,0
19750,439,74,2,224.24,10
19751,5800,209,5,188.28,0
19752,1298,290,2,25.70,15
19753,4494,276,4,342.04,0
19754,8061,77,3,338.07,5
19755,877,35,1,335.83,0
19756,5317,283,3,390.13,0
19757,7103,33,5,330.23,5
19758,6989,146,2,44.01,0
19759,3576,69,1,156.10,15
19760,4055,155,1,190.98,10
19761,7205,32,2,318.14,0
19762,7897,196,3,160.55,15
19763,3515,257,4,63.30,10
19764,2819,95,1,69.49,0
19765,7168,2,5,340.09,0
19766,6837,185,4,48.99,15
19767,1481,86,2,365.04,5
19768,1131,118,5,351.34,0
19769,532,179,4,237.43,0
19770,3566,284,2,111.58,5
19771,9150,288,5,66.37,0
19772,671,250,4,178.43,0
19773,5511,63,3,199.37,0
19774,8179,127,5,126.84,0
19775,8455,80,5,392.68,15
19776,7614,136,1,222.85,0
19777,3281,240,2,117.00,0
19778,1926,181,5,259.05,10
19779,3348,155,4,190.98,0
19780,1574,298,5,253.90,0
19781,4741,187,4,234.45,5
19782,6077,79,4,19.52,0
19783,9157,164,2,395.54,0
19784,858,160,1,132.63,0
19785,2609,27,3,65.87,0
19786,6862,235,4,43.63,0
19787,4388,23,5,393.39,0
19788,1633,14,2,106.54,15
19789,6030,108,3,261.20,15
19790,2686,138,1,331.78,0
19791,7798,36,4,229.35,0
19792,8962,159,5,217.33,15
19793,6615,128,4,220.39,5
19794,7304,291,2,25.51,0
19795,3248,139,5,321.64,0
19796,7079,289,3,90.69,0
19797,1132,112,1,121.23,10
19798,5675,193,3,85.60,0
19799,9994,82,1,278.93,0
19800,4282,246,3,62.04,10
19801,7854,173,4,178.93,15
19802,8738,181,5,259.05,5
19803,3276,133,4,47.71,0
19804,4089,137,4,288.60,0
19805,8723,147,4,344.67,0
19806,3664,188,2,61.43,15
19807,8014,179,4,237.43,0
19808,1395,40,2,226.87,15
19809,6534,117,1,350.39,10
19810,6153,115,1,353.64,15
19811,5143,149,2,70.07,15
19812,9494,141,1,53.20,15
19813,9407,268,1,226.31,10
19814,7267,280,3,319.72,0
19815,6957,262,2,265.12,5
19816,3600,47,2,202.34,10
19817,9879,91,1,371.67,0
19818,8898,255,4,339.07,0
19819,8760,71,3,167.32,0
19820,7114,32,3,318.14,10
19821,9598,268,3,226.31,0
19822,7369,196,4,160.55,5
19823,3995,278,5,334.45,0
19824,1499,50,1,311.33,5
19825,6963,269,1,79.59,10
19826,1918,107,1,65.37,15
19827,5242,211,1,323.51,0
19828,7123,286,5,362.28,0
19829,226,64,1,245.58,15
19830,3653,212,1,324.30,5
19831,2020,22,3,193.70,0
19832,5098,290,3,25.70,10
19833,1604,123,5,106.64,5
19834,8894,20,1,344.16,0
19835,1614,162,2,270.73,15
19836,5442,197,4,208.34,15
19837,9750,232,2,182.33,0
19838,5932,53,5,200.65,15
19839,4975,153,4,174.41,5
19840,6268,134,2,378.20,0
19841,6845,125,3,327.79,0
19842,3618,20,5,344.16,0
19843,3662,149,3,70.07,0
19844,9986,140,2,120.30,10
19845,2547,21,2,299.77,0
19846,8582,177,3,218.39,15
19847,4115,231,5,64.44,0
19848,2742,262,2,265.12,0
19849,2616,35,5,335.83,5
19850,2020,274,5,53.21,0
19851,7251,182,5,183.61,0
19852,3895,234,4,268.61,10
19853,3478,9,4,150.86,0
19854,2251,300,2,60.59,10
19855,4489,171,2,132.85,0
19856,745,76,2,297.26,0
19857,2647,193,1,85.60,0
19858,1169,169,3,65.85,0
19859,9169,180,2,323.47,15
19860,8517,208,1,389.11,0
19861,5020,57,5,140.14,10
19862,3070,280,2,319.72,0
19863,9308,226,1,348.65,0
19864,5166,194,3,212.39,10
19865,4068,170,2,67.45,5
19866,5179,180,3,323.47,0
19867,6936,194,4,212.39,15
19868,7714,49,1,123.44,0
19869,8857,103,3,252.38,0
19870,4967,74,1,224.24,0
19871,9170,189,5,299.32,5
19872,6198,70,2,315.23,0
19873,1616,143,4,374.36,0
19874,7981,3,2,369.07,0
19875,20,267,4,208.17,0
19876,6862,61,3,175.74,10
19877,3512,99,1,283.04,10
19878,3310,205,2,150.21,15
19879,1594,5,1,235.25,15
19880,5816,143,4,374.36,0
19881,9161,51,2,340.30,0
19882,4568,160,1,132.63,10
19883,2895,279,2,313.02,10
19884,845,233,4,245.00,0
19885,7176,278,3,334.45,5
19886,1671,17,5,353.82,0
19887,4921,119,5,86.31,0
19888,8742,143,5,374.36,5
19889,1709,149,4,70.07,0
19890,3540,78,3,33.23,0
19891,3961,202,5,268.66,0
19892,9754,285,3,258.56,0
19893,5172,165,2,273.91,10
19894,7866,193,1,85.60,5
19895,1095,280,3,319.72,0
19896,7075,65,3,76.41,0
19897,2138,286,2,362.28,5
19898,4507,86,3,365.04,15
19899,3377,152,3,359.63,0
19900,1862,63,5,199.37,0
19901,5559,185,4,48.99,0
19902,4239,188,2,61.43,0
19903,323,182,1,183.61,0
19904,3762,256,3,343.78,10
19905,6510,297,2,30.06,15
19906,1735,127,4,126.84,0
19907,2667,271,3,327.62,0
19908,762,298,1,253.90,15
19909,2300,99,3,283.04,0
19910,2181,62,5,78.99,15
19911,1472,3,3,369.07,0
19912,1157,261,3,297.20,15
19913,4594,68,3,277.33,5
19914,4443,146,1,44.01,0
19915,5557,269,5,79.59,15
19916,7812,50,2,311.33,0
19917,2157,27,4,65.87,0
19918,4119,162,5,270.73,0
19919,2412,51,4,340.30,0
19920,8545,40,5,226.87,5
19921,7643,178,2,308.38,0
19922,6071,248,1,149.84,15
19923,24,295,3,307.36,15
19924,9828,250,3,178.43,0
19925,3831,209,3,188.28,10
19926,215,169,1,65.85,15
19927,430,109,3,97.22,0
19928,4887,238,1,200.57,0
19929,5555,215,2,252.10,0
19930,7568,266,4,7.51,0
19931,4421,262,5,265.12,5
19932,5753,246,5,62.04,0
19933,8092,2,3,340.09,5
19934,3707,49,1,123.44,0
19935,4422,231,1,64.44,5
19936,7730,1,2,281.65,15
19937,4057,240,5,117.00,0
19938,3182,259,4,201.35,0
19939,4475,26,3,122.89,5
19940,2062,197,1,208.34,0
19941,1427,10,4,228.01,0
19942,2068,156,2,344.64,5
19943,4776,50,5,311.33,0
19944,2580,18,3,318.44,0
19945,2046,163,3,20.58,5
19946,7372,139,2,321.64,15
19947,140,208,3,389.11,15
19948,5414,145,4,94.23,0
19949,722,174,3,232.35,5
19950,1631,276,1,342.04,0
19951,7590,57,1,140.14,0
19952,9282,283,1,390.13,0
19953,5343,129,1,265.34,0
19954,2277,56,2,372.10,10
19955,4151,241,5,101.41,0
19956,676,114,3,156.49,5
19957,9033,143,2,374.36,15
19958,1391,273,3,341.96,5
19959,4053,172,5,43.91,0
19960,1535,289,1,90.69,0
19961,3624,84,4,124.05,15
19962,5603,44,2,57.92,10
19963,1888,6,3,190.26,0
19964,8016,131,5,91.11,5
19965,5704,108,4,261.20,15
19966,7302,55,3,396.81,0
19967,4972,154,5,343.92,0
19968,6601,20,2,344.16,0
19969,4242,125,2,327.79,0
19970,8766,134,1,378.20,15
19971,8906,155,5,190.98,0
19972,7351,156,4,344.64,15
19973,5880,175,1,372.30,0
19974,2514,175,4,372.30,15
19975,331,179,4,237.43,10
19976,4451,8,2,357.93,0
19977,3434,176,5,367.34,0
19978,3358,65,1,76.41,10
19979,1094,3,4,369.07,0
19980,2386,106,4,66.50,0
19981,6890,160,5,132.63,0
19982,5427,119,5,86.31,0
19983,7403,96,3,264.06,10
19984,6122,220,1,131.34,15
19985,133,277,4,219.37,10
19986,4705,123,4,106.64,5
19987,3113,287,5,257.71,15
19988,2378,300,3,60.59,0
19989,5352,109,2,97.22,10
19990,7520,69,2,156.10,0
19991,279,217,4,395.04,15
19992,6987,17,1,353.82,0
19993,7571,199,4,378.96,5
19994,9024,282,2,381.21,10
19995,8537,278,5,334.45,0
19996,3736,243,3,297.01,5
19997,5170,166,4,314.43,0
19998,1825,217,1,395.04,10
19999,4536,145,5,94.23,5
20000,4089,66,3,206.27,15
20001,723,108,3,261.20,10
20002,1463,295,3,307.36,0
20003,2075,206,4,31.78,0
20004,8749,285,2,258.56,5
20005,167,224,3,8.13,15
20006,5444,79,2,19.52,5
20007,8309,289,1,90.69,0
20008,9233,141,1,53.20,0
20009,4390,249,3,124.21,0
20010,7925,10,4,228.01,5
20011,776,6,1,190.26,10
20012,9446,154,1,343.92,0
20013,1675,117,1,350.39,5
20014,9338,177,2,218.39,0
20015,4568,21,4,299.77,10
20016,3536,174,5,232.35,10
20017,7437,267,5,208.17,10
20018,8608,89,4,285.99,5
20019,3738,203,3,6.30,0
20020,1447,181,2,259.05,10
20021,9416,226,2,348.65,5
20022,4925,170,1,67.45,0
20023,1259,228,4,335.11,0
20024,9465,11,3,176.97,0
20025,6632,168,3,156.48,0
20026,5328,199,2,378.96,5
20027,835,125,1,327.79,10
20028,4006,87,2,84.63,5
20029,5990,123,3,106.64,5
20030,1308,291,2,25.51,10
20031,2676,215,4,252.10,0
20032,5311,100,1,371.65,10
20033,9337,112,3,121.23,0
20034,5762,198,4,116.63,0
20035,8191,213,3,37.84,10
20036,6967,61,1,175.74,0
20037,1896,17,2,353.82,0
20038,4271,176,3,367.34,5
20039,1660,199,3,378.96,10
20040,2697,245,4,310.10,10
20041,462,288,4,66.37,5
20042,9130,250,1,178.43,5
20043,8302,213,1,37.84,0
20044,4413,69,3,156.10,5
20045,1503,167,4,245.05,0
20046,8010,35,1,335.83,0
20047,7982,280,2,319.72,0
20048,9321,51,4,340.30,0
20049,9845,179,1,237.43,15
20050,6415,260,3,294.26,10
20051,7913,208,1,389.11,10
20052,9187,233,4,245.00,0
20053,3986,257,2,63.30,0
20054,7147,223,5,23.99,10
20055,4072,44,2,57.92,0
20056,875,275,4,59.35,10
20057,9964,187,5,234.45,15
20058,4917,286,1,362.28,0
20059,9881,83,1,80.10,0
20060,4187,85,2,114.41,15
20061,3601,11,5,176.97,0
20062,1782,2,4,340.09,0
20063,5540,296,1,93.52,0
20064,6722,56,5,372.10,5
20065,7219,231,4,64.44,15
20066,3751,259,5,201.35,15
20067,9362,234,5,268.61,15
20068,5328,99,4,283.04,0
20069,1292,42,2,309.17,0
20070,7392,124,5,320.32,5
20071,1761,127,1,126.84,0
20072,8310,258,5,171.69,5
20073,9906,147,2,344.67,0
20074,9625,163,5,20.58,0
20075,4261,226,5,348.65,0
20076,6435,272,4,120.04,15
20077,7263,260,2,294.26,0
20078,3663,21,3,299.77,0
20079,7438,8,3,357.93,0
20080,9196,257,2,63.30,10
20081,1513,121,2,251.05,10
20082,4767,152,5,359.63,5
20083,1444,176,2,367.34,5
20084,3140,250,4,178.43,0
20085,941,182,1,183.61,15
20086,6410,27,3,65.87,5
20087,7086,110,1,326.74,15
20088,3592,30,4,190.99,5
20089,7721,172,1,43.91,15
20090,6042,136,3,222.85,0
20091,1875,274,1,53.21,0
20092,3391,66,5,206.27,10
20093,6561,264,1,38.50,15
20094,8003,217,3,395.04,0
20095,5808,293,1,58.98,0
20096,5821,196,5,160.55,0
20097,5614,92,3,50.16,5
20098,5315,16,5,386.04,15
20099,2833,62,2,78.99,0
20100,7581,4,5,296.68,0
20101,2727,125,5,327.79,0
20102,6334,7,1,263.49,0
20103,7216,76,4,297.26,0
20104,883,168,1,156.48,0
20105,2630,273,2,341.96,0
20106,589,16,4,386.04,0
20107,5528,75,5,347.15,5
20108,4620,186,5,146.92,0
20109,5524,156,3,344.64,5
20110,1105,296,2,93.52,0
20111,3840,6,2,190.26,15
20112,1549,230,4,323.29,5
20113,1531,29,4,34.87,0
20114,3151,26,4,122.89,0
20115,6068,98,5,115.13,0
20116,4004,98,2,115.13,10
20117,4680,177,1,218.39,0
20118,5718,71,4,167.32,5
20119,1693,104,4,188.19,5
20120,6926,108,5,261.20,0
20121,1740,64,5,245.58,0
20122,4452,85,5,114.41,0
20123,5434,56,4,372.10,0
20124,3768,58,3,218.95,0
20125,1143,94,5,66.86,5
20126,9110,35,1,335.83,0
20127,7745,68,1,277.33,15
20128,4460,173,2,178.93,0
20129,1469,166,2,314.43,5
20130,9977,263,1,116.93,10
20131,9113,87,1,84.63,15
20132,6343,187,1,234.45,0
20133,4519,277,5,219.37,0
20134,4044,51,2,340.30,10
20135,8028,50,2,311.33,0
20136,1805,196,2,160.55,0
20137,1160,55,2,396.81,5
20138,8212,56,4,372.10,0
20139,266,217,1,395.04,0
20140,5832,82,5,278.93,0
20141,9683,182,3,183.61,0
20142,5497,122,1,222.97,0
20143,7793,29,1,34.87,5
20144,4548,254,1,396.05,0
20145,2748,285,2,258.56,0
20146,7749,261,3,297.20,5
20147,2689,129,2,265.34,5
20148,9829,68,1,277.33,5
20149,8320,207,4,326.57,5
20150,4373,140,4,120.30,0
20151,2140,108,4,261.20,0
20152,6000,256,3,343.78,0
20153,4489,125,4,327.79,15
20154,8020,162,1,270.73,15
20155,5965,268,1,226.31,5
20156,7308,14,5,106.54,5
20157,12,60,4,275.96,15
20158,9439,288,1,66.37,0
20159,8723,259,5,201.35,0
20160,3576,215,4,252.10,15
20161,4109,51,5,340.30,0
20162,7648,82,4,278.93,15
20163,7855,77,1,338.07,0
20164,1743,47,2,202.34,0
20165,7021,188,4,61.43,10
20166,4700,109,2,97.22,10
20167,5370,205,3,150.21,10
20168,1428,175,1,372.30,5
20169,3646,122,3,222.97,0
20170,984,57,1,140.14,5
20171,8615,243,2,297.01,15
20172,1900,170,1,67.45,0
20173,9610,155,5,190.98,5
20174,3091,276,5,342.04,0
20175,2091,9,4,150.86,0
20176,9124,188,3,61.43,5
20177,5218,108,4,261.20,0
20178,6397,265,5,366.02,10
20179,227,229,3,324.76,0
20180,2963,155,3,190.98,0
20181,1639,214,3,163.02,0
20182,7434,133,5,47.71,5
20183,5120,185,2,48.99,10
20184,5256,9,3,150.86,5
20185,2168,106,5,66.50,0
20186,766,187,4,234.45,15
20187,9103,53,5,200.65,10
20188,8914,199,2,378.96,0
20189,8097,149,3,70.07,0
20190,8913,131,3,91.11,0
20191,4348,219,2,30.27,0
20192,9577,161,4,291.83,0
20193,9363,6,3,190.26,10
20194,6895,236,5,383.46,5
20195,7558,45,4,382.91,10
20196,7724,195,4,282.87,0
20197,3589,292,1,136.17,10
20198,983,210,4,211.85,0
20199,9487,290,5,25.70,10
20200,5922,71,4,167.32,15
20201,8353,75,3,347.15,10
20202,8671,190,5,22.53,0
20203,3529,237,1,199.63,5
20204,8908,138,3,331.78,0
20205,522,152,5,359.63,5
20206,6185,17,3,353.82,5
20207,4723,47,4,202.34,0
20208,8281,196,3,160.55,0
20209,8199,269,2,79.59,5
20210,6934,43,4,232.40,0
20211,2718,44,3,57.92,5
20212,2123,82,4,278.93,0
20213,5975,220,5,131.34,15
20214,7054,68,2,277.33,5
20215,9493,62,1,78.99,5
20216,8401,52,2,51.91,5
20217,4196,263,4,116.93,15
20218,3557,223,3,23.99,0
20219,4053,176,4,367.34,15
20220,2155,148,4,119.97,0
20221,5637,5,3,235.25,0
20222,499,187,2,234.45,0
20223,2377,90,3,206.30,15
20224,8199,196,4,160.55,5
20225,959,57,1,140.14,10
20226,8711,178,5,308.38,0
20227,5279,207,5,326.57,0
20228,3435,246,2,62.04,5
20229,173,16,5,386.04,5
20230,2689,64,2,245.58,0
20231,3190,85,2,114.41,0
20232,4007,75,2,347.15,10
20233,8048,44,1,57.92,0
20234,4226,265,5,366.02,0
20235,4825,227,4,303.25,10
20236,6404,68,4,277.33,5
20237,3404,101,5,167.15,0
20238,2548,92,1,50.16,0
20239,6165,68,4,277.33,15
20240,1923,135,4,387.74,10
20241,9484,126,3,68.11,0
20242,4178,95,2,69.49,0
20243,6853,176,2,367.34,5
20244,8234,39,3,49.89,0
20245,5712,75,1,347.15,5
20246,9241,203,5,6.30,15
20247,5105,221,5,33.76,0
20248,1312,90,4,206.30,15
20249,6446,180,2,323.47,5
20250,3146,107,3,65.37,0
20251,7192,234,1,268.61,5
20252,8745,196,2,160.55,0
20253,1748,116,2,368.79,15
20254,6479,146,3,44.01,5
20255,849,81,3,191.34,0
20256,3955,125,5,327.79,0
20257,8185,96,4,264.06,15
20258,1783,98,1,115.13,0
20259,8441,53,2,200.65,0
20260,5975,275,2,59.35,0
20261,2597,109,4,97.22,10
20262,1434,71,4,167.32,5
20263,2045,203,3,6.30,0
20264,1687,259,5,201.35,0
20265,459,191,5,226.42,0
20266,3160,227,2,303.25,15
20267,9197,274,5,53.21,0
20268,596,134,5,378.20,15
20269,5789,199,4,378.96,15
20270,4795,129,2,265.34,0
20271,1056,273,5,341.96,0
20272,9080,123,4,106.64,0
20273,6758,75,2,347.15,10
20274,6388,87,3,84.63,0
20275,7119,266,1,7.51,5
20276,145,41,4,89.26,10
20277,1741,249,5,124.21,0
20278,1964,17,4,353.82,5
20279,5804,237,5,199.63,10
20280,385,81,5,191.34,0
20281,2684,9,1,150.86,0
20282,4517,243,3,297.01,15
20283,446,43,2,232.40,0
20284,7736,300,2,60.59,5
20285,2743,168,5,156.48,15
20286,4573,81,4,191.34,5
20287,8497,287,1,257.71,5
20288,2509,113,5,75.33,0
20289,2989,193,4,85.60,0
20290,7229,266,3,7.51,15
20291,1587,189,2,299.32,15
20292,4473,23,2,393.39,0
20293,6687,151,1,214.50,0
20294,2596,228,3,335.11,5
20295,3784,175,1,372.30,0
20296,7866,240,3,117.00,5
20297,428,263,4,116.93,5
20298,7823,216,1,301.09,15
20299,544,174,3,232.35,0
20300,5919,76,2,297.26,0
20301,1025,107,5,65.37,5
20302,413,35,4,335.83,5
20303,7822,44,3,57.92,5
20304,8685,196,4,160.55,0
20305,6034,197,3,208.34,5
20306,2834,299,2,277.33,0
20307,3620,48,5,72.09,15
20308,8243,259,3,201.35,0
20309,7134,63,2,199.37,0
20310,8436,126,5,68.11,0
20311,6864,132,2,356.02,15
20312,6274,215,1,252.10,0
20313,9776,219,2,30.27,15
20314,2546,53,3,200.65,0
20315,9428,189,4,299.32,0
20316,8840,268,4,226.31,0
20317,7980,201,5,68.26,0
20318,940,118,4,351.34,10
20319,1803,54,3,316.28,15
20320,1438,190,3,22.53,5
20321,9095,160,3,132.63,0
20322,2016,285,4,258.56,0
20323,2459,219,3,30.27,0
20324,6208,173,2,178.93,10
20325,4892,7,1,263.49,0
20326,2621,190,4,22.53,15
20327,9374,169,4,65.85,15
20328,3221,164,5,395.54,0
20329,6903,32,3,318.14,0
20330,2500,258,4,171.69,0
20331,3391,74,5,224.24,15
20332,1357,86,1,365.04,5
20333,5389,285,2,258.56,0
20334,7696,82,3,278.93,0
20335,4089,292,2,136.17,10
20336,543,164,3,395.54,10
20337,3560,265,1,366.02,15
20338,5343,163,2,20.58,5
20339,1978,261,3,297.20,0
20340,3440,2,4,340.09,0
20341,9495,26,1,122.89,5
20342,8168,128,1,220.39,0
20343,5696,215,4,252.10,0
20344,5965,227,1,303.25,0
20345,8587,38,5,200.72,10
20346,7240,186,4,146.92,0
20347,5405,247,3,202.30,15
20348,3397,230,4,323.29,0
20349,7008,79,5,19.52,0
20350,482,155,4,190.98,5
20351,3246,224,3,8.13,0
20352,7623,47,3,202.34,10
20353,8542,55,5,396.81,0
20354,9859,51,4,340.30,0
20355,2483,50,4,311.33,0
20356,3316,175,5,372.30,0
20357,2483,147,5,344.67,0
20358,8733,108,3,261.20,15
20359,4897,217,1,395.04,10
20360,5792,50,2,311.33,10
20361,6105,232,1,182.33,0
20362,3002,25,5,157.60,5
20363,5895,289,4,90.69,0
20364,4321,160,2,132.63,10
20365,6286,141,3,53.20,0
20366,5311,217,4,395.04,0
20367,6410,157,5,87.60,0
20368,4933,108,1,261.20,10
20369,9557,215,5,252.10,10
20370,805,92,3,50.16,0
20371,3861,206,1,31.78,10
20372,7348,30,2,190.99,0
20373,8200,46,3,252.91,10
20374,9157,72,1,370.40,0
20375,7603,52,3,51.91,10
20376,6966,64,3,245.58,0
20377,1409,113,4,75.33,15
20378,9168,229,5,324.76,0
20379,187,196,4,160.55,0
20380,3570,294,1,200.35,10
20381,4787,278,4,334.45,15
20382,6924,97,3,234.59,0
20383,7070,155,4,190.98,10
20384,5200,40,2,226.87,0
20385,37,275,1,59.35,0
20386,5508,45,1,382.91,15
20387,3831,15,3,254.29,0
20388,2923,266,3,7.51,0
20389,9709,138,5,331.78,5
20390,8525,1,5,281.65,15
20391,8381,95,3,69.49,0
20392,700,94,1,66.86,0
20393,3091,196,1,160.55,0
20394,3312,29,2,34.87,0
20395,8685,158,4,214.14,0
20396,1157,207,5,326.57,0
20397,955,261,5,297.20,15
20398,2531,24,5,74.40,10
20399,1876,220,4,131.34,10
20400,1138,25,2,157.60,0
20401,4051,133,5,47.71,0
20402,8896,144,2,321.56,0
20403,8896,222,5,345.59,15
20404,9318,47,2,202.34,0
20405,8471,247,4,202.30,0
20406,9444,190,3,22.53,0
20407,8849,124,3,320.32,0
20408,5767,70,2,315.23,5
20409,4163,80,5,392.68,5
20410,4860,153,3,174.41,15
20411,296,232,3,182.33,10
20412,4273,201,4,68.26,5
20413,6033,283,5,390.13,0
20414,373,105,2,338.11,15
20415,9271,228,3,335.11,0
20416,1598,21,5,299.77,0
20417,8245,182,5,183.61,10
20418,19,290,2,25.70,5
20419,4087,293,5,58.98,15
20420,3700,151,3,214.50,15
20421,6436,164,5,395.54,5
20422,4066,48,2,72.09,0
20423,6638,40,5,226.87,0
20424,3057,287,1,257.71,5
20425,6395,222,5,345.59,15
20426,3298,148,5,119.97,0
20427,3203,104,4,188.19,0
20428,1406,229,4,324.76,5
20429,6187,258,5,171.69,5
20430,7876,157,5,87.60,15
20431,616,100,2,371.65,15
20432,3880,276,2,342.04,0
20433,8330,218,2,385.74,0
20434,8459,223,4,23.99,15
20435,9630,1,2,281.65,0
20436,5180,153,1,174.41,0
20437,127,279,1,313.02,0
20438,6757,290,1,25.70,0
20439,9288,104,4,188.19,15
20440,934,199,4,378.96,5
20441,7977,110,5,326.74,0
20442,5758,11,3,176.97,0
20443,3663,92,3,50.16,5
20444,4852,271,2,327.62,0
20445,3441,190,5,22.53,0
20446,6039,85,1,114.41,0
20447,6383,40,2,226.87,10
20448,6312,30,5,190.99,10
20449,9041,212,2,324.30,0
20450,7222,70,3,315.23,5
20451,5129,288,3,66.37,0
20452,2278,286,3,362.28,0
20453,1314,271,3,327.62,15
20454,5571,151,5,214.50,5
20455,654,42,4,309.17,0
20456,3243,155,3,190.98,10
20457,8696,250,5,178.43,5
20458,931,69,4,156.10,5
20459,2988,146,2,44.01,0
20460,2525,190,2,22.53,10
20461,4815,55,2,396.81,15
20462,5577,245,1,310.10,0
20463,8832,70,2,315.23,5
20464,4433,130,3,200.63,10
20465,1469,295,1,307.36,0
20466,4638,233,4,245.00,15
20467,9740,104,3,188.19,10
20468,318,104,3,188.19,0
20469,5523,253,5,286.72,15
20470,2277,270,4,246.69,0
20471,6080,51,4,340.30,0
20472,5107,93,4,28.93,5
20473,2130,242,1,67.91,0
20474,1369,104,3,188.19,10
20475,1735,297,4,30.06,10
20476,9574,174,2,232.35,10
20477,4379,220,4,131.34,0
20478,4444,213,2,37.84,10
20479,1230,283,4,390.13,15
20480,4118,41,5,89.26,0
20481,8402,299,3,277.33,0
20482,6490,259,1,201.35,0
20483,4736,218,3,385.74,10
20484,6251,49,4,123.44,10
20485,2735,250,2,178.43,0
20486,3241,222,5,345.59,5
20487,9729,170,3,67.45,0
20488,4991,30,3,190.99,15
20489,6674,173,5,178.93,0
20490,3751,225,5,338.57,0
20491,966,185,5,48.99,10
20492,2648,91,1,371.67,0
20493,9881,271,3,327.62,15
20494,6064,293,3,58.98,0
20495,3505,223,3,23.99,10
20496,3267,52,1,51.91,5
20497,2908,21,3,299.77,0
20498,304,47,3,202.34,0
20499,8286,114,2,156.49,0
20500,8208,2,5,340.09,15
20501,5909,6,5,190.26,15
20502,6837,277,5,219.37,15
20503,9841,290,5,25.70,0
20504,3781,260,5,294.26,15
20505,4981,244,4,146.67,0
20506,9705,118,5,351.34,10
20507,3531,232,2,182.33,15
20508,4391,167,5,245.05,0
20509,2491,294,5,200.35,5
20510,4011,176,4,367.34,15
20511,9859,102,3,102.20,0
20512,5347,204,4,197.94,0
20513,3401,42,5,309.17,5
20514,873,279,4,313.02,15
20515,3863,226,1,348.65,10
20516,9898,186,3,146.92,5
20517,8781,156,3,344.64,15
20518,1343,196,1,160.55,5
20519,2650,207,2,326.57,10
20520,1248,59,5,213.06,0
20521,5683,293,2,58.98,15
20522,9796,257,4,63.30,0
20523,1380,247,5,202.30,15
20524,2227,271,2,327.62,0
20525,8544,150,5,181.60,0
20526,3319,41,2,89.26,0
20527,163,298,2,253.90,5
20528,3457,182,1,183.61,15
20529,9544,33,1,330.23,15
20530,4707,67,1,134.74,10
20531,9871,8,5,357.93,0
20532,3633,239,2,320.95,10
20533,4987,188,5,61.43,0
20534,5954,31,4,136.27,0
20535,4918,173,5,178.93,10
20536,685,47,4,202.34,0
20537,420,69,1,156.10,0
20538,9406,29,2,34.87,15
20539,8667,13,5,97.73,15
20540,7864,282,1,381.21,0
20541,9374,40,3,226.87,0
20542,1495,74,5,224.24,15
20543,9827,298,3,253.90,5
20544,6342,110,4,326.74,0
20545,9028,172,3,43.91,0
20546,2829,25,4,157.60,10
20547,9081,253,2,286.72,0
20548,2511,143,4,374.36,0
20549,2003,48,5,72.09,0
20550,4288,190,1,22.53,5
20551,103,111,5,225.30,0
20552,6125,166,2,314.43,10
20553,3060,165,3,273.91,0
20554,7360,37,5,258.60,0
20555,4347,211,4,323.51,0
20556,5448,18,2,318.44,0
20557,184,191,5,226.42,0
20558,5635,53,3,200.65,15
20559,4192,201,1,68.26,0
20560,6952,216,1,301.09,10
20561,841,100,1,371.65,5
20562,5981,38,1,200.72,0
20563,305,295,4,307.36,0
20564,1754,218,3,385.74,10
20565,6943,270,1,246.69,10
20566,7906,57,1,140.14,0
20567,8814,214,5,163.02,5
20568,6135,46,3,252.91,15
20569,2044,92,2,50.16,0
20570,971,254,4,396.05,0
20571,9377,245,5,310.10,5
20572,825,252,3,24.03,0
20573,3270,194,5,212.39,0
20574,7953,185,2,48.99,0
20575,6725,109,4,97.22,0
20576,9292,82,4,278.93,10
20577,6464,209,1,188.28,0
20578,119,271,1,327.62,0
20579,2549,95,2,69.49,0
20580,5255,178,3,308.38,5
20581,8986,203,4,6.30,5
20582,8447,1,1,281.65,10
20583,36,112,3,121.23,0
20584,1121,271,2,327.62,0
20585,8897,122,4,222.97,5
20586,3856,19,2,20.40,0
20587,3198,71,1,167.32,5
20588,1504,181,5,259.05,0
20589,6688,236,3,383.46,0
20590,3216,122,2,222.97,5
20591,4149,48,2,72.09,0
20592,2892,182,4,183.61,15
20593,6785,77,5,338.07,10
20594,8669,208,3,389.11,0
20595,7208,56,3,372.10,5
20596,8486,95,4,69.49,5
20597,2217,169,1,65.85,10
20598,1809,256,3,343.78,0
20599,7752,238,2,200.57,15
20600,9618,15,3,254.29,0
20601,2015,170,4,67.45,0
20602,1848,186,4,146.92,0
20603,9137,283,5,390.13,10
20604,2639,129,3,265.34,0
20605,7409,128,5,220.39,0
20606,7255,39,2,49.89,15
20607,8536,120,1,388.54,0
20608,9142,86,3,365.04,5
20609,8220,47,4,202.34,10
20610,3293,164,1,395.54,0
20611,1134,115,1,353.64,5
20612,4958,142,2,249.44,15
20613,6231,187,2,234.45,15
20614,3815,55,2,396.81,15
20615,2379,57,4,140.14,0
20616,7804,164,1,395.54,15
20617,1002,80,1,392.68,5
20618,4393,4,5,296.68,15
20619,994,108,2,261.20,15
20620,1702,27,2,65.87,0
20621,5053,290,4,25.70,0
20622,5678,177,1,218.39,15
20623,3181,5,5,235.25,0
20624,5652,134,3,378.20,0
20625,4433,199,4,378.96,0
20626,7141,80,2,392.68,15
20627,920,267,3,208.17,15
20628,1209,103,1,252.38,0
20629,2791,79,5,19.52,0
20630,2919,54,4,316.28,0
20631,4391,255,3,339.07,0
20632,6667,36,2,229.35,15
20633,9960,70,5,315.23,15
20634,2756,38,2,200.72,0
20635,5756,27,3,65.87,5
20636,399,233,3,245.00,15
20637,2268,4,5,296.68,0
20638,4567,92,2,50.16,0
20639,1249,294,5,200.35,10
20640,4696,172,4,43.91,5
20641,4448,266,4,7.51,5
20642,5331,67,1,134.74,15
20643,3855,196,3,160.55,0
20644,2470,237,4,199.63,0
20645,3468,141,3,53.20,0
20646,6314,214,5,163.02,0
20647,1031,101,3,167.15,15
20648,5512,141,4,53.20,0
20649,4017,98,3,115.13,0
20650,899,118,3,351.34,0
20651,184,294,5,200.35,0
20652,9941,189,5,299.32,0
20653,8368,164,1,395.54,15
20654,6401,134,2,378.20,0
20655,8528,90,4,206.30,0
20656,1918,232,1,182.33,5
20657,7566,238,2,200.57,0
20658,1899,188,4,61.43,0
20659,4782,142,1,249.44,10
20660,1220,178,2,308.38,10
20661,8776,165,3,273.91,5
20662,4797,54,3,316.28,5
20663,6169,295,3,307.36,0
20664,9052,287,3,257.71,0
20665,6900,118,2,351.34,0
20666,2062,46,5,252.91,0
20667,5049,225,4,338.57,5
20668,7597,94,5,66.86,0
20669,5906,32,5,318.14,10
20670,9922,242,3,67.91,0
20671,9160,152,1,359.63,10
20672,6276,59,5,213.06,0
20673,1699,290,4,25.70,0
20674,1860,129,2,265.34,5
20675,957,238,2,200.57,0
20676,7486,55,4,396.81,0
20677,5386,87,5,84.63,10
20678,211,43,3,232.40,15
20679,1533,116,2,368.79,5
20680,7045,205,1,150.21,5
20681,5347,218,5,385.74,5
20682,1167,153,5,174.41,5
20683,5198,45,2,382.91,0
20684,8633,287,2,257.71,0
20685,8678,63,2,199.37,0
20686,1576,41,3,89.26,5
20687,2063,244,4,146.67,5
20688,5371,216,3,301.09,10
20689,7635,242,1,67.91,10
20690,1823,33,3,330.23,10
20691,2554,22,5,193.70,15
20692,1477,20,2,344.16,15
20693,9127,247,3,202.30,15
20694,2353,1,3,281.65,10
20695,2918,176,1,367.34,15
20696,7310,276,4,342.04,0
20697,2660,113,2,75.33,15
20698,3673,294,2,200.35,0
20699,9532,282,4,381.21,15
20700,429,272,3,120.04,0
20701,3329,40,1,226.87,5
20702,1293,160,2,132.63,0
20703,1412,27,4,65.87,0
20704,2346,87,3,84.63,15
20705,3100,259,3,201.35,5
20706,7634,114,3,156.49,15
20707,9113,106,1,66.50,0
20708,6205,7,1,263.49,10
20709,5740,46,2,252.91,0
20710,3392,6,2,190.26,0
20711,8406,218,1,385.74,10
20712,1533,61,4,175.74,0
20713,5486,17,4,353.82,10
20714,6790,130,1,200.63,0
20715,5697,269,4,79.59,15
20716,1465,27,5,65.87,15
20717,6510,84,4,124.05,15
20718,9726,275,5,59.35,0
20719,7207,300,5,60.59,0
20720,1779,298,2,253.90,0
20721,7162,156,3,344.64,15
20722,4749,47,5,202.34,0
20723,6145,107,3,65.37,5
20724,725,152,2,359.63,0
20725,9076,133,5,47.71,15
20726,9731,31,2,136.27,5
20727,7678,67,1,134.74,10
20728,3389,62,4,78.99,0
20729,9467,239,4,320.95,15
20730,2683,11,2,176.97,0
20731,9013,260,5,294.26,10
20732,3681,113,5,75.33,0
20733,3852,240,1,117.00,0
20734,5037,31,3,136.27,0
20735,9174,114,4,156.49,0
20736,6177,272,5,120.04,5
20737,1410,99,5,283.04,0
20738,8288,196,2,160.55,0
20739,6131,52,1,51.91,0
20740,6003,243,1,297.01,0
20741,725,60,4,275.96,5
20742,4917,107,3,65.37,0
20743,2529,292,2,136.17,5
20744,7252,177,4,218.39,0
20745,8246,116,2,368.79,5
20746,7345,222,3,345.59,10
20747,4882,135,4,387.74,0
20748,5905,4,2,296.68,0
20749,1063,135,2,387.74,0
20750,2847,258,1,171.69,5
20751,11,289,1,90.69,10
20752,7111,224,2,8.13,0
20753,9717,289,4,90.69,10
20754,7879,115,3,353.64,15
20755,4597,295,5,307.36,10
20756,1597,111,4,225.30,0
20757,9081,217,1,395.04,10
20758,8660,291,1,25.51,0
20759,7748,264,1,38.50,0
20760,282,152,1,359.63,10
20761,2868,162,2,270.73,0
20762,2340,56,3,372.10,0
20763,5378,62,3,78.99,5
20764,7226,39,5,49.89,0
20765,6599,62,3,78.99,0
20766,6023,18,5,318.44,0
20767,7663,109,3,97.22,0
20768,5829,118,2,351.34,0
20769,9300,252,3,24.03,0
20770,509,51,2,340.30,10
20771,2695,122,2,222.97,5
20772,2010,57,4,140.14,10
20773,112,230,2,323.29,0
20774,4907,89,4,285.99,15
20775,4119,16,5,386.04,5
20776,254,292,4,136.17,0
20777,57,37,1,258.60,0
20778,6683,42,4,309.17,0
20779,5546,78,4,33.23,0
20780,5371,266,3,7.51,0
20781,267,52,1,51.91,0
20782,4201,170,3,67.45,0
20783,28,90,5,206.30,5
20784,6908,226,1,348.65,0
20785,1323,205,1,150.21,15
20786,2824,225,4,338.57,5
20787,2608,90,5,206.30,0
20788,8985,131,5,91.11,0
20789,3368,262,5,265.12,0
20790,4929,42,3,309.17,5
20791,2922,133,2,47.71,5
20792,9372,18,5,318.44,15
20793,1993,103,1,252.38,0
20794,9322,258,3,171.69,5
20795,4084,131,2,91.11,0
20796,8051,65,5,76.41,0
20797,3673,58,2,218.95,0
20798,1930,185,3,48.99,0
20799,8681,73,4,222.38,0
20800,3117,184,4,200.81,15
20801,9811,60,1,275.96,10
20802,391,127,5,126.84,5
20803,4559,4,1,296.68,5
20804,1104,140,5,120.30,5
20805,4721,209,2,188.28,0
20806,2814,261,3,297.20,0
20807,7657,248,3,149.84,15
20808,9512,25,2,157.60,0
20809,5633,279,5,313.02,0
20810,873,185,3,48.99,5
20811,6313,43,4,232.40,0
20812,5003,105,3,338.11,10
20813,7634,148,3,119.97,15
20814,2178,230,1,323.29,5
20815,4058,118,5,351.34,10
20816,8235,198,2,116.63,10
20817,4012,127,3,126.84,15
20818,5058,170,4,67.45,15
20819,6505,1,4,281.65,15
20820,7916,91,3,371.67,0
20821,3356,297,4,30.06,5
20822,8864,106,3,66.50,15
20823,6067,203,1,6.30,10
20824,2062,238,5,200.57,10
20825,7059,209,5,188.28,5
20826,481,220,2,131.34,0
20827,8980,213,3,37.84,0
20828,9429,70,3,315.23,0
20829,5487,139,1,321.64,0
20830,5649,289,3,90.69,0
20831,3644,238,5,200.57,0
20832,6755,250,3,178.43,0
20833,4585,99,4,283.04,0
20834,7896,283,3,390.13,5
20835,1338,51,2,340.30,15
20836,1967,4,1,296.68,0
20837,1287,139,5,321.64,5
20838,6441,17,5,353.82,0
20839,7090,131,2,91.11,0
20840,6714,42,4,309.17,0
20841,2116,1,5,281.65,10
20842,8091,174,1,232.35,15
20843,5848,296,3,93.52,0
20844,2669,160,3,132.63,0
20845,9822,64,3,245.58,0
20846,9377,272,1,120.04,5
20847,2963,138,5,331.78,10
20848,5090,255,1,339.07,0
20849,9520,85,4,114.41,0
20850,6443,194,5,212.39,15
20851,9330,288,4,66.37,0
20852,2051,84,1,124.05,0
20853,8242,147,4,344.67,10
20854,2682,60,3,275.96,15
20855,1686,246,2,62.04,0
20856,6028,189,4,299.32,0
20857,9018,209,1,188.28,0
20858,3125,202,5,268.66,10
20859,9564,128,4,220.39,10
20860,9032,249,5,124.21,15
20861,4472,178,3,308.38,5
20862,3314,139,5,321.64,15
20863,8834,9,1,150.86,0
20864,846,31,4,136.27,5
20865,1694,215,3,252.10,0
20866,574,99,3,283.04,0
20867,3897,32,4,318.14,10
20868,1809,191,1,226.42,0
20869,6618,211,4,323.51,15
20870,9779,179,3,237.43,0
20871,299,251,1,113.15,0
20872,2690,266,2,7.51,10
20873,8650,290,4,25.70,15
20874,6156,55,4,396.81,5
20875,4615,239,3,320.95,5
20876,4390,45,1,382.91,0
20877,3932,273,3,341.96,0
20878,3695,224,2,8.13,10
20879,2826,186,5,146.92,5
20880,551,229,4,324.76,0
20881,9221,126,3,68.11,0
20882,7617,181,4,259.05,0
20883,1656,23,3,393.39,0
20884,8820,104,3,188.19,0
20885,7208,260,2,294.26,5
20886,5870,295,4,307.36,5
20887,8899,154,1,343.92,15
20888,2736,8,3,357.93,0
20889,875,261,5,297.20,5
20890,8215,21,1,299.77,0
20891,1439,48,3,72.09,15
20892,5489,209,2,188.28,0
20893,7239,57,1,140.14,10
20894,1291,160,2,132.63,0
20895,6680,30,5,190.99,5
20896,3555,247,2,202.30,5
20897,7196,42,2,309.17,0
20898,5881,289,3,90.69,0
20899,117,10,3,228.01,0
20900,5780,233,3,245.00,10
20901,6577,212,4,324.30,5
20902,4933,210,1,211.85,10
20903,9859,288,4,66.37,0
20904,1544,155,2,190.98,0
20905,1374,149,4,70.07,0
20906,4183,125,4,327.79,0
20907,605,56,4,372.10,10
20908,260,244,5,146.67,10
20909,3251,288,2,66.37,15
20910,1322,255,5,339.07,10
20911,3864,190,4,22.53,10
20912,1480,196,2,160.55,5
20913,9495,274,5,53.21,15
20914,9247,128,4,220.39,15
20915,9902,287,2,257.71,0
20916,7746,90,4,206.30,10
20917,7094,16,5,386.04,5
20918,7570,190,5,22.53,0
20919,8030,300,5,60.59,0
20920,4195,242,1,67.91,10
20921,4364,9,5,150.86,15
20922,2028,231,4,64.44,5
20923,2138,210,1,211.85,0
20924,8958,271,4,327.62,5
20925,9894,7,5,263.49,5
20926,3937,257,5,63.30,5
20927,4623,182,2,183.61,0
20928,3067,194,4,212.39,0
20929,9714,245,3,310.10,15
20930,1187,135,2,387.74,15
20931,6435,233,5,245.00,0
20932,9986,27,3,65.87,0
20933,6886,218,1,385.74,0
20934,6014,109,4,97.22,10
20935,6277,77,4,338.07,5
20936,8225,189,1,299.32,0
20937,9585,299,4,277.33,0
20938,8740,246,3,62.04,0
20939,6761,196,4,160.55,15
20940,643,246,4,62.04,5
20941,6675,156,2,344.64,0
20942,5037,147,1,344.67,0
20943,3517,299,3,277.33,0
20944,909,81,3,191.34,0
20945,5145,113,1,75.33,0
20946,3242,41,4,89.26,0
20947,5336,225,3,338.57,15
20948,7871,192,3,90.00,15
20949,3838,255,5,339.07,0
20950,7000,103,1,252.38,0
20951,6143,272,1,120.04,5
20952,4798,156,2,344.64,0
20953,1726,173,5,178.93,0
20954,1697,150,5,181.60,0
20955,179,17,4,353.82,0
20956,8059,105,5,338.11,0
20957,8800,20,1,344.16,0
20958,7353,250,5,178.43,0
20959,6173,57,1,140.14,15
20960,4191,58,5,218.95,0
20961,5426,296,1,93.52,0
20962,4753,74,5,224.24,15
20963,272,236,5,383.46,0
20964,9797,61,1,175.74,5
20965,7233,195,4,282.87,0
20966,3650,46,4,252.91,0
20967,2725,28,1,82.43,0
20968,9314,283,5,390.13,0
20969,8723,94,2,66.86,10
20970,2977,102,1,102.20,15
20971,7890,180,3,323.47,0
20972,5566,272,3,120.04,5
20973,7295,228,1,335.11,5
20974,4111,132,5,356.02,5
20975,9953,22,2,193.70,0
20976,8082,30,3,190.99,15
20977,3957,39,5,49.89,0
20978,3092,94,2,66.86,0
20979,5064,259,4,201.35,15
20980,4482,120,5,388.54,0
20981,5132,39,1,49.89,0
20982,7016,80,4,392.68,0
20983,5173,205,4,150.21,15
20984,1057,39,3,49.89,10
20985,5281,29,1,34.87,0
20986,2226,178,3,308.38,10
20987,5984,32,2,318.14,15
20988,9621,279,5,313.02,10
20989,2317,82,2,278.93,15
20990,5246,290,2,25.70,0
20991,4008,155,2,190.98,15
20992,7851,201,3,68.26,0
20993,9626,226,3,348.65,5
20994,9106,93,3,28.93,0
20995,8574,98,3,115.13,0
20996,7692,260,4,294.26,15
20997,5246,227,3,303.25,10
20998,1748,95,1,69.49,15
20999,9202,177,2,218.39,5
21000,5780,215,3,252.10,15
21001,8404,74,5,224.24,10
21002,1643,263,4,116.93,0
21003,3646,227,5,303.25,0
21004,9177,91,3,371.67,15
21005,8018,8,4,357.93,0
21006,8895,285,2,258.56,0
21007,9906,231,1,64.44,15
21008,4195,204,3,197.94,0
21009,6625,268,4,226.31,0
21010,7430,76,3,297.26,0
21011,5158,286,2,362.28,10
21012,1633,16,1,386.04,0
21013,4103,136,2,222.85,15
21014,5106,239,4,320.95,0
21015,2751,272,4,120.04,0
21016,3494,282,5,381.21,5
21017,3985,267,1,208.17,0
21018,1197,95,3,69.49,0
21019,89,108,1,261.20,0
21020,5643,257,3,63.30,15
21021,7702,254,4,396.05,0
21022,7344,284,2,111.58,5
21023,1629,203,4,6.30,0
21024,1286,192,3,90.00,15
21025,1019,103,1,252.38,0
21026,2119,266,5,7.51,5
21027,4554,270,3,246.69,0
21028,2853,218,1,385.74,0
21029,5574,80,1,392.68,0
21030,5513,71,2,167.32,10
21031,5467,93,4,28.93,0
21032,8586,190,3,22.53,10
21033,1796,253,2,286.72,15
21034,4630,233,4,245.00,0
21035,9857,14,5,106.54,5
21036,9487,299,2,277.33,0
21037,2445,239,5,320.95,0
21038,1067,202,3,268.66,5
21039,4442,206,3,31.78,10
21040,5002,159,3,217.33,15
21041,2031,160,4,132.63,0
21042,479,89,4,285.99,15
21043,2656,85,2,114.41,10
21044,9295,254,3,396.05,5
21045,1870,63,2,199.37,10
21046,153,47,4,202.34,0
21047,323,163,5,20.58,0
21048,6668,257,4,63.30,5
21049,9794,94,3,66.86,15
21050,315,230,3,323.29,5
21051,7013,289,2,90.69,0
21052,5212,73,2,222.38,5
21053,4335,125,2,327.79,0
21054,3377,259,1,201.35,0
21055,7014,6,5,190.26,15
21056,8004,40,5,226.87,5
21057,1761,260,4,294.26,10
21058,7892,117,2,350.39,15
21059,479,226,3,348.65,0
21060,1053,246,4,62.04,15
21061,4454,237,4,199.63,5
21062,9032,257,1,63.30,0
21063,4523,164,5,395.54,0
21064,4411,144,1,321.56,5
21065,1522,215,3,252.10,5
21066,8855,268,3,226.31,0
21067,2918,128,2,220.39,0
21068,1948,94,2,66.86,0
21069,9640,58,4,218.95,0
21070,1470,290,3,25.70,0
21071,8888,187,1,234.45,5
21072,8453,206,5,31.78,5
21073,1762,98,3,115.13,0
21074,3035,178,2,308.38,0
21075,23,102,2,102.20,5
21076,8459,229,3,324.76,0
21077,3860,57,1,140.14,0
21078,3509,250,5,178.43,10
21079,9632,145,1,94.23,5
21080,6353,104,2,188.19,10
21081,170,125,3,327.79,10
21082,6432,96,1,264.06,5
21083,3602,267,4,208.17,0
21084,2892,90,2,206.30,0
21085,8039,216,5,301.09,10
21086,8486,84,2,124.05,10
21087,1286,229,5,324.76,15
21088,8413,250,1,178.43,5
21089,5726,24,1,74.40,10
21090,1312,110,3,326.74,0
21091,5258,289,2,90.69,5
21092,9988,29,1,34.87,0
21093,423,40,1,226.87,15
21094,1832,169,5,65.85,10
21095,6633,88,3,42.74,10
21096,4152,203,1,6.30,0
21097,7428,201,1,68.26,0
21098,1095,75,1,347.15,10
21099,7113,147,5,344.67,15
21100,6780,77,1,338.07,0
21101,2933,142,3,249.44,0
21102,1539,2,3,340.09,0
21103,9848,177,3,218.39,0
21104,9282,41,2,89.26,0
21105,5323,130,5,200.63,0
21106,3544,203,1,6.30,0
21107,2493,16,2,386.04,0
21108,5041,30,3,190.99,15
21109,5185,242,1,67.91,15
21110,4158,68,4,277.33,15
21111,9868,8,4,357.93,0
21112,1192,32,4,318.14,0
21113,8541,30,5,190.99,0
21114,6680,177,4,218.39,0
21115,3552,246,1,62.04,10
21116,6160,224,4,8.13,0
21117,3778,109,5,97.22,0
21118,2340,101,5,167.15,0
21119,5267,20,1,344.16,10
21120,2364,135,2,387.74,0
21121,7246,275,4,59.35,10
21122,8963,193,5,85.60,0
21123,7827,248,4,149.84,15
21124,7976,200,2,67.84,15
21125,7523,10,1,228.01,5
21126,9624,287,4,257.71,0
21127,6617,107,4,65.37,10
21128,621,70,1,315.23,0
21129,539,169,5,65.85,10
21130,9301,240,4,117.00,15
21131,1319,174,4,232.35,10
21132,2608,54,1,316.28,15
21133,6560,280,5,319.72,0
21134,5769,266,3,7.51,0
21135,1429,78,1,33.23,0
21136,3458,161,2,291.83,5
21137,8438,36,1,229.35,15
21138,1226,166,4,314.43,5
21139,3548,260,2,294.26,0
21140,6719,79,4,19.52,0
21141,1891,262,1,265.12,0
21142,3649,72,3,370.40,15
21143,8080,221,5,33.76,0
21144,6791,61,2,175.74,15
21145,1780,91,2,371.67,0
21146,5761,255,2,339.07,0
21147,2164,178,5,308.38,5
21148,1453,221,2,33.76,15
21149,6959,263,4,116.93,15
21150,1783,20,2,344.16,0
21151,4034,125,3,327.79,0
21152,149,26,4,122.89,5
21153,1765,93,5,28.93,10
21154,4776,236,4,383.46,5
21155,1877,231,2,64.44,10
21156,2635,192,4,90.00,15
21157,9400,229,3,324.76,0
21158,306,75,4,347.15,5
21159,8405,98,5,115.13,10
21160,508,51,4,340.30,5
21161,8798,6,2,190.26,0
21162,7102,219,2,30.27,15
21163,8783,284,2,111.58,10
21164,2666,137,5,288.60,0
21165,515,134,5,378.20,5
21166,4684,275,4,59.35,15
21167,7002,87,4,84.63,0
21168,2792,31,1,136.27,0
21169,6480,213,1,37.84,15
21170,9712,130,5,200.63,5
21171,8654,272,2,120.04,15
21172,5076,59,1,213.06,0
21173,261,44,2,57.92,15
21174,6521,185,1,48.99,0
21175,6396,83,4,80.10,0
21176,2967,51,1,340.30,0
21177,517,219,3,30.27,15
21178,3871,266,5,7.51,15
21179,9097,146,5,44.01,15
21180,4259,123,5,106.64,15
21181,2880,22,4,193.70,5
21182,6307,173,3,178.93,10
21183,7945,189,2,299.32,0
21184,7857,121,1,251.05,0
21185,1686,121,1,251.05,0
21186,6150,200,1,67.84,0
21187,2061,166,4,314.43,10
21188,1813,51,1,340.30,0
21189,9613,8,5,357.93,0
21190,2098,72,3,370.40,15
21191,8545,226,3,348.65,0
21192,2461,300,4,60.59,15
21193,7057,56,2,372.10,0
21194,5156,52,3,51.91,15
21195,2512,88,3,42.74,0
21196,1593,189,3,299.32,10
21197,1806,94,2,66.86,0
21198,2096,260,5,294.26,0
21199,733,32,5,318.14,15
21200,4315,254,5,396.05,10
21201,3104,88,3,42.74,10
21202,6120,266,2,7.51,0
21203,8771,129,4,265.34,0
21204,4900,130,3,200.63,0
21205,5162,142,4,249.44,10
21206,2600,161,4,291.83,0
21207,4637,96,4,264.06,5
21208,4704,178,5,308.38,0
21209,293,235,4,43.63,5
21210,1111,248,3,149.84,15
21211,813,196,2,160.55,0
21212,5510,61,5,175.74,0
21213,6423,181,5,259.05,15
21214,1865,70,2,315.23,5
21215,7992,251,5,113.15,0
21216,7789,297,2,30.06,15
21217,7406,270,3,246.69,0
21218,6824,229,1,324.76,10
21219,6107,194,4,212.39,5
21220,9999,38,4,200.72,0
21221,3569,223,5,23.99,0
21222,6695,181,2,259.05,0
21223,5037,112,5,121.23,10
21224,1438,24,2,74.40,15
21225,4318,294,2,200.35,5
21226,4463,242,5,67.91,10
21227,1675,172,5,43.91,5
21228,2465,104,2,188.19,0
21229,8054,200,5,67.84,10
21230,8591,70,1,315.23,0
21231,6430,106,4,66.50,0
21232,2583,32,4,318.14,10
21233,3647,133,2,47.71,10
21234,92,3,3,369.07,0
21235,5132,104,4,188.19,0
21236,597,141,3,53.20,0
21237,7971,240,2,117.00,0
21238,3299,59,3,213.06,5
21239,7840,120,3,388.54,10
21240,6082,43,3,232.40,0
21241,1616,223,1,23.99,0
21242,9473,136,4,222.85,10
21243,4354,227,2,303.25,15
21244,460,259,5,201.35,0
21245,6612,152,2,359.63,0
21246,6881,287,5,257.71,10
21247,8761,118,1,351.34,10
21248,9177,246,3,62.04,0
21249,1065,168,4,156.48,0
21250,1987,101,4,167.15,15
21251,8141,260,4,294.26,10
21252,1190,276,4,342.04,15
21253,121,70,5,315.23,10
21254,7109,300,3,60.59,0
21255,1611,29,3,34.87,0
21256,6034,145,1,94.23,5
21257,9010,139,2,321.64,15
21258,1091,203,3,6.30,0
21259,2785,221,5,33.76,0
21260,5376,213,3,37.84,0
21261,1081,251,1,113.15,0
21262,7401,97,5,234.59,0
21263,8341,114,3,156.49,5
21264,6939,238,5,200.57,10
21265,6156,35,1,335.83,5
21266,9073,12,5,161.29,5
21267,5949,273,4,341.96,5
21268,6240,220,2,131.34,10
21269,4406,247,4,202.30,5
21270,6690,16,5,386.04,5
21271,7293,264,4,38.50,15
21272,7668,174,4,232.35,5
21273,4147,25,5,157.60,10
21274,4281,285,5,258.56,5
21275,499,193,4,85.60,0
21276,1946,228,3,335.11,0
21277,9167,193,1,85.60,15
21278,2292,172,3,43.91,5
21279,8919,117,3,350.39,15
21280,9689,274,2,53.21,10
21281,6819,174,3,232.35,0
21282,2007,292,2,136.17,10
21283,7598,295,4,307.36,0
21284,8278,299,1,277.33,10
21285,8610,98,3,115.13,10
21286,553,43,4,232.40,0
21287,932,21,3,299.77,5
21288,5170,163,4,20.58,10
21289,5279,63,5,199.37,15
21290,2763,156,2,344.64,15
21291,3500,296,3,93.52,0
21292,7604,153,1,174.41,10
21293,7914,21,4,299.77,15
21294,9516,148,2,119.97,15
21295,3151,243,4,297.01,0
21296,4233,231,2,64.44,5
21297,4523,288,1,66.37,0
21298,3157,194,1,212.39,0
21299,8836,242,4,67.91,15
21300,9312,37,4,258.60,10
21301,9292,140,5,120.30,0
21302,6147,104,3,188.19,0
21303,913,94,2,66.86,15
21304,3847,283,2,390.13,0
21305,651,33,5,330.23,10
21306,7760,240,3,117.00,0
21307,9903,2,1,340.09,0
21308,1437,194,3,212.39,10
21309,1832,194,2,212.39,15
21310,1250,9,5,150.86,15
21311,276,123,2,106.64,5
21312,2273,96,4,264.06,5
21313,3062,24,3,74.40,0
21314,3293,97,4,234.59,10
21315,6285,74,1,224.24,0
21316,8732,108,5,261.20,0
21317,7916,87,3,84.63,5
21318,5719,81,3,191.34,0
21319,8974,7,4,263.49,10
21320,6692,74,2,224.24,0
21321,4635,114,3,156.49,0
21322,7701,228,2,335.11,0
21323,1820,31,1,136.27,0
21324,9566,14,3,106.54,15
21325,7437,270,4,246.69,0
21326,477,169,5,65.85,0
21327,1917,47,4,202.34,0
21328,5864,54,3,316.28,15
21329,2243,87,3,84.63,0
21330,9105,52,2,51.91,0
21331,7758,187,2,234.45,15
21332,6190,165,2,273.91,10
21333,1029,173,4,178.93,15
21334,5562,30,4,190.99,0
21335,721,282,3,381.21,5
21336,8900,48,5,72.09,0
21337,9033,246,4,62.04,5
21338,4838,196,3,160.55,15
21339,1348,277,3,219.37,10
21340,2947,19,4,20.40,0
21341,3315,3,4,369.07,15
21342,9390,242,5,67.91,5
21343,7142,44,1,57.92,0
21344,2340,225,1,338.57,0
21345,2249,88,5,42.74,0
21346,5173,188,5,61.43,5
21347,8159,56,4,372.10,0
21348,6208,193,3,85.60,0
21349,4127,33,1,330.23,15
21350,9584,13,3,97.73,10
21351,7332,162,2,270.73,0
21352,286,239,4,320.95,5
21353,4441,123,3,106.64,10
21354,4211,112,4,121.23,0
21355,8911,262,5,265.12,15
21356,2524,161,2,291.83,10
21357,6005,90,2,206.30,0
21358,7493,157,2,87.60,0
21359,4449,126,4,68.11,0
21360,1580,190,1,22.53,10
21361,1232,56,2,372.10,0
21362,5124,87,3,84.63,5
21363,5266,292,5,136.17,10
21364,8725,224,3,8.13,0
21365,3922,155,4,190.98,10
21366,1517,222,2,345.59,0
21367,4540,54,3,316.28,0
21368,6197,41,1,89.26,0
21369,4149,292,2,136.17,0
21370,6713,146,5,44.01,5
21371,968,16,1,386.04,0
21372,2502,210,3,211.85,5
21373,758,107,2,65.37,15
21374,5091,146,1,44.01,0
21375,5381,11,1,176.97,0
21376,2910,164,1,395.54,0
21377,8947,14,5,106.54,0
21378,7254,1,1,281.65,10
21379,2345,139,3,321.64,10
21380,59,40,5,226.87,0
21381,2641,10,4,228.01,5
21382,1006,16,3,386.04,15
21383,5265,170,2,67.45,0
21384,2981,296,4,93.52,10
21385,5696,234,2,268.61,0
21386,9932,65,1,76.41,0
21387,3120,230,2,323.29,5
21388,6075,88,4,42.74,0
21389,3932,36,1,229.35,0
21390,7294,151,3,214.50,0
21391,837,276,5,342.04,0
21392,1072,186,4,146.92,10
21393,6199,244,5,146.67,0
21394,4004,2,2,340.09,0
21395,9280,184,1,200.81,10
21396,6036,156,4,344.64,15
21397,5416,124,4,320.32,10
21398,3497,245,1,310.10,0
21399,9782,213,1,37.84,5
21400,3254,22,4,193.70,0
21401,3467,223,2,23.99,0
21402,400,85,5,114.41,0
21403,7493,97,3,234.59,0
21404,7750,148,1,119.97,0
21405,2929,124,1,320.32,15
21406,2762,254,4,396.05,0
21407,8493,121,4,251.05,5
21408,1598,21,1,299.77,5
21409,9432,240,2,117.00,0
21410,7213,60,2,275.96,5
21411,7767,300,4,60.59,0
21412,6286,144,2,321.56,10
21413,4765,212,5,324.30,15
21414,8895,120,2,388.54,5
21415,1903,179,1,237.43,0
21416,6887,172,5,43.91,15
21417,722,225,1,338.57,5
21418,3832,284,5,111.58,10
21419,6065,180,4,323.47,15
21420,8758,13,2,97.73,0
21421,6185,124,2,320.32,0
21422,4037,20,1,344.16,0
21423,2649,82,4,278.93,5
21424,6815,277,5,219.37,0
21425,9054,276,1,342.04,15
21426,9264,4,2,296.68,0
21427,1259,27,2,65.87,5
21428,8729,204,4,197.94,0
21429,4508,263,4,116.93,10
21430,2386,2,4,340.09,0
21431,2725,89,5,285.99,0
21432,5056,164,5,395.54,0
21433,6076,218,1,385.74,0
21434,2466,192,1,90.00,10
21435,8596,131,5,91.11,0
21436,2971,113,5,75.33,0
21437,5010,28,1,82.43,0
21438,7593,150,4,181.60,5
21439,5117,190,2,22.53,5
21440,8812,168,1,156.48,15
21441,5249,300,2,60.59,0
21442,8133,18,5,318.44,5
21443,797,92,2,50.16,15
21444,6179,5,5,235.25,0
21445,9067,239,1,320.95,15
21446,8843,146,3,44.01,0
21447,1279,131,1,91.11,5
21448,1130,196,4,160.55,0
21449,2128,214,2,163.02,0
21450,4329,241,5,101.41,10
21451,7148,118,1,351.34,0
21452,4351,208,3,389.11,0
21453,6580,96,5,264.06,0
21454,2019,90,4,206.30,10
21455,5619,283,5,390.13,0
21456,3176,191,3,226.42,15
21457,9245,24,1,74.40,0
21458,2596,136,3,222.85,10
21459,5672,184,3,200.81,5
21460,8160,277,1,219.37,15
21461,8802,233,5,245.00,0
21462,261,148,3,119.97,15
21463,8370,90,4,206.30,0
21464,7550,113,1,75.33,15
21465,2222,191,4,226.42,0
21466,4534,298,1,253.90,10
21467,3149,285,3,258.56,0
21468,9022,187,2,234.45,0
21469,9927,106,1,66.50,0
21470,3375,269,5,79.59,5
21471,9777,177,1,218.39,0
21472,7515,210,4,211.85,15
21473,1693,274,5,53.21,10
21474,1429,54,1,316.28,15
21475,5998,17,1,353.82,0
21476,9788,249,3,124.21,5
21477,2055,188,3,61.43,0
21478,1263,216,2,301.09,5
21479,9064,271,3,327.62,15
21480,7385,25,4,157.60,0
21481,1813,133,1,47.71,15
21482,1580,72,1,370.40,0
21483,1586,42,3,309.17,5
21484,1194,45,3,382.91,0
21485,955,258,1,171.69,0
21486,6866,166,4,314.43,5
21487,4676,252,1,24.03,15
21488,9896,291,3,25.51,10
21489,4675,219,1,30.27,0
21490,8445,70,2,315.23,5
21491,8188,67,1,134.74,10
21492,888,281,3,263.43,15
21493,3614,78,2,33.23,10
21494,9774,238,3,200.57,15
21495,2472,75,5,347.15,15
21496,7936,116,5,368.79,0
21497,8376,153,4,174.41,10
21498,29,131,1,91.11,0
21499,3507,26,2,122.89,5
21500,1206,200,2,67.84,15
21501,8714,137,3,288.60,5
21502,8236,70,4,315.23,0
21503,3398,159,4,217.33,0
21504,359,26,2,122.89,0
21505,3971,75,1,347.15,0
21506,9836,225,1,338.57,0
21507,9842,9,2,150.86,0
21508,7796,226,3,348.65,10
21509,2894,29,5,34.87,0
21510,8231,279,1,313.02,0
21511,963,235,5,43.63,0
21512,9195,151,5,214.50,5
21513,6310,233,4,245.00,0
21514,14,280,2,319.72,5
21515,1211,204,1,197.94,5
21516,9562,35,3,335.83,15
21517,8619,265,2,366.02,0
21518,8536,181,4,259.05,5
21519,9908,131,2,91.11,5
21520,1334,165,4,273.91,0
21521,6599,240,5,117.00,0
21522,3390,88,3,42.74,10
21523,8765,140,3,120.30,0
21524,3907,130,5,200.63,0
21525,7976,52,5,51.91,0
21526,8947,152,1,359.63,0
21527,8613,2,4,340.09,0
21528,5506,145,4,94.23,15
21529,4573,166,3,314.43,10
21530,5393,211,3,323.51,0
21531,8317,209,1,188.28,15
21532,2818,55,3,396.81,0
21533,8299,35,4,335.83,10
21534,1731,228,2,335.11,0
21535,4472,163,3,20.58,0
21536,8939,104,1,188.19,10
21537,5956,203,2,6.30,15
21538,6051,113,3,75.33,15
21539,5037,162,3,270.73,0
21540,510,66,3,206.27,0
21541,1416,55,4,396.81,10
21542,4543,86,4,365.04,0
21543,5276,13,2,97.73,10
21544,4599,149,1,70.07,0
21545,3852,142,2,249.44,10
21546,3954,138,3,331.78,5
21547,5229,170,5,67.45,0
21548,4201,75,4,347.15,0
21549,1915,82,3,278.93,5
21550,318,31,4,136.27,0
21551,277,257,4,63.30,5
21552,9743,121,2,251.05,0
21553,7286,19,5,20.40,10
21554,2831,92,2,50.16,10
21555,2882,110,2,326.74,0
21556,4637,153,1,174.41,15
21557,7218,252,4,24.03,0
21558,281,267,5,208.17,0
21559,4744,180,4,323.47,0
21560,5790,221,2,33.76,10
21561,8957,28,2,82.43,0
21562,8982,168,1,156.48,15
21563,3996,35,3,335.83,15
21564,5190,47,3,202.34,0
21565,6391,203,2,6.30,15
21566,8089,110,1,326.74,10
21567,7665,177,2,218.39,0
21568,4116,175,1,372.30,15
21569,8647,27,5,65.87,5
21570,1470,214,2,163.02,10
21571,5627,47,4,202.34,5
21572,2450,240,3,117.00,0
21573,1552,14,5,106.54,0
21574,837,258,2,171.69,0
21575,2313,78,3,33.23,10
21576,743,13,2,97.73,10
21577,5860,37,1,258.60,0
21578,4591,144,5,321.56,0
21579,6150,163,5,20.58,0
21580,8512,36,4,229.35,0
21581,5856,70,3,315.23,5
21582,2494,237,4,199.63,10
21583,2846,248,5,149.84,0
21584,810,286,4,362.28,5
21585,6320,190,1,22.53,0
21586,8542,100,4,371.65,15
21587,7935,43,3,232.40,5
21588,9202,3,5,369.07,0
21589,4828,202,2,268.66,0
21590,7624,173,4,178.93,0
21591,920,135,3,387.74,10
21592,3562,53,5,200.65,0
21593,6734,11,2,176.97,5
21594,1994,185,2,48.99,15
21595,2777,51,3,340.30,0
21596,5554,15,5,254.29,15
21597,1623,81,2,191.34,15
21598,1695,155,1,190.98,0
21599,9643,17,3,353.82,5
21600,7159,296,1,93.52,5
21601,4023,276,4,342.04,5
21602,1890,261,5,297.20,5
21603,4091,156,3,344.64,0
21604,1962,258,3,171.69,0
21605,980,36,1,229.35,15
21606,1134,26,5,122.89,0
21607,5038,238,4,200.57,0
21608,4641,10,1,228.01,15
21609,7828,66,1,206.27,0
21610,1694,216,4,301.09,10
21611,2843,266,5,7.51,0
21612,6585,20,5,344.16,0
21613,9135,122,1,222.97,0
21614,3619,124,2,320.32,0
21615,3647,188,1,61.43,0
21616,7085,105,5,338.11,0
21617,8214,260,2,294.26,0
21618,8296,147,5,344.67,10
21619,4782,95,1,69.49,5
21620,9681,109,2,97.22,0
21621,5380,212,2,324.30,10
21622,7757,115,2,353.64,5
21623,8295,286,3,362.28,5
21624,9043,283,5,390.13,10
21625,3380,11,3,176.97,5
21626,3394,199,3,378.96,0
21627,2310,128,4,220.39,15
21628,1143,136,4,222.85,0
21629,4497,160,2,132.63,0
21630,9913,158,2,214.14,15
21631,5576,45,4,382.91,0
21632,7393,147,5,344.67,0
21633,11,123,2,106.64,0
21634,1698,286,3,362.28,15
21635,1219,100,1,371.65,0
21636,2208,170,4,67.45,10
21637,4410,94,3,66.86,5
21638,2966,282,4,381.21,0
21639,4753,33,4,330.23,0
21640,2845,92,2,50.16,10
21641,587,50,5,311.33,15
21642,4717,15,2,254.29,0
21643,8755,235,2,43.63,0
21644,9746,126,4,68.11,0
21645,8011,236,5,383.46,0
21646,2547,127,4,126.84,0
21647,9887,193,3,85.60,0
21648,3028,252,2,24.03,5
21649,9795,234,4,268.61,0
21650,7307,61,3,175.74,0
21651,1677,41,4,89.26,0
21652,3824,198,3,116.63,0
21653,8605,167,3,245.05,0
21654,5231,104,1,188.19,5
21655,9361,272,5,120.04,5
21656,4426,273,4,341.96,0
21657,9792,194,1,212.39,15
21658,5503,184,5,200.81,10
21659,7025,167,3,245.05,0
21660,9042,234,3,268.61,0
21661,1330,184,3,200.81,5
21662,1177,274,4,53.21,15
21663,9498,270,2,246.69,0
21664,9100,54,4,316.28,5
21665,550,119,1,86.31,0
21666,7443,111,4,225.30,10
21667,5424,168,4,156.48,0
21668,7590,254,2,396.05,15
21669,690,275,4,59.35,0
21670,2318,213,5,37.84,15
21671,3459,70,1,315.23,0
21672,3653,111,1,225.30,0
21673,4561,87,4,84.63,0
21674,6076,23,2,393.39,0
21675,7970,111,3,225.30,0
21676,2567,252,4,24.03,0
21677,1880,166,1,314.43,0
21678,3229,128,2,220.39,0
21679,2799,92,3,50.16,0
21680,7047,156,3,344.64,5
21681,8991,35,2,335.83,15
21682,4154,108,3,261.20,10
21683,7001,78,2,33.23,0
21684,387,235,1,43.63,0
21685,5335,218,5,385.74,5
21686,8337,170,3,67.45,10
21687,8090,202,2,268.66,0
21688,2464,43,4,232.40,10
21689,1872,63,2,199.37,0
21690,1735,8,1,357.93,0
21691,2260,245,1,310.10,0
21692,6866,241,5,101.41,0
21693,9058,110,3,326.74,15
21694,8078,243,4,297.01,0
21695,7489,30,5,190.99,10
21696,991,81,4,191.34,0
21697,7563,56,3,372.10,0
21698,4218,201,3,68.26,0
21699,4766,134,4,378.20,15
21700,9310,2,2,340.09,0
21701,139,97,3,234.59,5
21702,1979,61,3,175.74,15
21703,4966,227,2,303.25,0
21704,8227,200,5,67.84,15
21705,3247,129,5,265.34,0
21706,9235,292,4,136.17,15
21707,120,5,1,235.25,10
21708,8892,25,5,157.60,5
21709,9518,159,2,217.33,0
21710,7993,229,1,324.76,0
21711,2485,31,5,136.27,5
21712,1001,198,2,116.63,0
21713,8340,47,2,202.34,0
21714,1067,284,5,111.58,0
21715,6046,244,5,146.67,10
21716,1381,65,1,76.41,10
21717,9799,36,2,229.35,0
21718,3689,58,2,218.95,0
21719,8620,292,5,136.17,0
21720,9368,95,1,69.49,0
21721,3126,45,3,382.91,0
21722,4198,116,5,368.79,15
21723,5713,285,2,258.56,15
21724,4065,161,2,291.83,5
21725,8032,18,3,318.44,10
21726,9569,213,4,37.84,10
21727,996,13,3,97.73,5
21728,5479,139,5,321.64,10
21729,8117,45,4,382.91,0
21730,8856,26,3,122.89,5
21731,4750,228,1,335.11,0
21732,8008,290,2,25.70,0
21733,5040,34,1,297.79,10
21734,2914,258,1,171.69,10
21735,7300,289,4,90.69,10
21736,6608,241,2,101.41,10
21737,2343,243,3,297.01,5
21738,3162,196,5,160.55,0
21739,6026,146,4,44.01,0
21740,8304,186,5,146.92,10
21741,9414,62,2,78.99,5
21742,4330,280,1,319.72,5
21743,2682,49,1,123.44,10
21744,1146,171,2,132.85,5
21745,8911,134,5,378.20,0
21746,2889,143,5,374.36,10
21747,1998,190,1,22.53,5
21748,1430,114,2,156.49,5
21749,7898,83,1,80.10,0
21750,3469,276,2,342.04,0
21751,4754,123,2,106.64,5
21752,7538,229,3,324.76,0
21753,5698,250,4,178.43,5
21754,3559,208,5,389.11,5
21755,8607,290,1,25.70,0
21756,2436,21,2,299.77,0
21757,7116,146,2,44.01,10
21758,8377,117,1,350.39,15
21759,4196,74,5,224.24,0
21760,1129,121,1,251.05,0
21761,8371,41,3,89.26,0
21762,5347,32,3,318.14,0
21763,407,177,4,218.39,15
21764,3115,150,5,181.60,0
21765,5953,145,5,94.23,0
21766,7838,16,5,386.04,0
21767,8935,47,2,202.34,10
21768,2922,35,2,335.83,0
21769,2501,270,3,246.69,0
21770,2307,295,1,307.36,10
21771,8742,239,1,320.95,0
21772,2361,139,1,321.64,5
21773,946,78,3,33.23,5
21774,76,70,3,315.23,15
21775,2341,43,1,232.40,10
21776,7716,43,5,232.40,10
21777,106,269,5,79.59,0
21778,657,88,3,42.74,0
21779,9003,218,1,385.74,0
21780,4846,18,2,318.44,15
21781,5839,284,5,111.58,10
21782,2688,169,4,65.85,0
21783,2461,160,3,132.63,0
21784,6457,152,4,359.63,0
21785,5076,57,5,140.14,15
21786,3043,217,5,395.04,0
21787,788,158,1,214.14,10
21788,646,272,4,120.04,5
21789,4657,59,1,213.06,10
21790,1443,198,2,116.63,15
21791,6337,184,4,200.81,0
21792,3663,217,3,395.04,5
21793,2389,204,5,197.94,0
21794,5884,45,1,382.91,0
21795,7324,300,1,60.59,0
21796,1070,72,1,370.40,15
21797,3324,147,2,344.67,10
21798,9100,218,1,385.74,10
21799,3643,151,5,214.50,0
21800,4015,187,5,234.45,5
21801,6248,236,3,383.46,10
21802,2840,231,1,64.44,10
21803,6693,67,2,134.74,15
21804,2785,135,5,387.74,10
21805,3919,223,1,23.99,0
21806,6819,256,2,343.78,0
21807,4346,202,3,268.66,0
21808,7398,94,5,66.86,15
21809,7175,150,5,181.60,0
21810,7593,240,1,117.00,0
21811,2973,169,4,65.85,10
21812,6427,263,1,116.93,5
21813,7865,179,3,237.43,0
21814,8382,222,3,345.59,5
21815,7308,263,5,116.93,0
21816,1656,130,2,200.63,0
21817,7511,70,4,315.23,15
21818,1191,50,1,311.33,15
21819,1471,77,2,338.07,15
21820,4076,110,3,326.74,0
21821,2678,120,2,388.54,0
21822,4045,182,3,183.61,10
21823,4176,205,3,150.21,5
21824,3364,12,4,161.29,10
21825,4151,109,3,97.22,10
21826,2622,109,2,97.22,0
21827,8923,174,2,232.35,0
21828,9480,76,3,297.26,0
21829,4980,295,2,307.36,10
21830,4132,292,1,136.17,0
21831,2626,179,1,237.43,5
21832,8745,205,2,150.21,10
21833,8341,6,1,190.26,10
21834,6839,134,2,378.20,0
21835,798,139,5,321.64,0
21836,5027,135,5,387.74,0
21837,5189,51,3,340.30,0
21838,2349,87,1,84.63,0
21839,377,58,4,218.95,0
21840,6805,277,2,219.37,5
21841,917,78,5,33.23,10
21842,8289,261,1,297.20,0
21843,2345,158,1,214.14,0
21844,5147,122,1,222.97,10
21845,5781,39,2,49.89,0
21846,2176,4,1,296.68,15
21847,2803,247,1,202.30,15
21848,4677,219,3,30.27,0
21849,3337,156,2,344.64,5
21850,2120,10,2,228.01,0
21851,5683,105,2,338.11,0
21852,660,265,3,366.02,10
21853,3641,153,5,174.41,0
21854,6039,79,2,19.52,0
21855,5135,44,2,57.92,10
21856,2373,207,5,326.57,15
21857,9449,97,2,234.59,0
21858,2704,224,2,8.13,5
21859,988,228,2,335.11,0
21860,1471,92,5,50.16,0
21861,2112,107,5,65.37,0
21862,5948,11,3,176.97,15
21863,6287,114,4,156.49,10
21864,9442,284,2,111.58,15
21865,9812,10,2,228.01,0
21866,7619,103,3,252.38,15
21867,7778,204,5,197.94,0
21868,4913,168,1,156.48,15
21869,5192,73,2,222.38,10
21870,1507,126,1,68.11,0
21871,512,128,2,220.39,0
21872,6030,45,1,382.91,10
21873,3362,219,4,30.27,15
21874,77,66,5,206.27,15
21875,4772,123,4,106.64,10
21876,3618,229,2,324.76,0
21877,68,28,4,82.43,5
21878,4757,295,3,307.36,0
21879,1839,160,3,132.63,15
21880,4637,182,2,183.61,5
21881,4237,111,5,225.30,15
21882,4756,54,4,316.28,0
21883,2068,189,1,299.32,5
21884,3487,238,2,200.57,0
21885,221,299,1,277.33,10
21886,5169,276,1,342.04,0
21887,34,8,5,357.93,0
21888,2085,269,5,79.59,0
21889,356,266,5,7.51,10
21890,1324,225,5,338.57,10
21891,1363,151,2,214.50,0
21892,3851,22,3,193.70,10
21893,3201,127,4,126.84,5
21894,9879,273,2,341.96,5
21895,4719,87,2,84.63,0
21896,7959,27,2,65.87,0
21897,5400,9,5,150.86,10
21898,7127,76,1,297.26,15
21899,2918,114,2,156.49,0
21900,5085,276,3,342.04,0
21901,2891,183,5,78.33,10
21902,1466,168,5,156.48,5
21903,3228,208,1,389.11,0
21904,596,283,2,390.13,15
21905,4541,128,2,220.39,0
21906,3571,19,2,20.40,15
21907,9182,286,1,362.28,0
21908,1905,238,4,200.57,10
21909,6304,245,2,310.10,15
21910,3385,64,5,245.58,0
21911,6080,251,3,113.15,10
21912,6177,64,1,245.58,15
21913,819,36,2,229.35,15
21914,8093,21,3,299.77,0
21915,2061,162,1,270.73,5
21916,7296,69,4,156.10,0
21917,3664,270,5,246.69,0
21918,1827,5,5,235.25,10
21919,2066,209,4,188.28,5
21920,8234,73,3,222.38,0
21921,4883,63,4,199.37,15
21922,1520,219,2,30.27,15
21923,2190,258,2,171.69,0
21924,33,61,1,175.74,0
21925,2505,65,2,76.41,10
21926,8519,269,4,79.59,5
21927,8346,281,5,263.43,0
21928,4467,257,3,63.30,15
21929,8848,110,4,326.74,0
21930,3226,236,3,383.46,15
21931,3819,129,4,265.34,0
21932,1582,166,4,314.43,0
21933,4825,198,5,116.63,0
21934,4839,124,5,320.32,0
21935,3454,224,4,8.13,0
21936,1958,130,5,200.63,0
21937,9897,72,5,370.40,5
21938,5244,272,2,120.04,0
21939,473,40,1,226.87,0
21940,5015,139,1,321.64,0
21941,1466,278,5,334.45,0
21942,5436,16,1,386.04,0
21943,7473,81,4,191.34,15
21944,6852,284,5,111.58,0
21945,2255,174,5,232.35,15
21946,5281,79,1,19.52,0
21947,6834,136,4,222.85,0
21948,1983,7,2,263.49,0
21949,5659,295,4,307.36,5
21950,715,49,4,123.44,0
21951,7778,196,2,160.55,15
21952,9217,155,3,190.98,10
21953,2185,16,4,386.04,10
21954,1223,142,4,249.44,15
21955,4099,215,3,252.10,10
21956,8085,6,5,190.26,5
21957,1970,8,3,357.93,15
21958,8297,77,1,338.07,0
21959,8859,138,3,331.78,0
21960,2545,201,1,68.26,0
21961,3583,82,5,278.93,0
21962,2226,125,5,327.79,5
21963,8751,149,4,70.07,0
21964,6142,4,2,296.68,0
21965,6061,271,4,327.62,15
21966,7359,214,4,163.02,10
21967,4096,43,1,232.40,0
21968,1802,218,2,385.74,0
21969,4183,245,1,310.10,15
21970,5075,159,2,217.33,0
21971,863,88,3,42.74,0
21972,9343,87,3,84.63,10
21973,923,265,5,366.02,0
21974,1591,251,2,113.15,0
21975,3970,194,5,212.39,10
21976,258,293,3,58.98,5
21977,391,79,2,19.52,15
21978,6095,133,4,47.71,0
21979,5083,279,2,313.02,0
21980,8901,121,3,251.05,15
21981,1910,18,3,318.44,0
21982,510,76,1,297.26,0
21983,3431,211,3,323.51,0
21984,1334,176,2,367.34,15
21985,7386,279,2,313.02,10
21986,5161,56,3,372.10,0
21987,5281,170,3,67.45,15
21988,2300,140,1,120.30,10
21989,3331,60,5,275.96,5
21990,9475,239,3,320.95,0
21991,74,144,1,321.56,15
21992,8590,277,5,219.37,0
21993,2618,245,1,310.10,0
21994,4883,165,2,273.91,0
21995,5106,217,2,395.04,0
21996,2111,246,1,62.04,5
21997,5460,70,1,315.23,0
21998,1340,78,4,33.23,0
21999,8209,59,1,213.06,5
22000,6504,231,3,64.44,0
22001,2651,67,1,134.74,0
22002,9082,87,4,84.63,0
22003,8256,62,2,78.99,0
22004,9899,34,3,297.79,0
22005,6391,189,2,299.32,5
22006,772,250,4,178.43,10
22007,5510,11,2,176.97,0
22008,9279,169,5,65.85,0
22009,9212,253,5,286.72,15
22010,1970,279,4,313.02,0
22011,8953,192,1,90.00,10
22012,9133,91,2,371.67,0
22013,8752,115,3,353.64,0
22014,8217,127,1,126.84,0
22015,9216,284,5,111.58,10
22016,4817,26,5,122.89,0
22017,7903,207,4,326.57,0
22018,9392,105,5,338.11,10
22019,5867,284,5,111.58,0
22020,5185,8,2,357.93,0
22021,8124,258,3,171.69,0
22022,2127,225,5,338.57,15
22023,3652,238,3,200.57,10
22024,1013,119,5,86.31,0
22025,8465,188,3,61.43,15
22026,707,26,4,122.89,0
22027,9128,234,1,268.61,5
22028,2204,135,4,387.74,0
22029,352,95,3,69.49,15
22030,3386,133,3,47.71,5
22031,9392,172,3,43.91,10
22032,9321,136,1,222.85,0
22033,1159,184,5,200.81,0
22034,7834,1,5,281.65,0
22035,947,179,5,237.43,0
22036,7684,272,3,120.04,0
22037,6327,50,1,311.33,0
22038,7250,21,2,299.77,15
22039,9692,83,3,80.10,5
22040,1427,264,3,38.50,10
22041,3484,143,1,374.36,0
22042,3140,124,4,320.32,0
22043,7966,75,4,347.15,5
22044,4034,41,5,89.26,5
22045,6384,195,3,282.87,0
22046,9754,33,1,330.23,5
22047,7816,125,3,327.79,15
22048,5324,39,5,49.89,15
22049,3656,143,5,374.36,0
22050,2956,7,2,263.49,0
22051,3779,132,3,356.02,15
22052,9530,103,2,252.38,15
22053,9293,98,2,115.13,0
22054,8971,134,1,378.20,0
22055,5754,283,4,390.13,0
22056,3523,50,5,311.33,10
22057,5715,126,4,68.11,15
22058,3958,62,5,78.99,10
22059,3879,165,4,273.91,10
22060,6208,22,5,193.70,15
22061,8630,20,2,344.16,5
22062,486,123,3,106.64,0
22063,7870,180,3,323.47,0
22064,7267,290,3,25.70,15
22065,3953,274,2,53.21,5
22066,8478,121,5,251.05,10
22067,4615,212,5,324.30,15
22068,1705,169,4,65.85,10
22069,2101,213,2,37.84,0
22070,5827,297,2,30.06,15
22071,3190,191,5,226.42,15
22072,5644,220,3,131.34,15
22073,6746,177,5,218.39,10
22074,4227,58,2,218.95,10
22075,1182,294,2,200.35,5
22076,1916,1,1,281.65,5
22077,4711,24,4,74.40,0
22078,4562,98,1,115.13,5
22079,5468,162,4,270.73,10
22080,8134,46,3,252.91,10
22081,576,2,3,340.09,5
22082,5308,156,1,344.64,10
22083,4026,103,1,252.38,15
22084,3554,213,2,37.84,15
22085,6538,75,1,347.15,0
22086,4871,160,4,132.63,10
22087,9736,284,3,111.58,15
22088,5459,252,1,24.03,10
22089,3930,192,4,90.00,0
22090,7499,197,4,208.34,10
22091,43,192,4,90.00,0
22092,624,112,5,121.23,0
22093,3531,255,1,339.07,15
22094,2995,203,1,6.30,0
22095,4547,39,1,49.89,0
22096,3534,214,2,163.02,15
22097,2758,42,2,309.17,0
22098,3548,209,5,188.28,10
22099,59,68,2,277.33,0
22100,8672,163,3,20.58,0
22101,8521,288,3,66.37,0
22102,7518,192,2,90.00,10
22103,5509,287,4,257.71,0
22104,2703,105,1,338.11,0
22105,1045,29,3,34.87,0
22106,4986,225,4,338.57,5
22107,3161,226,2,348.65,5
22108,2598,175,5,372.30,0
22109,757,158,4,214.14,10
22110,4093,41,1,89.26,0
22111,6981,73,1,222.38,0
22112,4288,148,3,119.97,0
22113,6725,265,2,366.02,0
22114,3775,145,3,94.23,0
22115,3807,121,3,251.05,0
22116,7820,70,2,315.23,0
22117,4188,221,2,33.76,0
22118,118,236,1,383.46,10
22119,9232,181,1,259.05,0
22120,3687,265,3,366.02,0
22121,6319,138,3,331.78,0
22122,9698,287,5,257.71,0
22123,4253,246,5,62.04,0
22124,5876,95,4,69.49,15
22125,1595,215,1,252.10,0
22126,6990,8,2,357.93,0
22127,999,180,5,323.47,15
22128,8000,244,5,146.67,0
22129,8949,58,4,218.95,0
22130,3809,156,5,344.64,0
22131,9979,81,5,191.34,0
22132,4857,200,4,67.84,0
22133,2887,251,3,113.15,5
22134,2274,130,2,200.63,5
22135,5138,69,3,156.10,0
22136,6361,106,5,66.50,0
22137,9274,266,5,7.51,0
22138,3126,287,3,257.71,0
22139,3756,235,1,43.63,0
22140,804,25,1,157.60,10
22141,2616,294,1,200.35,15
22142,8580,269,1,79.59,0
22143,5534,107,1,65.37,0
22144,749,104,3,188.19,0
22145,2215,132,2,356.02,0
22146,7294,70,3,315.23,15
22147,6287,51,1,340.30,15
22148,3688,283,4,390.13,0
22149,6275,134,2,378.20,0
22150,9713,192,1,90.00,10
22151,9023,274,3,53.21,15
22152,7686,137,1,288.60,5
22153,6630,8,3,357.93,0
22154,7304,45,5,382.91,5
22155,1073,153,1,174.41,0
22156,3816,101,3,167.15,5
22157,8007,142,5,249.44,0
22158,5456,144,4,321.56,15
22159,2240,238,1,200.57,15
22160,4766,228,1,335.11,15
22161,9889,131,3,91.11,15
22162,2809,4,4,296.68,0
22163,2651,136,5,222.85,5
22164,2052,150,4,181.60,0
22165,2321,56,4,372.10,0
22166,8190,264,4,38.50,5
22167,9033,102,1,102.20,15
22168,8896,183,5,78.33,5
22169,511,31,4,136.27,10
22170,9762,171,2,132.85,5
22171,8178,128,5,220.39,0
22172,4844,237,3,199.63,0
22173,9286,169,1,65.85,15
22174,8732,81,5,191.34,5
22175,2411,224,3,8.13,5
22176,1898,198,5,116.63,0
22177,3933,225,5,338.57,15
22178,4908,91,1,371.67,15
22179,3389,170,2,67.45,5
22180,7210,222,3,345.59,10
22181,791,137,3,288.60,15
22182,4568,207,3,326.57,10
22183,6617,264,1,38.50,10
22184,2922,164,1,395.54,10
22185,7828,20,1,344.16,15
22186,5299,288,1,66.37,15
22187,4558,100,1,371.65,0
22188,977,186,2,146.92,0
22189,3064,205,2,150.21,0
22190,5383,252,5,24.03,10
22191,1318,146,2,44.01,10
22192,760,59,3,213.06,5
22193,3029,142,5,249.44,5
22194,1657,237,4,199.63,15
22195,2317,114,2,156.49,0
22196,9742,172,4,43.91,5
22197,5702,63,4,199.37,0
22198,7527,208,4,389.11,0
22199,3052,47,4,202.34,15
22200,9710,125,4,327.79,0
22201,740,205,4,150.21,15
22202,7628,54,3,316.28,10
22203,2368,42,2,309.17,0
22204,34,253,5,286.72,0
22205,4765,272,3,120.04,0
22206,7497,18,1,318.44,10
22207,6667,65,2,76.41,0
22208,3732,40,3,226.87,15
22209,4597,101,2,167.15,5
22210,6662,65,2,76.41,5
22211,9540,298,4,253.90,5
22212,2570,241,1,101.41,0
22213,9704,237,2,199.63,0
22214,1951,37,1,258.60,5
22215,1368,11,4,176.97,0
22216,4796,197,3,208.34,0
22217,3416,197,1,208.34,0
22218,3379,145,2,94.23,5
22219,6549,106,4,66.50,5
22220,907,144,5,321.56,15
22221,2897,3,4,369.07,0
22222,5630,125,3,327.79,0
22223,1084,5,1,235.25,15
22224,3347,274,5,53.21,0
22225,5516,82,4,278.93,0
22226,4261,133,1,47.71,10
22227,8769,61,4,175.74,0
22228,4377,296,2,93.52,0
22229,4553,62,3,78.99,10
22230,2951,256,1,343.78,0
22231,6298,10,1,228.01,0
22232,5787,41,4,89.26,0
22233,832,75,1,347.15,0
22234,2961,205,5,150.21,0
22235,7734,296,1,93.52,0
22236,5634,210,2,211.85,15
22237,2915,281,5,263.43,0
22238,7201,170,1,67.45,0
22239,5952,176,2,367.34,0
22240,3951,127,5,126.84,0
22241,1853,299,5,277.33,0
22242,3691,148,5,119.97,15
22243,9971,177,4,218.39,10
22244,3462,174,1,232.35,0
22245,9079,174,2,232.35,10
22246,5247,53,1,200.65,10
22247,3176,211,1,323.51,0
22248,9375,126,1,68.11,10
22249,6246,249,1,124.21,0
22250,4648,156,2,344.64,0
22251,3048,176,1,367.34,5
22252,3905,157,5,87.60,0
22253,1402,15,1,254.29,15
22254,5321,45,1,382.91,5
22255,6362,68,5,277.33,5
22256,8502,297,4,30.06,0
22257,4076,225,4,338.57,0
22258,7001,254,4,396.05,10
22259,1299,216,3,301.09,0
22260,7386,9,1,150.86,10
22261,413,187,1,234.45,15
22262,1750,278,4,334.45,0
22263,8723,186,5,146.92,15
22264,3367,41,3,89.26,0
22265,6104,26,5,122.89,0
22266,242,227,2,303.25,10
22267,66,121,1,251.05,0
22268,7218,88,3,42.74,0
22269,9791,84,4,124.05,5
22270,5814,291,4,25.51,5
22271,9981,91,5,371.67,0
22272,6348,270,4,246.69,0
22273,4757,136,5,222.85,15
22274,5881,12,4,161.29,10
22275,9427,17,1,353.82,10
22276,8109,130,5,200.63,15
22277,3995,85,1,114.41,0
22278,447,6,4,190.26,0
22279,4961,122,1,222.97,0
22280,4851,44,1,57.92,0
22281,3195,220,5,131.34,0
22282,6750,172,4,43.91,10
22283,4378,232,5,182.33,5
22284,1968,234,3,268.61,10
22285,8982,74,2,224.24,5
22286,1213,73,1,222.38,5
22287,7843,114,2,156.49,0
22288,542,130,1,200.63,0
22289,5880,140,1,120.30,10
22290,8226,271,1,327.62,5
22291,7890,71,1,167.32,10
22292,6289,23,4,393.39,5
22293,7140,6,2,190.26,5
22294,3868,179,4,237.43,5
22295,1595,276,4,342.04,5
22296,8343,147,1,344.67,5
22297,836,99,5,283.04,5
22298,4599,25,1,157.60,0
22299,4008,237,3,199.63,5
22300,5774,80,1,392.68,0
22301,5263,110,2,326.74,10
22302,8489,149,4,70.07,0
22303,398,145,5,94.23,15
22304,9782,283,4,390.13,0
22305,9204,295,3,307.36,15
22306,8173,108,3,261.20,0
22307,7292,172,3,43.91,10
22308,8503,237,5,199.63,15
22309,2390,61,3,175.74,5
22310,4071,107,3,65.37,0
22311,7084,147,3,344.67,10
22312,7572,212,4,324.30,5
22313,8090,111,5,225.30,0
22314,7367,203,4,6.30,0
22315,9578,167,5,245.05,0
22316,3865,50,5,311.33,5
22317,4287,275,5,59.35,0
22318,8870,285,3,258.56,0
22319,6751,123,2,106.64,5
22320,3140,142,4,249.44,0
22321,5235,178,4,308.38,10
22322,4342,228,2,335.11,10
22323,7269,93,1,28.93,5
22324,5259,211,5,323.51,0
22325,9767,295,4,307.36,5
22326,4402,197,5,208.34,0
22327,2973,204,4,197.94,15
22328,7657,105,2,338.11,0
22329,7015,191,3,226.42,10
22330,1632,280,4,319.72,10
22331,9,295,2,307.36,5
22332,6469,184,1,200.81,15
22333,627,227,4,303.25,5
22334,332,68,2,277.33,0
22335,2713,144,1,321.56,0
22336,1310,62,5,78.99,0
22337,8647,200,1,67.84,0
22338,4561,109,2,97.22,0
22339,9267,53,5,200.65,10
22340,1299,93,1,28.93,15
22341,3292,118,4,351.34,15
22342,4061,193,5,85.60,15
22343,1666,49,4,123.44,0
22344,9326,281,1,263.43,0
22345,6780,91,2,371.67,15
22346,3619,204,2,197.94,10
22347,5441,32,5,318.14,0
22348,822,147,1,344.67,0
22349,9106,37,2,258.60,5
22350,1425,108,1,261.20,15
22351,5606,228,3,335.11,5
22352,4850,177,2,218.39,15
22353,1182,27,3,65.87,0
22354,4690,37,2,258.60,0
22355,6911,238,3,200.57,10
22356,3074,235,5,43.63,5
22357,5833,39,3,49.89,5
22358,3413,253,2,286.72,5
22359,8057,63,4,199.37,0
22360,5292,195,4,282.87,0
22361,6843,75,5,347.15,5
22362,9067,98,3,115.13,10
22363,5586,299,5,277.33,0
22364,208,244,5,146.67,15
22365,5362,144,1,321.56,10
22366,6511,239,1,320.95,0
22367,9431,173,4,178.93,10
22368,4502,126,2,68.11,10
22369,8550,283,4,390.13,0
22370,821,64,4,245.58,5
22371,7040,164,2,395.54,0
22372,577,211,5,323.51,0
22373,7117,147,4,344.67,0
22374,2098,102,5,102.20,15
22375,9028,7,3,263.49,15
22376,2565,235,4,43.63,5
22377,779,234,2,268.61,0
22378,3769,230,2,323.29,10
22379,6103,300,4,60.59,0
22380,1571,229,5,324.76,15
22381,6059,28,3,82.43,0
22382,4826,149,3,70.07,0
22383,8189,252,5,24.03,15
22384,1182,298,1,253.90,10
22385,8415,73,3,222.38,5
22386,2227,229,4,324.76,5
22387,6941,147,4,344.67,5
22388,3315,130,1,200.63,0
22389,9440,12,4,161.29,0
22390,6019,144,3,321.56,15
22391,2431,19,5,20.40,0
22392,8834,255,3,339.07,0
22393,3539,46,1,252.91,15
22394,7961,213,1,37.84,15
22395,9840,41,1,89.26,10
22396,2042,185,4,48.99,15
22397,3954,270,4,246.69,10
22398,5736,243,3,297.01,10
22399,2792,245,1,310.10,0
22400,741,166,3,314.43,5
22401,6308,241,3,101.41,0
22402,5543,230,1,323.29,0
22403,7696,74,4,224.24,0
22404,6248,264,5,38.50,5
22405,5388,38,2,200.72,0
22406,5373,245,3,310.10,15
22407,5472,192,5,90.00,5
22408,7427,18,1,318.44,10
22409,9734,227,2,303.25,0
22410,1645,261,1,297.20,0
22411,9047,62,3,78.99,0
22412,6648,238,1,200.57,0
22413,4981,125,5,327.79,5
22414,4800,169,1,65.85,0
22415,4288,157,2,87.60,0
22416,596,127,5,126.84,5
22417,926,191,1,226.42,0
22418,4828,189,2,299.32,10
22419,7045,118,4,351.34,0
22420,3401,148,5,119.97,5
22421,5571,57,3,140.14,15
22422,6527,8,1,357.93,0
22423,1994,221,3,33.76,10
22424,2361,60,1,275.96,0
22425,833,44,4,57.92,0
22426,4923,166,4,314.43,15
22427,7017,103,2,252.38,5
22428,8486,262,3,265.12,0
22429,5613,210,3,211.85,0
22430,6202,60,1,275.96,5
22431,724,259,1,201.35,0
22432,4660,30,1,190.99,10
22433,482,177,5,218.39,0
22434,9203,110,1,326.74,15
22435,84,285,1,258.56,5
22436,3655,80,1,392.68,0
22437,6765,41,2,89.26,0
22438,9788,36,3,229.35,0
22439,7639,211,1,323.51,5
22440,3851,16,4,386.04,0
22441,4771,243,5,297.01,0
22442,6512,202,3,268.66,5
22443,2862,15,3,254.29,10
22444,8039,159,2,217.33,0
22445,3078,214,2,163.02,5
22446,1345,46,5,252.91,5
22447,1544,275,2,59.35,0
22448,4676,252,4,24.03,0
22449,9423,101,4,167.15,0
22450,1144,50,5,311.33,0
22451,1520,122,5,222.97,5
22452,4491,269,3,79.59,0
22453,8556,19,1,20.40,0
22454,2462,226,3,348.65,10
22455,5844,20,5,344.16,0
22456,4020,85,2,114.41,0
22457,9390,294,1,200.35,0
22458,5078,30,3,190.99,10
22459,8928,282,5,381.21,0
22460,1979,295,3,307.36,15
22461,853,171,5,132.85,10
22462,3369,296,4,93.52,0
22463,1892,69,3,156.10,0
22464,7864,16,4,386.04,0
22465,7419,167,1,245.05,5
22466,3185,108,5,261.20,15
22467,8168,105,3,338.11,10
22468,1969,265,3,366.02,0
22469,6362,209,2,188.28,0
22470,7721,180,3,323.47,0
22471,4569,222,2,345.59,5
22472,5041,246,3,62.04,10
22473,9749,25,4,157.60,10
22474,7181,63,3,199.37,0
22475,9720,7,5,263.49,0
22476,663,21,2,299.77,0
22477,9732,56,1,372.10,0
22478,9429,152,5,359.63,0
22479,5934,149,4,70.07,0
22480,525,99,5,283.04,0
22481,2133,300,5,60.59,5
22482,623,64,1,245.58,5
22483,3028,99,4,283.04,0
22484,7417,56,5,372.10,0
22485,3287,229,1,324.76,0
22486,9889,21,3,299.77,10
22487,3554,181,4,259.05,0
22488,5026,213,2,37.84,5
22489,4589,159,3,217.33,0
22490,1699,110,4,326.74,0
22491,2281,132,3,356.02,0
22492,8814,206,1,31.78,15
22493,9943,43,2,232.40,5
22494,3991,74,4,224.24,0
22495,2923,178,2,308.38,15
22496,3153,95,3,69.49,10
22497,988,204,1,197.94,10
22498,1802,169,4,65.85,5
22499,4032,148,2,119.97,10
22500,9311,148,1,119.97,0
22501,7835,18,1,318.44,0
22502,3428,291,1,25.51,0
22503,6231,249,5,124.21,0
22504,3639,285,2,258.56,0
22505,6475,167,1,245.05,0
22506,5449,267,1,208.17,0
22507,4469,129,4,265.34,0
22508,2072,294,5,200.35,10
22509,8282,183,2,78.33,5
22510,8558,137,4,288.60,0
22511,5478,88,2,42.74,0
22512,5757,79,5,19.52,0
22513,7447,265,2,366.02,0
22514,8720,227,3,303.25,15
22515,3922,180,3,323.47,0
22516,5735,253,1,286.72,0
22517,1028,213,3,37.84,15
22518,4152,29,5,34.87,0
22519,3543,209,2,188.28,0
22520,589,114,4,156.49,0
22521,1188,37,2,258.60,15
22522,724,231,2,64.44,5
22523,330,95,5,69.49,10
22524,4975,9,5,150.86,0
22525,3511,159,1,217.33,5
22526,3616,278,4,334.45,0
22527,9563,73,3,222.38,0
22528,8945,248,1,149.84,10
22529,2124,253,5,286.72,0
22530,3588,161,4,291.83,0
22531,4646,263,2,116.93,10
22532,1475,110,2,326.74,0
22533,1349,183,4,78.33,10
22534,5294,150,1,181.60,15
22535,4059,220,3,131.34,0
22536,6955,88,5,42.74,0
22537,5701,10,2,228.01,10
22538,5693,86,5,365.04,10
22539,9238,101,4,167.15,0
22540,3121,175,2,372.30,0
22541,3940,235,5,43.63,0
22542,8976,44,5,57.92,5
22543,861,14,2,106.54,0
22544,9964,171,2,132.85,0
22545,8928,35,4,335.83,5
22546,6340,100,1,371.65,10
22547,3769,262,5,265.12,0
22548,6416,31,1,136.27,15
22549,1288,76,2,297.26,0
22550,6108,291,3,25.51,5
22551,8543,35,5,335.83,0
22552,8875,89,5,285.99,0
22553,8523,8,3,357.93,0
22554,4733,277,4,219.37,0
22555,9487,122,1,222.97,15
22556,5642,213,1,37.84,0
22557,7643,202,2,268.66,15
22558,5842,209,5,188.28,0
22559,4626,72,1,370.40,0
22560,5769,170,2,67.45,0
22561,1874,137,3,288.60,5
22562,5336,169,4,65.85,15
22563,4030,7,3,263.49,10
22564,9904,104,3,188.19,10
22565,9119,135,1,387.74,0
22566,5703,188,2,61.43,5
22567,8852,273,1,341.96,0
22568,6292,187,1,234.45,0
22569,8754,155,3,190.98,15
22570,529,261,2,297.20,0
22571,9958,24,1,74.40,15
22572,140,234,3,268.61,0
22573,5198,107,3,65.37,5
22574,2627,49,1,123.44,0
22575,4516,228,2,335.11,15
22576,3497,274,5,53.21,15
22577,34,89,3,285.99,5
22578,3121,300,4,60.59,10
22579,8135,169,4,65.85,0
22580,7148,112,3,121.23,10
22581,6224,166,5,314.43,10
22582,2246,106,1,66.50,5
22583,7257,277,3,219.37,0
22584,5533,151,2,214.50,0
22585,3074,111,5,225.30,0
22586,4955,282,4,381.21,15
22587,4895,75,4,347.15,10
22588,1837,197,5,208.34,15
22589,8392,299,3,277.33,0
22590,1412,33,1,330.23,5
22591,325,124,2,320.32,0
22592,330,28,1,82.43,0
22593,4012,259,5,201.35,5
22594,655,44,3,57.92,5
22595,990,283,1,390.13,15
22596,2739,23,1,393.39,0
22597,415,21,3,299.77,15
22598,7544,38,3,200.72,5
22599,2372,226,1,348.65,0
22600,6571,204,4,197.94,0
22601,3936,208,4,389.11,5
22602,7917,262,3,265.12,0
22603,931,226,3,348.65,0
22604,4020,228,5,335.11,15
22605,3425,177,1,218.39,15
22606,3157,63,1,199.37,0
22607,6379,159,1,217.33,5
22608,8680,241,4,101.41,0
22609,407,109,4,97.22,0
22610,9626,15,2,254.29,0
22611,4703,45,3,382.91,0
22612,2999,261,1,297.20,5
22613,2563,291,3,25.51,0
22614,5396,22,4,193.70,0
22615,5940,250,5,178.43,10
22616,6293,241,5,101.41,5
22617,1643,216,5,301.09,0
22618,176,8,3,357.93,0
22619,640,132,2,356.02,15
22620,9732,223,2,23.99,0
22621,9120,200,2,67.84,15
22622,2472,42,2,309.17,0
22623,3963,24,5,74.40,0
22624,8053,126,5,68.11,15
22625,4674,56,2,372.10,0
22626,3825,271,3,327.62,0
22627,1565,223,3,23.99,0
22628,1687,46,3,252.91,0
22629,595,178,5,308.38,5
22630,9633,212,4,324.30,0
22631,1513,116,4,368.79,15
22632,1442,176,5,367.34,5
22633,686,167,1,245.05,15
22634,101,46,4,252.91,10
22635,6591,123,5,106.64,0
22636,1090,285,5,258.56,0
22637,9076,53,4,200.65,0
22638,1324,291,1,25.51,5
22639,1602,32,3,318.14,10
22640,7379,71,3,167.32,0
22641,5320,79,3,19.52,5
22642,7919,243,2,297.01,15
22643,5711,288,4,66.37,0
22644,4411,150,4,181.60,0
22645,2945,199,3,378.96,15
22646,4584,11,3,176.97,0
22647,876,2,4,340.09,0
22648,3623,243,1,297.01,10
22649,2795,45,4,382.91,0
22650,2004,110,5,326.74,0
22651,2645,227,1,303.25,0
22652,2711,121,3,251.05,0
22653,3509,51,4,340.30,15
22654,5243,247,3,202.30,0
22655,9485,92,2,50.16,0
22656,9171,68,3,277.33,0
22657,2101,84,3,124.05,15
22658,9021,52,2,51.91,0
22659,3555,162,3,270.73,0
22660,5686,212,4,324.30,0
22661,4157,112,5,121.23,15
22662,8080,175,5,372.30,0
22663,2094,11,1,176.97,5
22664,8598,255,2,339.07,0
22665,4226,280,4,319.72,0
22666,7064,210,3,211.85,0
22667,8209,108,1,261.20,15
22668,2936,188,5,61.43,0
22669,2914,78,4,33.23,0
22670,5033,23,3,393.39,10
22671,6280,109,1,97.22,0
22672,7287,41,1,89.26,0
22673,7499,185,4,48.99,0
22674,5795,94,1,66.86,0
22675,8169,237,2,199.63,0
22676,6283,157,5,87.60,15
22677,4547,199,1,378.96,0
22678,3939,224,2,8.13,0
22679,347,202,1,268.66,0
22680,356,57,4,140.14,15
22681,5173,165,4,273.91,5
22682,3582,222,5,345.59,0
22683,8500,220,2,131.34,10
22684,548,141,3,53.20,0
22685,8241,130,1,200.63,10
22686,8620,260,4,294.26,0
22687,2850,50,2,311.33,0
22688,6214,15,3,254.29,15
22689,9040,208,3,389.11,0
22690,80,297,5,30.06,0
22691,4175,272,3,120.04,5
22692,328,61,2,175.74,0
22693,9743,238,1,200.57,5
22694,8804,58,2,218.95,0
22695,4484,160,2,132.63,10
22696,9269,26,5,122.89,15
22697,31,109,4,97.22,10
22698,9257,170,2,67.45,0
22699,7711,92,5,50.16,5
22700,4235,35,1,335.83,15
22701,946,296,2,93.52,15
22702,9029,15,5,254.29,0
22703,9129,172,1,43.91,15
22704,8412,125,5,327.79,0
22705,3792,229,3,324.76,10
22706,8421,233,2,245.00,0
22707,3718,180,1,323.47,0
22708,3292,155,3,190.98,0
22709,5589,6,1,190.26,15
22710,3735,94,1,66.86,10
22711,5957,19,3,20.40,5
22712,9218,272,3,120.04,0
22713,1204,121,2,251.05,0
22714,2913,121,3,251.05,5
22715,6914,150,2,181.60,0
22716,5832,96,1,264.06,5
22717,8405,290,4,25.70,10
22718,1854,159,3,217.33,0
22719,4055,256,1,343.78,0
22720,4594,281,4,263.43,0
22721,4269,126,4,68.11,15
22722,4547,52,3,51.91,0
22723,6519,149,2,70.07,0
22724,9198,269,4,79.59,15
22725,3031,86,1,365.04,5
22726,5231,287,1,257.71,15
22727,3249,186,5,146.92,0
22728,4938,166,3,314.43,5
22729,127,7,3,263.49,10
22730,7913,163,2,20.58,5
22731,9013,183,4,78.33,5
22732,8905,152,5,359.63,0
22733,6840,62,4,78.99,0
22734,9293,213,4,37.84,15
22735,9143,101,1,167.15,0
22736,8629,75,3,347.15,0
22737,8709,165,4,273.91,0
22738,2462,266,4,7.51,0
22739,8911,130,3,200.63,10
22740,8048,181,4,259.05,10
22741,1420,54,5,316.28,15
22742,4564,194,5,212.39,15
22743,6683,39,3,49.89,5
22744,4246,145,5,94.23,5
22745,4144,269,3,79.59,0
22746,1230,186,5,146.92,10
22747,6047,88,2,42.74,15
22748,1640,144,1,321.56,10
22749,5676,231,1,64.44,0
22750,9389,178,2,308.38,0
22751,1805,151,5,214.50,0
22752,3031,153,3,174.41,0
22753,862,57,1,140.14,10
22754,7427,221,1,33.76,0
22755,1594,246,4,62.04,15
22756,7171,223,1,23.99,10
22757,4186,218,3,385.74,0
22758,1750,162,3,270.73,0
22759,2435,126,5,68.11,15
22760,5850,274,5,53.21,0
22761,9509,48,1,72.09,0
22762,7197,95,3,69.49,15
22763,6616,245,2,310.10,10
22764,7253,61,4,175.74,10
22765,6979,21,2,299.77,0
22766,8175,65,3,76.41,0
22767,3313,60,1,275.96,5
22768,3870,27,1,65.87,0
22769,9452,264,5,38.50,15
22770,402,63,4,199.37,10
22771,9317,109,5,97.22,5
22772,5996,55,2,396.81,0
22773,1609,156,5,344.64,5
22774,2567,150,4,181.60,10
22775,8403,221,1,33.76,5
22776,624,199,2,378.96,0
22777,4472,170,1,67.45,0
22778,291,147,2,344.67,0
22779,5798,77,5,338.07,0
22780,7709,264,3,38.50,5
22781,4841,132,2,356.02,5
22782,9264,37,2,258.60,0
22783,9070,107,5,65.37,10
22784,6753,23,2,393.39,0
22785,395,165,4,273.91,0
22786,541,284,5,111.58,0
22787,9599,281,2,263.43,15
22788,5984,92,3,50.16,5
22789,9881,202,1,268.66,10
22790,4701,187,5,234.45,5
22791,5627,194,5,212.39,0
22792,8152,202,2,268.66,10
22793,2947,155,5,190.98,0
22794,1124,241,4,101.41,5
22795,8468,189,3,299.32,5
22796,2476,251,4,113.15,5
22797,9698,101,2,167.15,0
22798,320,254,5,396.05,5
22799,3959,148,1,119.97,0
22800,141,200,1,67.84,5
22801,407,205,4,150.21,5
22802,9595,239,3,320.95,0
22803,7795,203,5,6.30,0
22804,7573,150,5,181.60,10
22805,920,243,2,297.01,15
22806,772,285,1,258.56,5
22807,8889,65,1,76.41,5
22808,9782,206,1,31.78,0
22809,3162,57,5,140.14,5
22810,4435,300,1,60.59,0
22811,3026,193,3,85.60,0
22812,1438,125,4,327.79,15
22813,9945,228,3,335.11,5
22814,7149,79,5,19.52,15
22815,8480,68,5,277.33,0
22816,9061,229,1,324.76,5
22817,6555,21,5,299.77,0
22818,7894,55,1,396.81,5
22819,2816,167,5,245.05,0
22820,9971,173,4,178.93,15
22821,1692,293,5,58.98,0
22822,7327,250,5,178.43,0
22823,6406,17,5,353.82,0
22824,1072,180,4,323.47,5
22825,9017,263,1,116.93,15
22826,7216,17,2,353.82,5
22827,683,139,1,321.64,0
22828,6795,22,5,193.70,0
22829,8819,195,4,282.87,15
22830,5388,199,4,378.96,0
22831,8856,200,4,67.84,5
22832,1024,280,1,319.72,5
22833,4986,126,5,68.11,0
22834,6881,78,2,33.23,0
22835,330,94,4,66.86,0
22836,9358,107,1,65.37,5
22837,4218,73,5,222.38,0
22838,3125,57,1,140.14,15
22839,1300,276,1,342.04,10
22840,2319,229,4,324.76,5
22841,4054,173,5,178.93,5
22842,7713,141,5,53.20,0
22843,3094,75,2,347.15,0
22844,3854,170,2,67.45,0
22845,6166,263,3,116.93,5
22846,8841,266,5,7.51,5
22847,6646,157,4,87.60,0
22848,5161,208,3,389.11,0
22849,5327,95,2,69.49,0
22850,7041,296,3,93.52,10
22851,5342,188,4,61.43,0
22852,66,12,2,161.29,10
22853,8478,267,3,208.17,0
22854,1096,235,5,43.63,0
22855,3028,223,5,23.99,5
22856,2023,106,2,66.50,5
22857,7485,288,4,66.37,10
22858,3858,88,2,42.74,10
22859,5533,130,4,200.63,0
22860,2510,241,1,101.41,0
22861,6054,294,1,200.35,0
22862,2630,115,2,353.64,15
22863,2709,127,3,126.84,10
22864,7637,267,5,208.17,0
22865,2047,45,2,382.91,5
22866,1186,188,4,61.43,0
22867,5541,14,5,106.54,10
22868,955,69,4,156.10,15
22869,8911,115,2,353.64,5
22870,6952,26,1,122.89,0
22871,1708,248,4,149.84,15
22872,3622,5,4,235.25,0
22873,8935,277,2,219.37,5
22874,4177,254,1,396.05,15
22875,3787,29,1,34.87,10
22876,8959,103,4,252.38,0
22877,5817,270,5,246.69,0
22878,9893,192,2,90.00,5
22879,7027,102,1,102.20,15
22880,3486,63,4,199.37,0
22881,2691,45,3,382.91,0
22882,692,286,1,362.28,10
22883,5448,20,4,344.16,0
22884,9965,141,4,53.20,0
22885,2422,84,5,124.05,0
22886,8244,216,1,301.09,0
22887,5454,300,5,60.59,10
22888,2126,266,4,7.51,0
22889,91,154,4,343.92,0
22890,9572,265,5,366.02,10
22891,410,230,5,323.29,15
22892,6111,150,2,181.60,5
22893,8877,231,3,64.44,10
22894,7305,43,5,232.40,0
22895,9335,187,1,234.45,15
22896,1070,85,1,114.41,0
22897,8044,203,5,6.30,10
22898,4464,267,1,208.17,0
22899,2438,94,4,66.86,0
22900,2890,255,3,339.07,0
22901,2160,233,1,245.00,10
22902,3465,130,1,200.63,10
22903,9043,191,2,226.42,0
22904,4311,173,4,178.93,5
22905,5011,175,1,372.30,10
22906,5643,209,2,188.28,0
22907,6952,253,3,286.72,0
22908,8508,113,4,75.33,0
22909,2499,158,5,214.14,10
22910,5907,70,5,315.23,15
22911,4575,78,4,33.23,10
22912,6913,163,2,20.58,15
22913,3722,107,3,65.37,10
22914,3138,190,5,22.53,0
22915,767,184,2,200.81,10
22916,1007,135,5,387.74,15
22917,4715,199,1,378.96,0
22918,863,242,2,67.91,0
22919,2370,209,5,188.28,5
22920,11,86,3,365.04,0
22921,4012,9,2,150.86,5
22922,2441,206,4,31.78,5
22923,6750,229,4,324.76,0
22924,4507,146,3,44.01,0
22925,520,255,1,339.07,15
22926,5737,10,3,228.01,0
22927,837,43,4,232.40,15
22928,7656,6,3,190.26,0
22929,7322,205,1,150.21,0
22930,365,252,1,24.03,5
22931,749,89,1,285.99,0
22932,1291,254,5,396.05,0
22933,1605,24,5,74.40,0
22934,4487,179,1,237.43,10
22935,5838,281,5,263.43,0
22936,4156,181,3,259.05,0
22937,2353,32,5,318.14,0
22938,3315,99,5,283.04,5
22939,4041,161,5,291.83,0
22940,8681,251,4,113.15,0
22941,2578,141,3,53.20,0
22942,1092,250,5,178.43,10
22943,7662,43,1,232.40,10
22944,2414,116,3,368.79,15
22945,3097,189,2,299.32,0
22946,7235,279,5,313.02,0
22947,4706,114,4,156.49,15
22948,1638,217,3,395.04,10
22949,5272,1,2,281.65,0
22950,431,231,1,64.44,5
22951,624,73,2,222.38,10
22952,1884,236,2,383.46,0
22953,6203,224,2,8.13,15
22954,99,70,1,315.23,10
22955,880,8,5,357.93,15
22956,1935,11,1,176.97,0
22957,9721,246,1,62.04,0
22958,9349,179,5,237.43,5
22959,2170,3,3,369.07,10
22960,5923,207,5,326.57,10
22961,7963,149,4,70.07,15
22962,9949,62,4,78.99,0
22963,7179,99,1,283.04,0
22964,1323,294,4,200.35,15
22965,8812,91,3,371.67,0
22966,5607,225,4,338.57,0
22967,1981,139,5,321.64,5
22968,2529,137,3,288.60,10
22969,1294,46,1,252.91,5
22970,8232,146,4,44.01,5
22971,9773,189,5,299.32,5
22972,6363,1,3,281.65,10
22973,8379,199,2,378.96,0
22974,277,82,5,278.93,0
22975,6986,77,1,338.07,0
22976,2773,76,4,297.26,0
22977,8160,232,4,182.33,10
22978,1801,199,2,378.96,0
22979,711,22,5,193.70,10
22980,4112,219,3,30.27,10
22981,3048,161,4,291.83,5
22982,3622,83,3,80.10,15
22983,4422,95,1,69.49,5
22984,7608,137,5,288.60,0
22985,7178,156,4,344.64,10
22986,9674,185,4,48.99,0
22987,6835,67,3,134.74,0
22988,7411,267,2,208.17,5
22989,1411,101,3,167.15,15
22990,6901,208,2,389.11,0
22991,6521,157,4,87.60,0
22992,2134,230,4,323.29,5
22993,4301,120,4,388.54,0
22994,2902,236,4,383.46,10
22995,6160,180,2,323.47,15
22996,7635,105,3,338.11,15
22997,2492,185,3,48.99,10
22998,2807,300,2,60.59,0
22999,5491,184,1,200.81,10
23000,1303,117,4,350.39,0
23001,7235,61,4,175.74,0
23002,1049,58,1,218.95,10
23003,6310,207,5,326.57,5
23004,6932,122,1,222.97,0
23005,9026,89,2,285.99,0
23006,2334,120,4,388.54,0
23007,4300,59,1,213.06,15
23008,2706,158,1,214.14,15
23009,5585,85,3,114.41,10
23010,6765,205,2,150.21,0
23011,3117,223,2,23.99,15
23012,5878,280,5,319.72,0
23013,9408,201,2,68.26,0
23014,1832,80,4,392.68,15
23015,2549,239,3,320.95,10
23016,7982,97,3,234.59,0
23017,2879,7,4,263.49,0
23018,8089,45,2,382.91,10
23019,2125,232,1,182.33,5
23020,9485,225,2,338.57,5
23021,6837,247,4,202.30,0
23022,7620,245,5,310.10,0
23023,1616,91,5,371.67,15
23024,5436,144,3,321.56,5
23025,4189,278,2,334.45,0
23026,8403,112,4,121.23,0
23027,9750,173,1,178.93,10
23028,8384,258,2,171.69,10
23029,8286,36,2,229.35,0
23030,9586,113,2,75.33,0
23031,9960,208,1,389.11,15
23032,65,265,1,366.02,5
23033,1993,44,5,57.92,5
23034,632,273,4,341.96,10
23035,1901,250,2,178.43,10
23036,9789,6,3,190.26,10
23037,9516,217,4,395.04,0
23038,2205,185,1,48.99,5
23039,7590,65,1,76.41,0
23040,164,193,1,85.60,15
23041,1558,55,4,396.81,5
23042,4282,154,5,343.92,10
23043,3188,143,1,374.36,0
23044,1116,116,5,368.79,0
23045,9738,40,1,226.87,15
23046,3941,101,2,167.15,0
23047,581,112,4,121.23,0
23048,7487,47,2,202.34,15
23049,5320,46,2,252.91,0
23050,6545,9,1,150.86,10
23051,2054,281,3,263.43,10
23052,7863,144,1,321.56,0
23053,4434,216,5,301.09,0
23054,7767,119,3,86.31,0
23055,2652,298,5,253.90,15
23056,7245,66,4,206.27,0
23057,6906,22,4,193.70,0
23058,4937,40,1,226.87,0
23059,1850,219,2,30.27,0
23060,35,18,2,318.44,0
23061,871,17,2,353.82,5
23062,4423,18,1,318.44,0
23063,575,219,4,30.27,0
23064,1218,178,5,308.38,10
23065,9997,100,5,371.65,0
23066,5841,98,3,115.13,0
23067,7080,4,5,296.68,15
23068,6981,99,1,283.04,15
23069,9820,60,2,275.96,10
23070,6136,261,2,297.20,15
23071,5031,255,5,339.07,0
23072,9353,9,3,150.86,0
23073,1875,175,2,372.30,10
23074,6908,22,1,193.70,15
23075,3601,50,3,311.33,0
23076,3544,90,3,206.30,5
23077,1611,248,2,149.84,0
23078,7298,201,2,68.26,5
23079,5982,222,3,345.59,5
23080,3141,55,3,396.81,10
23081,2353,23,5,393.39,0
23082,8502,231,2,64.44,0
23083,4062,218,2,385.74,15
23084,637,262,5,265.12,5
23085,6291,35,5,335.83,0
23086,7203,223,4,23.99,10
23087,6077,92,3,50.16,10
23088,9048,151,1,214.50,0
23089,6585,166,1,314.43,0
23090,6161,73,4,222.38,0
23091,3864,13,1,97.73,15
23092,6115,9,3,150.86,0
23093,2255,206,3,31.78,0
23094,8014,82,2,278.93,10
23095,444,70,4,315.23,0
23096,1581,300,2,60.59,10
23097,721,187,4,234.45,0
23098,4080,71,5,167.32,0
23099,8793,33,3,330.23,15
23100,5470,275,3,59.35,0
23101,4359,141,2,53.20,0
23102,300,56,4,372.10,0
23103,7048,139,1,321.64,0
23104,1684,188,1,61.43,0
23105,3417,114,5,156.49,5
23106,1079,16,3,386.04,5
23107,1861,238,1,200.57,0
23108,9654,152,2,359.63,15
23109,6134,270,3,246.69,0
23110,162,101,1,167.15,5
23111,2911,198,4,116.63,0
23112,570,177,5,218.39,0
23113,1221,244,3,146.67,0
23114,3113,135,4,387.74,5
23115,7820,199,3,378.96,5
23116,3375,139,3,321.64,0
23117,3286,140,5,120.30,10
23118,2616,148,5,119.97,0
23119,1333,226,5,348.65,15
23120,9499,244,5,146.67,0
23121,3202,277,2,219.37,5
23122,280,180,5,323.47,5
23123,7107,148,5,119.97,0
23124,7521,136,1,222.85,15
23125,5357,172,2,43.91,10
23126,4877,188,3,61.43,0
23127,9157,207,4,326.57,10
23128,632,286,4,362.28,0
23129,9529,86,5,365.04,0
23130,9441,109,1,97.22,0
23131,8505,17,2,353.82,10
23132,6678,63,5,199.37,5
23133,239,158,1,214.14,0
23134,2893,163,5,20.58,0
23135,6699,14,3,106.54,10
23136,2111,223,1,23.99,0
23137,8368,193,3,85.60,5
23138,10000,261,2,297.20,5
23139,9084,13,4,97.73,10
23140,75,187,5,234.45,5
23141,3125,235,3,43.63,0
23142,1365,32,5,318.14,15
23143,4440,106,1,66.50,0
23144,4105,60,2,275.96,0
23145,4138,71,3,167.32,5
23146,5234,125,4,327.79,0
23147,51,41,3,89.26,5
23148,9445,229,5,324.76,0
23149,9984,297,3,30.06,0
23150,3126,209,2,188.28,0
23151,1970,14,4,106.54,0
23152,6843,173,1,178.93,10
23153,8536,145,5,94.23,5
23154,406,289,4,90.69,10
23155,8155,281,2,263.43,0
23156,101,168,4,156.48,5
23157,4431,258,3,171.69,0
23158,3469,262,5,265.12,0
23159,5680,287,3,257.71,0
23160,5948,181,5,259.05,5
23161,3248,20,2,344.16,5
23162,9270,177,1,218.39,10
23163,6895,127,1,126.84,0
23164,5879,282,1,381.21,5
23165,3671,126,1,68.11,0
23166,8073,180,2,323.47,5
23167,8496,104,4,188.19,5
23168,2325,238,3,200.57,0
23169,3689,4,1,296.68,10
23170,8121,122,3,222.97,15
23171,1831,162,3,270.73,5
23172,5392,289,1,90.69,10
23173,6673,23,1,393.39,5
23174,9123,41,2,89.26,0
23175,6833,281,5,263.43,15
23176,9321,67,3,134.74,10
23177,3557,258,3,171.69,10
23178,7394,105,4,338.11,15
23179,6045,257,4,63.30,10
23180,7546,181,4,259.05,0
23181,8696,167,5,245.05,10
23182,7201,276,1,342.04,10
23183,869,155,2,190.98,0
23184,204,4,1,296.68,0
23185,1699,82,2,278.93,0
23186,3062,188,1,61.43,0
23187,1084,205,3,150.21,5
23188,3695,73,3,222.38,5
23189,799,117,2,350.39,15
23190,8259,273,3,341.96,0
23191,8934,87,3,84.63,5
23192,5373,7,3,263.49,0
23193,1089,221,5,33.76,0
23194,1958,59,1,213.06,0
23195,5787,293,3,58.98,0
23196,3728,141,1,53.20,10
23197,5760,266,4,7.51,15
23198,9862,67,1,134.74,5
23199,7680,102,3,102.20,10
23200,7443,219,2,30.27,0
23201,6522,233,1,245.00,0
23202,8369,111,1,225.30,0
23203,4486,230,5,323.29,0
23204,826,232,2,182.33,5
23205,3882,270,1,246.69,15
23206,7744,90,4,206.30,0
23207,2998,130,4,200.63,10
23208,6968,122,2,222.97,0
23209,3023,167,4,245.05,10
23210,7221,175,2,372.30,0
23211,8844,2,5,340.09,15
23212,6022,120,5,388.54,0
23213,4670,249,2,124.21,0
23214,4713,229,2,324.76,0
23215,3719,44,5,57.92,0
23216,5955,170,1,67.45,10
23217,7179,184,5,200.81,0
23218,5984,298,4,253.90,0
23219,8763,148,3,119.97,15
23220,9918,277,2,219.37,5
23221,2866,29,4,34.87,0
23222,4294,108,1,261.20,0
23223,5287,260,2,294.26,0
23224,7459,125,3,327.79,5
23225,1180,19,2,20.40,15
23226,97,290,2,25.70,0
23227,9846,118,5,351.34,10
23228,2508,195,1,282.87,0
23229,5097,142,1,249.44,0
23230,4466,256,2,343.78,0
23231,1494,50,4,311.33,0
23232,9854,251,3,113.15,0
23233,7141,175,3,372.30,0
23234,8412,169,5,65.85,0
23235,6000,24,1,74.40,5
23236,6902,131,5,91.11,5
23237,1644,156,1,344.64,0
23238,1930,82,3,278.93,10
23239,2219,238,5,200.57,0
23240,9806,205,2,150.21,0
23241,7387,287,3,257.71,5
23242,1402,9,3,150.86,0
23243,6811,76,3,297.26,0
23244,1549,10,3,228.01,5
23245,8365,104,4,188.19,0
23246,1239,147,1,344.67,5
23247,3463,130,5,200.63,0
23248,3403,29,2,34.87,5
23249,6715,220,1,131.34,10
23250,3784,142,1,249.44,0
23251,6561,124,2,320.32,0
23252,9679,183,2,78.33,0
23253,1702,40,2,226.87,0
23254,6475,174,4,232.35,15
23255,5225,296,4,93.52,10
23256,1160,168,3,156.48,15
23257,6132,219,5,30.27,15
23258,2849,266,1,7.51,0
23259,2582,138,5,331.78,0
23260,9365,107,2,65.37,0
23261,5567,126,4,68.11,0
23262,1302,236,5,383.46,15
23263,3443,238,1,200.57,15
23264,8130,103,3,252.38,10
23265,7299,191,3,226.42,5
23266,2439,37,1,258.60,0
23267,4423,126,4,68.11,0
23268,105,296,2,93.52,15
23269,9366,6,4,190.26,15
23270,8229,299,1,277.33,15
23271,7953,252,4,24.03,15
23272,8427,17,1,353.82,0
23273,6553,281,3,263.43,15
23274,7687,119,4,86.31,10
23275,4244,249,4,124.21,0
23276,3953,82,1,278.93,10
23277,7983,221,5,33.76,0
23278,885,70,1,315.23,0
23279,7043,164,2,395.54,0
23280,4261,75,5,347.15,0
23281,7408,139,4,321.64,10
23282,4445,214,1,163.02,5
23283,6729,151,5,214.50,10
23284,9560,12,2,161.29,0
23285,383,81,5,191.34,5
23286,4452,254,2,396.05,0
23287,4321,165,2,273.91,0
23288,6273,74,4,224.24,15
23289,9901,149,4,70.07,0
23290,5443,146,2,44.01,0
23291,9844,84,1,124.05,0
23292,8092,278,5,334.45,0
23293,5478,152,2,359.63,5
23294,7148,207,5,326.57,5
23295,8742,94,3,66.86,0
23296,836,261,2,297.20,10
23297,9678,33,4,330.23,15
23298,8621,215,5,252.10,10
23299,7227,31,3,136.27,5
23300,4536,295,3,307.36,10
23301,2944,266,2,7.51,15
23302,8286,253,1,286.72,0
23303,8988,117,4,350.39,5
23304,1584,194,3,212.39,15
23305,6800,37,1,258.60,0
23306,1631,5,5,235.25,5
23307,2715,232,5,182.33,10
23308,1284,244,5,146.67,15
23309,7781,226,5,348.65,0
23310,6709,60,5,275.96,5
23311,6310,288,2,66.37,0
23312,5654,63,3,199.37,15
23313,316,198,5,116.63,15
23314,6560,188,2,61.43,0
23315,1789,69,3,156.10,5
23316,8133,256,5,343.78,5
23317,7333,150,1,181.60,15
23318,811,83,5,80.10,10
23319,3138,23,5,393.39,5
23320,4707,66,5,206.27,15
23321,3402,273,4,341.96,0
23322,9907,81,1,191.34,10
23323,5653,100,5,371.65,0
23324,7126,105,1,338.11,0
23325,4566,242,4,67.91,0
23326,3485,92,3,50.16,0
23327,4565,254,3,396.05,15
23328,6885,25,5,157.60,0
23329,6237,195,3,282.87,0
23330,4984,114,5,156.49,0
23331,2959,77,4,338.07,0
23332,3705,58,1,218.95,10
23333,8944,220,2,131.34,10
23334,1559,106,5,66.50,5
23335,9306,51,4,340.30,5
23336,6581,297,5,30.06,15
23337,1274,159,4,217.33,10
23338,2115,230,3,323.29,10
23339,601,285,2,258.56,0
23340,656,239,5,320.95,15
23341,951,154,5,343.92,0
23342,4923,89,1,285.99,0
23343,5566,21,3,299.77,0
23344,5968,133,3,47.71,5
23345,1552,138,5,331.78,0
23346,1816,174,2,232.35,0
23347,6232,153,1,174.41,0
23348,8347,92,4,50.16,15
23349,497,10,5,228.01,5
23350,8033,90,5,206.30,5
23351,2313,173,2,178.93,15
23352,2158,49,5,123.44,0
23353,6419,161,4,291.83,0
23354,5796,145,2,94.23,0
23355,8556,128,3,220.39,10
23356,6014,246,3,62.04,5
23357,4581,131,5,91.11,0
23358,2619,65,5,76.41,0
23359,5685,216,3,301.09,0
23360,1616,260,2,294.26,15
23361,480,99,5,283.04,0
23362,2388,256,1,343.78,0
23363,5700,66,4,206.27,0
23364,4090,35,2,335.83,0
23365,8307,56,3,372.10,5
23366,1422,46,4,252.91,0
23367,2391,89,5,285.99,0
23368,77,185,1,48.99,15
23369,6174,283,5,390.13,10
23370,3837,168,5,156.48,10
23371,4407,193,4,85.60,5
23372,5473,104,1,188.19,0
23373,4687,225,1,338.57,5
23374,8194,5,2,235.25,15
23375,9084,219,2,30.27,0
23376,9401,218,1,385.74,0
23377,7666,142,2,249.44,0
23378,2994,173,1,178.93,10
23379,4046,56,3,372.10,10
23380,9757,70,4,315.23,0
23381,1407,44,5,57.92,0
23382,3774,5,1,235.25,10
23383,3248,177,5,218.39,0
23384,7508,268,4,226.31,10
23385,5959,197,5,208.34,10
23386,3583,67,4,134.74,5
23387,7380,181,3,259.05,15
23388,9637,141,4,53.20,0
23389,9775,60,2,275.96,15
23390,7122,203,5,6.30,0
23391,6811,26,1,122.89,10
23392,9862,200,4,67.84,0
23393,2750,204,5,197.94,10
23394,962,176,3,367.34,5
23395,5306,95,2,69.49,0
23396,4656,222,5,345.59,15
23397,9620,177,5,218.39,0
23398,848,276,2,342.04,10
23399,3278,218,4,385.74,0
23400,3524,24,5,74.40,0
23401,5453,277,1,219.37,10
23402,7998,263,2,116.93,15
23403,8574,106,2,66.50,0
23404,6653,27,3,65.87,0
23405,7822,16,1,386.04,0
23406,412,266,2,7.51,15
23407,6962,271,2,327.62,0
23408,8225,180,1,323.47,10
23409,1737,265,2,366.02,0
23410,4816,129,4,265.34,10
23411,7079,279,3,313.02,15
23412,6993,225,1,338.57,5
23413,6660,59,4,213.06,0
23414,4439,199,4,378.96,0
23415,2191,298,2,253.90,5
23416,7519,172,3,43.91,5
23417,7790,296,4,93.52,15
23418,4757,147,5,344.67,15
23419,4046,1,4,281.65,5
23420,2638,221,4,33.76,10
23421,4556,154,5,343.92,10
23422,5762,154,2,343.92,10
23423,8354,296,2,93.52,10
23424,2588,178,3,308.38,15
23425,5649,212,3,324.30,0
23426,7473,11,4,176.97,0
23427,6373,64,4,245.58,15
23428,7914,1,3,281.65,10
23429,1531,71,1,167.32,0
23430,6312,22,4,193.70,10
23431,9012,284,1,111.58,0
23432,9433,251,3,113.15,0
23433,4838,58,3,218.95,0
23434,3322,275,1,59.35,10
23435,6671,295,1,307.36,5
23436,6566,22,4,193.70,0
23437,6676,274,3,53.21,15
23438,350,279,4,313.02,0
23439,4408,54,3,316.28,15
23440,4407,128,4,220.39,0
23441,5257,75,1,347.15,0
23442,9357,139,5,321.64,0
23443,8940,53,1,200.65,5
23444,1912,57,4,140.14,5
23445,5599,233,2,245.00,10
23446,1283,226,3,348.65,5
23447,2705,291,5,25.51,0
23448,1265,194,2,212.39,10
23449,8518,196,5,160.55,0
23450,6903,228,3,335.11,15
23451,5060,70,2,315.23,0
23452,4239,25,5,157.60,15
23453,4433,253,5,286.72,0
23454,7848,82,2,278.93,0
23455,388,226,3,348.65,10
23456,9475,193,1,85.60,10
23457,4612,170,3,67.45,0
23458,2572,244,5,146.67,15
23459,6395,237,2,199.63,0
23460,3798,286,5,362.28,0
23461,8255,142,1,249.44,5
23462,8599,71,2,167.32,0
23463,5595,106,1,66.50,0
23464,2839,248,5,149.84,15
23465,9732,286,2,362.28,0
23466,9129,174,5,232.35,15
23467,6711,16,5,386.04,0
23468,2760,55,4,396.81,5
23469,6599,210,3,211.85,0
23470,6270,15,5,254.29,15
23471,4801,187,2,234.45,0
23472,6669,220,3,131.34,15
23473,5414,295,4,307.36,0
23474,8115,166,1,314.43,10
23475,5626,34,5,297.79,0
23476,359,199,5,378.96,0
23477,4178,181,1,259.05,5
23478,3422,92,4,50.16,10
23479,5249,27,3,65.87,0
23480,7030,257,4,63.30,15
23481,8072,12,3,161.29,5
23482,5705,157,3,87.60,0
23483,1588,259,3,201.35,10
23484,1566,202,2,268.66,10
23485,384,259,2,201.35,0
23486,828,69,5,156.10,10
23487,4494,122,1,222.97,0
23488,749,113,1,75.33,0
23489,6501,258,2,171.69,15
23490,8875,84,1,124.05,15
23491,1471,81,5,191.34,0
23492,397,84,5,124.05,15
23493,8170,24,5,74.40,5
23494,4827,77,2,338.07,0
23495,9949,2,5,340.09,0
23496,5787,5,1,235.25,15
23497,6324,141,2,53.20,0
23498,994,104,4,188.19,10
23499,4423,227,1,303.25,0
23500,5967,24,5,74.40,0
23501,8902,234,4,268.61,5
23502,9066,93,4,28.93,10
23503,7416,123,2,106.64,5
23504,2791,267,3,208.17,15
23505,6440,257,1,63.30,5
23506,7423,91,5,371.67,0
23507,9934,25,5,157.60,0
23508,8341,176,1,367.34,0
23509,227,192,5,90.00,5
23510,8229,43,5,232.40,15
23511,1905,102,5,102.20,5
23512,395,101,2,167.15,0
23513,759,73,3,222.38,0
23514,5325,56,5,372.10,0
23515,6330,294,5,200.35,0
23516,1229,13,2,97.73,0
23517,3442,113,1,75.33,10
23518,295,135,4,387.74,5
23519,5921,101,2,167.15,15
23520,8993,195,4,282.87,0
23521,516,217,3,395.04,15
23522,6255,265,4,366.02,0
23523,563,39,1,49.89,15
23524,9640,170,1,67.45,0
23525,9228,62,5,78.99,0
23526,2344,160,1,132.63,15
23527,2402,215,2,252.10,0
23528,7659,260,4,294.26,0
23529,7909,67,3,134.74,10
23530,3972,192,5,90.00,0
23531,2224,61,4,175.74,0
23532,5505,209,2,188.28,0
23533,4587,151,4,214.50,15
23534,8614,268,3,226.31,10
23535,4662,257,2,63.30,0
23536,2706,77,3,338.07,15
23537,358,279,2,313.02,10
23538,6220,184,3,200.81,15
23539,4742,84,3,124.05,0
23540,833,249,3,124.21,0
23541,4002,71,1,167.32,10
23542,7555,48,5,72.09,0
23543,7871,72,5,370.40,10
23544,2507,148,5,119.97,0
23545,422,81,5,191.34,5
23546,1046,85,3,114.41,0
23547,7134,162,4,270.73,0
23548,9078,264,5,38.50,15
23549,1372,255,1,339.07,15
23550,9561,299,1,277.33,0
23551,8297,210,2,211.85,15
23552,5059,12,5,161.29,0
23553,9899,211,1,323.51,0
23554,2144,34,5,297.79,0
23555,2845,68,5,277.33,10
23556,6100,78,4,33.23,0
23557,6804,163,1,20.58,0
23558,409,299,1,277.33,0
23559,6791,131,3,91.11,5
23560,4755,65,2,76.41,5
23561,7233,231,1,64.44,10
23562,1741,56,5,372.10,0
23563,4670,51,1,340.30,0
23564,9543,216,5,301.09,0
23565,8421,158,3,214.14,0
23566,9084,178,5,308.38,0
23567,7472,279,5,313.02,0
23568,6475,121,2,251.05,5
23569,5585,174,1,232.35,0
23570,5370,213,3,37.84,0
23571,6395,76,4,297.26,5
23572,1923,227,5,303.25,0
23573,8530,24,1,74.40,0
23574,8232,286,5,362.28,0
23575,9226,125,5,327.79,0
23576,6973,288,1,66.37,10
23577,3692,246,1,62.04,10
23578,7581,172,2,43.91,0
23579,6732,278,3,334.45,0
23580,2179,247,5,202.30,10
23581,404,239,5,320.95,0
23582,6410,242,1,67.91,0
23583,8747,227,3,303.25,0
23584,417,268,5,226.31,5
23585,7126,49,5,123.44,15
23586,9571,15,2,254.29,0
23587,4551,240,2,117.00,5
23588,9994,278,4,334.45,15
23589,7676,91,4,371.67,10
23590,3945,285,4,258.56,10
23591,636,176,5,367.34,0
23592,5794,76,2,297.26,0
23593,4187,28,4,82.43,5
23594,7382,21,1,299.77,10
23595,1312,215,2,252.10,0
23596,6130,272,1,120.04,0
23597,6448,101,1,167.15,0
23598,2492,115,1,353.64,10
23599,6084,50,5,311.33,15
23600,7218,39,2,49.89,0
23601,310,238,3,200.57,0
23602,5713,293,1,58.98,0
23603,894,81,2,191.34,15
23604,3650,246,5,62.04,0
23605,5576,68,4,277.33,0
23606,9251,227,2,303.25,5
23607,5289,101,1,167.15,0
23608,5504,108,2,261.20,0
23609,565,181,5,259.05,0
23610,6900,266,2,7.51,15
23611,4313,240,1,117.00,0
23612,1,188,3,61.43,5
23613,7587,201,1,68.26,10
23614,5474,154,2,343.92,0
23615,1676,247,5,202.30,0
23616,7090,14,4,106.54,0
23617,4525,189,5,299.32,0
23618,599,216,4,301.09,15
23619,6648,251,4,113.15,0
23620,5828,163,2,20.58,0
23621,698,5,5,235.25,0
23622,3874,114,2,156.49,0
23623,9737,258,1,171.69,0
23624,6691,273,1,341.96,5
23625,2593,231,1,64.44,0
23626,8797,205,3,150.21,10
23627,1906,186,3,146.92,0
23628,7577,208,3,389.11,10
23629,9248,251,5,113.15,5
23630,8660,195,3,282.87,0
23631,4181,294,5,200.35,5
23632,7869,246,1,62.04,10
23633,6634,251,1,113.15,0
23634,1495,229,4,324.76,5
23635,7697,150,2,181.60,0
23636,8350,277,3,219.37,0
23637,5157,270,3,246.69,5
23638,3577,171,4,132.85,10
23639,5634,174,1,232.35,15
23640,4105,69,3,156.10,0
23641,232,92,5,50.16,10
23642,5566,43,5,232.40,0
23643,7625,51,5,340.30,5
23644,2204,195,2,282.87,5
23645,9582,76,5,297.26,10
23646,1149,237,3,199.63,0
23647,4251,26,2,122.89,5
23648,6022,283,4,390.13,10
23649,1323,52,5,51.91,0
23650,2657,244,1,146.67,15
23651,1278,14,2,106.54,10
23652,5726,10,1,228.01,10
23653,7751,182,5,183.61,0
23654,8482,189,3,299.32,5
23655,4045,45,1,382.91,5
23656,6729,80,2,392.68,5
23657,41,99,2,283.04,0
23658,6612,198,5,116.63,0
23659,9614,144,3,321.56,0
23660,362,23,5,393.39,0
23661,2345,198,1,116.63,0
23662,7569,12,4,161.29,5
23663,449,213,1,37.84,15
23664,3968,91,3,371.67,10
23665,253,49,3,123.44,10
23666,6016,183,5,78.33,0
23667,7357,297,5,30.06,15
23668,4372,105,5,338.11,0
23669,3005,25,1,157.60,15
23670,100,1,4,281.65,0
23671,8707,182,5,183.61,5
23672,5137,23,4,393.39,10
23673,7867,266,1,7.51,0
23674,4584,94,5,66.86,0
23675,5801,222,1,345.59,0
23676,9993,51,3,340.30,5
23677,3005,164,2,395.54,0
23678,1036,219,1,30.27,15
23679,9438,22,1,193.70,0
23680,5612,150,4,181.60,5
23681,7850,261,4,297.20,0
23682,2427,9,5,150.86,0
23683,5818,239,3,320.95,0
23684,5056,54,4,316.28,0
23685,2941,274,5,53.21,15
23686,897,6,2,190.26,0
23687,2162,22,3,193.70,15
23688,1158,257,2,63.30,10
23689,8569,126,4,68.11,0
23690,953,214,2,163.02,0
23691,6526,171,5,132.85,5
23692,9793,177,5,218.39,10
23693,4291,183,1,78.33,10
23694,9977,225,1,338.57,0
23695,7153,81,4,191.34,15
23696,3312,7,5,263.49,0
23697,3366,111,3,225.30,0
23698,9087,190,5,22.53,10
23699,1209,9,4,150.86,10
23700,206,289,2,90.69,0
23701,3084,164,5,395.54,0
23702,9141,106,3,66.50,15
23703,5025,188,5,61.43,0
23704,3894,179,5,237.43,10
23705,6834,122,5,222.97,0
23706,3680,279,2,313.02,15
23707,9589,65,1,76.41,0
23708,7714,189,5,299.32,15
23709,9148,211,2,323.51,0
23710,6569,181,3,259.05,10
23711,6598,225,1,338.57,15
23712,1159,155,4,190.98,0
23713,3023,28,3,82.43,10
23714,1753,160,5,132.63,15
23715,6278,46,4,252.91,0
23716,5106,97,3,234.59,0
23717,4461,92,3,50.16,0
23718,393,105,2,338.11,0
23719,1620,267,5,208.17,0
23720,4314,275,4,59.35,0
23721,2283,164,1,395.54,0
23722,7282,40,3,226.87,5
23723,7066,32,3,318.14,15
23724,4409,124,1,320.32,0
23725,7914,9,2,150.86,5
23726,5145,177,5,218.39,15
23727,4701,129,5,265.34,5
23728,7494,149,5,70.07,0
23729,9790,60,4,275.96,0
23730,3399,59,5,213.06,10
23731,6359,276,2,342.04,0
23732,6952,123,3,106.64,5
23733,3024,214,5,163.02,5
23734,7315,49,5,123.44,15
23735,782,218,2,385.74,0
23736,8437,231,1,64.44,15
23737,9614,220,3,131.34,5
23738,7433,298,3,253.90,0
23739,313,59,4,213.06,0
23740,7738,167,1,245.05,5
23741,6152,195,4,282.87,15
23742,425,131,5,91.11,5
23743,7942,100,1,371.65,0
23744,3248,108,5,261.20,0
23745,7834,5,1,235.25,0
23746,3748,225,4,338.57,15
23747,9200,186,5,146.92,0
23748,2773,25,2,157.60,0
23749,3325,261,3,297.20,0
23750,4329,230,1,323.29,0
23751,1528,72,3,370.40,0
23752,9857,249,3,124.21,0
23753,7779,64,4,245.58,15
23754,8455,229,4,324.76,10
23755,3939,253,5,286.72,0
23756,1113,92,3,50.16,15
23757,8150,297,4,30.06,0
23758,8342,61,2,175.74,5
23759,4206,136,5,222.85,0
23760,8101,275,1,59.35,0
23761,4852,76,2,297.26,15
23762,8506,188,4,61.43,10
23763,7853,194,3,212.39,15
23764,5810,196,5,160.55,0
23765,9377,66,1,206.27,0
23766,2429,89,1,285.99,0
23767,2273,169,2,65.85,0
23768,6492,190,5,22.53,0
23769,8067,213,4,37.84,5
23770,2172,177,1,218.39,10
23771,1233,218,1,385.74,0
23772,4891,187,3,234.45,0
23773,8632,186,4,146.92,0
23774,7242,280,2,319.72,10
23775,3582,43,4,232.40,10
23776,1836,28,1,82.43,0
23777,6228,279,3,313.02,0
23778,1316,255,2,339.07,0
23779,1035,176,4,367.34,5
23780,5006,37,3,258.60,5
23781,8257,21,4,299.77,5
23782,546,120,3,388.54,0
23783,1602,11,1,176.97,15
23784,107,70,3,315.23,0
23785,1550,156,5,344.64,10
23786,8058,226,3,348.65,10
23787,303,232,4,182.33,15
23788,1513,41,3,89.26,10
23789,7796,135,3,387.74,15
23790,3328,147,1,344.67,15
23791,1669,189,5,299.32,0
23792,7525,151,5,214.50,0
23793,585,121,5,251.05,0
23794,7755,35,3,335.83,0
23795,8960,32,5,318.14,0
23796,7977,33,2,330.23,0
23797,1011,84,4,124.05,0
23798,5794,45,5,382.91,5
23799,5347,196,1,160.55,5
23800,3350,283,4,390.13,0
23801,1173,10,1,228.01,0
23802,9690,126,1,68.11,0
23803,8,215,4,252.10,0
23804,7115,54,2,316.28,15
23805,5352,98,5,115.13,0
23806,3321,149,5,70.07,15
23807,896,288,2,66.37,0
23808,2939,265,3,366.02,0
23809,8645,115,5,353.64,5
23810,8872,3,3,369.07,10
23811,220,52,2,51.91,0
23812,154,180,3,323.47,0
23813,1915,187,3,234.45,5
23814,7583,272,2,120.04,0
23815,5401,113,3,75.33,0
23816,6488,4,1,296.68,0
23817,6093,229,5,324.76,15
23818,4333,101,4,167.15,0
23819,8904,40,2,226.87,5
23820,1421,88,3,42.74,0
23821,75,246,5,62.04,0
23822,6928,261,1,297.20,0
23823,4265,90,1,206.30,0
23824,2568,287,5,257.71,0
23825,1093,274,4,53.21,0
23826,1651,163,3,20.58,0
23827,1058,114,5,156.49,0
23828,7832,1,2,281.65,10
23829,1439,50,4,311.33,10
23830,7096,232,5,182.33,5
23831,1146,15,5,254.29,0
23832,1087,34,5,297.79,0
23833,2653,161,1,291.83,0
23834,7268,128,2,220.39,15
23835,6037,115,2,353.64,10
23836,6867,285,2,258.56,10
23837,9432,85,4,114.41,0
23838,1948,30,4,190.99,10
23839,5360,81,4,191.34,0
23840,9818,188,3,61.43,0
23841,5851,224,4,8.13,10
23842,6199,197,3,208.34,15
23843,319,280,2,319.72,0
23844,5891,281,1,263.43,15
23845,7285,167,1,245.05,5
23846,7731,196,5,160.55,15
23847,1914,151,1,214.50,5
23848,9384,53,4,200.65,0
23849,7470,245,2,310.10,0
23850,4765,69,5,156.10,15
23851,191,227,4,303.25,0
23852,4973,45,1,382.91,10
23853,4787,247,1,202.30,5
23854,1679,136,2,222.85,0
23855,9504,59,2,213.06,5
23856,8316,14,5,106.54,0
23857,3411,259,4,201.35,15
23858,6518,189,5,299.32,15
23859,9076,210,1,211.85,10
23860,4363,272,3,120.04,10
23861,9066,172,1,43.91,0
23862,5336,96,5,264.06,10
23863,6651,55,4,396.81,15
23864,5906,249,3,124.21,0
23865,9971,169,4,65.85,10
23866,5591,72,2,370.40,0
23867,7979,190,1,22.53,10
23868,9008,222,3,345.59,0
23869,8117,274,4,53.21,0
23870,9306,197,2,208.34,15
23871,6843,237,2,199.63,15
23872,2816,260,3,294.26,0
23873,1288,28,1,82.43,0
23874,5684,258,5,171.69,0
23875,6939,33,5,330.23,0
23876,2712,210,4,211.85,5
23877,1583,122,3,222.97,0
23878,2491,136,4,222.85,0
23879,268,102,5,102.20,0
23880,8385,286,3,362.28,0
23881,9922,97,5,234.59,0
23882,4537,216,2,301.09,15
23883,7506,228,1,335.11,0
23884,3709,255,5,339.07,0
23885,7516,192,4,90.00,0
23886,1664,236,2,383.46,0
23887,6872,213,1,37.84,0
23888,9348,112,5,121.23,0
23889,6821,154,4,343.92,10
23890,1440,29,4,34.87,10
23891,4897,235,3,43.63,0
23892,3535,170,4,67.45,15
23893,8001,198,2,116.63,0
23894,4927,46,3,252.91,0
23895,6819,165,4,273.91,15
23896,6288,106,1,66.50,0
23897,6157,252,3,24.03,0
23898,9079,163,5,20.58,5
23899,7208,179,3,237.43,10
23900,9159,4,4,296.68,0
23901,6034,28,3,82.43,5
23902,96,39,3,49.89,0
23903,9170,258,1,171.69,5
23904,1011,28,1,82.43,5
23905,2320,50,5,311.33,0
23906,7587,271,3,327.62,10
23907,8092,241,2,101.41,5
23908,4377,47,2,202.34,10
23909,7346,292,2,136.17,10
23910,9798,31,2,136.27,5
23911,5176,116,1,368.79,10
23912,9418,25,1,157.60,5
23913,1501,258,5,171.69,0
23914,2468,133,3,47.71,15
23915,8877,184,2,200.81,0
23916,1357,239,3,320.95,10
23917,9635,109,1,97.22,0
23918,6760,107,2,65.37,15
23919,7057,133,4,47.71,10
23920,6756,274,2,53.21,10
23921,2225,15,2,254.29,15
23922,1084,140,3,120.30,0
23923,7062,181,2,259.05,0
23924,8557,254,4,396.05,0
23925,5330,261,5,297.20,5
23926,8435,136,1,222.85,10
23927,837,161,2,291.83,5
23928,2630,25,3,157.60,15
23929,9591,84,5,124.05,0
23930,1642,222,5,345.59,0
23931,2334,1,2,281.65,0
23932,8095,165,3,273.91,5
23933,3804,165,2,273.91,15
23934,297,37,5,258.60,0
23935,8784,153,5,174.41,10
23936,7523,102,2,102.20,0
23937,8134,151,4,214.50,0
23938,1872,74,2,224.24,10
23939,870,286,1,362.28,10
23940,6934,62,5,78.99,5
23941,5316,214,4,163.02,10
23942,5872,262,3,265.12,0
23943,1848,279,2,313.02,10
23944,1275,131,3,91.11,0
23945,5290,77,5,338.07,0
23946,6016,31,1,136.27,0
23947,7666,139,1,321.64,0
23948,3312,146,2,44.01,15
23949,3749,260,2,294.26,15
23950,4883,77,1,338.07,0
23951,826,77,2,338.07,0
23952,7438,31,4,136.27,5
23953,9762,72,3,370.40,0
23954,7588,156,3,344.64,0
23955,3080,47,3,202.34,0
23956,5014,79,5,19.52,15
23957,7541,131,4,91.11,10
23958,5425,257,5,63.30,0
23959,2882,16,5,386.04,0
23960,9279,291,1,25.51,5
23961,2675,147,4,344.67,5
23962,2736,131,1,91.11,0
23963,6761,272,1,120.04,0
23964,1736,265,5,366.02,5
23965,6834,45,2,382.91,5
23966,7675,51,4,340.30,10
23967,6721,223,3,23.99,0
23968,2841,145,3,94.23,15
23969,5391,25,2,157.60,0
23970,2079,234,5,268.61,0
23971,7065,6,5,190.26,10
23972,8290,111,2,225.30,10
23973,3289,181,4,259.05,0
23974,7253,299,1,277.33,0
23975,9340,20,2,344.16,5
23976,7617,132,5,356.02,0
23977,3331,118,5,351.34,0
23978,4774,71,1,167.32,0
23979,8961,113,5,75.33,0
23980,1010,41,3,89.26,15
23981,6399,138,4,331.78,10
23982,9168,117,1,350.39,0
23983,5974,210,2,211.85,0
23984,4304,79,1,19.52,0
23985,3870,50,2,311.33,0
23986,3053,229,4,324.76,15
23987,2548,144,5,321.56,10
23988,7381,93,4,28.93,10
23989,9842,147,2,344.67,0
23990,2423,292,5,136.17,5
23991,3864,133,5,47.71,0
23992,1193,131,2,91.11,0
23993,1197,154,1,343.92,0
23994,9348,128,2,220.39,15
23995,7108,212,4,324.30,0
23996,2849,92,1,50.16,15
23997,9339,225,3,338.57,15
23998,2021,44,3,57.92,15
23999,5594,185,4,48.99,5
24000,6925,279,5,313.02,10
24001,6780,266,3,7.51,0
24002,2066,248,4,149.84,10
24003,8917,269,1,79.59,0
24004,4237,55,2,396.81,0
24005,9611,115,3,353.64,5
24006,9095,216,2,301.09,0
24007,4123,189,2,299.32,5
24008,7995,141,4,53.20,5
24009,8886,153,2,174.41,5
24010,10000,278,2,334.45,0
24011,9304,220,5,131.34,15
24012,5299,36,5,229.35,5
24013,2599,15,4,254.29,0
24014,8498,238,2,200.57,10
24015,8561,90,2,206.30,5
24016,7035,75,5,347.15,0
24017,3030,38,2,200.72,15
24018,74,286,4,362.28,15
24019,5860,217,4,395.04,0
24020,9345,263,1,116.93,0
24021,8120,190,2,22.53,0
24022,7237,224,4,8.13,0
24023,1664,201,3,68.26,0
24024,8194,32,3,318.14,0
24025,6609,274,5,53.21,0
24026,4814,212,1,324.30,0
24027,3455,42,3,309.17,15
24028,3149,201,4,68.26,0
24029,8464,278,2,334.45,0
24030,7236,60,5,275.96,0
24031,5400,172,5,43.91,0
24032,7024,144,4,321.56,0
24033,9383,129,3,265.34,0
24034,8628,243,1,297.01,0
24035,7096,106,1,66.50,0
24036,269,228,4,335.11,0
24037,9023,252,3,24.03,0
24038,4548,249,1,124.21,15
24039,5492,40,2,226.87,0
24040,3658,69,3,156.10,5
24041,1903,262,3,265.12,0
24042,5338,211,3,323.51,5
24043,8756,188,4,61.43,0
24044,3495,298,4,253.90,0
24045,9713,190,2,22.53,0
24046,2644,189,2,299.32,15
24047,6327,268,5,226.31,0
24048,9825,37,3,258.60,15
24049,3650,116,2,368.79,0
24050,2821,123,2,106.64,15
24051,5020,240,1,117.00,10
24052,2907,225,4,338.57,0
24053,2934,91,3,371.67,0
24054,4846,197,4,208.34,5
24055,3172,68,1,277.33,0
24056,8748,168,4,156.48,0
24057,5722,113,5,75.33,0
24058,6844,7,4,263.49,15
24059,34,85,3,114.41,0
24060,3314,160,3,132.63,0
24061,986,191,5,226.42,0
24062,5522,280,3,319.72,5
24063,6665,244,3,146.67,0
24064,4769,157,5,87.60,0
24065,2961,255,2,339.07,0
24066,1126,184,3,200.81,0
24067,1871,250,3,178.43,10
24068,4327,168,3,156.48,5
24069,2655,13,5,97.73,0
24070,9127,225,1,338.57,0
24071,4843,152,5,359.63,0
24072,6632,284,2,111.58,0
24073,5032,63,4,199.37,0
24074,3073,129,2,265.34,0
24075,5067,119,1,86.31,0
24076,5555,66,3,206.27,10
24077,9735,297,4,30.06,0
24078,5046,291,5,25.51,15
24079,880,86,3,365.04,0
24080,3101,81,2,191.34,15
24081,1044,231,3,64.44,0
24082,6791,276,3,342.04,0
24083,5038,76,1,297.26,5
24084,4867,40,2,226.87,5
24085,1623,296,2,93.52,0
24086,8170,129,5,265.34,0
24087,2545,53,1,200.65,0
24088,3233,9,4,150.86,0
24089,1401,9,3,150.86,15
24090,6677,242,5,67.91,0
24091,9798,44,5,57.92,5
24092,7858,27,1,65.87,0
24093,6817,264,1,38.50,10
24094,3254,244,2,146.67,10
24095,8964,270,5,246.69,5
24096,657,118,5,351.34,0
24097,5449,39,3,49.89,5
24098,649,257,5,63.30,15
24099,906,183,4,78.33,0
24100,1582,49,3,123.44,0
24101,1105,30,4,190.99,10
24102,9628,199,2,378.96,0
24103,6096,244,1,146.67,0
24104,6946,257,1,63.30,0
24105,2141,265,4,366.02,5
24106,431,112,2,121.23,10
24107,4599,185,2,48.99,10
24108,9417,91,4,371.67,5
24109,6781,236,1,383.46,0
24110,1607,110,1,326.74,0
24111,5517,180,1,323.47,5
24112,9918,132,2,356.02,10
24113,9854,126,1,68.11,0
24114,2724,153,4,174.41,0
24115,591,244,2,146.67,0
24116,9406,79,3,19.52,0
24117,9116,197,2,208.34,5
24118,8435,262,1,265.12,0
24119,1685,112,5,121.23,0
24120,3408,235,5,43.63,0
24121,7403,212,1,324.30,15
24122,4447,277,2,219.37,0
24123,4919,146,3,44.01,0
24124,3507,50,2,311.33,15
24125,1667,44,5,57.92,10
24126,4027,218,2,385.74,0
24127,236,208,4,389.11,15
24128,9357,48,5,72.09,0
24129,9478,65,3,76.41,0
24130,884,137,2,288.60,0
24131,3918,167,3,245.05,10
24132,8519,144,4,321.56,0
24133,5929,96,3,264.06,15
24134,8881,274,2,53.21,15
24135,6672,155,5,190.98,0
24136,6950,212,4,324.30,0
24137,6380,97,4,234.59,15
24138,2928,114,4,156.49,10
24139,7657,52,2,51.91,5
24140,6591,9,5,150.86,0
24141,860,43,3,232.40,0
24142,3788,181,4,259.05,0
24143,9106,222,2,345.59,5
24144,5740,142,3,249.44,0
24145,3085,105,3,338.11,15
24146,9531,135,5,387.74,0
24147,3723,83,5,80.10,5
24148,8420,116,1,368.79,5
24149,529,158,5,214.14,15
24150,2784,171,2,132.85,0
24151,8373,152,4,359.63,0
24152,7688,102,5,102.20,0
24153,4941,197,1,208.34,0
24154,5936,113,1,75.33,15
24155,7863,1,2,281.65,0
24156,4679,180,5,323.47,15
24157,784,50,3,311.33,15
24158,902,105,4,338.11,15
24159,9865,150,5,181.60,15
24160,8480,162,2,270.73,0
24161,2294,104,3,188.19,0
24162,158,3,3,369.07,0
24163,4943,63,4,199.37,10
24164,6118,36,5,229.35,0
24165,615,208,2,389.11,0
24166,2286,176,3,367.34,0
24167,3115,72,3,370.40,15
24168,5612,10,3,228.01,10
24169,3926,213,2,37.84,0
24170,2193,233,4,245.00,0
24171,7013,14,2,106.54,0
24172,975,176,5,367.34,5
24173,1996,157,1,87.60,5
24174,7286,140,2,120.30,5
24175,7151,187,1,234.45,10
24176,7541,225,4,338.57,15
24177,129,3,2,369.07,5
24178,1866,28,1,82.43,15
24179,1810,150,4,181.60,15
24180,2370,280,3,319.72,0
24181,9637,245,2,310.10,0
24182,7122,31,4,136.27,0
24183,1475,257,1,63.30,15
24184,9624,212,5,324.30,10
24185,224,22,4,193.70,0
24186,164,60,1,275.96,5
24187,8147,44,4,57.92,5
24188,9319,76,1,297.26,5
24189,2239,102,5,102.20,0
24190,7612,153,5,174.41,15
24191,1065,23,5,393.39,0
24192,5622,218,3,385.74,10
24193,8003,8,3,357.93,0
24194,7139,174,2,232.35,10
24195,5483,300,5,60.59,0
24196,3209,51,3,340.30,15
24197,3389,183,1,78.33,0
24198,1971,69,1,156.10,0
24199,7154,134,4,378.20,0
24200,1213,231,5,64.44,0
24201,7314,251,1,113.15,0
24202,9068,166,4,314.43,15
24203,557,21,1,299.77,0
24204,9625,293,4,58.98,5
24205,3480,273,2,341.96,10
24206,6611,136,2,222.85,5
24207,390,1,2,281.65,0
24208,4606,90,4,206.30,15
24209,2339,103,2,252.38,5
24210,2610,44,5,57.92,5
24211,9043,103,2,252.38,10
24212,1596,223,3,23.99,5
24213,1198,214,1,163.02,10
24214,2053,279,1,313.02,10
24215,5479,82,5,278.93,15
24216,6878,120,1,388.54,0
24217,2715,184,5,200.81,10
24218,6256,26,4,122.89,10
24219,3693,300,3,60.59,0
24220,9235,1,2,281.65,0
24221,7495,278,2,334.45,0
24222,6461,216,2,301.09,0
24223,626,244,5,146.67,10
24224,9313,232,5,182.33,5
24225,25,263,4,116.93,10
24226,7722,132,2,356.02,0
24227,9652,223,2,23.99,15
24228,3531,132,5,356.02,0
24229,3836,208,4,389.11,0
24230,5054,108,5,261.20,5
24231,932,83,3,80.10,0
24232,6077,156,1,344.64,10
24233,1796,281,3,263.43,0
24234,1400,186,4,146.92,0
24235,7945,277,4,219.37,0
24236,1348,84,2,124.05,0
24237,1798,84,2,124.05,0
24238,733,53,2,200.65,0
24239,9884,82,3,278.93,10
24240,3873,289,5,90.69,5
24241,9342,76,1,297.26,0
24242,3362,133,2,47.71,0
24243,2060,232,4,182.33,15
24244,4568,90,5,206.30,0
24245,827,242,1,67.91,15
24246,5407,193,1,85.60,0
24247,3832,274,2,53.21,10
24248,6798,56,1,372.10,10
24249,8775,105,1,338.11,0
24250,2166,6,1,190.26,5
24251,1056,110,5,326.74,5
24252,1777,80,5,392.68,10
24253,2490,49,4,123.44,0
24254,17,226,3,348.65,0
24255,7633,51,2,340.30,5
24256,2646,257,4,63.30,0
24257,847,177,5,218.39,10
24258,9916,237,1,199.63,15
24259,9479,188,3,61.43,0
24260,2343,72,1,370.40,0
24261,6945,252,5,24.03,5
24262,6621,11,2,176.97,0
24263,1,244,4,146.67,10
24264,7623,81,1,191.34,0
24265,8733,70,3,315.23,10
24266,9640,111,2,225.30,5
24267,1687,9,4,150.86,5
24268,4862,39,3,49.89,10
24269,7523,215,1,252.10,0
24270,974,133,3,47.71,5
24271,2617,71,1,167.32,15
24272,6001,256,4,343.78,0
24273,4011,67,4,134.74,0
24274,2604,257,3,63.30,5
24275,2669,208,2,389.11,10
24276,8965,217,1,395.04,0
24277,7239,205,2,150.21,10
24278,1334,210,3,211.85,10
24279,701,188,3,61.43,0
24280,4268,211,3,323.51,10
24281,6601,67,3,134.74,10
24282,919,198,2,116.63,10
24283,7857,55,4,396.81,15
24284,673,1,4,281.65,15
24285,6605,61,3,175.74,5
24286,6088,292,4,136.17,0
24287,1705,78,2,33.23,0
24288,1450,260,3,294.26,0
24289,7190,270,2,246.69,0
24290,9861,92,3,50.16,0
24291,7743,8,2,357.93,10
24292,2653,269,3,79.59,15
24293,6511,196,5,160.55,0
24294,6149,175,5,372.30,0
24295,8560,71,5,167.32,0
24296,806,93,2,28.93,10
24297,5131,19,1,20.40,10
24298,7265,16,2,386.04,0
24299,546,279,1,313.02,0
24300,3412,291,1,25.51,0
24301,9761,138,4,331.78,10
24302,6263,231,4,64.44,10
24303,6531,30,4,190.99,5
24304,2977,223,4,23.99,0
24305,2209,225,1,338.57,0
24306,6897,185,3,48.99,5
24307,9186,98,3,115.13,0
24308,9311,49,5,123.44,10
24309,772,65,4,76.41,5
24310,8735,171,2,132.85,0
24311,6872,219,5,30.27,5
24312,9594,181,1,259.05,0
24313,8954,169,3,65.85,15
24314,6262,282,4,381.21,0
24315,9785,184,2,200.81,0
24316,6128,213,1,37.84,15
24317,6094,26,3,122.89,15
24318,2693,84,4,124.05,0
24319,4217,276,5,342.04,15
24320,3998,206,5,31.78,10
24321,8954,206,4,31.78,0
24322,5163,140,5,120.30,0
24323,5535,10,2,228.01,0
24324,5815,233,5,245.00,0
24325,1567,212,4,324.30,15
24326,4511,121,3,251.05,0
24327,1859,97,1,234.59,15
24328,6464,139,5,321.64,0
24329,6462,273,4,341.96,0
24330,3358,60,2,275.96,0
24331,4656,279,1,313.02,5
24332,4008,245,1,310.10,15
24333,362,66,1,206.27,15
24334,8249,230,5,323.29,0
24335,150,139,4,321.64,5
24336,9455,20,5,344.16,0
24337,7880,192,1,90.00,5
24338,3157,86,4,365.04,10
24339,6543,254,2,396.05,0
24340,7749,280,3,319.72,5
24341,6633,235,2,43.63,5
24342,7935,281,2,263.43,0
24343,86,236,2,383.46,15
24344,1564,285,5,258.56,0
24345,370,10,5,228.01,0
24346,2880,98,2,115.13,0
24347,161,78,4,33.23,10
24348,3727,293,5,58.98,10
24349,6764,180,2,323.47,0
24350,692,288,3,66.37,10
24351,5652,33,4,330.23,0
24352,4068,42,1,309.17,10
24353,9477,112,4,121.23,15
24354,1223,36,5,229.35,0
24355,5014,163,2,20.58,5
24356,3783,161,1,291.83,0
24357,6628,18,4,318.44,0
24358,9728,63,4,199.37,5
24359,7421,198,1,116.63,0
24360,129,180,1,323.47,0
24361,9968,183,2,78.33,0
24362,9,13,2,97.73,10
24363,3066,16,2,386.04,0
24364,4344,142,1,249.44,10
24365,1131,47,1,202.34,15
24366,8063,193,2,85.60,0
24367,9111,19,1,20.40,0
24368,75,281,1,263.43,0
24369,3416,291,1,25.51,15
24370,1633,200,3,67.84,0
24371,2144,107,5,65.37,5
24372,3915,6,5,190.26,0
24373,7196,51,1,340.30,15
24374,4678,128,2,220.39,10
24375,9927,109,3,97.22,10
24376,9708,44,5,57.92,10
24377,1502,219,3,30.27,15
24378,8269,126,1,68.11,5
24379,1821,20,4,344.16,0
24380,505,99,4,283.04,10
24381,1862,247,5,202.30,0
24382,4945,107,4,65.37,0
24383,7340,61,2,175.74,0
24384,9735,261,3,297.20,0
24385,2805,40,2,226.87,0
24386,5840,42,3,309.17,0
24387,8907,42,4,309.17,0
24388,5602,186,5,146.92,5
24389,2805,239,4,320.95,10
24390,1212,252,5,24.03,15
24391,5579,76,4,297.26,10
24392,7980,149,4,70.07,0
24393,1097,150,3,181.60,0
24394,1094,24,3,74.40,0
24395,3034,100,4,371.65,0
24396,615,32,2,318.14,0
24397,9386,24,1,74.40,0
24398,1462,83,5,80.10,10
24399,6991,2,4,340.09,5
24400,7611,53,4,200.65,0
24401,6303,217,2,395.04,5
24402,7659,96,1,264.06,0
24403,3569,236,2,383.46,0
24404,2184,112,2,121.23,15
24405,3162,35,2,335.83,5
24406,9967,158,2,214.14,10
24407,5801,221,5,33.76,5
24408,2870,219,1,30.27,0
24409,4324,177,4,218.39,0
24410,2379,83,3,80.10,5
24411,6393,145,3,94.23,0
24412,8572,171,3,132.85,0
24413,162,92,4,50.16,10
24414,3110,273,5,341.96,0
24415,5876,161,4,291.83,0
24416,729,27,4,65.87,0
24417,37,269,4,79.59,0
24418,4151,265,5,366.02,15
24419,4351,268,4,226.31,10
24420,9343,137,1,288.60,10
24421,3861,157,2,87.60,0
24422,5891,290,5,25.70,10
24423,2228,75,5,347.15,15
24424,8748,30,2,190.99,0
24425,601,277,3,219.37,0
24426,5377,195,4,282.87,5
24427,1776,116,4,368.79,0
24428,1256,71,3,167.32,0
24429,6065,173,4,178.93,0
24430,1171,148,1,119.97,15
24431,6080,240,2,117.00,5
24432,8711,83,4,80.10,10
24433,9739,37,3,258.60,0
24434,9554,208,3,389.11,0
24435,1578,286,1,362.28,5
24436,4704,263,2,116.93,5
24437,4305,166,1,314.43,0
24438,5079,268,4,226.31,10
24439,2308,54,4,316.28,0
24440,9524,83,2,80.10,10
24441,6700,131,2,91.11,10
24442,9261,263,5,116.93,0
24443,2819,200,5,67.84,10
24444,413,223,1,23.99,0
24445,1572,177,3,218.39,10
24446,621,227,5,303.25,0
24447,3366,284,2,111.58,0
24448,1472,238,2,200.57,15
24449,2278,198,1,116.63,15
24450,3596,102,5,102.20,5
24451,667,194,2,212.39,0
24452,6095,225,5,338.57,10
24453,3154,34,4,297.79,0
24454,2303,15,1,254.29,15
24455,9117,107,1,65.37,0
24456,5336,61,2,175.74,0
24457,6319,129,5,265.34,0
24458,1321,115,3,353.64,0
24459,3125,163,3,20.58,0
24460,3252,165,1,273.91,10
24461,641,114,5,156.49,0
24462,2183,294,2,200.35,0
24463,6669,253,3,286.72,0
24464,6504,26,2,122.89,15
24465,3749,20,5,344.16,0
24466,4699,261,2,297.20,10
24467,7382,140,5,120.30,0
24468,2666,4,2,296.68,5
24469,4101,187,3,234.45,10
24470,4375,253,1,286.72,5
24471,4763,100,2,371.65,0
24472,3838,148,5,119.97,0
24473,9564,241,1,101.41,15
24474,9559,67,4,134.74,10
24475,227,281,1,263.43,15
24476,3307,191,5,226.42,0
24477,3895,200,4,67.84,0
24478,9654,109,5,97.22,10
24479,4601,18,3,318.44,10
24480,4837,64,5,245.58,15
24481,792,281,4,263.43,0
24482,1667,291,2,25.51,0
24483,6156,84,5,124.05,5
24484,1510,80,1,392.68,0
24485,1944,132,4,356.02,0
24486,6249,282,3,381.21,0
24487,5156,193,4,85.60,10
24488,3733,109,5,97.22,5
24489,1270,44,3,57.92,15
24490,2340,51,2,340.30,0
24491,9327,92,4,50.16,0
24492,8274,162,1,270.73,15
24493,5943,255,5,339.07,10
24494,5368,161,1,291.83,0
24495,3006,44,2,57.92,15
24496,3096,112,4,121.23,5
24497,4249,74,1,224.24,5
24498,9391,227,2,303.25,0
24499,5827,256,2,343.78,10
24500,7992,92,2,50.16,15
24501,7771,113,3,75.33,15
24502,9420,86,5,365.04,10
24503,5157,18,5,318.44,0
24504,4711,28,3,82.43,15
24505,429,173,1,178.93,5
24506,7960,103,4,252.38,15
24507,1177,185,4,48.99,5
24508,8076,167,4,245.05,5
24509,2975,230,1,323.29,5
24510,9842,263,1,116.93,0
24511,4180,144,1,321.56,0
24512,9916,133,4,47.71,0
24513,1842,117,4,350.39,10
24514,9794,95,1,69.49,0
24515,74,274,1,53.21,0
24516,4955,16,2,386.04,15
24517,6805,147,1,344.67,15
24518,8054,264,1,38.50,10
24519,7731,186,1,146.92,15
24520,8034,214,2,163.02,5
24521,1084,130,2,200.63,0
24522,321,132,3,356.02,5
24523,7611,54,2,316.28,0
24524,9788,148,1,119.97,0
24525,9440,266,5,7.51,5
24526,8138,200,4,67.84,0
24527,2717,69,1,156.10,5
24528,7464,185,4,48.99,0
24529,4703,233,5,245.00,15
24530,3273,31,1,136.27,10
24531,8845,137,1,288.60,5
24532,2453,61,4,175.74,5
24533,9020,239,2,320.95,0
24534,8589,223,4,23.99,10
24535,6719,15,2,254.29,0
24536,2828,45,2,382.91,15
24537,1206,100,4,371.65,0
24538,5822,284,2,111.58,10
24539,1054,285,5,258.56,5
24540,8492,42,5,309.17,0
24541,4965,186,4,146.92,0
24542,3075,272,1,120.04,0
24543,9188,109,2,97.22,10
24544,4805,29,5,34.87,10
24545,3461,247,2,202.30,10
24546,1804,55,3,396.81,0
24547,4762,196,2,160.55,5
24548,3613,29,3,34.87,0
24549,8426,290,4,25.70,0
24550,1194,188,5,61.43,0
24551,852,200,1,67.84,0
24552,1087,145,1,94.23,0
24553,3648,132,5,356.02,5
24554,8475,194,3,212.39,0
24555,8768,5,4,235.25,0
24556,4615,95,1,69.49,0
24557,1972,242,4,67.91,10
24558,9598,184,4,200.81,0
24559,8437,131,5,91.11,15
24560,6569,116,5,368.79,15
24561,3019,256,5,343.78,0
24562,9088,179,1,237.43,10
24563,2165,51,3,340.30,10
24564,2204,288,3,66.37,15
24565,941,103,1,252.38,15
24566,5918,54,1,316.28,15
24567,1143,69,1,156.10,0
24568,7775,164,1,395.54,5
24569,4239,277,3,219.37,5
24570,6086,196,1,160.55,10
24571,8395,226,4,348.65,0
24572,1203,33,4,330.23,10
24573,700,261,4,297.20,0
24574,6772,42,3,309.17,10
24575,6340,265,5,366.02,5
24576,3592,88,4,42.74,0
24577,1280,112,4,121.23,10
24578,6486,75,1,347.15,0
24579,9578,251,4,113.15,0
24580,6633,80,2,392.68,15
24581,1970,239,4,320.95,0
24582,9893,278,5,334.45,0
24583,8194,289,5,90.69,15
24584,5294,84,2,124.05,0
24585,1258,271,1,327.62,0
24586,115,254,5,396.05,0
24587,2396,138,2,331.78,5
24588,284,207,5,326.57,0
24589,7455,235,4,43.63,5
24590,6089,97,1,234.59,0
24591,3252,122,1,222.97,0
24592,6402,183,1,78.33,0
24593,7722,2,3,340.09,5
24594,6800,263,4,116.93,15
24595,9137,275,1,59.35,0
24596,9278,278,2,334.45,5
24597,2830,280,1,319.72,5
24598,8310,200,4,67.84,10
24599,7119,153,3,174.41,0
24600,8961,295,2,307.36,0
24601,8860,116,3,368.79,0
24602,6333,264,2,38.50,10
24603,5959,119,4,86.31,0
24604,374,102,3,102.20,5
24605,3317,229,5,324.76,5
24606,7176,227,5,303.25,0
24607,2343,227,2,303.25,10
24608,8596,34,3,297.79,0
24609,1146,57,1,140.14,0
24610,9512,2,1,340.09,0
24611,2570,234,2,268.61,5
24612,6454,87,1,84.63,0
24613,5490,188,3,61.43,15
24614,8943,238,1,200.57,15
24615,2087,120,2,388.54,0
24616,6907,167,5,245.05,0
24617,5251,208,2,389.11,0
24618,1685,180,5,323.47,0
24619,347,255,1,339.07,0
24620,4475,150,4,181.60,5
24621,4407,134,2,378.20,0
24622,234,157,1,87.60,0
24623,9895,125,5,327.79,0
24624,7733,50,4,311.33,0
24625,7761,36,2,229.35,0
24626,7392,153,5,174.41,0
24627,2540,212,3,324.30,5
24628,8799,287,2,257.71,5
24629,3789,293,3,58.98,15
24630,3377,268,5,226.31,0
24631,3462,122,1,222.97,0
24632,6129,78,5,33.23,15
24633,8773,37,5,258.60,0
24634,4056,278,5,334.45,5
24635,6177,53,2,200.65,10
24636,5077,48,5,72.09,5
24637,4993,255,2,339.07,0
24638,8012,245,3,310.10,15
24639,9416,274,4,53.21,0
24640,4801,266,5,7.51,0
24641,7552,84,3,124.05,0
24642,5349,128,2,220.39,0
24643,3403,143,4,374.36,5
24644,6959,63,1,199.37,0
24645,7110,155,1,190.98,15
24646,932,5,1,235.25,0
24647,3865,244,5,146.67,0
24648,6497,259,1,201.35,15
24649,8600,125,1,327.79,0
24650,5503,94,5,66.86,10
24651,2537,240,4,117.00,5
24652,5123,191,1,226.42,15
24653,8627,64,4,245.58,5
24654,7756,65,3,76.41,5
24655,3736,185,5,48.99,0
24656,6487,27,3,65.87,10
24657,7483,154,4,343.92,0
24658,5788,12,3,161.29,15
24659,6985,52,3,51.91,5
24660,4990,228,2,335.11,15
24661,7406,17,3,353.82,5
24662,3597,118,5,351.34,0
24663,584,81,1,191.34,0
24664,7333,222,1,345.59,15
24665,3336,82,4,278.93,0
24666,3861,174,4,232.35,10
24667,6476,17,2,353.82,15
24668,6790,145,2,94.23,10
24669,3435,103,5,252.38,10
24670,9583,99,4,283.04,5
24671,1124,208,3,389.11,15
24672,1924,169,2,65.85,5
24673,7211,216,3,301.09,0
24674,3624,58,5,218.95,0
24675,91,61,1,175.74,0
24676,7523,159,3,217.33,5
24677,6477,96,1,264.06,0
24678,9950,187,3,234.45,0
24679,3633,94,4,66.86,15
24680,5946,65,1,76.41,0
24681,6455,233,5,245.00,10
24682,7910,228,1,335.11,5
24683,3993,80,1,392.68,5
24684,1759,75,2,347.15,0
24685,5607,293,1,58.98,0
24686,9397,47,5,202.34,0
24687,5842,196,2,160.55,15
24688,2134,163,1,20.58,0
24689,2595,2,4,340.09,0
24690,8158,95,4,69.49,10
24691,213,224,3,8.13,0
24692,9098,122,5,222.97,10
24693,7607,229,5,324.76,0
24694,9371,16,5,386.04,0
24695,2072,161,4,291.83,0
24696,4369,148,3,119.97,5
24697,1265,111,5,225.30,0
24698,9060,54,5,316.28,15
24699,6461,36,3,229.35,10
24700,1806,93,4,28.93,5
24701,136,242,3,67.91,0
24702,2866,141,4,53.20,0
24703,5637,80,2,392.68,10
24704,8515,190,2,22.53,5
24705,2501,157,4,87.60,0
24706,6670,163,5,20.58,5
24707,5973,109,1,97.22,0
24708,4186,241,4,101.41,15
24709,4816,45,4,382.91,0
24710,9351,143,3,374.36,5
24711,4754,105,1,338.11,5
24712,5465,206,4,31.78,10
24713,2068,178,5,308.38,5
24714,2500,196,5,160.55,0
24715,3748,128,4,220.39,0
24716,5657,268,2,226.31,0
24717,4307,147,4,344.67,0
24718,4584,201,3,68.26,0
24719,6783,190,1,22.53,0
24720,1094,42,5,309.17,0
24721,8411,44,1,57.92,0
24722,3751,276,1,342.04,15
24723,8289,132,5,356.02,0
24724,9692,76,3,297.26,15
24725,1315,134,1,378.20,0
24726,4090,86,5,365.04,0
24727,5855,44,1,57.92,0
24728,630,114,1,156.49,0
24729,5832,227,4,303.25,10
24730,8435,97,1,234.59,0
24731,2250,197,3,208.34,5
24732,8752,260,3,294.26,15
24733,3958,19,1,20.40,0
24734,6099,55,5,396.81,0
24735,6354,27,1,65.87,0
24736,6968,128,2,220.39,10
24737,4480,128,4,220.39,15
24738,5676,218,5,385.74,0
24739,4456,258,2,171.69,0
24740,785,216,1,301.09,10
24741,2020,55,2,396.81,0
24742,7111,124,3,320.32,0
24743,2098,58,2,218.95,0
24744,7676,175,1,372.30,0
24745,5254,158,1,214.14,15
24746,4914,90,5,206.30,5
24747,7767,284,2,111.58,10
24748,3625,280,5,319.72,0
24749,2844,134,4,378.20,15
24750,861,156,1,344.64,15
24751,8060,66,5,206.27,0
24752,7839,2,1,340.09,0
24753,53,16,1,386.04,0
24754,1474,159,2,217.33,15
24755,3898,199,3,378.96,0
24756,6869,262,5,265.12,0
24757,1318,66,4,206.27,5
24758,4500,27,5,65.87,0
24759,9910,219,4,30.27,5
24760,7377,292,1,136.17,10
24761,7079,274,2,53.21,15
24762,2266,42,5,309.17,0
24763,2202,173,1,178.93,5
24764,8151,151,3,214.50,10
24765,9333,115,2,353.64,0
24766,2345,266,5,7.51,15
24767,2756,250,3,178.43,0
24768,5216,146,3,44.01,0
24769,6819,250,4,178.43,15
24770,9095,88,1,42.74,5
24771,3913,103,2,252.38,0
24772,4930,112,4,121.23,0
24773,3295,67,2,134.74,10
24774,9473,35,4,335.83,0
24775,2746,139,5,321.64,15
24776,4778,264,3,38.50,0
24777,7591,6,2,190.26,10
24778,8738,186,4,146.92,15
24779,4756,88,2,42.74,5
24780,7406,88,3,42.74,5
24781,4294,264,3,38.50,10
24782,895,246,2,62.04,10
24783,5623,75,1,347.15,10
24784,8479,134,3,378.20,0
24785,6336,228,3,335.11,5
24786,156,174,5,232.35,10
24787,2891,63,4,199.37,5
24788,403,287,5,257.71,5
24789,3207,38,4,200.72,10
24790,5987,203,2,6.30,15
24791,6310,255,2,339.07,0
24792,4693,110,4,326.74,0
24793,6233,53,3,200.65,10
24794,7302,4,2,296.68,15
24795,5958,9,4,150.86,0
24796,9455,249,1,124.21,0
24797,1122,130,5,200.63,15
24798,7396,259,4,201.35,10
24799,5876,183,5,78.33,0
24800,6567,80,3,392.68,5
24801,2100,144,1,321.56,5
24802,4021,204,3,197.94,0
24803,7515,3,5,369.07,10
24804,9448,48,4,72.09,0
24805,3469,261,3,297.20,10
24806,4525,127,5,126.84,0
24807,4662,102,5,102.20,0
24808,4370,13,4,97.73,10
24809,8614,212,1,324.30,0
24810,3261,108,5,261.20,0
24811,6325,61,3,175.74,0
24812,4594,195,5,282.87,0
24813,2325,133,4,47.71,5
24814,5770,273,3,341.96,5
24815,5343,99,3,283.04,0
24816,7566,106,2,66.50,5
24817,2733,137,2,288.60,0
24818,3850,42,1,309.17,5
24819,1545,197,5,208.34,10
24820,5059,150,1,181.60,0
24821,7351,227,1,303.25,10
24822,6158,155,2,190.98,10
24823,8442,213,5,37.84,0
24824,1358,179,1,237.43,0
24825,2368,202,4,268.66,0
24826,243,20,2,344.16,0
24827,9523,48,4,72.09,0
24828,1784,8,3,357.93,5
24829,9264,269,3,79.59,15
24830,4020,218,3,385.74,0
24831,3313,135,2,387.74,5
24832,3726,62,4,78.99,10
24833,658,134,5,378.20,0
24834,5908,104,2,188.19,15
24835,4770,273,2,341.96,0
24836,4897,130,3,200.63,5
24837,7813,106,2,66.50,0
24838,2547,63,4,199.37,0
24839,9743,166,3,314.43,10
24840,723,73,3,222.38,0
24841,2602,211,1,323.51,0
24842,1601,207,3,326.57,0
24843,4378,64,3,245.58,15
24844,2150,110,4,326.74,10
24845,1834,225,3,338.57,5
24846,8720,149,1,70.07,10
24847,2453,114,2,156.49,0
24848,6217,128,4,220.39,5
24849,5016,159,2,217.33,10
24850,1277,16,4,386.04,15
24851,9364,118,1,351.34,0
24852,4584,144,4,321.56,5
24853,3950,14,5,106.54,0
24854,4624,292,4,136.17,0
24855,9879,216,1,301.09,0
24856,3175,124,2,320.32,10
24857,2963,265,4,366.02,15
24858,1116,264,1,38.50,0
24859,4485,26,4,122.89,10
24860,8629,163,3,20.58,0
24861,146,254,4,396.05,5
24862,4903,222,2,345.59,0
24863,8174,94,2,66.86,15
24864,2167,79,4,19.52,0
24865,9039,276,5,342.04,15
24866,5599,116,1,368.79,15
24867,5845,277,2,219.37,0
24868,6870,255,1,339.07,15
24869,6213,274,2,53.21,0
24870,6543,200,4,67.84,0
24871,5148,78,2,33.23,0
24872,4426,268,5,226.31,0
24873,9529,63,4,199.37,15
24874,3071,83,3,80.10,10
24875,9093,262,3,265.12,0
24876,4652,289,2,90.69,0
24877,2210,174,3,232.35,0
24878,2245,284,1,111.58,0
24879,4457,150,3,181.60,0
24880,7025,258,4,171.69,10
24881,8655,201,4,68.26,0
24882,240,145,4,94.23,10
24883,1062,110,3,326.74,5
24884,9839,45,3,382.91,15
24885,1937,72,1,370.40,5
24886,4474,94,3,66.86,15
24887,5153,3,1,369.07,5
24888,3721,140,4,120.30,15
24889,9546,119,3,86.31,0
24890,8618,260,1,294.26,0
24891,7497,273,2,341.96,0
24892,1955,90,3,206.30,0
24893,3452,78,1,33.23,15
24894,7728,18,2,318.44,10
24895,1737,197,5,208.34,15
24896,5600,105,2,338.11,0
24897,6626,187,2,234.45,0
24898,8872,211,5,323.51,0
24899,8773,43,1,232.40,0
24900,3617,235,1,43.63,0
24901,9823,256,1,343.78,0
24902,2290,158,1,214.14,0
24903,7719,196,3,160.55,0
24904,2429,194,4,212.39,5
24905,5712,164,2,395.54,15
24906,852,252,4,24.03,15
24907,5902,268,5,226.31,0
24908,6566,273,1,341.96,5
24909,5588,39,1,49.89,15
24910,8492,194,5,212.39,0
24911,5359,49,3,123.44,0
24912,9449,285,5,258.56,15
24913,9441,203,1,6.30,0
24914,4211,241,5,101.41,0
24915,8520,124,4,320.32,10
24916,9082,175,4,372.30,0
24917,1646,120,1,388.54,15
24918,195,83,2,80.10,0
24919,1182,187,1,234.45,0
24920,1411,184,3,200.81,10
24921,303,195,4,282.87,0
24922,2191,116,4,368.79,0
24923,5433,1,5,281.65,10
24924,6739,124,3,320.32,15
24925,477,250,4,178.43,0
24926,9833,199,1,378.96,0
24927,4621,114,3,156.49,15
24928,6883,45,5,382.91,5
24929,8565,107,1,65.37,15
24930,1446,179,1,237.43,15
24931,3842,67,5,134.74,0
24932,2263,156,1,344.64,0
24933,5409,149,2,70.07,0
24934,3262,172,3,43.91,15
24935,7212,8,4,357.93,0
24936,2118,10,4,228.01,0
24937,1838,80,1,392.68,0
24938,1276,86,3,365.04,0
24939,5576,6,1,190.26,10
24940,3666,113,2,75.33,5
24941,1406,166,3,314.43,0
24942,9954,198,1,116.63,5
24943,2950,134,2,378.20,15
24944,871,26,4,122.89,10
24945,3978,254,1,396.05,0
24946,5936,176,4,367.34,0
24947,1480,6,3,190.26,10
24948,1964,95,5,69.49,0
24949,5565,164,4,395.54,15
24950,874,196,5,160.55,15
24951,1821,249,3,124.21,5
24952,4580,160,5,132.63,10
24953,1350,104,1,188.19,0
24954,4850,13,5,97.73,15
24955,7201,273,2,341.96,0
24956,5695,114,3,156.49,10
24957,1189,107,5,65.37,0
24958,9695,295,4,307.36,0
24959,6668,197,1,208.34,0
24960,5052,117,5,350.39,0
24961,9364,76,4,297.26,10
24962,6081,296,1,93.52,10
24963,7825,241,4,101.41,0
24964,8223,244,2,146.67,0
24965,5864,266,4,7.51,10
24966,7206,271,3,327.62,10
24967,2490,264,1,38.50,5
24968,4175,140,1,120.30,5
24969,7492,101,1,167.15,15
24970,5312,191,2,226.42,0
24971,7458,59,5,213.06,0
24972,9154,184,5,200.81,0
24973,991,293,3,58.98,15
24974,3567,142,1,249.44,0
24975,4739,152,3,359.63,10
24976,6319,123,3,106.64,0
24977,803,167,1,245.05,0
24978,2249,283,3,390.13,0
24979,4390,225,5,338.57,5
24980,663,248,3,149.84,0
24981,7651,94,2,66.86,10
24982,913,38,1,200.72,10
24983,6616,270,4,246.69,10
24984,9581,13,1,97.73,10
24985,2448,132,2,356.02,0
24986,5544,218,2,385.74,10
24987,2273,135,2,387.74,0
24988,7386,5,2,235.25,5
24989,9109,151,4,214.50,0
24990,1499,228,2,335.11,0
24991,9478,210,4,211.85,0
24992,5250,138,2,331.78,0
24993,3191,292,1,136.17,0
24994,8125,167,4,245.05,0
24995,7802,151,3,214.50,15
24996,3265,244,3,146.67,0
24997,1334,118,1,351.34,0
24998,7120,212,3,324.30,10
24999,3496,281,3,263.43,10
25000,1871,170,2,67.45,0
