session_id,customer_id,session_start,device_type,traffic_source,landed_on_page
1,916,2020-08-29 15:04:59,tablet,Direct,checkout
2,442,2024-02-12 05:16:58,mobile,Email,home
3,1519,2023-08-10 17:55:37,desktop,Direct,search
4,1348,2022-04-09 23:15:10,mobile,Organic Search,search
5,283,2020-08-24 07:02:05,tablet,Paid Social,cart
6,98,2023-05-09 15:17:08,mobile,Organic Search,product
7,1349,2021-01-18 08:39:33,mobile,Direct,search
8,731,2020-01-14 00:13:15,mobile,Direct,cart
9,176,2020-09-03 15:56:25,mobile,Direct,home
10,1108,2024-08-24 13:06:09,mobile,Direct,checkout
11,1769,2021-11-17 03:44:21,tablet,Ads,search
12,1922,2024-11-08 20:56:00,mobile,Paid Social,home
13,64,2022-09-30 03:17:11,tablet,Email,checkout
14,144,2024-04-08 14:18:47,desktop,Direct,product
15,690,2022-03-10 02:44:13,mobile,Push Notification,product
16,1060,2023-03-22 09:51:02,desktop,Direct,product
17,1243,2023-08-17 23:01:41,mobile,Organic Search,home
18,353,2020-08-22 18:09:52,mobile,Direct,home
19,652,2022-10-11 04:32:44,mobile,Email,product
20,1289,2023-10-10 01:52:42,mobile,Paid Social,search
21,354,2020-07-13 20:32:12,tablet,Email,checkout
22,1413,2020-09-22 03:21:24,desktop,Organic Search,search
23,1468,2020-07-30 11:29:52,tablet,Organic Search,cart
24,155,2023-02-27 12:06:42,desktop,Ads,cart
25,544,2023-02-14 23:00:00,tablet,Organic Search,checkout
26,1754,2021-12-02 06:34:42,tablet,Ads,checkout
27,514,2023-07-25 17:21:42,tablet,Ads,search
28,428,2024-03-27 07:43:29,mobile,Push Notification,checkout
29,1501,2023-01-18 01:08:44,desktop,Organic Search,product
30,1281,2024-03-26 06:10:46,mobile,Direct,home
31,1370,2022-12-14 13:18:14,desktop,Email,cart
32,1508,2022-05-06 01:56:50,desktop,Push Notification,home
33,1238,2023-01-18 21:22:15,desktop,Email,checkout
34,1755,2021-09-24 10:20:06,desktop,Direct,checkout
35,480,2020-07-01 22:44:07,mobile,Organic Search,home
36,1589,2024-10-22 22:58:48,mobile,Push Notification,checkout
37,1549,2022-10-07 07:40:06,mobile,Paid Social,product
38,956,2023-11-02 17:53:15,desktop,Push Notification,search
39,1963,2020-09-18 14:28:21,desktop,Direct,product
40,1118,2024-08-13 00:10:02,mobile,Email,cart
41,1147,2020-05-10 11:39:17,tablet,Paid Social,home
42,1304,2023-09-26 23:35:57,desktop,Push Notification,product
43,814,2021-06-06 12:15:49,tablet,Direct,checkout
44,810,2024-06-24 19:47:15,mobile,Organic Search,checkout
45,224,2024-04-13 02:51:32,desktop,Email,checkout
46,46,2021-11-08 11:10:12,tablet,Email,home
47,1598,2023-04-06 18:48:59,desktop,Push Notification,search
48,500,2020-05-13 03:16:57,tablet,Push Notification,search
49,731,2020-01-10 22:57:15,mobile,Direct,cart
50,874,2021-11-26 08:06:31,desktop,Push Notification,search
51,1376,2021-07-10 16:22:35,mobile,Ads,product
52,1647,2023-04-30 13:26:27,tablet,Direct,home
53,610,2020-10-24 06:07:46,tablet,Organic Search,home
54,1085,2021-05-23 01:27:17,mobile,Ads,search
55,168,2023-02-11 14:11:30,mobile,Direct,search
56,1125,2022-09-11 00:12:50,desktop,Organic Search,product
57,717,2023-05-06 11:38:31,mobile,Email,home
58,1397,2021-05-06 07:13:44,mobile,Push Notification,checkout
59,1997,2024-05-04 01:29:22,desktop,Organic Search,cart
60,1873,2023-12-08 22:23:45,tablet,Direct,checkout
61,1219,2021-04-01 18:38:41,mobile,Ads,home
62,765,2020-12-24 20:58:37,mobile,Direct,checkout
63,371,2020-06-16 07:04:02,tablet,Email,search
64,141,2022-04-11 06:41:26,mobile,Organic Search,product
65,871,2022-07-30 05:18:10,tablet,Ads,home
66,515,2022-09-29 21:45:36,desktop,Direct,cart
67,858,2024-11-06 12:44:30,desktop,Email,home
68,446,2021-05-28 04:17:47,tablet,Email,checkout
69,883,2024-05-23 15:25:59,desktop,Push Notification,search
70,601,2023-02-27 02:06:26,mobile,Paid Social,search
71,1945,2024-02-03 04:28:17,desktop,Paid Social,product
72,339,2022-08-11 14:45:58,mobile,Email,search
73,1039,2020-12-07 01:51:45,mobile,Direct,home
74,924,2022-05-22 07:10:04,desktop,Ads,checkout
75,1784,2020-11-12 02:27:21,mobile,Organic Search,search
76,333,2020-12-01 10:17:02,mobile,Organic Search,home
77,432,2020-05-06 16:32:31,tablet,Push Notification,search
78,911,2024-11-14 07:46:41,desktop,Direct,home
79,1519,2023-08-23 04:09:27,tablet,Push Notification,product
80,1130,2023-02-17 11:55:52,mobile,Paid Social,checkout
81,1731,2021-05-19 20:51:02,desktop,Email,cart
82,352,2024-01-07 22:59:51,desktop,Organic Search,cart
83,1259,2023-04-16 17:20:41,tablet,Ads,home
84,598,2023-06-10 02:17:56,desktop,Paid Social,checkout
85,1517,2024-08-18 23:00:47,desktop,Organic Search,checkout
86,1232,2020-01-05 16:50:47,mobile,Push Notification,checkout
87,486,2020-09-09 07:41:13,desktop,Direct,cart
88,1962,2022-07-15 06:49:07,desktop,Push Notification,search
89,590,2021-12-06 02:22:24,mobile,Ads,search
90,1404,2020-12-15 21:15:33,mobile,Direct,home
91,1907,2022-07-23 12:46:33,mobile,Organic Search,checkout
92,813,2020-05-27 04:16:37,desktop,Paid Social,checkout
93,1854,2024-02-12 19:53:06,desktop,Paid Social,product
94,1983,2023-05-11 02:37:37,mobile,Email,checkout
95,455,2022-08-29 23:17:41,mobile,Organic Search,search
96,1812,2023-03-10 12:33:45,desktop,Paid Social,product
97,1846,2022-04-28 18:18:12,desktop,Push Notification,cart
98,341,2024-12-21 06:49:34,tablet,Email,cart
99,688,2020-04-21 03:34:39,tablet,Direct,checkout
100,1696,2020-10-16 04:05:44,tablet,Push Notification,home
101,1047,2021-09-03 19:31:35,tablet,Organic Search,cart
102,237,2023-05-23 15:40:26,desktop,Push Notification,cart
103,1310,2021-10-09 23:04:26,tablet,Paid Social,search
104,1777,2023-07-30 10:18:55,tablet,Direct,cart
105,651,2020-10-25 05:45:50,desktop,Push Notification,cart
106,707,2023-03-04 04:10:08,tablet,Ads,cart
107,583,2024-09-04 15:43:21,desktop,Ads,search
108,1029,2022-11-25 01:01:42,mobile,Email,checkout
109,1156,2021-08-27 19:51:58,tablet,Organic Search,product
110,185,2024-02-22 09:05:05,desktop,Direct,search
111,623,2024-09-24 20:18:25,desktop,Push Notification,product
112,934,2020-09-30 06:57:22,desktop,Push Notification,home
113,491,2024-11-19 11:09:50,tablet,Ads,home
114,401,2021-04-14 22:08:53,mobile,Email,search
115,1613,2024-05-07 10:14:24,desktop,Ads,home
116,1620,2021-03-05 19:26:55,mobile,Email,checkout
117,974,2021-05-24 21:51:21,tablet,Ads,checkout
118,282,2020-05-05 11:14:37,desktop,Direct,cart
119,720,2023-01-02 01:39:35,mobile,Email,cart
120,1949,2023-11-28 07:05:16,tablet,Direct,cart
121,1244,2020-05-31 08:20:23,tablet,Paid Social,search
122,1545,2024-04-25 05:16:52,desktop,Ads,home
123,448,2023-06-06 22:13:49,mobile,Paid Social,product
124,802,2023-11-07 08:42:54,tablet,Paid Social,cart
125,1263,2021-03-11 23:47:09,desktop,Paid Social,checkout
126,588,2023-08-16 04:51:11,tablet,Paid Social,product
127,1664,2024-09-12 06:20:43,tablet,Organic Search,home
128,90,2020-03-18 04:55:22,desktop,Organic Search,product
129,450,2024-04-16 22:22:48,desktop,Direct,product
130,1559,2024-10-17 13:28:22,mobile,Push Notification,checkout
131,1423,2024-02-27 02:18:21,tablet,Direct,home
132,874,2022-06-07 09:05:36,mobile,Direct,home
133,713,2024-02-21 10:44:57,mobile,Push Notification,checkout
134,7,2022-04-06 16:39:21,tablet,Ads,home
135,1523,2020-08-11 14:41:43,desktop,Push Notification,search
136,392,2022-04-26 18:53:46,desktop,Push Notification,cart
137,1863,2020-10-02 08:06:18,desktop,Email,product
138,401,2020-04-25 09:00:14,tablet,Direct,cart
139,867,2021-12-27 23:47:53,mobile,Ads,search
140,1337,2021-08-19 13:57:24,mobile,Push Notification,home
141,713,2024-03-16 09:57:26,mobile,Email,product
142,771,2023-11-24 13:03:10,mobile,Ads,search
143,1265,2024-04-08 16:50:39,tablet,Email,home
144,310,2021-07-16 04:51:57,desktop,Organic Search,cart
145,1529,2020-07-05 19:28:59,desktop,Paid Social,home
146,1707,2023-07-09 17:55:49,tablet,Direct,checkout
147,1519,2020-12-08 10:22:52,mobile,Direct,home
148,718,2024-02-21 11:29:48,mobile,Push Notification,product
149,624,2023-12-04 17:17:23,tablet,Paid Social,home
150,1935,2022-12-09 01:31:47,tablet,Email,search
151,1006,2024-06-17 21:43:43,mobile,Ads,cart
152,46,2020-10-06 20:22:22,mobile,Direct,product
153,1341,2020-07-04 08:10:45,mobile,Push Notification,search
154,1681,2021-01-17 13:00:58,desktop,Paid Social,cart
155,876,2024-04-22 15:55:21,tablet,Paid Social,cart
156,270,2024-12-02 15:45:48,tablet,Organic Search,checkout
157,1251,2024-09-18 06:16:39,desktop,Direct,home
158,1464,2020-12-27 06:14:00,mobile,Push Notification,checkout
159,232,2021-07-05 06:17:38,tablet,Direct,search
160,711,2023-12-05 08:22:31,desktop,Paid Social,search
161,1918,2021-11-08 03:34:09,tablet,Paid Social,home
162,1545,2021-05-03 04:43:03,mobile,Direct,home
163,138,2023-01-26 04:33:23,desktop,Email,cart
164,1999,2021-06-10 06:13:51,tablet,Organic Search,checkout
165,683,2020-11-13 08:33:24,mobile,Organic Search,search
166,329,2023-02-18 18:09:43,tablet,Email,checkout
167,730,2021-06-10 20:04:17,tablet,Direct,home
168,10,2024-06-23 08:32:58,tablet,Direct,product
169,4,2021-12-26 02:23:47,mobile,Paid Social,checkout
170,782,2023-12-25 10:27:14,mobile,Paid Social,search
171,39,2023-11-28 17:41:39,tablet,Email,product
172,1751,2024-10-04 19:17:09,desktop,Push Notification,home
173,1220,2023-03-21 01:30:45,mobile,Email,home
174,736,2020-01-04 10:48:10,desktop,Email,cart
175,1754,2022-07-25 23:12:29,desktop,Paid Social,search
176,215,2022-10-24 05:17:13,mobile,Ads,search
177,1169,2023-10-05 21:17:57,mobile,Paid Social,search
178,727,2023-06-24 10:48:26,mobile,Email,product
179,664,2024-06-22 16:04:18,mobile,Organic Search,checkout
180,1739,2023-08-08 09:26:19,mobile,Email,cart
181,830,2021-10-06 06:47:05,desktop,Paid Social,checkout
182,1293,2020-04-15 08:34:31,tablet,Email,product
183,1377,2024-11-25 20:16:40,desktop,Email,checkout
184,42,2020-11-03 13:18:02,tablet,Ads,search
185,345,2024-05-03 15:10:54,tablet,Push Notification,home
186,850,2020-08-25 04:32:34,tablet,Paid Social,product
187,108,2020-07-17 13:51:17,tablet,Email,checkout
188,637,2020-12-19 03:40:20,tablet,Push Notification,product
189,1266,2022-08-03 05:34:30,tablet,Ads,checkout
190,1891,2022-06-02 00:01:59,desktop,Direct,cart
191,842,2021-12-30 00:44:30,tablet,Push Notification,checkout
192,571,2024-04-25 10:45:13,tablet,Organic Search,cart
193,939,2021-09-24 03:02:42,tablet,Ads,checkout
194,1700,2022-04-19 05:49:47,tablet,Ads,home
195,1101,2023-08-16 00:42:55,tablet,Email,cart
196,954,2023-01-01 00:09:25,mobile,Push Notification,cart
197,1829,2023-12-07 04:00:25,desktop,Direct,product
198,888,2022-05-21 12:25:54,tablet,Direct,product
199,1324,2021-03-05 18:25:08,tablet,Email,product
200,873,2023-10-19 22:30:31,mobile,Email,checkout
201,1157,2023-08-08 03:15:01,mobile,Email,product
202,1541,2023-02-05 05:07:49,mobile,Email,product
203,1980,2022-02-17 14:28:12,mobile,Direct,product
204,1346,2021-08-30 16:01:26,desktop,Paid Social,cart
205,783,2021-03-09 09:15:10,tablet,Ads,home
206,1204,2021-02-09 07:14:13,desktop,Ads,cart
207,111,2020-12-09 15:39:57,desktop,Organic Search,search
208,1905,2021-03-16 08:05:19,mobile,Organic Search,home
209,51,2024-12-14 19:32:48,desktop,Direct,checkout
210,1482,2020-12-23 22:19:34,tablet,Paid Social,cart
211,1194,2020-02-17 14:24:45,tablet,Direct,product
212,1165,2022-12-04 21:03:58,mobile,Email,product
213,240,2023-04-22 01:40:33,mobile,Push Notification,cart
214,1191,2020-04-19 11:29:00,tablet,Organic Search,checkout
215,1377,2023-09-30 19:48:07,tablet,Direct,home
216,66,2021-04-08 07:52:34,tablet,Push Notification,home
217,1678,2022-03-25 02:14:00,mobile,Paid Social,home
218,1627,2024-04-24 11:32:22,mobile,Ads,product
219,1627,2024-01-14 17:26:26,mobile,Direct,checkout
220,62,2024-11-19 22:13:36,tablet,Paid Social,product
221,563,2020-08-30 22:10:03,tablet,Paid Social,checkout
222,641,2024-11-13 20:24:27,desktop,Paid Social,cart
223,691,2020-12-18 08:51:27,desktop,Organic Search,search
224,238,2022-07-24 12:27:20,tablet,Direct,search
225,1348,2020-02-11 07:51:47,desktop,Organic Search,checkout
226,856,2022-01-15 21:59:34,desktop,Paid Social,home
227,1379,2023-08-02 09:59:58,desktop,Organic Search,home
228,974,2020-07-02 12:41:35,tablet,Ads,product
229,799,2023-08-12 20:22:21,tablet,Direct,cart
230,1416,2021-04-14 17:40:36,tablet,Push Notification,search
231,508,2021-03-12 05:15:49,tablet,Paid Social,home
232,115,2022-10-31 00:38:54,desktop,Push Notification,search
233,24,2021-08-11 10:44:50,mobile,Organic Search,cart
234,922,2023-05-24 10:11:35,mobile,Organic Search,home
235,256,2022-07-08 18:14:12,tablet,Organic Search,search
236,47,2024-11-02 03:53:02,desktop,Ads,cart
237,93,2020-03-14 04:09:41,desktop,Push Notification,home
238,1850,2022-07-11 10:07:22,tablet,Paid Social,search
239,1197,2024-07-11 07:38:46,desktop,Ads,checkout
240,475,2021-01-30 06:14:24,mobile,Organic Search,search
241,1942,2022-04-14 18:46:32,desktop,Organic Search,search
242,250,2020-02-17 13:38:43,mobile,Push Notification,product
243,496,2022-09-28 03:28:30,tablet,Direct,home
244,1371,2024-09-04 19:01:44,tablet,Direct,checkout
245,492,2021-10-27 11:33:30,mobile,Organic Search,home
246,243,2021-11-29 00:24:17,mobile,Push Notification,cart
247,1539,2021-12-20 19:31:33,desktop,Organic Search,product
248,1855,2023-01-17 14:15:41,mobile,Paid Social,home
249,970,2024-06-17 00:24:35,tablet,Organic Search,search
250,515,2024-09-09 18:47:21,desktop,Organic Search,cart
251,1895,2025-01-01 10:22:48,desktop,Push Notification,home
252,797,2020-10-20 08:45:07,desktop,Organic Search,home
253,1810,2021-03-23 03:25:26,tablet,Organic Search,checkout
254,297,2022-01-29 15:49:40,tablet,Organic Search,product
255,1116,2021-07-23 12:04:47,tablet,Direct,cart
256,1760,2024-10-25 10:10:42,desktop,Direct,product
257,51,2021-09-23 21:53:07,mobile,Email,home
258,1000,2022-09-09 17:45:24,tablet,Paid Social,home
259,1855,2022-03-23 16:51:02,desktop,Email,home
260,1095,2020-06-26 11:35:42,desktop,Ads,checkout
261,1741,2022-05-09 20:06:53,desktop,Paid Social,search
262,1641,2021-01-07 21:13:32,tablet,Organic Search,cart
263,1060,2024-02-13 08:16:42,mobile,Organic Search,search
264,1233,2022-12-14 22:59:41,tablet,Email,home
265,1451,2022-09-05 23:20:28,desktop,Email,product
266,248,2020-01-23 15:45:59,desktop,Direct,product
267,1240,2024-05-26 09:29:47,desktop,Email,search
268,1287,2022-03-30 21:01:48,mobile,Ads,product
269,1461,2024-02-19 21:53:47,tablet,Ads,search
270,617,2024-03-17 17:00:24,desktop,Organic Search,home
271,1344,2022-08-24 11:14:10,mobile,Paid Social,search
272,1233,2022-06-05 23:22:43,mobile,Email,cart
273,1502,2020-08-11 04:34:28,desktop,Paid Social,cart
274,1595,2023-10-24 20:44:36,tablet,Push Notification,checkout
275,1804,2022-05-02 13:30:47,desktop,Organic Search,checkout
276,507,2020-01-19 21:18:30,desktop,Direct,product
277,955,2022-08-24 12:31:53,desktop,Direct,search
278,866,2021-06-18 23:53:11,desktop,Organic Search,cart
279,457,2023-11-17 05:10:26,desktop,Organic Search,cart
280,1272,2024-12-24 13:59:31,tablet,Organic Search,home
281,81,2023-09-17 05:48:07,tablet,Ads,cart
282,1127,2024-08-30 14:45:52,desktop,Email,checkout
283,1292,2024-10-13 05:06:13,desktop,Paid Social,checkout
284,1094,2020-04-22 21:54:55,tablet,Email,search
285,417,2021-09-24 20:53:26,desktop,Paid Social,checkout
286,1627,2021-01-04 21:01:59,desktop,Paid Social,home
287,1926,2020-02-05 00:26:23,mobile,Ads,cart
288,623,2023-06-21 20:17:05,mobile,Organic Search,cart
289,1658,2022-02-10 18:20:10,tablet,Paid Social,search
290,988,2024-01-24 13:12:02,desktop,Email,search
291,1318,2022-06-22 01:55:57,tablet,Direct,home
292,88,2020-07-05 16:35:03,tablet,Paid Social,product
293,1421,2022-05-07 00:29:12,desktop,Organic Search,product
294,863,2020-12-16 16:13:58,desktop,Ads,search
295,925,2024-06-15 08:02:51,desktop,Ads,product
296,737,2024-10-10 08:18:42,tablet,Ads,product
297,1013,2022-05-07 09:57:10,mobile,Organic Search,cart
298,1145,2021-06-25 16:16:29,mobile,Push Notification,search
299,987,2020-08-11 11:08:52,tablet,Organic Search,home
300,1122,2021-07-25 22:48:25,desktop,Push Notification,checkout
301,772,2022-03-09 01:59:25,tablet,Direct,cart
302,996,2020-07-22 08:40:59,mobile,Direct,home
303,20,2022-10-10 15:04:08,tablet,Ads,home
304,569,2021-12-08 08:56:51,desktop,Paid Social,cart
305,1272,2022-03-23 04:12:18,mobile,Direct,search
306,1140,2024-01-12 18:44:17,mobile,Paid Social,search
307,1050,2020-10-16 06:12:05,desktop,Ads,search
308,1202,2022-12-22 10:20:51,desktop,Direct,search
309,76,2020-04-17 22:21:43,tablet,Paid Social,search
310,1876,2024-07-04 18:01:18,tablet,Ads,cart
311,236,2024-07-30 05:03:35,desktop,Ads,search
312,118,2022-05-12 05:24:09,tablet,Email,search
313,1692,2020-10-16 22:54:47,tablet,Organic Search,checkout
314,1067,2021-09-15 06:03:36,desktop,Ads,cart
315,871,2023-04-18 09:18:21,mobile,Push Notification,home
316,1155,2023-06-03 20:27:16,mobile,Paid Social,cart
317,784,2020-05-31 07:38:18,desktop,Organic Search,home
318,1016,2021-06-08 04:38:43,tablet,Organic Search,checkout
319,1417,2020-06-24 01:05:15,desktop,Email,search
320,908,2023-12-15 07:19:06,tablet,Ads,cart
321,561,2023-06-10 01:09:48,tablet,Direct,home
322,1842,2020-02-28 10:07:03,tablet,Organic Search,home
323,353,2023-01-01 02:22:45,mobile,Email,checkout
324,1254,2023-09-04 15:59:33,mobile,Email,cart
325,885,2024-03-11 19:34:47,desktop,Organic Search,home
326,678,2023-10-26 11:24:24,mobile,Ads,cart
327,1438,2022-07-18 02:05:55,mobile,Direct,checkout
328,462,2020-06-06 23:15:08,mobile,Paid Social,cart
329,969,2024-03-04 12:04:25,tablet,Push Notification,search
330,176,2023-11-29 04:54:55,mobile,Direct,cart
331,623,2024-01-19 00:22:54,tablet,Email,home
332,1188,2020-06-11 15:29:57,desktop,Direct,checkout
333,1331,2021-06-01 01:45:46,desktop,Email,search
334,645,2021-07-13 04:58:03,tablet,Direct,checkout
335,1644,2024-11-07 18:58:09,mobile,Email,search
336,559,2020-12-27 11:24:36,tablet,Ads,product
337,1480,2022-01-18 06:22:33,desktop,Direct,checkout
338,389,2021-12-16 18:19:49,desktop,Email,checkout
339,604,2020-12-10 20:23:36,desktop,Direct,checkout
340,766,2023-12-10 09:35:26,desktop,Push Notification,checkout
341,58,2022-04-01 13:14:47,mobile,Organic Search,search
342,1554,2021-05-29 03:42:00,mobile,Email,search
343,221,2020-11-06 08:01:49,desktop,Direct,home
344,315,2023-11-10 23:09:26,desktop,Paid Social,home
345,1163,2020-03-28 10:03:44,desktop,Push Notification,search
346,492,2024-08-03 17:46:44,desktop,Email,search
347,1471,2021-04-28 19:28:47,mobile,Push Notification,cart
348,1223,2022-12-23 07:13:16,desktop,Paid Social,cart
349,199,2023-11-22 19:45:34,tablet,Organic Search,cart
350,281,2020-02-12 18:19:46,mobile,Email,checkout
351,20,2023-08-06 23:59:16,mobile,Ads,checkout
352,497,2021-07-28 03:01:44,tablet,Ads,product
353,1534,2023-04-18 18:00:36,mobile,Email,checkout
354,1054,2021-08-07 10:52:00,tablet,Organic Search,cart
355,542,2021-11-23 19:59:50,desktop,Direct,product
356,1663,2023-11-08 14:51:14,mobile,Email,product
357,1613,2023-10-29 11:33:32,tablet,Ads,cart
358,441,2024-06-08 16:34:11,mobile,Organic Search,cart
359,423,2023-01-27 20:59:14,tablet,Organic Search,product
360,1107,2021-10-12 10:17:15,mobile,Organic Search,product
361,752,2021-07-24 17:04:37,mobile,Email,checkout
362,736,2024-07-20 09:22:45,desktop,Direct,home
363,1844,2023-04-07 04:44:59,desktop,Organic Search,home
364,1953,2021-04-21 23:27:54,desktop,Direct,checkout
365,1553,2021-11-28 07:19:26,desktop,Paid Social,checkout
366,1656,2020-06-15 03:32:34,tablet,Organic Search,product
367,163,2024-05-07 04:57:54,tablet,Organic Search,home
368,382,2020-06-08 12:11:45,tablet,Push Notification,cart
369,343,2021-12-01 02:19:35,tablet,Push Notification,checkout
370,1343,2022-06-19 04:25:45,desktop,Push Notification,checkout
371,1242,2023-02-04 16:35:25,desktop,Email,cart
372,1503,2020-11-21 18:39:46,tablet,Direct,search
373,92,2023-11-10 04:19:13,mobile,Push Notification,home
374,1423,2021-07-19 21:06:50,desktop,Push Notification,search
375,435,2023-11-23 23:38:11,mobile,Ads,checkout
376,846,2022-04-21 07:11:52,mobile,Organic Search,cart
377,138,2020-01-19 02:12:04,mobile,Email,home
378,1389,2024-11-30 04:03:09,desktop,Push Notification,product
379,1051,2022-12-17 03:27:26,mobile,Ads,product
380,1970,2024-11-16 15:43:47,desktop,Push Notification,cart
381,1333,2022-07-25 23:31:21,tablet,Push Notification,home
382,1634,2022-03-04 11:14:18,tablet,Push Notification,home
383,2000,2024-09-02 07:17:03,mobile,Push Notification,search
384,1651,2022-04-25 16:00:08,tablet,Email,search
385,82,2024-11-30 00:05:01,desktop,Organic Search,search
386,918,2021-07-07 13:57:02,tablet,Push Notification,product
387,324,2023-02-17 15:06:01,mobile,Email,checkout
388,516,2020-07-23 06:27:27,tablet,Paid Social,cart
389,1599,2020-04-27 03:57:27,tablet,Push Notification,product
390,866,2023-05-22 00:50:38,desktop,Direct,product
391,1485,2022-02-07 06:09:35,desktop,Email,product
392,46,2022-12-06 05:56:53,tablet,Push Notification,product
393,1198,2022-07-22 11:01:28,desktop,Email,search
394,1444,2021-12-02 09:09:44,tablet,Paid Social,search
395,1951,2020-08-28 02:16:39,mobile,Organic Search,cart
396,567,2022-09-18 18:29:30,mobile,Ads,home
397,1970,2020-12-03 05:33:42,desktop,Push Notification,search
398,1695,2020-11-13 18:36:55,mobile,Push Notification,product
399,1633,2024-04-25 06:56:45,desktop,Push Notification,checkout
400,846,2020-10-09 21:24:37,desktop,Ads,home
401,1967,2021-05-05 01:54:37,desktop,Direct,search
402,1984,2024-08-29 17:11:07,mobile,Ads,checkout
403,1855,2022-01-12 05:19:56,tablet,Push Notification,checkout
404,384,2024-03-21 06:07:32,mobile,Paid Social,cart
405,1401,2021-08-13 05:42:47,mobile,Direct,product
406,965,2022-03-09 04:26:46,tablet,Email,search
407,133,2023-09-09 13:58:20,mobile,Ads,checkout
408,1851,2020-01-10 05:12:10,tablet,Organic Search,cart
409,56,2024-08-14 15:12:33,tablet,Paid Social,checkout
410,1258,2023-11-09 01:26:29,tablet,Push Notification,checkout
411,1224,2021-08-16 15:51:17,mobile,Push Notification,cart
412,658,2020-07-07 20:41:47,tablet,Email,search
413,1289,2022-05-28 08:31:13,tablet,Push Notification,cart
414,807,2021-02-20 12:23:30,mobile,Direct,home
415,1863,2021-02-10 09:57:41,tablet,Push Notification,search
416,74,2024-10-25 05:18:19,tablet,Push Notification,cart
417,1216,2024-11-04 09:51:02,desktop,Ads,cart
418,1166,2021-05-23 21:08:14,desktop,Organic Search,cart
419,930,2021-11-14 00:18:47,tablet,Paid Social,product
420,518,2021-06-19 17:52:35,tablet,Email,cart
421,1480,2021-06-07 09:11:10,tablet,Ads,product
422,1361,2021-04-27 19:04:43,tablet,Ads,product
423,404,2023-01-03 21:28:12,tablet,Ads,checkout
424,1291,2024-12-11 14:45:11,tablet,Organic Search,checkout
425,558,2022-12-27 05:37:19,desktop,Organic Search,cart
426,158,2023-10-30 02:24:40,desktop,Push Notification,cart
427,541,2023-01-24 09:35:44,desktop,Paid Social,product
428,1899,2024-12-15 15:43:53,desktop,Email,cart
429,1060,2024-01-03 18:50:49,desktop,Organic Search,checkout
430,1836,2022-09-01 21:04:54,tablet,Push Notification,cart
431,738,2022-02-06 01:49:44,mobile,Push Notification,search
432,1660,2020-10-02 06:47:24,mobile,Direct,home
433,593,2020-04-29 12:19:19,mobile,Push Notification,home
434,1038,2021-12-21 16:31:14,desktop,Ads,search
435,867,2022-10-28 09:22:38,mobile,Push Notification,home
436,700,2022-03-20 13:02:51,desktop,Push Notification,checkout
437,741,2023-02-15 03:34:06,mobile,Push Notification,home
438,285,2024-10-22 01:23:43,mobile,Ads,checkout
439,1325,2022-12-25 23:54:05,tablet,Push Notification,product
440,188,2024-04-14 10:12:52,tablet,Direct,checkout
441,110,2024-03-20 18:04:09,mobile,Push Notification,search
442,441,2020-12-24 02:59:00,desktop,Email,cart
443,1320,2020-11-09 23:41:49,mobile,Push Notification,search
444,1740,2023-04-27 23:51:21,tablet,Push Notification,home
445,906,2022-01-04 02:23:28,tablet,Ads,home
446,1643,2022-01-04 12:34:49,tablet,Direct,product
447,1779,2024-03-04 15:41:21,mobile,Ads,home
448,757,2021-02-18 03:43:30,mobile,Ads,product
449,709,2021-08-14 13:30:45,mobile,Direct,home
450,1963,2020-01-24 22:15:40,desktop,Direct,cart
451,408,2021-09-09 16:32:55,tablet,Push Notification,product
452,1614,2023-08-30 01:36:30,desktop,Push Notification,product
453,1029,2020-12-27 00:15:23,desktop,Organic Search,product
454,892,2021-12-07 07:40:48,tablet,Email,search
455,702,2023-01-02 03:24:04,mobile,Paid Social,cart
456,1333,2021-01-15 19:23:54,tablet,Push Notification,search
457,186,2020-02-20 18:50:53,tablet,Organic Search,home
458,452,2021-10-17 18:06:23,desktop,Organic Search,checkout
459,1848,2024-07-07 17:01:02,desktop,Organic Search,home
460,1082,2023-12-19 06:30:35,tablet,Ads,search
461,870,2022-10-11 13:25:12,tablet,Direct,search
462,1303,2020-06-16 09:37:57,desktop,Organic Search,home
463,602,2022-12-10 19:25:08,mobile,Direct,cart
464,1693,2023-08-03 13:22:59,mobile,Email,search
465,238,2023-11-10 08:49:09,mobile,Push Notification,cart
466,1162,2024-01-15 03:25:57,tablet,Push Notification,search
467,1029,2024-10-19 21:22:11,mobile,Organic Search,checkout
468,226,2023-12-27 01:00:24,mobile,Paid Social,search
469,1568,2024-07-03 04:20:31,mobile,Organic Search,checkout
470,380,2023-10-12 13:47:59,mobile,Ads,search
471,827,2023-01-14 09:19:50,mobile,Ads,home
472,1177,2023-11-29 11:24:44,mobile,Organic Search,home
473,999,2023-12-02 14:22:12,tablet,Direct,search
474,1574,2020-10-29 09:05:54,desktop,Ads,checkout
475,15,2022-01-22 18:58:16,mobile,Push Notification,home
476,1741,2020-07-08 18:09:02,mobile,Email,product
477,939,2021-01-24 21:44:08,desktop,Paid Social,home
478,515,2020-08-19 14:32:17,mobile,Ads,home
479,523,2023-03-31 16:14:18,mobile,Paid Social,search
480,504,2022-08-28 07:09:46,tablet,Direct,cart
481,954,2021-07-31 05:11:14,desktop,Direct,home
482,1035,2024-09-27 08:06:05,mobile,Email,home
483,1520,2021-09-21 18:31:29,mobile,Paid Social,cart
484,1931,2024-08-04 11:50:58,desktop,Ads,product
485,257,2022-08-19 09:59:21,tablet,Push Notification,checkout
486,567,2021-12-28 15:22:53,tablet,Direct,home
487,1332,2022-05-15 00:16:34,tablet,Email,product
488,248,2020-02-27 12:16:22,desktop,Direct,checkout
489,1401,2024-05-27 23:40:31,tablet,Paid Social,search
490,554,2022-08-24 14:02:20,mobile,Paid Social,product
491,30,2024-09-02 08:59:25,desktop,Organic Search,product
492,1167,2021-02-12 23:28:10,desktop,Ads,cart
493,1061,2021-05-31 16:18:22,desktop,Organic Search,checkout
494,1528,2021-09-15 21:39:53,desktop,Ads,home
495,857,2024-08-24 19:35:41,mobile,Paid Social,checkout
496,584,2020-06-12 08:06:17,desktop,Organic Search,checkout
497,1022,2023-08-03 12:21:12,tablet,Organic Search,cart
498,788,2022-11-16 14:21:54,mobile,Paid Social,cart
499,719,2020-02-22 09:18:29,tablet,Organic Search,product
500,27,2020-04-10 10:14:17,desktop,Push Notification,home
501,1021,2020-02-17 15:47:39,mobile,Organic Search,cart
502,1469,2024-02-05 14:20:38,mobile,Direct,cart
503,1045,2021-03-01 17:32:38,mobile,Email,checkout
504,1630,2021-03-07 06:36:26,desktop,Organic Search,product
505,706,2021-03-06 16:31:23,tablet,Push Notification,product
506,1280,2022-08-18 18:13:23,desktop,Direct,product
507,657,2022-10-22 12:34:13,mobile,Direct,product
508,418,2022-11-29 19:30:52,mobile,Organic Search,product
509,26,2024-05-16 02:48:41,desktop,Ads,checkout
510,1344,2024-06-11 21:50:54,tablet,Organic Search,home
511,148,2020-01-19 05:30:36,desktop,Organic Search,home
512,1392,2023-02-15 11:54:54,tablet,Push Notification,cart
513,1764,2024-08-09 17:36:24,desktop,Paid Social,checkout
514,696,2024-01-24 02:27:38,tablet,Paid Social,product
515,1490,2024-01-15 19:55:49,tablet,Paid Social,search
516,530,2020-08-24 21:47:00,mobile,Ads,search
517,14,2023-11-18 02:22:21,desktop,Paid Social,home
518,240,2021-08-25 12:43:58,desktop,Paid Social,home
519,662,2023-08-28 15:06:04,tablet,Paid Social,home
520,11,2024-02-12 20:18:10,mobile,Push Notification,home
521,837,2022-03-06 10:33:04,desktop,Direct,search
522,1721,2020-04-05 14:21:48,desktop,Push Notification,cart
523,628,2022-08-10 03:36:08,mobile,Email,product
524,660,2024-02-01 23:12:57,tablet,Organic Search,search
525,659,2021-10-25 20:48:30,mobile,Direct,home
526,1577,2023-01-15 14:52:34,mobile,Ads,home
527,1270,2023-02-18 05:44:56,tablet,Direct,home
528,183,2020-03-26 02:57:47,mobile,Email,product
529,1731,2024-03-02 00:05:27,mobile,Organic Search,cart
530,6,2021-03-07 01:40:58,tablet,Ads,home
531,509,2022-12-18 18:48:48,mobile,Paid Social,checkout
532,267,2021-11-03 20:38:25,tablet,Email,home
533,1781,2020-09-16 04:48:30,mobile,Push Notification,product
534,853,2024-01-26 13:59:33,desktop,Paid Social,search
535,1239,2021-07-12 04:53:17,tablet,Ads,search
536,709,2020-04-21 14:42:28,mobile,Paid Social,product
537,660,2020-01-11 20:36:03,tablet,Ads,search
538,183,2021-03-29 15:21:00,desktop,Push Notification,search
539,377,2023-02-03 23:23:06,desktop,Email,search
540,211,2022-01-13 17:22:24,tablet,Ads,product
541,750,2022-03-30 18:57:16,tablet,Paid Social,search
542,686,2020-01-16 11:46:42,mobile,Ads,product
543,688,2022-03-14 22:58:21,mobile,Ads,home
544,1137,2023-10-10 15:51:06,desktop,Ads,search
545,511,2023-11-06 15:43:03,mobile,Direct,home
546,912,2023-09-23 14:43:03,mobile,Organic Search,search
547,1421,2021-05-04 04:00:52,desktop,Paid Social,cart
548,1680,2024-06-29 00:46:29,tablet,Push Notification,search
549,1926,2022-03-22 00:32:59,mobile,Email,home
550,684,2023-05-29 21:34:21,mobile,Organic Search,product
551,1313,2020-07-16 11:31:23,desktop,Push Notification,product
552,1612,2023-07-13 07:23:41,tablet,Ads,checkout
553,1850,2021-11-05 00:28:00,desktop,Push Notification,cart
554,445,2021-11-20 11:05:53,desktop,Direct,product
555,688,2024-06-04 02:09:41,desktop,Organic Search,checkout
556,332,2021-01-18 12:41:58,desktop,Ads,cart
557,1142,2021-01-23 16:49:08,tablet,Ads,search
558,173,2024-05-09 06:27:57,mobile,Direct,cart
559,1367,2024-07-24 00:49:35,tablet,Paid Social,cart
560,619,2020-07-13 00:47:03,tablet,Direct,product
561,551,2024-03-26 16:02:22,mobile,Email,cart
562,1455,2022-10-17 09:48:07,desktop,Organic Search,home
563,171,2020-10-10 23:14:08,tablet,Direct,cart
564,1114,2022-05-10 20:07:50,mobile,Organic Search,home
565,710,2024-09-05 07:39:35,mobile,Email,cart
566,980,2021-11-25 01:35:03,tablet,Organic Search,search
567,646,2023-04-26 08:38:00,desktop,Push Notification,home
568,1427,2024-04-05 23:30:06,mobile,Ads,home
569,736,2023-07-22 01:33:09,mobile,Organic Search,search
570,1140,2024-12-06 03:15:23,mobile,Email,checkout
571,1880,2024-07-18 22:59:37,desktop,Push Notification,search
572,190,2024-09-18 21:30:00,tablet,Ads,product
573,1593,2023-02-22 02:34:16,tablet,Ads,home
574,1841,2021-11-14 04:08:01,mobile,Organic Search,home
575,460,2024-06-04 11:36:51,desktop,Ads,cart
576,203,2023-12-15 19:36:34,desktop,Email,cart
577,1867,2024-12-31 11:43:09,desktop,Organic Search,search
578,627,2020-11-22 14:10:17,mobile,Direct,home
579,1265,2021-10-05 03:26:44,desktop,Ads,checkout
580,29,2020-06-01 11:43:25,mobile,Ads,search
581,590,2020-12-11 15:04:03,tablet,Organic Search,search
582,622,2020-11-19 14:31:00,desktop,Paid Social,home
583,245,2023-04-10 12:50:43,tablet,Email,product
584,202,2023-10-01 15:58:36,desktop,Paid Social,search
585,724,2021-12-19 06:54:07,tablet,Push Notification,cart
586,66,2021-12-29 08:17:07,mobile,Ads,cart
587,974,2024-06-14 00:58:17,tablet,Ads,home
588,1708,2022-02-12 15:37:41,desktop,Paid Social,search
589,1110,2022-05-05 08:27:16,tablet,Push Notification,product
590,205,2023-07-06 04:18:58,mobile,Ads,search
591,1162,2023-02-18 01:02:09,tablet,Paid Social,search
592,624,2024-05-02 21:25:14,tablet,Push Notification,search
593,803,2023-10-18 20:10:56,tablet,Organic Search,search
594,451,2024-11-03 23:11:55,desktop,Paid Social,product
595,945,2023-11-19 19:04:07,tablet,Push Notification,checkout
596,1067,2020-08-07 19:57:42,mobile,Push Notification,search
597,975,2020-06-15 13:43:05,tablet,Email,search
598,320,2023-06-11 08:20:25,desktop,Organic Search,cart
599,172,2020-10-29 10:39:49,mobile,Organic Search,home
600,602,2024-10-17 10:32:13,tablet,Organic Search,search
601,1725,2023-12-07 01:04:32,desktop,Email,product
602,1320,2022-08-06 09:32:22,tablet,Direct,checkout
603,913,2022-02-23 17:24:03,desktop,Ads,product
604,195,2021-10-03 05:49:38,tablet,Direct,home
605,202,2023-07-15 07:22:29,tablet,Email,search
606,1072,2024-12-07 13:27:51,tablet,Organic Search,product
607,1189,2024-07-26 10:21:43,tablet,Direct,product
608,117,2023-07-29 06:48:44,desktop,Push Notification,home
609,1343,2022-05-22 08:59:57,mobile,Ads,product
610,1802,2020-03-09 22:13:58,mobile,Ads,search
611,872,2023-11-25 22:15:26,mobile,Direct,home
612,1665,2023-07-09 17:49:13,tablet,Direct,search
613,184,2023-02-20 09:01:13,mobile,Organic Search,home
614,758,2022-06-27 12:33:39,mobile,Email,home
615,474,2021-04-29 00:12:38,tablet,Organic Search,cart
616,1329,2022-05-02 09:22:47,tablet,Direct,product
617,1390,2021-11-16 22:44:49,mobile,Push Notification,cart
618,466,2021-12-10 07:22:42,tablet,Email,checkout
619,937,2021-10-19 01:08:35,tablet,Push Notification,search
620,1898,2024-03-13 11:56:43,desktop,Paid Social,product
621,810,2024-11-23 07:29:20,desktop,Direct,search
622,170,2021-07-16 12:52:20,tablet,Direct,cart
623,1129,2022-06-15 05:51:03,mobile,Push Notification,product
624,1335,2020-04-24 05:24:50,mobile,Email,product
625,202,2020-08-03 06:48:37,desktop,Organic Search,home
626,1300,2020-10-03 00:20:58,tablet,Push Notification,search
627,1381,2020-09-05 18:32:09,tablet,Organic Search,search
628,993,2024-12-06 13:33:00,tablet,Email,cart
629,304,2024-01-28 03:33:35,desktop,Paid Social,cart
630,828,2020-04-26 07:20:49,desktop,Push Notification,cart
631,857,2023-04-02 01:29:20,tablet,Direct,cart
632,1109,2022-11-21 18:15:36,desktop,Direct,checkout
633,802,2024-09-01 17:23:46,desktop,Push Notification,checkout
634,569,2021-03-10 16:08:26,desktop,Paid Social,checkout
635,1321,2024-03-12 00:56:17,desktop,Ads,home
636,1854,2021-07-23 17:34:46,tablet,Ads,search
637,591,2022-05-14 19:06:59,desktop,Ads,search
638,82,2024-12-15 09:21:28,tablet,Direct,checkout
639,1682,2024-05-28 07:31:01,desktop,Ads,search
640,563,2020-10-08 07:09:26,tablet,Ads,home
641,1917,2024-04-26 11:23:01,mobile,Push Notification,product
642,520,2023-06-17 15:44:26,mobile,Direct,cart
643,665,2021-10-15 06:12:32,desktop,Email,checkout
644,1381,2023-09-19 20:21:56,tablet,Push Notification,cart
645,77,2024-02-04 08:10:17,tablet,Organic Search,cart
646,1096,2023-07-24 19:59:50,tablet,Paid Social,cart
647,1219,2022-04-24 13:57:39,desktop,Email,home
648,684,2021-11-23 16:02:23,desktop,Ads,product
649,1201,2021-11-12 23:20:34,desktop,Email,cart
650,170,2023-02-23 20:35:43,mobile,Email,checkout
651,730,2021-04-01 08:54:22,desktop,Email,search
652,1791,2024-02-20 00:11:55,tablet,Push Notification,home
653,1072,2022-04-02 07:16:42,desktop,Paid Social,product
654,1656,2022-04-12 01:10:52,mobile,Organic Search,cart
655,1600,2024-09-24 02:45:46,tablet,Push Notification,product
656,574,2022-09-03 00:02:01,desktop,Direct,checkout
657,818,2020-02-24 21:39:57,desktop,Direct,home
658,285,2022-02-21 16:58:02,mobile,Email,search
659,657,2020-02-11 03:21:14,tablet,Email,home
660,648,2022-06-02 03:44:16,desktop,Direct,search
661,757,2021-05-04 12:59:03,mobile,Email,home
662,1759,2024-08-04 09:40:02,tablet,Direct,home
663,726,2022-09-25 23:52:48,desktop,Direct,checkout
664,1340,2023-06-28 05:48:15,mobile,Direct,product
665,1597,2021-09-07 12:17:30,mobile,Ads,checkout
666,1816,2020-02-02 22:26:24,tablet,Direct,product
667,1411,2021-05-31 13:55:19,tablet,Paid Social,home
668,114,2021-08-04 17:56:30,tablet,Organic Search,cart
669,112,2020-08-10 07:49:24,mobile,Email,search
670,1711,2020-12-29 04:59:30,tablet,Direct,search
671,1039,2021-02-05 07:28:18,mobile,Direct,product
672,963,2020-12-02 14:26:09,mobile,Email,cart
673,255,2022-04-20 08:38:46,tablet,Organic Search,product
674,778,2024-12-05 17:29:29,tablet,Organic Search,search
675,116,2023-08-20 03:59:40,mobile,Email,checkout
676,541,2022-09-16 13:23:25,tablet,Email,product
677,242,2022-12-16 11:08:58,tablet,Ads,checkout
678,541,2023-09-01 09:30:32,tablet,Ads,product
679,1298,2020-09-17 14:21:03,tablet,Email,checkout
680,1134,2022-08-11 20:52:42,tablet,Paid Social,cart
681,1403,2020-11-21 13:56:07,tablet,Paid Social,product
682,1021,2024-11-11 00:53:29,mobile,Ads,checkout
683,627,2021-05-19 21:37:18,tablet,Direct,home
684,631,2021-01-16 01:44:48,desktop,Ads,cart
685,888,2024-02-01 00:18:10,desktop,Direct,checkout
686,445,2022-01-03 19:56:33,desktop,Email,search
687,149,2022-12-16 04:54:54,mobile,Ads,checkout
688,1269,2023-12-31 07:11:57,tablet,Email,cart
689,1753,2022-11-01 14:18:05,tablet,Push Notification,cart
690,502,2023-05-11 19:40:54,desktop,Paid Social,search
691,1148,2023-12-07 17:25:03,mobile,Email,home
692,1282,2022-12-02 11:17:52,tablet,Organic Search,home
693,1377,2023-03-28 05:10:43,tablet,Push Notification,search
694,561,2021-07-20 04:53:02,tablet,Push Notification,checkout
695,127,2021-12-14 22:34:34,mobile,Organic Search,checkout
696,1687,2020-11-27 19:20:32,mobile,Ads,home
697,1381,2024-06-14 19:24:58,tablet,Direct,product
698,1420,2022-12-23 10:05:59,tablet,Direct,cart
699,984,2020-08-25 22:36:15,tablet,Push Notification,cart
700,178,2020-02-14 07:35:58,tablet,Direct,home
701,1135,2023-07-22 07:37:48,desktop,Paid Social,home
702,1532,2022-05-27 01:04:04,desktop,Ads,home
703,845,2022-07-28 07:54:06,tablet,Email,cart
704,113,2020-01-26 22:53:25,desktop,Direct,cart
705,331,2020-01-09 13:57:27,tablet,Push Notification,home
706,392,2021-12-08 19:25:40,desktop,Organic Search,home
707,1140,2022-06-01 03:01:52,tablet,Email,home
708,332,2021-10-29 23:24:02,desktop,Organic Search,product
709,4,2021-09-18 01:53:49,mobile,Organic Search,product
710,251,2024-04-11 02:52:21,tablet,Ads,cart
711,1374,2021-05-29 02:17:43,mobile,Direct,search
712,874,2020-10-28 14:42:58,desktop,Direct,search
713,126,2021-12-18 22:16:07,desktop,Direct,product
714,1370,2023-10-02 20:05:54,mobile,Ads,search
715,1041,2023-09-01 12:19:38,tablet,Push Notification,checkout
716,1103,2023-02-15 09:27:15,tablet,Ads,cart
717,547,2021-09-20 22:21:07,mobile,Direct,search
718,1057,2022-08-20 04:52:02,tablet,Paid Social,product
719,1365,2020-01-19 18:40:19,desktop,Direct,home
720,1451,2024-02-15 00:00:35,desktop,Paid Social,cart
721,1223,2020-01-27 13:20:49,desktop,Push Notification,checkout
722,1493,2022-11-17 12:54:35,desktop,Ads,checkout
723,1054,2024-02-23 10:50:29,tablet,Direct,search
724,1706,2024-05-17 07:17:19,mobile,Ads,cart
725,1354,2024-04-30 13:14:37,mobile,Organic Search,cart
726,1556,2021-01-15 15:05:48,desktop,Push Notification,checkout
727,858,2022-03-01 12:12:23,mobile,Paid Social,product
728,342,2020-11-18 02:40:42,tablet,Push Notification,checkout
729,1322,2024-05-26 22:45:27,desktop,Paid Social,home
730,711,2021-04-23 15:09:35,mobile,Push Notification,home
731,1863,2021-03-09 21:41:49,mobile,Direct,checkout
732,995,2023-04-08 08:10:05,tablet,Ads,product
733,149,2022-01-07 22:01:57,mobile,Direct,checkout
734,613,2022-03-10 02:17:59,tablet,Paid Social,cart
735,441,2021-10-04 06:21:52,mobile,Paid Social,product
736,497,2021-09-19 18:25:11,desktop,Direct,home
737,1968,2020-12-01 20:23:52,desktop,Organic Search,search
738,1064,2022-11-20 09:30:01,desktop,Direct,home
739,1638,2021-04-17 23:09:24,mobile,Push Notification,cart
740,1,2023-05-18 05:43:11,tablet,Organic Search,product
741,1934,2024-05-14 07:26:16,mobile,Email,home
742,1423,2022-11-15 13:10:29,tablet,Organic Search,home
743,1221,2020-08-02 14:06:49,mobile,Push Notification,checkout
744,704,2022-09-14 21:28:35,mobile,Ads,home
745,1436,2020-09-07 13:10:22,mobile,Email,checkout
746,888,2021-10-22 23:05:26,tablet,Paid Social,cart
747,432,2023-02-24 20:45:03,mobile,Organic Search,search
748,411,2024-07-20 10:39:00,mobile,Organic Search,checkout
749,837,2024-11-14 02:24:31,tablet,Ads,checkout
750,1364,2024-12-12 07:47:55,tablet,Email,search
751,920,2020-10-12 20:04:43,desktop,Email,product
752,1965,2021-07-07 21:19:04,tablet,Ads,cart
753,1346,2024-12-26 16:12:12,tablet,Organic Search,checkout
754,867,2020-06-14 09:51:41,tablet,Push Notification,checkout
755,1418,2024-05-08 12:30:45,desktop,Email,cart
756,1365,2023-01-01 05:20:39,mobile,Push Notification,home
757,779,2022-02-16 07:12:59,mobile,Paid Social,cart
758,1968,2021-12-26 19:38:52,desktop,Direct,cart
759,1953,2023-05-05 22:46:30,desktop,Organic Search,search
760,1059,2024-02-24 00:46:35,mobile,Email,product
761,1568,2024-03-16 22:46:23,desktop,Direct,home
762,1063,2020-04-14 00:14:43,tablet,Push Notification,product
763,1862,2021-10-29 06:48:11,tablet,Ads,cart
764,710,2020-08-09 00:27:21,tablet,Organic Search,search
765,1465,2021-06-24 14:17:56,tablet,Organic Search,home
766,1486,2023-09-19 09:53:44,mobile,Organic Search,checkout
767,1234,2024-10-03 10:20:08,mobile,Direct,search
768,1675,2021-09-15 22:09:14,desktop,Push Notification,search
769,1991,2022-07-14 04:29:25,desktop,Direct,checkout
770,1845,2022-08-16 08:14:34,mobile,Direct,cart
771,1550,2020-09-28 03:18:16,mobile,Push Notification,search
772,394,2022-03-21 05:41:38,desktop,Ads,search
773,1005,2020-07-28 11:28:27,mobile,Paid Social,search
774,452,2020-06-10 17:03:29,tablet,Ads,cart
775,1109,2022-12-26 12:36:54,mobile,Ads,home
776,1065,2020-03-13 01:17:22,mobile,Email,search
777,1818,2023-11-01 21:28:43,mobile,Paid Social,checkout
778,965,2023-04-06 18:05:35,tablet,Ads,product
779,58,2024-05-30 02:29:03,desktop,Paid Social,product
780,1449,2022-12-11 12:40:19,desktop,Paid Social,checkout
781,266,2023-05-09 03:16:11,tablet,Paid Social,cart
782,1309,2021-01-02 17:58:17,tablet,Ads,search
783,749,2023-11-06 08:36:47,mobile,Ads,home
784,1714,2022-09-04 22:10:59,tablet,Email,cart
785,1152,2022-04-09 19:35:25,mobile,Organic Search,cart
786,556,2022-04-07 06:33:44,mobile,Ads,home
787,1107,2021-09-01 21:30:55,desktop,Push Notification,checkout
788,1859,2023-09-21 01:16:26,tablet,Email,search
789,1852,2020-09-25 16:18:26,tablet,Push Notification,search
790,549,2020-05-04 18:43:44,mobile,Direct,product
791,811,2024-03-08 14:40:03,tablet,Organic Search,product
792,411,2023-05-30 18:13:10,desktop,Organic Search,checkout
793,389,2020-10-06 05:38:03,tablet,Ads,search
794,69,2021-04-03 23:29:27,desktop,Email,checkout
795,1326,2020-11-08 00:18:44,tablet,Ads,home
796,848,2023-08-16 23:58:51,tablet,Email,search
797,1191,2024-12-27 22:33:54,mobile,Direct,checkout
798,498,2023-06-18 10:58:49,tablet,Organic Search,search
799,1083,2022-10-13 13:57:13,mobile,Ads,search
800,767,2020-04-06 03:25:13,mobile,Paid Social,cart
801,855,2022-06-07 09:37:44,tablet,Push Notification,product
802,125,2023-10-24 12:36:28,tablet,Paid Social,home
803,1432,2020-07-03 17:38:25,mobile,Email,search
804,1812,2024-01-02 09:54:20,mobile,Email,cart
805,246,2022-12-08 09:43:15,tablet,Email,cart
806,1626,2022-07-20 23:53:40,desktop,Push Notification,checkout
807,1151,2022-10-29 20:57:44,tablet,Ads,product
808,861,2020-07-29 14:24:56,mobile,Direct,checkout
809,479,2023-12-19 13:17:33,mobile,Direct,product
810,1673,2022-03-05 04:36:08,mobile,Paid Social,search
811,305,2021-11-21 05:30:16,mobile,Ads,home
812,288,2022-01-02 00:49:36,desktop,Direct,cart
813,983,2020-11-30 07:06:24,tablet,Email,search
814,246,2020-01-21 16:39:16,mobile,Email,checkout
815,1517,2023-05-01 00:14:02,mobile,Paid Social,cart
816,1379,2024-01-13 23:42:48,mobile,Organic Search,cart
817,1205,2024-11-28 16:01:37,desktop,Direct,home
818,203,2021-02-24 03:11:28,mobile,Email,product
819,1443,2021-09-18 15:47:23,mobile,Direct,home
820,263,2020-12-11 11:57:32,tablet,Organic Search,product
821,359,2024-10-02 03:25:06,desktop,Push Notification,home
822,211,2020-06-04 06:30:22,desktop,Paid Social,home
823,660,2021-08-26 18:49:24,mobile,Ads,home
824,1449,2024-03-09 08:37:00,desktop,Organic Search,cart
825,801,2024-09-26 16:49:14,desktop,Organic Search,search
826,1041,2020-10-26 05:36:30,desktop,Email,product
827,1302,2022-01-10 19:12:38,desktop,Direct,product
828,603,2023-11-14 03:33:07,tablet,Push Notification,cart
829,353,2020-10-02 12:40:24,tablet,Ads,cart
830,1101,2023-02-07 16:48:36,desktop,Ads,product
831,214,2022-08-18 06:52:24,mobile,Push Notification,cart
832,1660,2024-05-23 07:28:44,desktop,Push Notification,search
833,887,2022-06-19 00:09:23,mobile,Paid Social,product
834,1435,2022-05-29 16:47:15,desktop,Organic Search,cart
835,489,2021-07-17 12:32:32,mobile,Push Notification,product
836,1725,2021-01-30 03:23:07,mobile,Organic Search,cart
837,194,2022-02-12 17:21:03,mobile,Organic Search,search
838,840,2021-02-03 08:59:22,mobile,Organic Search,product
839,1373,2023-09-05 21:04:26,mobile,Paid Social,home
840,673,2021-12-17 22:56:49,tablet,Paid Social,cart
841,1744,2022-07-20 18:42:56,desktop,Organic Search,home
842,766,2022-06-06 23:38:01,tablet,Organic Search,search
843,195,2023-10-08 05:23:08,tablet,Organic Search,cart
844,1983,2020-09-05 20:46:33,mobile,Direct,checkout
845,478,2023-05-01 14:19:23,tablet,Paid Social,search
846,1380,2020-04-18 19:15:52,mobile,Push Notification,cart
847,1794,2024-12-12 20:19:58,mobile,Email,product
848,1063,2024-03-10 18:51:00,tablet,Organic Search,home
849,1648,2020-04-22 16:22:25,desktop,Ads,search
850,1005,2022-04-24 07:59:29,mobile,Ads,cart
851,1327,2021-08-23 11:45:28,desktop,Email,cart
852,750,2020-04-19 00:53:11,desktop,Ads,home
853,1980,2024-06-03 19:49:45,desktop,Organic Search,search
854,1046,2021-06-16 16:15:03,desktop,Ads,checkout
855,1351,2024-12-09 14:27:29,tablet,Email,search
856,1291,2021-11-06 11:58:19,mobile,Paid Social,product
857,1747,2023-11-30 14:50:52,mobile,Push Notification,search
858,1013,2020-12-07 13:54:31,desktop,Email,cart
859,643,2020-04-28 00:02:01,desktop,Email,product
860,1353,2023-08-23 15:09:24,mobile,Ads,product
861,715,2020-04-08 14:02:14,desktop,Organic Search,product
862,1794,2020-05-19 09:00:26,mobile,Direct,search
863,1922,2024-03-28 04:51:25,desktop,Organic Search,home
864,1428,2021-10-30 22:56:29,desktop,Ads,cart
865,624,2020-01-13 15:39:25,mobile,Push Notification,search
866,527,2021-03-27 01:40:51,tablet,Direct,home
867,1571,2021-05-12 21:24:34,desktop,Direct,product
868,743,2024-09-15 21:03:25,tablet,Direct,search
869,1221,2024-07-11 15:35:53,tablet,Email,home
870,284,2022-08-20 00:30:32,tablet,Direct,checkout
871,3,2021-08-10 09:00:27,desktop,Paid Social,product
872,394,2020-11-08 11:37:20,tablet,Email,product
873,779,2024-10-07 13:05:05,tablet,Push Notification,product
874,1540,2024-10-25 17:14:07,desktop,Ads,home
875,886,2022-06-08 08:41:20,mobile,Paid Social,home
876,359,2022-01-03 04:09:12,desktop,Ads,search
877,927,2021-03-28 20:45:32,tablet,Push Notification,search
878,333,2020-05-20 23:09:23,tablet,Push Notification,home
879,242,2024-01-06 07:57:34,mobile,Paid Social,checkout
880,1031,2024-09-19 02:02:28,mobile,Email,product
881,1000,2021-12-04 07:44:49,desktop,Ads,checkout
882,1420,2021-10-09 21:02:33,mobile,Email,home
883,345,2024-10-29 11:17:36,mobile,Organic Search,home
884,1976,2021-09-19 05:52:40,tablet,Paid Social,checkout
885,1882,2021-04-19 12:21:36,desktop,Direct,checkout
886,1375,2021-06-22 14:01:34,desktop,Email,home
887,814,2021-09-30 04:17:58,mobile,Organic Search,product
888,1571,2022-08-30 17:58:44,tablet,Direct,cart
889,1234,2021-10-17 01:51:41,mobile,Organic Search,product
890,543,2020-08-24 19:52:16,desktop,Email,search
891,587,2021-05-25 18:23:52,mobile,Push Notification,checkout
892,1936,2021-11-18 12:46:20,tablet,Direct,cart
893,1827,2020-12-03 11:32:03,desktop,Direct,product
894,1324,2021-11-30 17:01:27,tablet,Email,cart
895,1786,2020-09-16 11:08:09,desktop,Paid Social,home
896,1295,2020-10-02 03:36:48,desktop,Organic Search,search
897,527,2024-07-21 22:25:20,desktop,Push Notification,product
898,980,2020-01-10 15:39:55,tablet,Push Notification,product
899,1644,2023-11-08 23:23:36,desktop,Direct,product
900,887,2022-11-20 05:30:05,mobile,Organic Search,home
901,149,2022-06-21 17:31:21,tablet,Push Notification,product
902,1005,2024-08-30 17:02:42,mobile,Email,product
903,645,2023-04-09 07:02:32,tablet,Email,search
904,1607,2023-01-11 03:33:48,mobile,Email,product
905,1358,2024-12-15 10:47:31,mobile,Email,search
906,222,2021-03-25 06:31:01,tablet,Paid Social,checkout
907,1910,2022-03-14 21:58:43,tablet,Ads,product
908,1854,2024-09-14 00:31:54,desktop,Email,product
909,262,2021-09-22 07:34:59,desktop,Email,cart
910,1961,2020-05-28 21:58:49,mobile,Direct,search
911,745,2024-09-08 06:17:12,desktop,Email,search
912,568,2020-03-07 00:44:14,desktop,Email,home
913,629,2024-07-24 01:06:07,tablet,Paid Social,product
914,1273,2022-09-15 10:25:23,desktop,Push Notification,search
915,249,2024-09-18 12:10:50,tablet,Ads,home
916,373,2021-03-30 09:40:29,mobile,Organic Search,home
917,1736,2020-09-09 09:02:24,tablet,Push Notification,checkout
918,1933,2021-04-27 00:36:00,mobile,Organic Search,search
919,442,2022-04-08 23:33:19,mobile,Direct,product
920,1400,2020-07-10 05:56:52,tablet,Email,product
921,919,2020-12-08 12:21:08,mobile,Ads,search
922,881,2021-05-23 12:05:16,mobile,Direct,cart
923,158,2023-06-17 12:47:28,desktop,Organic Search,search
924,663,2024-05-25 12:32:12,desktop,Email,search
925,1533,2024-02-01 08:59:20,mobile,Ads,home
926,452,2024-02-23 23:06:31,tablet,Email,product
927,348,2023-01-31 21:56:01,mobile,Direct,home
928,759,2022-10-16 22:42:15,tablet,Direct,home
929,127,2021-09-28 11:07:46,mobile,Push Notification,home
930,1050,2021-08-18 01:30:15,mobile,Ads,product
931,943,2024-07-26 09:09:40,mobile,Email,search
932,1620,2022-12-30 19:13:44,desktop,Email,search
933,1362,2020-06-14 23:46:38,desktop,Paid Social,cart
934,1531,2023-10-17 03:22:51,tablet,Ads,cart
935,957,2021-06-24 08:05:12,desktop,Push Notification,search
936,749,2023-07-07 02:29:01,desktop,Direct,home
937,444,2021-05-25 14:27:12,tablet,Ads,home
938,1773,2023-03-27 12:41:24,mobile,Organic Search,checkout
939,1116,2021-04-19 07:55:42,desktop,Direct,home
940,317,2023-07-22 18:24:05,mobile,Email,search
941,686,2022-04-23 22:32:41,tablet,Organic Search,home
942,1900,2024-01-09 23:32:17,desktop,Organic Search,search
943,30,2023-01-27 08:06:30,desktop,Email,product
944,293,2024-10-10 22:32:07,tablet,Organic Search,search
945,1942,2021-03-16 04:51:34,desktop,Organic Search,product
946,282,2022-08-06 13:52:14,mobile,Organic Search,product
947,1414,2024-06-10 22:48:35,tablet,Direct,home
948,510,2020-02-28 18:29:31,tablet,Paid Social,checkout
949,974,2020-11-26 10:55:55,mobile,Email,checkout
950,1060,2022-11-09 04:04:47,mobile,Organic Search,product
951,321,2023-12-31 21:23:24,tablet,Organic Search,home
952,1655,2021-05-18 20:24:13,tablet,Organic Search,product
953,996,2023-08-31 00:31:46,mobile,Direct,home
954,1164,2023-06-24 05:03:42,mobile,Push Notification,checkout
955,1633,2022-09-12 13:24:02,mobile,Push Notification,home
956,192,2021-04-27 23:40:33,tablet,Direct,checkout
957,1019,2023-02-15 07:47:35,desktop,Organic Search,cart
958,309,2023-07-27 06:06:57,tablet,Push Notification,home
959,845,2023-12-02 11:10:10,desktop,Ads,home
960,1660,2022-09-17 14:44:32,desktop,Paid Social,cart
961,1233,2023-01-25 14:10:24,desktop,Email,cart
962,453,2024-07-13 05:01:01,tablet,Push Notification,product
963,653,2023-04-10 21:18:28,mobile,Ads,checkout
964,1046,2022-03-13 07:06:40,desktop,Paid Social,search
965,1738,2024-10-15 20:45:32,mobile,Organic Search,home
966,1736,2020-04-22 02:14:14,mobile,Paid Social,checkout
967,1682,2020-07-31 21:59:15,tablet,Organic Search,cart
968,1596,2021-03-04 09:51:13,tablet,Organic Search,search
969,722,2024-06-21 21:57:52,tablet,Paid Social,checkout
970,1450,2024-06-02 13:27:38,tablet,Organic Search,checkout
971,954,2023-12-23 23:46:15,desktop,Organic Search,product
972,1619,2021-01-28 07:25:26,desktop,Direct,product
973,1281,2020-12-03 19:59:28,mobile,Ads,cart
974,1861,2021-04-17 23:02:45,tablet,Direct,checkout
975,532,2023-05-22 07:25:54,desktop,Direct,checkout
976,1313,2021-10-07 10:36:52,desktop,Email,checkout
977,1556,2022-12-04 18:22:44,mobile,Push Notification,cart
978,1028,2022-07-13 17:17:11,desktop,Organic Search,checkout
979,827,2022-01-07 01:20:57,tablet,Email,checkout
980,700,2021-07-11 10:27:07,desktop,Email,checkout
981,1266,2023-10-20 13:06:55,mobile,Organic Search,checkout
982,1598,2022-02-05 06:51:32,tablet,Email,home
983,1409,2023-06-11 02:06:41,desktop,Paid Social,search
984,1453,2023-02-05 11:58:25,desktop,Ads,product
985,75,2023-11-09 06:24:05,desktop,Paid Social,home
986,1837,2021-03-16 07:07:56,desktop,Ads,checkout
987,353,2021-06-27 15:50:48,tablet,Direct,search
988,1577,2020-06-22 00:35:05,tablet,Ads,checkout
989,183,2024-04-21 15:41:55,tablet,Direct,product
990,739,2024-11-01 13:58:44,tablet,Organic Search,checkout
991,664,2023-02-14 10:01:26,tablet,Organic Search,checkout
992,1713,2020-11-19 03:13:52,desktop,Push Notification,search
993,1294,2023-07-10 04:51:53,mobile,Paid Social,home
994,473,2024-02-05 09:17:53,tablet,Organic Search,product
995,1555,2024-11-18 04:17:53,desktop,Push Notification,search
996,935,2021-07-15 03:35:51,tablet,Ads,checkout
997,830,2020-04-25 21:31:41,tablet,Paid Social,product
998,1811,2020-07-11 21:58:56,mobile,Ads,home
999,1658,2023-04-26 23:28:32,mobile,Push Notification,search
1000,1983,2022-02-27 06:47:14,tablet,Ads,search
1001,807,2020-04-12 04:26:50,desktop,Push Notification,cart
1002,1693,2023-02-19 04:19:51,tablet,Direct,cart
1003,1581,2024-02-28 11:05:43,mobile,Paid Social,checkout
1004,1925,2024-03-24 19:21:38,mobile,Paid Social,product
1005,777,2020-03-19 13:12:12,tablet,Organic Search,product
1006,539,2020-09-12 04:45:28,tablet,Ads,checkout
1007,1793,2021-06-01 01:47:44,tablet,Organic Search,cart
1008,1992,2020-01-23 09:36:58,desktop,Ads,cart
1009,14,2021-03-04 08:59:55,desktop,Paid Social,product
1010,272,2021-09-30 09:57:35,desktop,Ads,checkout
1011,455,2022-12-15 20:25:28,desktop,Push Notification,checkout
1012,1297,2021-12-22 03:51:52,mobile,Push Notification,checkout
1013,1207,2022-11-19 12:51:19,tablet,Ads,product
1014,1896,2023-10-20 21:00:28,mobile,Direct,home
1015,786,2020-02-15 05:17:36,desktop,Push Notification,search
1016,524,2024-04-24 14:37:38,tablet,Direct,home
1017,452,2023-05-20 00:49:23,desktop,Paid Social,home
1018,1868,2024-08-08 03:12:47,desktop,Paid Social,checkout
1019,771,2021-12-23 08:48:52,desktop,Organic Search,checkout
1020,832,2024-01-05 03:54:57,tablet,Push Notification,home
1021,1284,2020-05-16 10:35:44,tablet,Ads,search
1022,1015,2020-08-30 23:16:36,desktop,Direct,cart
1023,1185,2020-08-21 23:13:25,desktop,Organic Search,cart
1024,374,2021-06-28 04:42:28,desktop,Direct,search
1025,1668,2023-12-15 05:31:08,desktop,Paid Social,product
1026,831,2023-03-03 10:40:33,mobile,Organic Search,product
1027,1902,2021-01-04 18:00:47,desktop,Ads,cart
1028,1933,2020-06-14 06:47:21,desktop,Organic Search,product
1029,677,2024-03-18 10:48:02,tablet,Push Notification,cart
1030,1730,2021-12-01 02:52:51,mobile,Ads,checkout
1031,471,2022-05-21 22:44:46,desktop,Push Notification,home
1032,390,2022-09-29 00:50:16,tablet,Push Notification,product
1033,1992,2024-11-25 01:57:48,desktop,Email,cart
1034,1688,2021-12-14 04:16:26,tablet,Email,cart
1035,589,2021-03-26 23:39:33,tablet,Ads,checkout
1036,1752,2020-07-11 20:09:37,tablet,Push Notification,cart
1037,989,2024-11-21 02:55:46,tablet,Direct,search
1038,57,2021-09-13 21:06:40,desktop,Email,checkout
1039,687,2022-02-01 19:20:30,mobile,Paid Social,product
1040,512,2024-04-28 17:49:50,tablet,Paid Social,checkout
1041,1979,2022-11-04 17:40:16,desktop,Push Notification,search
1042,394,2022-11-27 07:35:09,tablet,Organic Search,cart
1043,1850,2024-09-30 17:42:36,desktop,Paid Social,search
1044,942,2020-06-27 09:05:16,tablet,Ads,checkout
1045,977,2024-09-28 12:46:41,desktop,Push Notification,checkout
1046,670,2024-04-07 04:45:50,mobile,Push Notification,cart
1047,1973,2023-04-14 14:48:44,mobile,Paid Social,home
1048,894,2023-02-03 19:44:06,desktop,Direct,checkout
1049,1170,2021-12-16 01:49:03,tablet,Paid Social,cart
1050,1514,2023-07-29 07:10:43,tablet,Email,checkout
1051,1700,2022-03-04 13:29:43,desktop,Organic Search,checkout
1052,171,2022-11-22 10:43:57,mobile,Paid Social,cart
1053,1102,2021-12-18 13:18:47,tablet,Direct,home
1054,322,2022-07-19 19:46:24,desktop,Paid Social,checkout
1055,1353,2023-03-06 12:48:42,desktop,Ads,checkout
1056,1617,2024-06-24 15:39:59,tablet,Organic Search,cart
1057,178,2021-11-27 02:52:19,desktop,Ads,cart
1058,1738,2020-05-11 05:47:41,tablet,Push Notification,cart
1059,1432,2020-09-19 10:07:49,desktop,Email,checkout
1060,1025,2022-07-28 08:49:47,tablet,Email,product
1061,618,2023-06-15 01:45:48,tablet,Ads,search
1062,776,2020-01-18 11:39:15,desktop,Organic Search,search
1063,1597,2021-02-09 00:00:35,mobile,Organic Search,product
1064,266,2023-01-19 23:35:53,mobile,Ads,checkout
1065,1398,2020-07-28 02:41:14,desktop,Direct,product
1066,1490,2021-06-11 20:36:14,mobile,Direct,cart
1067,778,2020-06-19 15:18:02,desktop,Push Notification,home
1068,970,2024-12-28 03:04:14,desktop,Paid Social,checkout
1069,1653,2020-07-28 13:51:14,tablet,Paid Social,cart
1070,301,2022-10-20 17:54:07,tablet,Paid Social,product
1071,1480,2022-11-28 05:42:32,tablet,Ads,checkout
1072,1441,2023-06-24 12:23:09,desktop,Organic Search,search
1073,676,2023-11-15 04:25:02,desktop,Paid Social,search
1074,1919,2023-08-17 00:20:55,mobile,Organic Search,cart
1075,1339,2022-04-14 22:54:45,desktop,Push Notification,product
1076,127,2020-01-18 05:27:03,tablet,Ads,checkout
1077,1303,2021-01-21 12:24:32,mobile,Ads,home
1078,1354,2022-07-03 01:34:27,desktop,Email,search
1079,1289,2022-10-07 06:21:22,desktop,Email,product
1080,1179,2024-05-27 19:41:54,mobile,Email,product
1081,1579,2024-03-30 22:53:39,tablet,Direct,cart
1082,269,2024-06-18 11:20:45,desktop,Push Notification,product
1083,1904,2024-12-29 03:37:20,tablet,Push Notification,search
1084,1645,2024-06-10 06:57:05,desktop,Organic Search,checkout
1085,201,2021-10-03 00:46:17,desktop,Push Notification,checkout
1086,1348,2020-03-23 23:39:58,mobile,Organic Search,product
1087,351,2020-05-24 20:36:08,desktop,Direct,product
1088,1895,2021-08-13 13:10:55,tablet,Paid Social,home
1089,1770,2022-09-11 23:23:15,tablet,Paid Social,search
1090,356,2020-08-05 00:16:14,tablet,Email,product
1091,1350,2020-05-26 01:37:50,desktop,Direct,product
1092,149,2022-11-20 07:41:58,desktop,Paid Social,search
1093,921,2020-03-09 02:58:48,mobile,Ads,product
1094,1547,2020-09-27 00:32:49,tablet,Direct,home
1095,642,2020-02-09 08:53:10,desktop,Direct,cart
1096,1624,2020-01-07 00:47:04,mobile,Email,cart
1097,1543,2022-08-24 11:46:13,tablet,Push Notification,cart
1098,1031,2024-03-14 01:02:50,desktop,Paid Social,search
1099,1491,2024-07-03 20:32:06,desktop,Email,cart
1100,896,2022-04-15 11:16:52,tablet,Paid Social,home
1101,964,2023-11-27 22:58:26,mobile,Email,search
1102,366,2021-01-10 18:36:54,tablet,Direct,product
1103,1970,2020-09-07 21:20:22,tablet,Paid Social,search
1104,81,2022-06-08 13:51:13,tablet,Paid Social,cart
1105,52,2023-01-01 14:20:22,desktop,Email,cart
1106,322,2021-03-25 03:59:26,desktop,Ads,search
1107,789,2021-02-08 15:32:55,mobile,Paid Social,search
1108,85,2020-07-18 05:43:04,mobile,Ads,home
1109,2,2020-03-11 08:49:11,mobile,Ads,product
1110,782,2023-04-04 14:36:24,desktop,Direct,home
1111,756,2024-09-08 15:57:21,mobile,Ads,search
1112,1584,2022-09-06 13:00:58,desktop,Ads,search
1113,1569,2022-10-19 06:27:44,desktop,Direct,home
1114,964,2022-03-23 16:04:06,mobile,Push Notification,home
1115,1270,2022-07-05 03:15:09,mobile,Ads,cart
1116,244,2022-10-28 14:45:41,tablet,Email,search
1117,1919,2021-05-03 21:53:58,desktop,Ads,search
1118,311,2020-12-28 11:53:45,mobile,Organic Search,product
1119,1121,2021-10-13 14:31:05,mobile,Email,home
1120,781,2023-03-23 19:36:18,tablet,Email,search
1121,1739,2023-02-28 18:31:58,desktop,Ads,search
1122,730,2021-05-29 19:01:31,mobile,Push Notification,cart
1123,1903,2021-07-27 15:34:28,desktop,Push Notification,home
1124,170,2020-09-25 08:05:30,mobile,Ads,home
1125,71,2021-04-01 09:41:34,desktop,Email,cart
1126,1076,2022-09-26 06:15:08,mobile,Direct,cart
1127,931,2023-07-18 13:58:54,tablet,Paid Social,search
1128,1297,2022-11-27 01:49:37,mobile,Paid Social,cart
1129,676,2023-10-16 16:20:26,desktop,Organic Search,cart
1130,475,2020-10-03 20:31:18,desktop,Push Notification,home
1131,500,2021-03-11 22:55:35,mobile,Email,checkout
1132,553,2024-08-17 09:43:28,desktop,Push Notification,cart
1133,1361,2023-08-30 00:59:22,tablet,Ads,product
1134,365,2021-01-18 15:35:52,tablet,Email,cart
1135,1638,2024-11-23 23:00:12,desktop,Email,search
1136,906,2020-03-13 06:20:32,mobile,Ads,home
1137,173,2023-12-19 21:42:13,mobile,Organic Search,cart
1138,1413,2022-06-02 18:31:37,mobile,Email,cart
1139,1829,2020-12-14 07:58:57,tablet,Paid Social,home
1140,1796,2022-08-31 06:45:56,tablet,Ads,checkout
1141,244,2022-11-03 03:35:00,mobile,Paid Social,product
1142,224,2021-10-01 08:13:15,mobile,Organic Search,home
1143,146,2022-10-20 01:14:13,desktop,Organic Search,home
1144,130,2022-06-21 11:11:23,tablet,Paid Social,product
1145,1528,2021-05-05 17:04:00,mobile,Paid Social,search
1146,107,2024-11-19 12:33:17,desktop,Direct,search
1147,846,2024-11-20 02:39:53,desktop,Ads,home
1148,951,2024-08-10 19:09:52,tablet,Email,checkout
1149,1256,2024-02-25 10:37:48,desktop,Organic Search,home
1150,1707,2024-05-31 07:45:57,tablet,Direct,product
1151,1754,2023-07-31 16:30:47,desktop,Push Notification,product
1152,1362,2024-07-20 03:28:00,desktop,Paid Social,product
1153,539,2024-12-13 07:45:33,mobile,Ads,product
1154,594,2024-04-18 17:13:56,desktop,Email,search
1155,182,2020-01-17 16:53:47,tablet,Email,cart
1156,917,2021-12-21 13:19:41,mobile,Email,cart
1157,1396,2022-11-07 11:49:48,mobile,Push Notification,product
1158,1071,2021-06-14 21:05:40,desktop,Push Notification,home
1159,522,2022-02-15 04:30:08,desktop,Push Notification,product
1160,1024,2024-11-11 06:03:51,tablet,Direct,checkout
1161,420,2023-08-04 21:33:48,desktop,Direct,home
1162,1407,2021-03-10 17:19:46,desktop,Direct,cart
1163,396,2021-05-05 09:42:32,mobile,Organic Search,search
1164,1616,2020-04-12 18:16:35,desktop,Paid Social,product
1165,786,2020-02-01 15:16:03,desktop,Direct,cart
1166,1152,2022-01-31 22:43:12,desktop,Push Notification,home
1167,915,2021-02-12 14:56:37,tablet,Organic Search,home
1168,933,2020-03-10 19:41:06,tablet,Direct,checkout
1169,127,2024-09-23 04:50:23,mobile,Organic Search,search
1170,1830,2023-07-14 03:11:26,mobile,Ads,product
1171,1364,2023-06-11 17:38:46,desktop,Email,product
1172,349,2021-09-23 14:01:53,mobile,Push Notification,checkout
1173,1037,2023-02-04 14:07:09,desktop,Direct,search
1174,1488,2023-01-14 08:17:31,desktop,Ads,search
1175,319,2024-06-29 18:57:14,tablet,Ads,product
1176,1869,2020-04-22 02:54:28,desktop,Organic Search,checkout
1177,790,2020-05-08 01:40:36,mobile,Paid Social,checkout
1178,1927,2022-01-21 18:24:48,mobile,Organic Search,search
1179,65,2024-09-06 13:18:23,tablet,Organic Search,home
1180,1503,2020-11-18 22:27:26,tablet,Push Notification,search
1181,690,2021-07-21 22:42:23,mobile,Push Notification,cart
1182,1334,2020-10-23 18:09:33,desktop,Paid Social,home
1183,379,2023-12-25 08:46:11,desktop,Direct,search
1184,1748,2021-12-22 04:11:03,mobile,Ads,search
1185,1175,2022-12-15 15:03:23,tablet,Ads,search
1186,1836,2020-08-20 05:43:47,desktop,Organic Search,search
1187,1075,2023-02-27 20:21:32,tablet,Organic Search,cart
1188,1070,2024-08-20 09:18:33,tablet,Ads,checkout
1189,104,2024-03-16 20:27:35,tablet,Direct,checkout
1190,493,2022-08-17 12:52:27,desktop,Direct,home
1191,83,2021-11-24 07:24:33,desktop,Email,search
1192,347,2020-09-26 05:13:20,mobile,Paid Social,checkout
1193,887,2023-01-05 06:13:36,mobile,Push Notification,home
1194,362,2023-04-08 21:02:16,mobile,Organic Search,home
1195,842,2023-02-06 02:15:27,tablet,Organic Search,checkout
1196,555,2022-08-10 07:17:50,mobile,Ads,product
1197,1427,2020-11-07 19:23:19,mobile,Organic Search,checkout
1198,401,2024-04-19 09:30:51,tablet,Push Notification,home
1199,350,2024-11-03 13:40:41,desktop,Email,checkout
1200,535,2024-11-23 22:53:00,tablet,Organic Search,cart
1201,1049,2022-12-08 09:35:26,desktop,Push Notification,search
1202,1127,2023-03-16 05:53:45,tablet,Organic Search,product
1203,150,2020-03-16 08:46:03,mobile,Ads,product
1204,1669,2021-06-22 20:54:06,tablet,Paid Social,cart
1205,468,2023-01-13 00:16:04,desktop,Push Notification,home
1206,1602,2022-06-02 15:16:58,tablet,Push Notification,home
1207,1986,2021-05-05 12:01:25,tablet,Push Notification,home
1208,1192,2020-01-29 22:38:55,mobile,Organic Search,home
1209,26,2021-01-09 14:51:42,mobile,Push Notification,home
1210,1628,2020-05-30 06:28:24,mobile,Email,home
1211,885,2022-06-04 15:02:45,desktop,Email,product
1212,282,2022-06-27 12:07:55,tablet,Organic Search,home
1213,106,2023-03-15 18:28:00,tablet,Direct,checkout
1214,284,2023-04-08 22:44:54,desktop,Paid Social,home
1215,1477,2024-05-26 12:46:37,mobile,Direct,checkout
1216,1996,2022-03-10 09:32:43,tablet,Paid Social,search
1217,1804,2023-10-04 17:00:58,desktop,Push Notification,product
1218,1717,2023-06-26 07:04:26,mobile,Ads,checkout
1219,165,2024-06-06 02:05:14,desktop,Organic Search,product
1220,646,2022-06-13 14:34:24,tablet,Paid Social,home
1221,950,2022-01-07 13:04:44,desktop,Direct,checkout
1222,1304,2020-01-19 09:12:12,desktop,Organic Search,home
1223,1613,2023-11-24 05:57:43,tablet,Paid Social,cart
1224,643,2024-08-25 11:05:23,desktop,Direct,cart
1225,1344,2022-02-16 02:06:54,tablet,Paid Social,product
1226,1798,2022-09-01 12:50:08,mobile,Push Notification,checkout
1227,1725,2022-01-05 04:48:56,desktop,Organic Search,checkout
1228,21,2021-07-20 16:49:24,desktop,Direct,home
1229,572,2021-07-27 05:04:10,mobile,Email,checkout
1230,1669,2022-09-06 21:10:15,mobile,Push Notification,home
1231,385,2023-04-24 04:43:48,desktop,Push Notification,checkout
1232,1899,2020-05-26 15:26:20,mobile,Direct,search
1233,1706,2023-11-16 14:08:27,desktop,Email,search
1234,1011,2022-01-12 04:37:45,tablet,Push Notification,search
1235,1238,2020-06-15 05:09:37,mobile,Organic Search,cart
1236,1852,2023-05-11 15:04:58,mobile,Direct,search
1237,871,2022-06-18 16:05:14,mobile,Direct,product
1238,1146,2022-03-01 22:31:13,tablet,Direct,product
1239,1893,2020-04-22 07:41:54,desktop,Push Notification,search
1240,1539,2023-04-09 16:29:07,mobile,Direct,home
1241,1415,2020-01-24 02:06:12,mobile,Direct,search
1242,967,2020-08-15 13:57:35,desktop,Email,product
1243,1484,2022-11-24 15:35:28,mobile,Direct,cart
1244,505,2022-12-29 01:34:23,tablet,Email,cart
1245,1231,2023-08-07 10:08:10,mobile,Paid Social,cart
1246,1837,2024-08-23 20:09:52,desktop,Organic Search,cart
1247,390,2023-05-08 10:18:53,mobile,Email,search
1248,99,2021-05-12 00:17:17,mobile,Organic Search,checkout
1249,1454,2024-06-25 04:42:59,desktop,Paid Social,product
1250,33,2024-10-10 06:55:43,desktop,Ads,checkout
1251,693,2024-10-13 19:47:29,tablet,Paid Social,cart
1252,1786,2020-07-02 15:51:26,tablet,Ads,cart
1253,632,2024-09-21 10:36:34,mobile,Push Notification,cart
1254,17,2021-09-28 18:04:44,tablet,Direct,checkout
1255,1336,2022-05-17 07:55:41,mobile,Ads,home
1256,1632,2023-01-02 19:39:45,tablet,Email,cart
1257,1552,2021-07-04 11:30:55,tablet,Organic Search,checkout
1258,1049,2021-10-14 07:13:41,tablet,Email,checkout
1259,474,2021-07-02 10:20:42,tablet,Organic Search,search
1260,318,2021-07-18 09:37:55,desktop,Ads,home
1261,644,2023-11-23 00:37:46,desktop,Ads,cart
1262,1731,2024-04-22 16:52:42,desktop,Email,home
1263,486,2022-01-29 16:21:25,desktop,Ads,product
1264,371,2020-03-31 16:09:02,mobile,Paid Social,checkout
1265,1052,2022-06-05 20:28:53,tablet,Ads,search
1266,1043,2024-09-01 00:16:50,desktop,Email,search
1267,889,2021-01-30 01:23:00,mobile,Ads,checkout
1268,1707,2022-03-17 13:45:03,mobile,Paid Social,cart
1269,1715,2021-05-25 03:45:19,desktop,Direct,home
1270,507,2023-07-09 14:59:47,tablet,Direct,checkout
1271,1567,2020-08-19 02:17:37,tablet,Organic Search,home
1272,1141,2022-11-13 20:30:29,tablet,Paid Social,home
1273,1616,2022-08-12 16:08:28,tablet,Push Notification,product
1274,133,2022-04-09 20:04:04,desktop,Push Notification,search
1275,1723,2022-07-17 14:44:01,tablet,Email,home
1276,782,2023-04-03 04:30:42,mobile,Paid Social,checkout
1277,560,2023-03-07 01:38:34,tablet,Direct,search
1278,679,2021-03-10 03:11:10,tablet,Direct,checkout
1279,811,2021-01-14 22:01:40,tablet,Email,home
1280,769,2020-05-14 20:50:30,tablet,Paid Social,product
1281,1609,2022-04-15 02:59:06,mobile,Ads,checkout
1282,231,2020-04-02 03:13:43,tablet,Push Notification,home
1283,1327,2023-03-01 01:25:51,mobile,Push Notification,product
1284,507,2020-04-14 19:07:14,desktop,Paid Social,home
1285,1906,2021-06-10 16:02:13,desktop,Ads,cart
1286,20,2021-06-23 00:17:11,tablet,Email,product
1287,873,2022-12-10 01:35:31,mobile,Organic Search,search
1288,894,2023-12-18 22:35:16,desktop,Email,search
1289,492,2020-03-31 07:57:23,tablet,Push Notification,home
1290,1263,2022-05-05 22:25:49,tablet,Paid Social,cart
1291,1243,2020-04-25 13:48:27,mobile,Organic Search,checkout
1292,138,2023-11-24 16:56:05,tablet,Push Notification,checkout
1293,103,2022-09-12 19:39:12,tablet,Direct,product
1294,896,2022-09-04 22:47:54,tablet,Direct,checkout
1295,677,2021-03-03 23:34:14,desktop,Organic Search,home
1296,895,2022-05-14 08:08:06,desktop,Email,search
1297,1811,2022-01-25 20:25:29,tablet,Ads,search
1298,1969,2022-08-22 10:51:06,mobile,Organic Search,cart
1299,1802,2023-11-28 17:55:26,mobile,Organic Search,checkout
1300,1179,2023-09-04 04:53:42,mobile,Paid Social,checkout
1301,1089,2023-06-14 17:20:34,desktop,Email,cart
1302,1965,2022-01-19 17:38:29,mobile,Organic Search,cart
1303,231,2022-10-16 00:34:31,desktop,Ads,checkout
1304,488,2022-01-23 21:19:24,tablet,Ads,search
1305,590,2021-12-08 15:55:08,desktop,Push Notification,cart
1306,1278,2022-10-14 12:57:18,mobile,Paid Social,cart
1307,1722,2020-08-21 17:28:21,mobile,Direct,home
1308,243,2024-09-06 14:34:38,desktop,Paid Social,search
1309,199,2023-09-02 09:08:19,desktop,Ads,checkout
1310,257,2021-05-01 20:05:14,tablet,Organic Search,checkout
1311,1327,2020-05-12 14:24:12,mobile,Paid Social,product
1312,1185,2021-12-21 13:02:41,mobile,Ads,home
1313,1770,2022-08-07 19:55:41,mobile,Organic Search,home
1314,835,2023-06-27 04:13:58,mobile,Push Notification,checkout
1315,1771,2021-06-28 09:46:24,tablet,Ads,home
1316,1901,2022-03-27 03:03:42,desktop,Push Notification,home
1317,1070,2021-12-07 15:10:41,desktop,Push Notification,product
1318,471,2021-01-21 17:40:45,tablet,Email,cart
1319,247,2020-10-19 21:47:19,tablet,Organic Search,search
1320,295,2021-02-12 05:33:30,mobile,Direct,product
1321,755,2024-07-28 22:54:47,desktop,Email,product
1322,605,2021-08-28 04:20:33,desktop,Paid Social,home
1323,585,2023-08-07 05:41:19,desktop,Direct,product
1324,1656,2020-03-26 15:38:24,desktop,Push Notification,product
1325,100,2022-04-05 18:28:01,tablet,Email,product
1326,166,2020-01-17 21:24:27,mobile,Ads,checkout
1327,1246,2022-03-19 20:43:28,tablet,Push Notification,cart
1328,1256,2022-09-13 05:52:32,tablet,Email,home
1329,72,2022-06-12 09:00:36,mobile,Email,cart
1330,1885,2024-03-03 06:30:55,mobile,Email,home
1331,587,2024-06-09 10:54:57,mobile,Ads,home
1332,1143,2020-09-28 12:36:37,desktop,Ads,home
1333,339,2023-10-21 14:42:33,mobile,Paid Social,search
1334,1958,2023-03-01 21:10:08,tablet,Ads,home
1335,775,2024-09-27 16:22:35,desktop,Email,home
1336,1798,2020-09-26 04:32:00,tablet,Organic Search,home
1337,1931,2020-11-02 21:29:03,mobile,Organic Search,home
1338,906,2021-10-31 04:01:16,mobile,Direct,cart
1339,575,2024-07-10 16:31:20,tablet,Paid Social,search
1340,782,2020-06-21 08:50:14,mobile,Ads,search
1341,579,2020-07-21 02:04:00,desktop,Direct,home
1342,595,2024-09-12 17:37:07,tablet,Direct,cart
1343,1027,2023-01-30 21:30:14,desktop,Organic Search,product
1344,1604,2022-03-08 01:35:30,tablet,Paid Social,product
1345,1295,2022-11-10 08:05:19,tablet,Paid Social,home
1346,602,2023-10-04 16:54:32,mobile,Direct,checkout
1347,808,2024-01-12 08:21:47,tablet,Push Notification,cart
1348,283,2022-08-01 14:03:02,tablet,Email,home
1349,1915,2022-12-24 08:30:28,tablet,Direct,home
1350,190,2023-03-19 16:29:14,mobile,Direct,product
1351,821,2024-05-15 07:37:37,tablet,Direct,cart
1352,1375,2022-03-02 07:13:06,tablet,Ads,home
1353,1228,2024-09-21 20:45:36,mobile,Organic Search,search
1354,1057,2023-12-13 04:41:50,mobile,Email,home
1355,49,2020-08-22 07:23:04,tablet,Paid Social,search
1356,438,2020-02-20 23:44:59,desktop,Ads,product
1357,1956,2022-05-31 00:41:03,desktop,Organic Search,product
1358,643,2021-05-13 19:40:50,desktop,Organic Search,home
1359,1144,2022-05-30 16:50:12,tablet,Email,cart
1360,893,2022-04-15 14:56:16,mobile,Ads,product
1361,401,2023-10-12 22:11:15,mobile,Push Notification,home
1362,862,2022-12-21 04:17:08,tablet,Email,home
1363,991,2020-04-20 20:47:21,mobile,Push Notification,search
1364,352,2021-10-31 04:13:40,mobile,Ads,search
1365,693,2023-12-15 09:22:40,mobile,Paid Social,cart
1366,1606,2021-08-15 09:14:37,desktop,Paid Social,checkout
1367,1451,2023-08-10 21:22:10,tablet,Direct,home
1368,1872,2023-01-09 19:20:56,desktop,Organic Search,cart
1369,359,2022-04-26 03:29:55,mobile,Ads,product
1370,1021,2022-03-16 17:24:13,tablet,Organic Search,product
1371,920,2024-04-20 04:54:24,desktop,Ads,product
1372,1729,2023-08-19 12:41:31,mobile,Push Notification,checkout
1373,1665,2024-12-17 06:16:57,mobile,Paid Social,product
1374,804,2023-09-23 09:18:40,mobile,Ads,search
1375,749,2020-07-28 01:25:40,tablet,Email,cart
1376,1664,2023-08-27 20:21:54,mobile,Ads,home
1377,1253,2020-05-06 11:37:01,mobile,Organic Search,product
1378,652,2023-10-10 22:05:32,tablet,Push Notification,product
1379,1924,2023-07-17 01:48:25,mobile,Email,home
1380,1486,2024-12-27 09:51:37,desktop,Organic Search,home
1381,683,2024-09-17 12:31:33,desktop,Ads,product
1382,1227,2022-07-17 20:02:33,mobile,Ads,search
1383,1592,2022-07-12 15:08:48,mobile,Push Notification,cart
1384,1070,2022-05-05 12:45:17,desktop,Push Notification,product
1385,798,2024-02-13 02:31:25,tablet,Email,cart
1386,746,2022-03-03 18:09:26,mobile,Push Notification,search
1387,1303,2023-10-02 04:09:04,mobile,Direct,search
1388,1157,2020-02-03 13:32:54,tablet,Organic Search,checkout
1389,1940,2023-11-25 18:46:56,tablet,Push Notification,checkout
1390,1859,2021-11-18 17:43:07,mobile,Email,cart
1391,639,2021-04-23 15:11:38,desktop,Paid Social,product
1392,453,2024-07-31 19:08:46,desktop,Paid Social,search
1393,1609,2023-12-16 19:57:29,desktop,Email,cart
1394,1230,2023-08-22 08:13:51,mobile,Push Notification,product
1395,1046,2023-12-07 20:31:18,mobile,Ads,home
1396,1457,2020-08-20 09:36:44,tablet,Direct,cart
1397,1924,2023-11-15 22:16:33,desktop,Push Notification,product
1398,1262,2024-03-22 19:29:26,desktop,Paid Social,product
1399,1288,2023-04-02 08:50:36,mobile,Ads,home
1400,211,2024-05-29 03:54:57,desktop,Organic Search,home
1401,777,2023-01-17 06:06:10,tablet,Direct,cart
1402,645,2021-09-13 16:32:40,desktop,Organic Search,product
1403,462,2021-04-08 13:23:39,desktop,Ads,checkout
1404,1949,2021-01-01 14:46:16,desktop,Email,checkout
1405,1752,2021-03-17 00:40:29,mobile,Direct,home
1406,532,2022-04-25 08:02:34,desktop,Ads,cart
1407,1296,2023-06-27 01:21:16,tablet,Organic Search,checkout
1408,971,2023-03-11 05:58:20,desktop,Ads,home
1409,32,2024-09-26 13:47:00,mobile,Ads,checkout
1410,1760,2020-04-12 23:39:39,tablet,Ads,product
1411,1819,2024-07-17 01:21:07,desktop,Ads,product
1412,367,2023-05-22 01:37:35,desktop,Email,product
1413,286,2022-02-07 02:18:39,tablet,Paid Social,search
1414,357,2021-03-22 00:47:44,mobile,Push Notification,checkout
1415,118,2020-07-09 10:12:19,mobile,Email,search
1416,654,2024-01-01 06:58:05,tablet,Direct,home
1417,1324,2020-01-20 01:39:15,tablet,Ads,search
1418,1702,2021-01-31 09:39:19,desktop,Email,search
1419,100,2020-10-05 03:50:00,tablet,Email,product
1420,1945,2020-02-28 02:09:23,tablet,Paid Social,search
1421,1,2024-12-15 17:50:47,tablet,Ads,checkout
1422,893,2024-03-08 18:07:59,tablet,Organic Search,checkout
1423,217,2024-03-18 01:36:02,mobile,Ads,home
1424,1183,2023-12-30 04:02:29,tablet,Email,product
1425,1130,2021-08-28 05:46:16,desktop,Push Notification,home
1426,985,2020-12-17 03:03:55,mobile,Ads,checkout
1427,235,2022-06-04 02:16:01,desktop,Ads,home
1428,246,2022-06-30 17:19:00,mobile,Email,product
1429,1388,2024-05-07 12:33:54,desktop,Organic Search,cart
1430,1638,2024-08-08 01:06:26,desktop,Ads,search
1431,1856,2024-08-30 23:25:50,desktop,Paid Social,home
1432,511,2022-09-29 02:45:37,mobile,Organic Search,product
1433,1773,2023-02-07 19:45:50,desktop,Email,search
1434,1115,2022-03-07 11:29:21,tablet,Paid Social,home
1435,559,2023-08-30 18:06:59,mobile,Ads,product
1436,970,2024-05-21 12:29:14,desktop,Ads,search
1437,1166,2021-05-21 13:35:29,desktop,Push Notification,product
1438,1530,2023-08-15 13:47:07,desktop,Push Notification,cart
1439,222,2021-01-05 17:06:13,mobile,Push Notification,home
1440,987,2021-01-08 11:01:27,mobile,Direct,search
1441,1899,2023-05-20 14:56:42,desktop,Organic Search,checkout
1442,711,2022-04-27 21:03:35,mobile,Ads,home
1443,1544,2022-02-03 20:00:51,mobile,Ads,product
1444,966,2024-05-25 22:04:52,tablet,Organic Search,cart
1445,1987,2024-04-12 23:09:01,mobile,Email,cart
1446,758,2024-12-07 18:12:06,tablet,Push Notification,checkout
1447,814,2020-11-21 18:42:11,mobile,Organic Search,cart
1448,668,2023-11-26 21:58:45,desktop,Paid Social,cart
1449,1878,2021-05-03 18:48:24,tablet,Push Notification,product
1450,1311,2021-12-02 17:40:31,tablet,Organic Search,home
1451,1079,2023-02-19 23:58:51,tablet,Ads,product
1452,1080,2024-07-28 20:19:04,tablet,Direct,search
1453,1723,2023-06-08 11:59:00,desktop,Direct,product
1454,89,2024-10-20 04:39:48,tablet,Ads,home
1455,886,2022-09-21 01:11:22,tablet,Direct,cart
1456,212,2021-07-22 01:04:02,tablet,Organic Search,home
1457,1245,2024-01-01 06:48:47,tablet,Paid Social,cart
1458,1450,2020-11-13 04:48:14,tablet,Ads,checkout
1459,872,2023-03-09 15:26:26,desktop,Ads,search
1460,874,2020-03-25 00:16:49,desktop,Email,product
1461,1219,2020-05-25 23:14:11,desktop,Organic Search,search
1462,1527,2024-02-14 00:42:37,tablet,Email,search
1463,1585,2021-05-10 08:34:38,tablet,Paid Social,product
1464,716,2024-03-15 13:40:46,mobile,Direct,search
1465,592,2024-07-26 14:05:14,mobile,Push Notification,product
1466,1142,2020-12-20 16:29:38,tablet,Ads,cart
1467,1370,2020-02-27 00:46:03,mobile,Organic Search,home
1468,960,2022-12-22 17:28:44,desktop,Push Notification,search
1469,992,2022-02-05 10:47:19,mobile,Paid Social,search
1470,137,2020-06-22 04:19:39,desktop,Email,checkout
1471,362,2021-03-12 20:00:36,desktop,Organic Search,home
1472,690,2024-10-18 19:14:36,desktop,Paid Social,checkout
1473,921,2021-12-20 22:07:40,mobile,Organic Search,product
1474,807,2021-08-18 03:30:44,desktop,Direct,cart
1475,444,2020-01-20 02:44:39,desktop,Push Notification,cart
1476,323,2020-08-29 08:19:06,desktop,Email,search
1477,1217,2020-12-28 08:18:55,desktop,Ads,product
1478,1505,2024-10-17 20:39:21,desktop,Organic Search,search
1479,1456,2020-10-21 12:51:41,desktop,Direct,cart
1480,193,2020-10-18 13:06:25,desktop,Direct,product
1481,577,2023-01-11 01:52:15,tablet,Ads,home
1482,1937,2020-09-27 01:30:44,tablet,Paid Social,home
1483,1020,2023-01-13 20:03:10,mobile,Paid Social,product
1484,1499,2020-06-15 03:23:08,desktop,Organic Search,checkout
1485,1599,2022-11-01 04:22:07,desktop,Organic Search,home
1486,1074,2024-12-21 18:20:16,desktop,Paid Social,product
1487,1219,2020-02-08 03:51:40,desktop,Push Notification,product
1488,112,2020-05-16 17:48:25,tablet,Push Notification,checkout
1489,304,2022-09-30 16:01:47,tablet,Paid Social,search
1490,871,2022-01-11 11:38:23,desktop,Organic Search,cart
1491,275,2020-07-28 09:17:31,mobile,Paid Social,home
1492,1296,2024-09-29 04:48:04,mobile,Email,home
1493,303,2024-10-27 03:35:51,tablet,Ads,search
1494,1762,2024-04-04 21:24:12,tablet,Direct,product
1495,570,2023-04-24 12:20:19,desktop,Paid Social,cart
1496,1900,2020-12-11 22:58:00,tablet,Ads,search
1497,319,2021-09-02 04:25:40,mobile,Organic Search,search
1498,854,2022-03-18 05:03:48,desktop,Email,checkout
1499,602,2024-06-12 13:14:59,desktop,Organic Search,cart
1500,1231,2023-05-03 02:27:02,mobile,Push Notification,home
1501,636,2024-08-12 21:11:59,mobile,Email,product
1502,1234,2023-01-08 05:07:59,tablet,Push Notification,search
1503,154,2021-09-25 04:39:46,mobile,Ads,home
1504,496,2024-08-10 20:15:00,desktop,Email,product
1505,7,2020-07-22 13:41:25,tablet,Push Notification,cart
1506,1500,2024-10-22 21:44:42,desktop,Organic Search,product
1507,1175,2020-12-28 15:14:53,mobile,Push Notification,checkout
1508,853,2022-08-27 18:37:21,mobile,Paid Social,search
1509,1132,2024-01-08 05:41:58,mobile,Organic Search,product
1510,482,2020-05-21 09:03:07,mobile,Push Notification,home
1511,753,2020-11-06 20:23:27,desktop,Push Notification,checkout
1512,37,2024-07-01 20:49:23,tablet,Direct,product
1513,854,2024-09-08 13:46:20,mobile,Paid Social,cart
1514,1286,2023-06-26 11:30:25,tablet,Email,cart
1515,812,2021-02-03 11:46:20,mobile,Direct,search
1516,1807,2021-12-06 15:32:05,mobile,Push Notification,product
1517,747,2023-11-26 13:00:30,desktop,Paid Social,cart
1518,1664,2021-09-23 11:50:04,desktop,Direct,product
1519,875,2023-04-06 20:28:42,tablet,Paid Social,cart
1520,1529,2021-03-22 14:53:32,tablet,Paid Social,product
1521,1514,2020-03-19 05:17:39,desktop,Paid Social,product
1522,1432,2024-07-24 00:30:02,mobile,Email,search
1523,1432,2020-05-19 08:17:54,mobile,Email,home
1524,1922,2021-12-04 20:50:31,mobile,Organic Search,home
1525,1829,2024-05-15 17:51:53,desktop,Push Notification,search
1526,667,2023-01-25 15:38:22,desktop,Email,product
1527,1655,2024-05-29 23:24:28,tablet,Organic Search,product
1528,1664,2020-08-28 20:55:42,mobile,Organic Search,search
1529,1056,2022-09-16 19:55:25,tablet,Email,checkout
1530,841,2020-02-21 22:38:25,tablet,Paid Social,search
1531,209,2023-12-20 18:04:01,tablet,Push Notification,checkout
1532,297,2023-09-04 13:29:59,mobile,Email,cart
1533,491,2021-07-04 02:03:55,desktop,Email,checkout
1534,94,2023-02-19 09:37:59,mobile,Paid Social,product
1535,1516,2020-08-01 20:33:30,desktop,Direct,checkout
1536,622,2023-08-02 05:52:49,mobile,Ads,cart
1537,1741,2022-05-25 12:10:30,tablet,Organic Search,checkout
1538,1372,2023-08-22 21:57:47,desktop,Push Notification,cart
1539,1291,2021-06-26 06:30:34,mobile,Push Notification,search
1540,135,2021-12-27 08:29:28,tablet,Paid Social,cart
1541,766,2024-10-20 16:50:07,tablet,Email,cart
1542,1432,2023-10-06 20:03:47,desktop,Email,product
1543,1024,2023-07-11 01:23:42,desktop,Push Notification,cart
1544,1301,2021-07-22 10:24:24,mobile,Push Notification,cart
1545,1476,2023-04-21 19:13:54,tablet,Direct,checkout
1546,1820,2021-08-25 08:15:47,desktop,Push Notification,product
1547,85,2022-10-14 21:03:56,mobile,Direct,product
1548,1981,2021-09-28 09:35:07,desktop,Direct,cart
1549,647,2021-07-20 22:26:00,tablet,Push Notification,search
1550,102,2020-11-26 11:12:00,mobile,Direct,product
1551,1153,2020-09-04 11:24:24,desktop,Ads,search
1552,341,2020-10-12 23:03:12,tablet,Paid Social,home
1553,726,2021-07-29 12:26:05,mobile,Direct,search
1554,1356,2023-10-29 16:32:07,desktop,Push Notification,product
1555,1721,2020-01-20 05:38:49,tablet,Organic Search,search
1556,530,2020-03-30 12:27:39,tablet,Push Notification,cart
1557,706,2024-07-08 17:35:27,desktop,Paid Social,product
1558,491,2021-02-15 12:33:50,desktop,Organic Search,product
1559,270,2021-02-20 07:51:08,mobile,Paid Social,cart
1560,484,2023-12-01 15:23:48,tablet,Ads,home
1561,1693,2020-04-23 07:15:59,tablet,Ads,product
1562,1718,2020-07-09 15:32:22,mobile,Direct,product
1563,440,2021-10-22 15:54:09,mobile,Organic Search,checkout
1564,1643,2021-01-19 16:33:18,mobile,Ads,search
1565,1617,2023-06-25 07:39:24,desktop,Ads,checkout
1566,1081,2021-09-15 14:40:55,desktop,Email,search
1567,868,2021-06-12 11:18:22,mobile,Ads,search
1568,1124,2024-03-24 01:55:26,tablet,Email,product
1569,1014,2023-11-22 10:33:39,desktop,Organic Search,product
1570,1588,2022-03-26 20:34:12,mobile,Paid Social,home
1571,1674,2021-09-10 05:30:58,desktop,Ads,checkout
1572,760,2020-02-13 17:27:07,mobile,Ads,home
1573,1006,2023-10-06 12:39:11,desktop,Organic Search,checkout
1574,1365,2021-07-18 08:37:28,mobile,Direct,search
1575,140,2024-01-17 15:41:29,desktop,Organic Search,search
1576,766,2021-06-13 08:35:48,tablet,Email,search
1577,1541,2023-10-29 19:48:56,tablet,Organic Search,checkout
1578,1955,2020-03-14 13:01:15,mobile,Ads,search
1579,1550,2021-10-13 11:01:19,mobile,Email,cart
1580,1332,2024-11-12 17:02:42,desktop,Organic Search,search
1581,1540,2023-03-15 00:15:43,desktop,Ads,home
1582,284,2020-05-19 17:34:10,mobile,Direct,search
1583,586,2022-05-06 02:16:32,desktop,Direct,checkout
1584,842,2022-04-01 10:25:40,mobile,Organic Search,product
1585,514,2022-03-09 08:18:03,mobile,Ads,search
1586,188,2022-05-14 15:25:33,tablet,Paid Social,home
1587,1989,2023-12-31 14:31:19,desktop,Ads,home
1588,1671,2024-02-15 03:29:57,desktop,Ads,home
1589,505,2023-01-06 16:52:33,tablet,Organic Search,cart
1590,219,2021-04-07 21:06:43,desktop,Ads,search
1591,1504,2021-09-23 20:51:53,mobile,Direct,home
1592,703,2023-06-10 19:28:54,desktop,Paid Social,checkout
1593,273,2020-06-29 08:09:52,desktop,Email,cart
1594,579,2020-10-20 20:44:11,tablet,Push Notification,checkout
1595,25,2021-07-11 02:15:03,mobile,Ads,product
1596,1820,2022-03-05 11:52:48,desktop,Push Notification,home
1597,854,2022-02-27 08:51:59,desktop,Email,home
1598,1984,2023-07-19 10:37:28,mobile,Push Notification,cart
1599,1410,2020-09-21 09:28:23,tablet,Push Notification,search
1600,1736,2024-12-23 05:32:44,tablet,Ads,search
1601,984,2023-01-30 05:15:35,desktop,Ads,product
1602,1520,2024-06-26 22:27:51,desktop,Direct,search
1603,941,2022-04-06 00:13:18,mobile,Email,search
1604,125,2020-08-13 10:40:35,desktop,Direct,home
1605,857,2022-03-11 23:40:56,desktop,Email,search
1606,1015,2024-02-26 02:56:53,tablet,Direct,home
1607,1939,2024-11-19 02:58:55,tablet,Paid Social,home
1608,1693,2021-02-08 21:53:23,tablet,Ads,product
1609,1682,2020-11-03 06:32:28,tablet,Direct,search
1610,847,2020-12-31 20:19:12,tablet,Email,cart
1611,847,2023-12-04 02:17:05,mobile,Organic Search,checkout
1612,1455,2020-02-08 19:12:09,mobile,Push Notification,search
1613,547,2024-06-03 05:55:04,desktop,Paid Social,home
1614,396,2024-03-16 05:34:44,mobile,Ads,search
1615,1234,2023-04-11 09:35:24,desktop,Ads,cart
1616,1164,2021-01-31 12:01:20,desktop,Email,search
1617,1836,2023-05-24 19:15:41,mobile,Paid Social,product
1618,315,2023-10-04 17:31:37,mobile,Push Notification,product
1619,1095,2024-06-07 02:56:43,desktop,Ads,search
1620,1192,2023-10-02 08:48:14,desktop,Push Notification,product
1621,1199,2022-02-26 02:21:58,mobile,Email,checkout
1622,1721,2020-06-23 12:40:27,mobile,Paid Social,checkout
1623,80,2023-12-11 14:21:04,tablet,Ads,product
1624,212,2023-05-04 21:48:49,mobile,Direct,search
1625,636,2024-07-01 15:33:02,tablet,Direct,home
1626,1258,2020-06-29 13:13:34,mobile,Direct,cart
1627,902,2022-12-22 20:42:48,tablet,Direct,search
1628,1905,2021-04-24 11:21:09,desktop,Push Notification,search
1629,454,2021-09-28 02:42:29,mobile,Paid Social,checkout
1630,1179,2020-08-31 00:03:01,mobile,Organic Search,checkout
1631,528,2023-01-21 11:47:07,mobile,Ads,product
1632,717,2022-03-18 11:00:18,tablet,Email,search
1633,1275,2020-12-15 22:29:23,mobile,Push Notification,cart
1634,1599,2023-07-22 14:12:27,mobile,Organic Search,home
1635,276,2021-04-27 04:25:59,mobile,Organic Search,checkout
1636,212,2024-05-24 02:42:13,desktop,Direct,home
1637,1811,2021-05-31 14:08:43,tablet,Email,checkout
1638,1172,2021-01-21 03:49:15,tablet,Paid Social,search
1639,621,2022-12-24 12:45:25,desktop,Email,product
1640,1234,2022-10-13 21:08:36,mobile,Push Notification,home
1641,1850,2024-12-07 02:09:26,tablet,Organic Search,checkout
1642,554,2023-06-24 14:16:08,mobile,Direct,checkout
1643,1541,2021-04-28 08:07:15,tablet,Ads,product
1644,457,2023-06-19 12:26:26,mobile,Email,home
1645,384,2022-02-19 13:36:34,mobile,Push Notification,checkout
1646,1810,2024-11-06 09:31:54,tablet,Organic Search,search
1647,1281,2022-07-01 08:50:17,mobile,Push Notification,product
1648,1820,2023-11-10 14:32:29,mobile,Email,search
1649,1214,2020-10-25 04:25:24,desktop,Paid Social,checkout
1650,1266,2024-03-06 09:21:56,mobile,Push Notification,checkout
1651,1747,2021-11-11 11:23:37,tablet,Organic Search,product
1652,287,2021-11-30 22:25:31,mobile,Ads,cart
1653,104,2020-01-06 05:19:58,tablet,Email,product
1654,107,2024-02-04 02:36:55,desktop,Organic Search,search
1655,1715,2020-04-06 21:33:28,desktop,Paid Social,cart
1656,1631,2023-02-16 07:40:13,tablet,Direct,product
1657,1031,2024-03-10 12:07:21,desktop,Paid Social,checkout
1658,734,2021-07-22 16:45:30,tablet,Paid Social,cart
1659,328,2020-12-17 05:01:38,desktop,Direct,search
1660,1868,2020-01-02 06:04:47,tablet,Push Notification,checkout
1661,1167,2021-10-14 12:23:04,desktop,Ads,home
1662,376,2022-08-07 06:34:58,desktop,Push Notification,cart
1663,1962,2022-03-07 00:40:54,mobile,Ads,search
1664,110,2021-09-25 01:13:55,desktop,Organic Search,search
1665,1193,2023-06-29 17:35:48,desktop,Paid Social,product
1666,584,2023-05-15 17:54:51,desktop,Paid Social,search
1667,1801,2024-02-13 16:10:03,mobile,Push Notification,product
1668,1881,2022-09-27 21:53:55,desktop,Organic Search,product
1669,1251,2022-07-18 10:43:02,tablet,Organic Search,home
1670,1244,2020-04-26 22:46:42,desktop,Direct,cart
1671,1811,2024-09-08 11:07:21,mobile,Organic Search,cart
1672,1770,2023-09-24 19:06:36,tablet,Paid Social,product
1673,514,2023-07-03 10:33:27,tablet,Direct,cart
1674,1755,2022-09-10 19:53:17,mobile,Organic Search,checkout
1675,967,2024-11-04 19:50:55,mobile,Ads,checkout
1676,365,2023-10-17 21:58:57,desktop,Direct,product
1677,419,2021-10-31 18:40:08,tablet,Direct,checkout
1678,512,2020-07-29 03:57:20,mobile,Push Notification,home
1679,1983,2023-07-29 20:07:32,mobile,Ads,cart
1680,1339,2024-02-29 04:07:54,tablet,Paid Social,product
1681,1076,2021-11-08 15:47:30,tablet,Paid Social,home
1682,53,2020-03-13 00:51:11,mobile,Email,cart
1683,920,2024-03-01 00:58:02,desktop,Ads,home
1684,1200,2023-01-21 13:36:54,tablet,Push Notification,cart
1685,136,2024-10-25 01:17:34,mobile,Direct,product
1686,138,2021-03-14 11:17:45,desktop,Ads,search
1687,1086,2023-02-25 22:06:33,mobile,Paid Social,checkout
1688,1761,2022-02-16 09:34:21,desktop,Direct,home
1689,1618,2023-09-18 02:44:38,tablet,Organic Search,search
1690,721,2024-02-24 18:06:07,desktop,Email,checkout
1691,607,2020-07-01 01:17:06,mobile,Direct,cart
1692,259,2024-09-20 18:21:37,desktop,Organic Search,home
1693,783,2023-08-15 20:27:18,mobile,Paid Social,home
1694,1439,2022-10-30 12:57:25,desktop,Ads,cart
1695,1711,2020-07-15 04:53:48,tablet,Ads,search
1696,1158,2021-07-05 07:37:54,tablet,Direct,checkout
1697,1604,2024-10-11 00:24:32,mobile,Paid Social,cart
1698,1731,2020-09-12 13:30:44,mobile,Email,search
1699,1288,2024-09-01 15:55:40,tablet,Email,home
1700,1295,2022-03-11 23:34:37,tablet,Push Notification,checkout
1701,1427,2020-07-28 08:23:06,desktop,Organic Search,home
1702,1322,2023-11-22 11:50:37,tablet,Email,home
1703,934,2022-10-21 00:31:27,tablet,Email,product
1704,1366,2022-12-17 18:40:58,mobile,Organic Search,home
1705,1014,2024-10-12 16:18:13,desktop,Ads,home
1706,325,2020-07-02 04:29:15,tablet,Organic Search,cart
1707,107,2022-03-06 23:31:03,tablet,Email,search
1708,233,2022-03-01 18:58:02,mobile,Push Notification,search
1709,480,2023-07-08 07:22:15,tablet,Ads,product
1710,649,2024-04-20 11:20:15,desktop,Direct,search
1711,17,2021-06-18 03:19:25,mobile,Organic Search,cart
1712,1819,2020-06-14 14:26:08,mobile,Ads,cart
1713,1769,2020-02-11 20:17:44,tablet,Paid Social,home
1714,322,2024-03-11 12:37:49,desktop,Email,product
1715,909,2021-02-10 21:30:39,desktop,Paid Social,search
1716,1777,2023-07-09 19:42:47,mobile,Ads,cart
1717,233,2020-06-05 11:15:35,tablet,Email,product
1718,344,2020-02-22 21:24:54,mobile,Direct,checkout
1719,1728,2024-07-02 14:51:49,tablet,Email,checkout
1720,1143,2022-05-19 05:51:29,mobile,Direct,checkout
1721,852,2021-04-14 03:12:49,mobile,Organic Search,search
1722,1476,2020-08-14 18:58:14,desktop,Email,home
1723,1937,2020-09-26 23:51:24,mobile,Email,home
1724,1461,2021-11-24 18:36:56,tablet,Ads,cart
1725,673,2024-01-17 18:15:29,mobile,Ads,home
1726,412,2023-08-30 21:40:18,tablet,Direct,checkout
1727,595,2020-07-28 10:02:49,tablet,Paid Social,search
1728,175,2023-02-26 01:14:24,mobile,Direct,cart
1729,1257,2021-12-11 15:11:57,desktop,Organic Search,search
1730,1241,2022-03-19 04:36:14,desktop,Paid Social,checkout
1731,1350,2021-03-02 14:42:17,mobile,Email,product
1732,1518,2020-06-29 02:59:49,mobile,Paid Social,checkout
1733,1100,2024-07-02 06:00:02,tablet,Organic Search,product
1734,1388,2021-02-22 03:22:57,mobile,Push Notification,search
1735,1326,2020-05-13 09:28:06,mobile,Direct,checkout
1736,1934,2020-06-12 20:27:46,mobile,Paid Social,product
1737,1244,2024-08-05 13:35:09,tablet,Email,search
1738,989,2023-10-09 03:00:07,tablet,Push Notification,cart
1739,1112,2020-02-04 04:04:27,mobile,Push Notification,search
1740,616,2023-08-06 11:53:38,desktop,Push Notification,product
1741,1758,2024-01-10 03:17:28,desktop,Direct,cart
1742,1721,2020-12-23 20:55:27,desktop,Email,cart
1743,1706,2023-07-16 09:32:58,mobile,Push Notification,checkout
1744,1789,2020-11-16 06:42:56,tablet,Email,home
1745,1293,2022-04-19 01:33:05,tablet,Organic Search,cart
1746,1601,2020-09-16 08:50:49,desktop,Direct,home
1747,469,2024-11-10 07:03:49,desktop,Email,cart
1748,249,2020-05-15 23:41:18,mobile,Push Notification,product
1749,899,2024-08-01 11:54:03,mobile,Email,checkout
1750,679,2024-03-03 00:19:03,mobile,Ads,product
1751,735,2023-12-24 03:15:52,desktop,Paid Social,search
1752,742,2024-10-08 16:51:10,tablet,Organic Search,checkout
1753,1752,2021-05-15 06:00:54,mobile,Email,cart
1754,1643,2023-08-16 04:20:55,desktop,Ads,search
1755,992,2021-08-17 07:44:13,desktop,Direct,product
1756,190,2023-10-21 10:09:46,desktop,Organic Search,search
1757,219,2023-07-01 15:21:31,tablet,Organic Search,home
1758,1570,2022-09-15 13:53:01,desktop,Email,cart
1759,1441,2022-06-26 09:42:39,mobile,Ads,product
1760,1966,2021-11-23 19:33:47,desktop,Email,search
1761,308,2022-02-08 20:25:54,mobile,Ads,checkout
1762,1711,2024-02-04 08:28:27,tablet,Organic Search,product
1763,130,2023-08-01 14:28:29,tablet,Push Notification,search
1764,776,2024-02-24 23:58:10,tablet,Direct,search
1765,5,2020-02-08 15:30:17,mobile,Direct,search
1766,1816,2022-08-29 11:13:38,desktop,Paid Social,product
1767,1397,2024-07-27 02:06:30,mobile,Paid Social,search
1768,1342,2022-05-04 18:55:29,tablet,Email,checkout
1769,1438,2022-11-07 23:56:42,tablet,Email,cart
1770,846,2020-02-11 04:10:39,mobile,Push Notification,home
1771,1398,2021-01-13 07:44:18,mobile,Direct,home
1772,1214,2022-10-28 20:14:58,desktop,Paid Social,checkout
1773,1127,2023-03-13 15:10:57,mobile,Paid Social,product
1774,1441,2022-07-01 07:24:23,mobile,Email,home
1775,1267,2020-04-02 22:59:01,mobile,Paid Social,home
1776,304,2022-07-22 20:07:16,tablet,Email,search
1777,329,2021-06-19 23:31:30,mobile,Paid Social,home
1778,155,2021-12-01 10:42:09,tablet,Paid Social,cart
1779,357,2022-10-30 00:54:43,mobile,Direct,search
1780,1731,2020-10-09 08:59:29,mobile,Paid Social,product
1781,1201,2020-02-19 15:38:50,desktop,Direct,search
1782,1738,2024-08-28 02:25:03,mobile,Organic Search,search
1783,809,2020-09-23 23:48:59,mobile,Ads,home
1784,336,2023-05-03 07:56:21,desktop,Ads,search
1785,1496,2023-08-10 02:05:50,mobile,Organic Search,product
1786,1661,2022-10-15 23:36:45,mobile,Direct,product
1787,174,2024-06-07 15:00:22,desktop,Ads,search
1788,525,2021-12-30 00:53:35,mobile,Direct,search
1789,1842,2021-05-31 09:20:35,mobile,Ads,checkout
1790,491,2023-02-25 17:57:09,tablet,Push Notification,checkout
1791,1502,2021-02-27 22:26:02,desktop,Ads,product
1792,1648,2022-06-08 15:12:09,desktop,Paid Social,home
1793,449,2021-01-14 15:54:44,desktop,Organic Search,checkout
1794,1151,2021-01-22 10:44:21,desktop,Organic Search,cart
1795,1062,2024-07-05 16:20:09,mobile,Organic Search,product
1796,13,2022-01-26 07:09:47,desktop,Paid Social,search
1797,1003,2022-08-13 00:11:02,mobile,Push Notification,search
1798,1183,2023-05-04 05:21:07,tablet,Paid Social,checkout
1799,372,2024-06-23 13:45:11,tablet,Email,cart
1800,576,2021-12-31 12:38:56,tablet,Ads,cart
1801,1848,2020-03-31 11:17:18,mobile,Push Notification,cart
1802,908,2024-12-30 13:46:39,mobile,Direct,home
1803,885,2021-11-10 10:19:57,desktop,Push Notification,cart
1804,1605,2020-02-11 18:39:38,desktop,Email,home
1805,284,2021-04-22 02:35:42,desktop,Email,product
1806,1002,2022-04-17 10:04:09,mobile,Push Notification,product
1807,958,2022-12-10 17:27:28,mobile,Direct,cart
1808,900,2021-04-13 20:22:29,mobile,Ads,cart
1809,1285,2022-05-27 19:10:13,mobile,Organic Search,checkout
1810,1653,2023-04-07 04:36:51,mobile,Paid Social,search
1811,1689,2021-02-02 23:32:32,mobile,Push Notification,cart
1812,1578,2022-04-26 14:20:38,tablet,Email,home
1813,64,2024-08-24 08:44:54,desktop,Organic Search,cart
1814,234,2021-06-01 09:53:53,desktop,Push Notification,cart
1815,1206,2022-11-27 03:29:46,tablet,Ads,checkout
1816,66,2020-03-16 07:43:44,mobile,Paid Social,home
1817,834,2023-08-27 00:16:27,desktop,Paid Social,checkout
1818,1731,2021-08-13 01:51:47,mobile,Direct,checkout
1819,580,2020-03-16 17:55:43,tablet,Push Notification,home
1820,923,2021-08-24 22:25:11,tablet,Paid Social,product
1821,15,2024-07-16 03:34:49,desktop,Ads,checkout
1822,1856,2023-04-16 13:46:24,tablet,Organic Search,search
1823,138,2021-11-30 14:51:18,desktop,Ads,checkout
1824,1718,2020-07-23 20:44:28,mobile,Paid Social,home
1825,715,2023-01-19 01:12:02,desktop,Ads,checkout
1826,1552,2024-07-18 07:29:59,mobile,Organic Search,product
1827,1659,2022-07-21 23:36:50,tablet,Paid Social,cart
1828,708,2021-01-07 14:50:04,desktop,Paid Social,search
1829,607,2021-01-16 14:35:49,tablet,Paid Social,search
1830,230,2020-05-09 02:23:08,tablet,Push Notification,cart
1831,629,2024-09-15 16:38:26,mobile,Organic Search,home
1832,384,2021-06-17 17:58:27,mobile,Email,product
1833,131,2022-07-28 03:37:15,desktop,Paid Social,home
1834,610,2021-07-16 00:08:26,mobile,Direct,checkout
1835,130,2020-01-25 04:49:07,mobile,Direct,product
1836,1089,2023-07-06 06:00:33,desktop,Email,search
1837,8,2022-07-16 00:33:02,mobile,Push Notification,home
1838,603,2020-04-27 11:16:41,desktop,Organic Search,product
1839,1627,2023-02-14 02:43:40,desktop,Direct,search
1840,562,2020-11-16 00:18:45,mobile,Push Notification,cart
1841,557,2022-03-29 03:20:29,tablet,Paid Social,checkout
1842,1840,2022-06-12 11:05:18,mobile,Organic Search,product
1843,1251,2022-07-26 20:32:54,desktop,Email,cart
1844,1320,2024-01-14 08:59:59,mobile,Paid Social,cart
1845,1415,2022-08-08 08:42:30,desktop,Direct,cart
1846,220,2024-01-29 21:50:10,desktop,Ads,search
1847,1663,2022-12-07 02:47:12,desktop,Direct,home
1848,1283,2023-10-02 04:27:53,desktop,Direct,search
1849,1647,2021-09-22 21:52:09,tablet,Organic Search,home
1850,21,2020-03-24 23:46:15,desktop,Ads,cart
1851,1704,2022-12-02 09:45:53,mobile,Direct,home
1852,1444,2024-10-01 17:28:38,mobile,Push Notification,checkout
1853,361,2023-07-03 00:18:40,desktop,Paid Social,cart
1854,115,2024-09-21 05:38:57,tablet,Direct,product
1855,1968,2021-02-14 17:39:48,desktop,Email,search
1856,430,2023-01-15 09:57:46,tablet,Organic Search,cart
1857,800,2021-04-18 05:38:55,mobile,Organic Search,checkout
1858,1111,2022-11-07 02:26:13,desktop,Email,product
1859,223,2022-10-11 18:27:40,mobile,Organic Search,checkout
1860,766,2023-02-24 12:54:12,desktop,Organic Search,checkout
1861,888,2020-07-08 23:08:39,tablet,Email,product
1862,1655,2024-08-30 15:12:55,mobile,Ads,product
1863,624,2023-07-23 17:48:04,mobile,Paid Social,search
1864,1945,2021-04-04 03:20:29,desktop,Email,checkout
1865,1209,2021-02-07 05:49:43,tablet,Direct,home
1866,226,2020-11-21 18:32:07,tablet,Push Notification,search
1867,915,2024-11-14 01:07:24,mobile,Direct,product
1868,1027,2024-10-28 14:44:22,desktop,Push Notification,home
1869,1158,2022-10-03 23:31:34,mobile,Direct,cart
1870,627,2021-08-24 17:07:54,desktop,Organic Search,checkout
1871,1027,2022-03-15 06:30:35,mobile,Direct,product
1872,748,2020-08-08 15:43:27,desktop,Direct,home
1873,1311,2022-10-31 18:53:25,desktop,Direct,search
1874,1878,2022-08-14 18:14:17,tablet,Push Notification,checkout
1875,583,2020-01-18 05:06:45,desktop,Paid Social,cart
1876,1769,2022-09-23 04:20:32,mobile,Paid Social,product
1877,84,2023-08-23 17:18:56,tablet,Ads,home
1878,957,2023-12-12 03:33:41,desktop,Paid Social,cart
1879,722,2020-03-05 04:34:51,mobile,Organic Search,search
1880,907,2020-05-15 03:52:24,mobile,Paid Social,cart
1881,1118,2021-08-08 06:44:16,mobile,Organic Search,checkout
1882,203,2021-03-15 15:09:55,desktop,Email,search
1883,502,2023-07-12 22:10:52,tablet,Email,search
1884,978,2021-11-14 00:02:49,mobile,Push Notification,checkout
1885,1833,2021-12-15 17:53:04,mobile,Organic Search,search
1886,1013,2021-06-10 01:48:06,tablet,Paid Social,home
1887,1431,2022-10-15 19:26:48,tablet,Ads,checkout
1888,1718,2023-02-02 12:59:41,tablet,Ads,product
1889,823,2020-11-10 04:30:35,desktop,Paid Social,cart
1890,1526,2023-02-07 12:54:21,mobile,Ads,cart
1891,520,2023-09-06 13:30:24,tablet,Organic Search,cart
1892,1038,2022-07-04 12:06:58,mobile,Ads,checkout
1893,1407,2024-11-24 19:53:55,desktop,Ads,home
1894,1694,2023-06-29 11:35:16,tablet,Email,home
1895,115,2023-05-23 09:02:53,mobile,Direct,product
1896,892,2023-12-31 18:24:56,mobile,Paid Social,search
1897,650,2021-04-02 14:24:37,desktop,Email,search
1898,1344,2020-06-21 11:22:42,tablet,Direct,home
1899,1710,2020-10-11 10:22:01,tablet,Paid Social,search
1900,713,2024-06-14 10:10:09,desktop,Push Notification,search
1901,1129,2021-03-27 12:28:27,desktop,Direct,product
1902,1637,2023-11-14 06:56:10,mobile,Organic Search,checkout
1903,1830,2020-04-15 20:03:15,tablet,Direct,product
1904,141,2020-04-06 05:53:06,desktop,Paid Social,search
1905,1310,2024-06-03 23:56:05,desktop,Organic Search,cart
1906,1775,2024-12-26 15:40:21,desktop,Direct,cart
1907,800,2023-04-27 03:52:06,tablet,Push Notification,product
1908,1594,2020-07-15 21:10:05,mobile,Ads,cart
1909,1762,2020-01-03 15:29:37,tablet,Ads,cart
1910,680,2023-10-19 20:59:48,mobile,Direct,cart
1911,1578,2024-07-08 12:28:51,tablet,Paid Social,home
1912,1101,2024-07-14 00:46:22,desktop,Paid Social,home
1913,401,2021-12-31 15:37:44,desktop,Direct,home
1914,697,2021-09-01 17:24:42,desktop,Paid Social,product
1915,1783,2024-08-24 21:02:01,mobile,Organic Search,product
1916,933,2020-10-12 04:02:31,desktop,Push Notification,checkout
1917,1774,2022-04-14 13:20:39,desktop,Push Notification,cart
1918,1028,2022-11-01 16:42:31,desktop,Direct,search
1919,517,2022-09-27 14:06:14,tablet,Organic Search,home
1920,603,2024-11-19 22:30:19,tablet,Ads,checkout
1921,1792,2020-09-04 18:12:21,mobile,Direct,home
1922,1140,2020-12-15 21:14:50,mobile,Ads,home
1923,1940,2023-08-18 21:21:27,tablet,Ads,checkout
1924,1317,2024-05-02 11:12:23,tablet,Push Notification,home
1925,1940,2024-01-07 15:18:36,tablet,Direct,home
1926,1354,2021-05-12 16:35:50,tablet,Push Notification,cart
1927,1166,2022-07-14 07:40:50,desktop,Paid Social,cart
1928,702,2020-12-01 03:38:10,tablet,Ads,cart
1929,529,2023-02-22 22:49:32,mobile,Push Notification,cart
1930,1083,2020-08-17 04:48:16,desktop,Paid Social,product
1931,1821,2021-01-16 09:41:00,tablet,Push Notification,checkout
1932,1016,2023-06-16 06:40:56,desktop,Organic Search,cart
1933,1645,2024-09-10 07:49:16,mobile,Email,home
1934,1160,2021-12-28 07:03:20,tablet,Ads,checkout
1935,1595,2023-04-18 22:19:41,tablet,Direct,product
1936,585,2023-10-16 12:12:56,desktop,Paid Social,home
1937,122,2021-01-15 12:01:39,desktop,Ads,product
1938,877,2020-05-28 05:36:12,tablet,Direct,product
1939,1913,2020-02-01 04:12:05,desktop,Push Notification,search
1940,1099,2024-02-07 02:19:52,mobile,Push Notification,search
1941,1987,2023-10-25 06:57:08,mobile,Email,home
1942,1225,2022-04-10 00:43:34,desktop,Email,product
1943,1967,2024-02-16 02:42:43,desktop,Ads,home
1944,1745,2022-04-08 14:18:33,mobile,Paid Social,checkout
1945,1381,2024-03-02 12:03:15,desktop,Push Notification,cart
1946,1984,2022-11-17 08:26:20,mobile,Organic Search,home
1947,1351,2024-03-09 12:26:46,mobile,Push Notification,checkout
1948,1617,2023-09-20 12:36:05,mobile,Email,search
1949,199,2022-09-15 11:03:43,mobile,Organic Search,home
1950,1016,2020-05-10 21:15:28,tablet,Paid Social,search
1951,1869,2023-12-14 13:35:48,desktop,Direct,checkout
1952,1845,2022-07-03 00:23:19,tablet,Ads,cart
1953,250,2022-02-23 12:23:45,tablet,Ads,product
1954,517,2022-10-31 09:07:33,tablet,Organic Search,checkout
1955,700,2023-09-10 13:57:51,desktop,Direct,checkout
1956,1136,2020-08-04 09:44:53,desktop,Direct,home
1957,1134,2021-06-17 06:01:31,desktop,Ads,cart
1958,1123,2022-11-13 06:27:11,mobile,Ads,checkout
1959,1294,2022-04-17 01:58:10,desktop,Email,checkout
1960,1760,2021-11-15 10:43:43,tablet,Paid Social,home
1961,1076,2023-08-04 18:06:40,mobile,Ads,home
1962,1233,2022-03-24 15:41:18,tablet,Organic Search,search
1963,1614,2024-03-20 20:12:17,tablet,Push Notification,cart
1964,1241,2023-05-07 13:28:39,tablet,Ads,home
1965,1753,2024-05-20 18:25:48,tablet,Organic Search,cart
1966,533,2020-07-02 09:32:24,tablet,Organic Search,cart
1967,1057,2020-02-26 10:11:29,desktop,Ads,search
1968,1987,2024-04-23 09:00:31,mobile,Ads,search
1969,825,2022-10-06 04:46:59,desktop,Push Notification,home
1970,327,2024-02-27 07:29:59,mobile,Email,checkout
1971,1329,2020-10-31 03:50:08,desktop,Push Notification,cart
1972,1022,2023-04-26 07:27:24,mobile,Paid Social,search
1973,1944,2024-04-09 06:44:21,mobile,Email,checkout
1974,1202,2020-12-08 18:55:30,desktop,Direct,home
1975,255,2021-04-30 19:04:49,tablet,Push Notification,checkout
1976,1352,2023-06-23 07:52:32,mobile,Organic Search,checkout
1977,933,2022-08-11 00:04:50,tablet,Organic Search,home
1978,238,2020-03-30 22:21:08,desktop,Email,cart
1979,369,2024-07-06 12:55:36,desktop,Paid Social,home
1980,244,2023-02-23 13:46:43,tablet,Email,cart
1981,306,2021-11-26 18:59:21,desktop,Organic Search,product
1982,1656,2024-07-30 11:32:05,mobile,Direct,product
1983,806,2021-09-01 19:42:45,tablet,Organic Search,home
1984,344,2020-06-22 10:02:59,desktop,Direct,product
1985,1181,2022-05-28 17:14:45,tablet,Push Notification,checkout
1986,1616,2023-08-31 19:45:30,mobile,Ads,home
1987,1140,2020-02-06 19:22:13,tablet,Email,home
1988,777,2024-12-05 19:41:30,mobile,Email,cart
1989,575,2024-11-13 16:16:18,desktop,Ads,search
1990,465,2020-07-19 23:46:43,desktop,Paid Social,product
1991,1481,2024-04-26 08:35:50,tablet,Organic Search,home
1992,1566,2024-07-11 08:37:29,tablet,Direct,checkout
1993,1487,2024-03-31 03:43:25,tablet,Direct,product
1994,135,2024-09-10 14:52:02,mobile,Paid Social,home
1995,1685,2024-11-19 06:52:23,desktop,Push Notification,search
1996,1576,2024-10-19 03:24:58,desktop,Organic Search,home
1997,420,2022-09-02 21:25:25,tablet,Paid Social,cart
1998,172,2022-06-17 17:58:12,mobile,Organic Search,cart
1999,1729,2020-05-15 11:11:27,desktop,Direct,product
2000,205,2023-01-14 01:01:55,tablet,Paid Social,checkout
2001,665,2024-07-11 09:27:38,mobile,Paid Social,cart
2002,1531,2020-01-13 19:36:26,mobile,Email,cart
2003,1633,2023-03-06 16:26:36,desktop,Organic Search,cart
2004,714,2020-06-06 11:31:37,tablet,Direct,search
2005,1667,2022-08-21 10:10:31,tablet,Organic Search,search
2006,579,2021-01-31 03:51:12,tablet,Paid Social,product
2007,311,2020-07-04 19:31:44,tablet,Direct,home
2008,809,2024-10-17 14:58:45,tablet,Push Notification,product
2009,1933,2023-03-15 03:17:04,tablet,Paid Social,checkout
2010,1663,2021-09-25 14:12:41,desktop,Ads,search
2011,1511,2023-07-17 15:37:27,desktop,Email,cart
2012,775,2021-03-05 20:01:07,desktop,Email,search
2013,618,2023-08-06 17:00:18,mobile,Email,cart
2014,1785,2022-08-31 20:44:48,tablet,Push Notification,home
2015,25,2022-06-02 07:10:17,tablet,Direct,search
2016,1602,2024-08-31 02:17:40,tablet,Organic Search,checkout
2017,1225,2022-07-11 13:15:50,tablet,Push Notification,product
2018,1582,2020-09-09 13:54:36,mobile,Paid Social,product
2019,1130,2024-05-12 11:28:40,tablet,Paid Social,cart
2020,1199,2022-12-07 03:00:40,tablet,Organic Search,home
2021,327,2021-09-11 09:35:27,tablet,Push Notification,search
2022,1713,2021-02-16 06:22:54,desktop,Ads,search
2023,303,2023-06-28 07:15:19,desktop,Direct,product
2024,244,2021-03-02 23:11:48,tablet,Email,home
2025,122,2022-10-22 17:25:29,desktop,Ads,checkout
2026,135,2022-02-05 21:38:41,desktop,Direct,search
2027,1403,2020-09-25 21:14:56,tablet,Direct,checkout
2028,753,2020-06-04 17:57:20,tablet,Email,home
2029,846,2024-06-18 16:39:03,tablet,Push Notification,checkout
2030,1128,2023-02-12 13:19:59,tablet,Email,search
2031,1911,2020-09-14 12:22:57,desktop,Paid Social,search
2032,1631,2021-06-12 21:26:01,mobile,Paid Social,product
2033,75,2022-11-18 09:18:43,desktop,Email,cart
2034,1509,2020-01-15 08:14:45,desktop,Organic Search,product
2035,879,2021-04-28 14:54:44,tablet,Paid Social,search
2036,1694,2020-07-11 09:51:10,desktop,Ads,search
2037,1814,2020-02-23 14:31:54,desktop,Ads,cart
2038,1206,2022-03-18 17:26:32,desktop,Email,cart
2039,666,2021-05-25 05:37:35,tablet,Push Notification,product
2040,990,2022-02-22 06:47:32,tablet,Email,search
2041,1897,2020-08-12 01:02:38,tablet,Email,product
2042,9,2024-12-04 04:09:17,tablet,Email,search
2043,844,2020-09-02 15:50:54,mobile,Email,checkout
2044,1377,2022-02-01 15:04:09,tablet,Ads,cart
2045,1034,2022-11-01 20:56:40,tablet,Ads,cart
2046,1408,2020-04-04 16:07:21,mobile,Ads,cart
2047,1685,2021-01-28 15:15:40,desktop,Ads,search
2048,1741,2024-03-15 06:06:25,tablet,Organic Search,product
2049,197,2022-04-20 12:20:44,tablet,Email,checkout
2050,132,2022-11-24 13:39:57,desktop,Direct,search
2051,1896,2020-05-31 19:33:08,mobile,Push Notification,product
2052,1522,2024-02-13 20:10:23,tablet,Push Notification,product
2053,229,2021-01-17 19:31:08,desktop,Push Notification,search
2054,1424,2020-05-26 10:21:24,tablet,Organic Search,product
2055,1870,2024-12-19 12:37:20,desktop,Ads,search
2056,725,2024-05-09 11:48:03,tablet,Push Notification,home
2057,1624,2024-04-12 14:58:36,mobile,Direct,product
2058,1966,2021-06-22 18:08:18,tablet,Email,search
2059,44,2024-05-25 19:31:26,desktop,Push Notification,product
2060,25,2021-11-02 16:37:04,mobile,Email,home
2061,1733,2020-01-01 12:25:45,desktop,Paid Social,home
2062,1255,2020-07-08 09:56:40,tablet,Paid Social,product
2063,187,2022-06-19 14:07:33,desktop,Email,search
2064,1069,2020-12-16 11:31:28,mobile,Push Notification,product
2065,464,2024-02-05 11:15:11,desktop,Ads,home
2066,1861,2023-10-11 13:12:11,desktop,Ads,home
2067,1851,2024-05-17 19:22:25,desktop,Direct,cart
2068,184,2023-03-22 19:51:52,desktop,Ads,cart
2069,122,2022-10-11 06:10:14,desktop,Paid Social,home
2070,471,2023-04-20 17:15:27,mobile,Email,home
2071,1922,2024-05-03 11:05:52,mobile,Organic Search,home
2072,1289,2024-11-10 05:09:28,mobile,Push Notification,cart
2073,283,2020-01-18 06:15:45,mobile,Email,product
2074,423,2021-11-26 03:22:29,mobile,Paid Social,home
2075,1749,2022-09-22 09:18:08,desktop,Push Notification,checkout
2076,1190,2022-02-23 21:30:18,desktop,Ads,checkout
2077,529,2024-08-08 05:14:15,tablet,Paid Social,checkout
2078,643,2020-06-15 17:20:23,mobile,Paid Social,home
2079,1232,2022-05-13 09:16:53,desktop,Paid Social,product
2080,1875,2021-05-10 10:22:01,desktop,Organic Search,home
2081,514,2020-09-29 23:52:34,tablet,Push Notification,checkout
2082,255,2024-02-13 08:24:28,tablet,Direct,product
2083,368,2021-03-31 01:52:05,mobile,Organic Search,product
2084,975,2023-04-14 15:49:58,mobile,Email,checkout
2085,1263,2024-02-01 23:45:02,desktop,Paid Social,product
2086,1368,2024-01-19 11:08:56,tablet,Email,checkout
2087,1530,2021-06-20 12:56:13,tablet,Push Notification,search
2088,897,2021-09-08 05:44:45,tablet,Paid Social,product
2089,447,2021-06-23 01:19:16,mobile,Ads,product
2090,318,2022-03-11 20:39:38,desktop,Ads,home
2091,1950,2020-12-13 01:14:06,mobile,Paid Social,home
2092,1471,2020-08-21 13:00:12,mobile,Organic Search,home
2093,1017,2024-02-13 16:13:49,desktop,Ads,product
2094,1877,2023-06-05 02:29:16,desktop,Paid Social,search
2095,614,2021-02-15 04:16:21,desktop,Organic Search,product
2096,1785,2022-01-23 23:49:06,desktop,Ads,cart
2097,1470,2021-01-26 11:03:01,desktop,Direct,home
2098,1087,2021-03-21 07:35:29,mobile,Organic Search,search
2099,560,2023-02-06 19:00:35,mobile,Email,cart
2100,447,2024-01-19 22:23:00,tablet,Organic Search,home
2101,1056,2020-06-25 22:58:36,desktop,Direct,product
2102,153,2022-11-15 04:29:53,tablet,Email,home
2103,218,2023-09-22 15:36:36,tablet,Organic Search,product
2104,1236,2022-11-03 13:02:43,desktop,Push Notification,search
2105,1649,2021-05-27 10:19:15,mobile,Push Notification,checkout
2106,1257,2021-03-05 03:25:46,mobile,Email,product
2107,1945,2024-11-17 04:09:19,mobile,Email,cart
2108,1959,2020-07-09 07:27:50,mobile,Ads,product
2109,1696,2022-12-25 22:17:02,mobile,Direct,product
2110,949,2020-12-31 07:59:44,tablet,Direct,cart
2111,19,2022-02-10 19:24:31,desktop,Direct,product
2112,1500,2020-06-25 09:05:13,desktop,Email,cart
2113,1310,2024-01-06 19:47:41,mobile,Paid Social,search
2114,1185,2022-09-28 19:49:31,desktop,Push Notification,product
2115,539,2022-02-03 00:54:46,tablet,Email,home
2116,509,2023-02-18 08:45:52,mobile,Ads,search
2117,1864,2021-12-05 16:40:16,tablet,Push Notification,search
2118,1542,2024-11-07 12:17:32,tablet,Email,product
2119,1472,2021-04-13 03:32:33,desktop,Push Notification,search
2120,1197,2023-05-13 11:38:48,desktop,Organic Search,search
2121,352,2024-04-08 15:06:43,tablet,Paid Social,checkout
2122,429,2021-08-11 18:22:19,tablet,Push Notification,cart
2123,1814,2020-09-13 14:07:02,tablet,Email,product
2124,714,2022-07-18 05:50:00,mobile,Direct,home
2125,122,2024-07-19 18:29:13,desktop,Paid Social,cart
2126,947,2023-10-06 23:42:06,mobile,Email,search
2127,1652,2020-08-10 02:02:00,desktop,Email,home
2128,1520,2020-09-14 22:18:13,mobile,Email,search
2129,1243,2023-09-28 00:50:41,tablet,Email,search
2130,936,2020-06-06 06:19:40,mobile,Push Notification,search
2131,1217,2023-12-18 18:53:28,mobile,Organic Search,home
2132,284,2024-05-15 18:38:10,tablet,Push Notification,search
2133,1272,2023-02-23 00:20:11,mobile,Paid Social,product
2134,1269,2023-10-14 05:02:58,desktop,Push Notification,product
2135,1171,2021-09-24 14:21:12,mobile,Push Notification,search
2136,1406,2021-04-20 11:01:52,mobile,Push Notification,search
2137,1602,2024-09-19 02:13:10,tablet,Email,cart
2138,799,2024-02-06 19:26:09,mobile,Email,home
2139,833,2023-08-08 18:55:16,mobile,Organic Search,checkout
2140,875,2020-01-04 10:57:55,desktop,Direct,home
2141,627,2024-04-11 22:32:34,desktop,Direct,search
2142,1752,2024-08-17 15:20:09,mobile,Paid Social,home
2143,263,2021-06-27 23:49:24,tablet,Ads,cart
2144,882,2021-12-18 00:04:56,desktop,Organic Search,home
2145,322,2021-08-22 16:02:58,desktop,Direct,home
2146,1790,2024-08-07 18:34:08,mobile,Ads,checkout
2147,1348,2020-01-04 13:29:19,mobile,Email,search
2148,508,2021-03-03 23:26:24,tablet,Push Notification,product
2149,1879,2024-07-14 22:37:45,desktop,Paid Social,cart
2150,1354,2024-12-04 10:13:23,tablet,Organic Search,search
2151,380,2022-06-04 08:32:05,tablet,Ads,home
2152,1598,2024-01-11 10:36:53,mobile,Push Notification,cart
2153,1334,2023-12-13 16:04:08,desktop,Ads,search
2154,1747,2023-10-17 10:58:18,tablet,Organic Search,cart
2155,733,2021-01-11 08:24:12,desktop,Paid Social,product
2156,446,2022-11-12 21:26:40,tablet,Push Notification,search
2157,1560,2020-11-18 20:04:58,desktop,Direct,product
2158,41,2023-02-27 11:16:50,tablet,Push Notification,cart
2159,720,2024-07-03 07:23:01,tablet,Direct,product
2160,1830,2021-09-21 13:21:54,desktop,Email,product
2161,846,2024-03-27 05:02:32,tablet,Email,home
2162,360,2020-11-19 10:42:12,mobile,Ads,home
2163,1714,2024-08-06 12:06:53,tablet,Push Notification,search
2164,412,2022-05-14 09:21:25,tablet,Organic Search,home
2165,651,2020-03-17 09:49:50,mobile,Ads,home
2166,942,2022-02-19 21:17:05,desktop,Ads,checkout
2167,1286,2020-11-27 05:19:01,desktop,Direct,checkout
2168,862,2023-03-15 11:06:15,desktop,Direct,home
2169,698,2023-01-12 11:25:32,tablet,Direct,search
2170,238,2021-06-23 05:32:12,desktop,Direct,home
2171,1826,2020-01-23 15:27:22,desktop,Email,product
2172,1768,2024-07-12 11:28:50,tablet,Push Notification,home
2173,732,2022-08-28 19:58:14,mobile,Paid Social,cart
2174,1164,2024-07-29 14:32:39,tablet,Push Notification,home
2175,1772,2020-08-25 18:41:49,desktop,Paid Social,search
2176,1332,2022-11-05 01:44:29,desktop,Paid Social,home
2177,187,2021-11-17 06:06:39,desktop,Direct,product
2178,809,2023-02-20 20:36:02,tablet,Email,cart
2179,1435,2023-03-27 14:35:35,mobile,Push Notification,product
2180,154,2023-09-04 02:42:17,mobile,Push Notification,home
2181,1378,2021-07-29 03:04:04,tablet,Direct,cart
2182,123,2021-08-26 15:38:13,desktop,Direct,home
2183,1510,2024-11-28 05:01:24,mobile,Direct,search
2184,1335,2020-06-22 01:00:43,tablet,Direct,checkout
2185,558,2024-01-31 06:41:56,mobile,Paid Social,cart
2186,851,2023-10-28 08:16:25,desktop,Push Notification,product
2187,761,2023-11-15 12:54:27,desktop,Push Notification,product
2188,1970,2024-09-17 06:23:21,mobile,Organic Search,home
2189,1629,2020-12-05 19:41:33,tablet,Paid Social,search
2190,1729,2020-12-17 10:19:23,desktop,Paid Social,cart
2191,1449,2022-01-26 05:07:54,mobile,Organic Search,product
2192,1288,2023-03-20 20:43:48,mobile,Push Notification,home
2193,1578,2020-03-26 17:52:20,tablet,Direct,cart
2194,1537,2021-06-11 15:52:43,tablet,Email,cart
2195,707,2021-03-16 15:34:33,tablet,Direct,product
2196,1708,2021-04-19 01:49:30,tablet,Paid Social,checkout
2197,1719,2023-12-16 01:22:25,desktop,Paid Social,cart
2198,154,2023-11-30 18:44:36,tablet,Organic Search,product
2199,1882,2021-07-20 05:59:08,mobile,Ads,cart
2200,1233,2024-10-21 12:55:22,tablet,Paid Social,home
2201,507,2020-11-21 11:47:51,desktop,Paid Social,checkout
2202,1888,2022-05-22 03:28:02,desktop,Direct,home
2203,766,2020-08-15 19:42:19,tablet,Email,checkout
2204,859,2022-03-27 20:24:31,desktop,Organic Search,checkout
2205,981,2024-09-15 00:24:48,tablet,Push Notification,home
2206,1715,2021-02-24 10:23:04,tablet,Email,home
2207,1033,2021-05-11 17:13:49,tablet,Organic Search,home
2208,1888,2022-09-17 12:04:56,desktop,Email,search
2209,641,2020-07-10 13:51:11,mobile,Paid Social,checkout
2210,474,2024-04-30 00:03:20,mobile,Paid Social,search
2211,652,2021-02-03 19:40:34,desktop,Paid Social,search
2212,419,2020-06-17 05:21:02,desktop,Email,product
2213,1345,2022-11-05 05:56:18,mobile,Ads,search
2214,100,2020-08-26 13:18:41,desktop,Organic Search,cart
2215,417,2020-08-26 19:15:38,mobile,Paid Social,product
2216,1814,2021-07-11 16:32:36,desktop,Ads,home
2217,823,2022-09-14 08:18:07,tablet,Organic Search,cart
2218,70,2023-01-16 10:12:54,tablet,Direct,cart
2219,384,2024-08-06 07:47:19,mobile,Direct,home
2220,182,2021-09-21 12:14:17,mobile,Email,product
2221,1140,2022-12-20 16:57:32,mobile,Organic Search,search
2222,1038,2024-06-02 19:57:59,tablet,Push Notification,home
2223,1699,2023-03-04 00:59:01,mobile,Push Notification,checkout
2224,1644,2020-11-05 07:05:38,mobile,Ads,product
2225,619,2022-07-21 11:21:15,mobile,Organic Search,product
2226,810,2021-05-23 21:47:40,tablet,Email,cart
2227,1501,2020-02-05 16:07:35,mobile,Direct,product
2228,1458,2023-07-26 23:12:11,tablet,Paid Social,cart
2229,523,2023-07-05 14:21:08,tablet,Ads,product
2230,214,2020-07-07 13:33:26,mobile,Ads,home
2231,1531,2021-01-18 08:05:25,mobile,Ads,product
2232,849,2020-04-21 18:45:01,tablet,Ads,product
2233,991,2023-09-02 17:55:05,desktop,Organic Search,search
2234,469,2021-01-29 00:58:23,mobile,Paid Social,search
2235,1286,2022-07-12 12:52:36,mobile,Paid Social,checkout
2236,276,2022-07-27 03:20:08,desktop,Organic Search,search
2237,434,2020-12-12 09:55:48,tablet,Ads,checkout
2238,142,2022-02-15 08:16:17,mobile,Ads,product
2239,703,2022-10-02 16:27:01,tablet,Email,checkout
2240,1832,2021-01-04 18:46:16,desktop,Paid Social,home
2241,770,2022-07-07 08:05:11,tablet,Organic Search,home
2242,1877,2021-04-14 23:44:20,desktop,Email,product
2243,1053,2022-04-10 21:01:04,desktop,Push Notification,checkout
2244,437,2024-01-31 01:23:23,mobile,Direct,cart
2245,1136,2021-10-20 11:57:36,mobile,Email,search
2246,1136,2023-10-05 22:17:27,desktop,Paid Social,search
2247,1868,2020-03-25 05:36:30,desktop,Ads,cart
2248,943,2020-01-06 18:22:05,desktop,Direct,checkout
2249,522,2020-07-23 08:38:01,mobile,Ads,product
2250,1778,2023-09-12 06:52:44,desktop,Ads,search
2251,389,2022-01-25 07:58:37,desktop,Push Notification,home
2252,970,2023-04-07 05:26:27,mobile,Paid Social,search
2253,1426,2024-01-01 19:37:52,desktop,Ads,home
2254,898,2024-04-15 22:55:46,mobile,Ads,home
2255,1954,2023-10-06 21:54:31,tablet,Email,search
2256,17,2022-02-14 11:36:38,tablet,Push Notification,product
2257,378,2023-07-24 13:03:23,mobile,Direct,home
2258,1566,2022-09-20 12:50:15,tablet,Push Notification,checkout
2259,636,2022-07-03 14:18:50,desktop,Direct,search
2260,1144,2022-10-19 14:59:20,mobile,Email,home
2261,1019,2021-01-14 19:03:50,tablet,Ads,cart
2262,997,2022-02-09 22:44:18,tablet,Push Notification,product
2263,830,2022-10-29 19:56:25,mobile,Organic Search,checkout
2264,1270,2022-12-02 11:47:15,desktop,Push Notification,product
2265,741,2024-12-12 20:00:47,tablet,Organic Search,search
2266,562,2021-11-29 16:38:27,mobile,Paid Social,cart
2267,1375,2020-01-01 06:37:27,desktop,Push Notification,checkout
2268,239,2023-05-16 20:17:51,desktop,Email,cart
2269,1276,2024-06-02 23:42:15,mobile,Email,product
2270,1908,2020-08-09 21:10:54,desktop,Direct,search
2271,1190,2021-06-20 14:03:14,mobile,Direct,cart
2272,946,2024-04-01 10:20:34,desktop,Direct,checkout
2273,827,2020-09-05 23:17:05,mobile,Paid Social,checkout
2274,152,2023-02-15 05:59:29,desktop,Direct,search
2275,135,2024-01-05 19:07:20,tablet,Direct,search
2276,1805,2021-09-04 22:19:40,mobile,Organic Search,cart
2277,1662,2021-03-10 20:14:10,desktop,Email,checkout
2278,1786,2024-10-13 03:17:54,tablet,Paid Social,product
2279,1699,2024-03-28 09:19:44,mobile,Email,home
2280,1140,2022-07-27 13:38:50,desktop,Ads,cart
2281,1388,2024-12-06 02:40:17,desktop,Direct,home
2282,291,2020-04-11 01:58:57,mobile,Push Notification,product
2283,344,2020-03-28 16:50:39,mobile,Push Notification,checkout
2284,1630,2024-02-22 16:24:17,tablet,Email,cart
2285,1223,2020-06-12 02:34:15,mobile,Ads,home
2286,559,2024-04-08 15:57:31,desktop,Organic Search,cart
2287,1833,2021-07-24 13:26:53,tablet,Paid Social,cart
2288,1161,2021-09-10 03:19:36,tablet,Paid Social,home
2289,1909,2024-08-07 22:19:15,tablet,Email,home
2290,61,2022-07-13 17:02:48,tablet,Paid Social,search
2291,1032,2020-03-13 00:24:42,desktop,Direct,checkout
2292,648,2022-07-24 03:09:03,desktop,Email,home
2293,314,2024-05-04 14:18:12,tablet,Direct,checkout
2294,45,2020-02-05 00:10:13,tablet,Push Notification,product
2295,1008,2020-02-20 06:30:34,mobile,Paid Social,search
2296,659,2023-06-29 12:14:58,mobile,Direct,product
2297,1783,2023-09-21 11:04:31,tablet,Email,cart
2298,1514,2022-08-10 12:40:22,desktop,Organic Search,home
2299,1334,2023-05-18 01:15:43,mobile,Paid Social,product
2300,1393,2021-07-28 18:54:25,desktop,Organic Search,home
2301,881,2021-06-23 22:42:18,mobile,Push Notification,home
2302,352,2021-07-29 02:24:28,desktop,Paid Social,cart
2303,1606,2024-07-05 08:37:13,tablet,Ads,checkout
2304,405,2024-02-01 07:24:12,tablet,Email,search
2305,1019,2024-01-27 10:25:08,tablet,Direct,checkout
2306,396,2021-12-19 03:56:44,tablet,Organic Search,cart
2307,1185,2021-01-09 15:44:08,mobile,Organic Search,home
2308,488,2020-04-09 21:30:38,tablet,Ads,checkout
2309,1527,2024-07-26 10:57:25,desktop,Push Notification,product
2310,350,2022-10-12 10:53:26,mobile,Push Notification,search
2311,978,2020-05-26 09:10:24,tablet,Paid Social,home
2312,1478,2021-10-09 15:39:00,desktop,Email,cart
2313,1022,2024-04-29 09:33:34,tablet,Direct,product
2314,340,2020-10-26 10:13:27,tablet,Direct,checkout
2315,1754,2021-07-04 11:12:54,desktop,Ads,home
2316,378,2024-01-20 15:25:06,desktop,Organic Search,search
2317,1564,2024-06-21 13:43:31,mobile,Ads,checkout
2318,1513,2023-05-20 18:05:35,tablet,Direct,search
2319,1699,2020-07-07 06:32:20,mobile,Organic Search,home
2320,216,2023-11-28 01:48:28,desktop,Paid Social,home
2321,1447,2023-04-23 11:04:15,mobile,Push Notification,checkout
2322,1825,2024-01-20 21:29:52,desktop,Direct,cart
2323,394,2024-03-05 20:01:52,tablet,Push Notification,product
2324,1774,2022-06-24 11:23:47,tablet,Ads,checkout
2325,1938,2024-03-30 12:45:13,mobile,Direct,product
2326,1307,2023-09-28 12:05:54,mobile,Paid Social,home
2327,356,2021-06-05 23:06:01,mobile,Email,checkout
2328,233,2021-11-30 02:30:47,mobile,Direct,home
2329,1241,2021-11-24 16:52:03,mobile,Paid Social,home
2330,429,2023-06-26 20:21:16,desktop,Direct,product
2331,148,2023-03-20 18:01:17,mobile,Paid Social,home
2332,431,2021-01-11 13:04:27,desktop,Direct,product
2333,1409,2024-04-03 11:37:51,desktop,Push Notification,home
2334,544,2021-03-23 13:40:57,desktop,Organic Search,search
2335,1838,2021-05-13 18:48:33,mobile,Ads,search
2336,587,2022-03-31 18:26:53,tablet,Direct,search
2337,1708,2022-10-09 12:29:21,mobile,Email,home
2338,1683,2022-05-21 21:54:30,mobile,Ads,cart
2339,1628,2021-09-27 21:49:54,desktop,Organic Search,product
2340,1980,2021-09-27 18:37:50,desktop,Push Notification,search
2341,839,2023-09-03 19:03:15,tablet,Push Notification,checkout
2342,960,2022-04-01 09:59:56,desktop,Email,search
2343,420,2024-03-05 02:20:43,mobile,Direct,product
2344,1343,2024-04-01 08:33:58,tablet,Email,cart
2345,1615,2021-10-13 14:21:50,mobile,Email,checkout
2346,144,2022-12-25 01:42:51,desktop,Organic Search,search
2347,157,2023-08-19 04:11:24,desktop,Email,home
2348,152,2023-10-29 14:40:38,desktop,Organic Search,product
2349,1499,2023-09-08 17:55:24,mobile,Email,home
2350,558,2023-09-15 08:47:25,tablet,Ads,checkout
2351,1123,2023-08-06 11:41:22,tablet,Ads,product
2352,1334,2022-06-30 22:54:22,tablet,Ads,product
2353,1053,2020-07-27 13:39:13,tablet,Organic Search,search
2354,1477,2022-12-11 21:10:16,mobile,Direct,cart
2355,874,2023-01-19 22:09:00,desktop,Push Notification,search
2356,1477,2021-03-27 17:55:23,desktop,Ads,checkout
2357,1449,2020-01-24 13:17:56,desktop,Ads,checkout
2358,1176,2020-06-16 22:32:37,desktop,Ads,checkout
2359,1497,2020-01-05 04:41:51,tablet,Paid Social,home
2360,1463,2020-11-26 13:20:29,tablet,Organic Search,product
2361,1706,2021-06-19 00:05:54,tablet,Paid Social,checkout
2362,1263,2020-04-13 15:17:35,desktop,Direct,search
2363,1033,2024-12-30 22:22:45,mobile,Push Notification,cart
2364,220,2024-07-18 02:07:57,desktop,Organic Search,cart
2365,756,2020-07-12 18:26:40,desktop,Direct,home
2366,1607,2021-12-23 13:48:35,tablet,Ads,checkout
2367,1239,2024-04-18 06:32:39,desktop,Direct,search
2368,354,2021-06-27 20:28:20,mobile,Push Notification,cart
2369,829,2024-08-22 15:29:21,tablet,Push Notification,cart
2370,835,2024-10-03 02:54:58,desktop,Direct,product
2371,603,2020-02-07 17:41:14,mobile,Push Notification,checkout
2372,1765,2022-06-11 20:30:55,mobile,Email,search
2373,94,2024-10-30 15:02:16,tablet,Push Notification,cart
2374,1122,2021-06-12 17:48:05,mobile,Email,checkout
2375,1528,2024-11-14 15:33:41,tablet,Paid Social,search
2376,524,2022-07-21 15:28:48,tablet,Ads,product
2377,857,2023-05-16 16:04:05,tablet,Email,home
2378,317,2022-03-09 17:53:48,mobile,Paid Social,search
2379,752,2020-07-16 10:38:49,tablet,Ads,search
2380,227,2022-10-05 21:53:09,tablet,Push Notification,checkout
2381,1264,2024-06-24 19:47:31,tablet,Organic Search,search
2382,1179,2022-04-05 10:37:46,desktop,Email,cart
2383,364,2023-09-08 07:24:52,mobile,Ads,checkout
2384,1266,2022-10-05 00:03:53,mobile,Direct,product
2385,225,2021-10-16 09:58:08,tablet,Direct,product
2386,123,2022-06-28 14:53:48,tablet,Email,checkout
2387,345,2022-11-16 20:28:19,tablet,Paid Social,product
2388,199,2020-07-30 18:11:14,tablet,Paid Social,search
2389,1788,2020-08-31 02:38:52,mobile,Push Notification,cart
2390,1154,2021-11-07 12:12:51,tablet,Paid Social,product
2391,1455,2020-07-18 23:32:57,mobile,Ads,home
2392,751,2024-06-20 16:08:37,desktop,Organic Search,checkout
2393,716,2023-06-01 20:46:55,desktop,Email,cart
2394,307,2022-05-14 07:33:51,tablet,Email,home
2395,1533,2024-02-24 18:42:59,desktop,Push Notification,cart
2396,133,2023-10-16 21:12:23,desktop,Direct,search
2397,1204,2024-10-01 14:51:57,desktop,Paid Social,home
2398,1447,2020-09-01 19:51:54,mobile,Ads,product
2399,669,2021-07-01 01:28:36,tablet,Paid Social,search
2400,760,2021-12-26 07:47:47,tablet,Direct,cart
2401,1750,2023-05-07 17:04:30,tablet,Push Notification,cart
2402,1270,2023-07-19 17:32:25,tablet,Paid Social,checkout
2403,1626,2024-03-21 08:53:24,desktop,Push Notification,product
2404,27,2020-06-01 19:35:24,tablet,Organic Search,cart
2405,520,2023-07-05 13:15:30,tablet,Direct,home
2406,1914,2020-11-29 08:02:48,tablet,Push Notification,home
2407,181,2020-11-01 17:12:59,mobile,Paid Social,cart
2408,215,2021-01-05 12:02:19,tablet,Organic Search,product
2409,956,2023-05-26 13:49:09,mobile,Organic Search,search
2410,895,2021-04-21 16:26:43,tablet,Push Notification,home
2411,1210,2024-06-06 18:46:46,desktop,Email,cart
2412,457,2021-07-13 21:03:20,mobile,Email,checkout
2413,1326,2022-07-27 05:10:00,tablet,Paid Social,cart
2414,828,2022-02-20 19:06:19,mobile,Organic Search,cart
2415,455,2022-09-08 09:10:35,tablet,Ads,home
2416,1790,2023-05-16 10:21:06,tablet,Organic Search,product
2417,653,2024-04-23 02:06:46,mobile,Organic Search,home
2418,671,2024-12-03 01:56:03,tablet,Direct,cart
2419,1337,2020-12-27 05:09:22,mobile,Direct,product
2420,235,2020-02-01 06:58:44,desktop,Organic Search,search
2421,596,2020-03-15 11:30:55,desktop,Push Notification,product
2422,109,2023-04-03 03:18:20,mobile,Ads,search
2423,687,2020-11-25 02:36:02,desktop,Direct,product
2424,342,2024-08-15 04:51:04,desktop,Email,checkout
2425,219,2020-09-06 14:05:02,mobile,Organic Search,search
2426,320,2023-12-03 14:22:42,mobile,Organic Search,cart
2427,21,2022-08-31 02:45:12,tablet,Organic Search,product
2428,101,2020-10-09 04:56:05,desktop,Direct,checkout
2429,1411,2024-04-09 02:29:38,mobile,Push Notification,search
2430,1873,2022-11-05 15:12:36,tablet,Organic Search,checkout
2431,646,2023-10-01 09:54:50,tablet,Email,home
2432,272,2020-09-15 14:12:24,mobile,Paid Social,checkout
2433,641,2020-01-30 13:42:18,desktop,Direct,product
2434,1350,2020-07-12 17:16:31,mobile,Organic Search,product
2435,1416,2024-04-18 16:18:19,desktop,Push Notification,checkout
2436,1998,2023-06-26 02:23:11,desktop,Paid Social,cart
2437,1383,2024-04-04 12:34:23,mobile,Push Notification,product
2438,995,2024-03-09 08:42:58,desktop,Paid Social,product
2439,1404,2021-12-18 19:38:07,desktop,Ads,home
2440,141,2020-04-17 02:52:59,desktop,Direct,home
2441,338,2020-10-31 12:14:42,tablet,Organic Search,checkout
2442,232,2021-06-23 10:37:36,mobile,Organic Search,search
2443,1495,2023-04-20 23:52:17,tablet,Organic Search,product
2444,1319,2023-04-07 12:10:34,tablet,Direct,home
2445,1433,2024-04-04 20:57:43,desktop,Direct,home
2446,1585,2022-04-08 05:51:12,tablet,Organic Search,checkout
2447,1102,2023-03-12 20:53:33,mobile,Direct,product
2448,1936,2023-09-05 06:39:07,mobile,Email,home
2449,71,2024-12-21 19:00:13,tablet,Push Notification,product
2450,636,2022-07-17 23:40:53,mobile,Organic Search,search
2451,1130,2023-11-12 13:51:17,tablet,Ads,search
2452,1205,2022-06-02 10:35:33,tablet,Email,search
2453,1777,2023-07-25 07:02:17,mobile,Paid Social,home
2454,1428,2023-11-03 00:35:21,tablet,Email,checkout
2455,256,2020-03-18 03:13:33,mobile,Email,search
2456,1315,2021-03-04 03:27:01,desktop,Organic Search,home
2457,45,2021-09-14 19:15:33,desktop,Ads,checkout
2458,1609,2023-08-13 12:18:55,tablet,Push Notification,checkout
2459,848,2024-06-23 05:12:43,desktop,Push Notification,cart
2460,1504,2023-05-09 05:22:33,tablet,Direct,home
2461,937,2024-12-26 03:51:15,tablet,Email,search
2462,599,2021-10-02 13:50:26,desktop,Organic Search,cart
2463,280,2024-01-18 10:14:38,tablet,Direct,search
2464,1884,2021-11-17 06:31:01,desktop,Organic Search,cart
2465,548,2020-01-28 02:01:53,tablet,Email,search
2466,1878,2020-01-04 18:25:28,tablet,Email,home
2467,252,2021-03-15 08:41:57,mobile,Ads,cart
2468,1348,2021-03-06 10:18:51,tablet,Direct,search
2469,1737,2022-11-20 02:34:13,desktop,Email,search
2470,1531,2023-12-10 17:28:46,tablet,Organic Search,home
2471,1413,2024-12-17 07:18:04,tablet,Direct,home
2472,1883,2022-04-18 07:25:11,mobile,Paid Social,search
2473,692,2024-06-05 02:53:32,desktop,Ads,product
2474,846,2021-06-07 14:45:58,tablet,Push Notification,search
2475,935,2022-09-15 02:55:33,tablet,Email,cart
2476,1602,2024-02-19 04:07:14,desktop,Ads,checkout
2477,569,2022-11-16 03:46:22,mobile,Paid Social,search
2478,549,2020-12-10 12:03:55,tablet,Organic Search,home
2479,1340,2023-09-02 07:22:36,tablet,Email,checkout
2480,871,2023-12-10 03:17:48,tablet,Email,search
2481,1786,2020-11-07 17:10:56,mobile,Organic Search,product
2482,741,2020-10-30 00:13:36,desktop,Push Notification,product
2483,1338,2023-05-24 12:41:30,mobile,Email,cart
2484,655,2020-11-20 12:03:14,mobile,Ads,checkout
2485,45,2023-06-29 07:57:32,mobile,Paid Social,cart
2486,114,2021-12-04 05:30:36,tablet,Push Notification,checkout
2487,252,2024-10-14 14:42:50,mobile,Paid Social,home
2488,778,2024-07-12 13:22:24,tablet,Push Notification,checkout
2489,1618,2021-12-22 11:13:48,tablet,Direct,cart
2490,774,2023-11-27 19:21:56,mobile,Ads,search
2491,802,2021-01-05 20:57:51,desktop,Organic Search,cart
2492,1582,2020-11-27 14:20:17,tablet,Ads,cart
2493,568,2020-12-25 19:01:35,desktop,Direct,home
2494,644,2023-07-16 21:18:21,mobile,Paid Social,cart
2495,837,2022-10-07 17:49:06,tablet,Organic Search,checkout
2496,1096,2022-03-17 12:20:03,desktop,Paid Social,search
2497,1096,2024-11-16 04:46:53,mobile,Organic Search,search
2498,992,2021-06-04 11:09:56,mobile,Organic Search,checkout
2499,1358,2024-03-07 06:13:51,mobile,Paid Social,search
2500,185,2023-04-21 12:26:32,mobile,Direct,home
2501,1176,2021-01-17 16:47:24,tablet,Email,cart
2502,149,2021-05-15 06:58:31,mobile,Ads,cart
2503,1424,2021-11-15 04:51:01,mobile,Email,home
2504,1808,2020-05-25 09:22:58,desktop,Ads,search
2505,264,2021-10-27 20:16:05,desktop,Organic Search,home
2506,629,2022-04-22 18:37:27,desktop,Paid Social,product
2507,812,2021-08-07 01:23:54,tablet,Ads,checkout
2508,235,2024-10-03 05:40:37,mobile,Ads,product
2509,1844,2023-10-27 16:52:42,desktop,Ads,search
2510,436,2023-03-14 08:43:53,tablet,Direct,search
2511,684,2021-10-21 16:25:14,desktop,Organic Search,cart
2512,223,2020-06-06 12:13:49,tablet,Paid Social,home
2513,78,2020-05-08 06:45:33,desktop,Organic Search,home
2514,1857,2022-06-23 15:38:43,desktop,Push Notification,search
2515,1490,2021-01-14 11:50:37,desktop,Direct,cart
2516,918,2023-01-11 15:35:20,desktop,Push Notification,product
2517,483,2022-11-01 03:27:11,mobile,Direct,checkout
2518,316,2020-07-10 23:14:01,mobile,Email,search
2519,1146,2023-09-26 09:11:15,mobile,Direct,product
2520,1266,2020-06-05 17:10:48,mobile,Direct,checkout
2521,1282,2020-03-28 18:32:38,tablet,Email,home
2522,1823,2021-10-04 05:21:50,tablet,Push Notification,home
2523,696,2021-03-21 20:43:21,tablet,Ads,product
2524,948,2021-08-14 08:31:37,mobile,Ads,product
2525,827,2021-07-07 15:40:11,tablet,Ads,home
2526,1907,2022-04-17 11:56:34,tablet,Paid Social,search
2527,1053,2023-07-18 03:05:38,mobile,Direct,search
2528,1105,2021-10-20 11:52:32,mobile,Direct,home
2529,1959,2023-03-13 19:44:36,desktop,Email,home
2530,1090,2022-12-29 10:42:45,desktop,Email,search
2531,732,2023-08-29 10:41:48,mobile,Organic Search,search
2532,1285,2022-01-26 12:58:40,desktop,Direct,checkout
2533,270,2020-05-11 14:00:26,mobile,Ads,search
2534,761,2023-11-19 00:04:03,tablet,Direct,product
2535,1010,2020-08-19 08:05:04,desktop,Ads,checkout
2536,1768,2023-11-28 03:51:45,tablet,Email,home
2537,1551,2020-04-05 21:57:35,mobile,Push Notification,home
2538,1234,2024-06-24 14:40:06,mobile,Organic Search,product
2539,413,2021-05-24 07:51:19,desktop,Paid Social,checkout
2540,1382,2023-05-21 04:36:18,tablet,Push Notification,checkout
2541,839,2024-08-31 23:15:46,tablet,Paid Social,search
2542,1486,2022-03-18 14:18:24,desktop,Direct,cart
2543,1209,2020-10-03 05:51:35,tablet,Ads,checkout
2544,1910,2022-11-08 22:11:38,tablet,Ads,cart
2545,1085,2022-04-29 18:56:31,desktop,Email,home
2546,1997,2021-12-09 02:50:27,mobile,Ads,cart
2547,842,2023-09-20 14:35:56,mobile,Organic Search,search
2548,1423,2020-12-15 20:14:52,desktop,Push Notification,checkout
2549,1519,2023-06-03 20:54:54,tablet,Email,search
2550,932,2023-01-11 05:05:40,tablet,Organic Search,checkout
2551,267,2023-10-03 11:34:30,mobile,Email,product
2552,1046,2023-07-10 23:56:00,desktop,Email,search
2553,1179,2023-07-23 00:07:55,tablet,Organic Search,home
2554,1096,2021-08-22 23:18:41,desktop,Ads,search
2555,943,2024-02-19 23:32:12,desktop,Email,product
2556,1220,2020-12-19 08:25:59,desktop,Direct,cart
2557,77,2020-09-23 05:58:19,desktop,Ads,search
2558,408,2020-06-29 11:55:24,tablet,Organic Search,search
2559,592,2021-05-09 11:41:44,tablet,Paid Social,search
2560,759,2024-12-04 17:45:41,mobile,Ads,product
2561,446,2021-07-10 18:30:08,desktop,Direct,product
2562,1565,2021-01-25 19:39:35,mobile,Direct,home
2563,1103,2020-05-17 08:27:43,desktop,Paid Social,home
2564,86,2024-10-06 12:53:57,desktop,Ads,cart
2565,431,2024-02-22 07:17:42,tablet,Direct,home
2566,1881,2023-12-02 06:51:23,desktop,Ads,product
2567,1607,2020-01-28 21:02:41,desktop,Direct,cart
2568,252,2022-12-11 06:57:38,tablet,Paid Social,product
2569,330,2020-08-13 00:15:23,desktop,Push Notification,cart
2570,920,2023-04-01 10:08:02,mobile,Organic Search,search
2571,660,2022-03-18 17:57:39,desktop,Push Notification,cart
2572,18,2020-07-30 11:30:04,tablet,Paid Social,home
2573,897,2023-08-08 15:19:58,mobile,Paid Social,cart
2574,318,2021-05-25 00:46:38,mobile,Paid Social,cart
2575,1127,2020-09-08 11:57:48,mobile,Email,search
2576,259,2020-07-13 09:10:07,tablet,Direct,cart
2577,408,2024-01-27 05:18:18,desktop,Email,search
2578,140,2022-12-15 04:57:46,mobile,Ads,cart
2579,1163,2021-01-19 09:31:39,desktop,Push Notification,cart
2580,1325,2020-03-23 13:35:10,mobile,Email,cart
2581,1553,2023-06-23 17:52:12,tablet,Direct,home
2582,1527,2022-08-13 02:18:34,tablet,Ads,product
2583,1805,2024-02-24 14:09:38,tablet,Organic Search,search
2584,1691,2021-02-25 03:42:36,tablet,Paid Social,product
2585,354,2023-04-04 19:14:46,tablet,Paid Social,home
2586,1587,2020-01-27 20:18:55,tablet,Paid Social,product
2587,528,2024-06-20 08:23:24,desktop,Paid Social,home
2588,737,2021-01-10 16:05:00,tablet,Direct,search
2589,356,2024-03-26 02:35:24,tablet,Push Notification,search
2590,626,2023-05-05 09:10:48,mobile,Push Notification,cart
2591,1183,2023-05-05 14:00:57,desktop,Ads,search
2592,753,2024-12-16 23:06:43,mobile,Paid Social,home
2593,1620,2021-02-10 04:12:15,desktop,Ads,product
2594,1091,2022-12-14 03:44:43,mobile,Paid Social,cart
2595,318,2024-10-20 19:39:54,desktop,Organic Search,cart
2596,370,2023-09-13 00:24:09,desktop,Paid Social,checkout
2597,279,2023-03-19 02:36:25,tablet,Paid Social,cart
2598,1045,2020-04-28 08:03:41,mobile,Organic Search,search
2599,1617,2020-09-25 15:31:26,mobile,Ads,cart
2600,980,2021-06-17 15:10:06,desktop,Push Notification,search
2601,1755,2023-03-08 18:29:38,mobile,Paid Social,search
2602,1992,2020-05-09 23:09:27,desktop,Organic Search,checkout
2603,1650,2023-08-22 00:07:02,desktop,Direct,home
2604,1128,2021-07-28 12:09:53,mobile,Push Notification,search
2605,1785,2022-01-27 02:34:05,tablet,Direct,search
2606,1392,2020-04-19 09:38:17,mobile,Ads,product
2607,792,2024-07-28 08:02:02,tablet,Ads,checkout
2608,1364,2023-06-06 18:37:06,mobile,Paid Social,cart
2609,1748,2023-11-16 08:00:05,tablet,Direct,search
2610,932,2023-03-20 09:52:16,tablet,Ads,search
2611,861,2024-11-19 09:49:59,desktop,Organic Search,cart
2612,292,2023-11-08 04:20:59,tablet,Paid Social,home
2613,1928,2020-05-08 01:03:49,desktop,Push Notification,product
2614,1165,2020-06-11 04:42:35,mobile,Ads,product
2615,1265,2020-12-19 02:37:12,desktop,Organic Search,checkout
2616,1906,2021-03-05 14:01:47,tablet,Ads,search
2617,819,2024-07-05 10:10:41,tablet,Ads,checkout
2618,60,2020-06-04 11:41:03,mobile,Ads,home
2619,445,2023-07-10 15:45:35,desktop,Direct,product
2620,1416,2021-08-02 04:12:18,desktop,Push Notification,product
2621,983,2020-04-01 06:00:12,mobile,Push Notification,checkout
2622,612,2020-04-15 05:53:21,desktop,Organic Search,search
2623,418,2022-04-11 00:08:21,desktop,Organic Search,checkout
2624,459,2023-09-30 01:55:56,desktop,Push Notification,home
2625,1870,2021-06-12 01:34:27,tablet,Email,product
2626,1587,2021-12-25 15:26:53,desktop,Organic Search,checkout
2627,1474,2024-02-26 03:38:33,desktop,Email,search
2628,322,2020-08-30 04:36:45,tablet,Ads,checkout
2629,1958,2021-12-13 03:35:17,tablet,Ads,product
2630,339,2022-05-24 22:55:24,mobile,Ads,search
2631,1745,2024-04-12 02:20:47,mobile,Direct,cart
2632,378,2024-10-26 02:51:48,mobile,Paid Social,home
2633,460,2023-01-31 12:16:12,tablet,Email,product
2634,115,2021-12-24 02:12:08,mobile,Push Notification,home
2635,377,2023-08-24 14:38:58,desktop,Organic Search,cart
2636,446,2021-07-20 12:09:32,desktop,Paid Social,cart
2637,983,2020-06-27 01:29:11,tablet,Paid Social,home
2638,114,2022-06-29 06:53:21,mobile,Ads,product
2639,263,2021-12-24 18:59:01,mobile,Organic Search,home
2640,1088,2022-06-09 19:29:22,tablet,Paid Social,checkout
2641,1132,2022-11-27 19:45:47,desktop,Push Notification,product
2642,1579,2024-06-07 14:52:45,tablet,Email,cart
2643,1239,2022-10-11 22:17:32,mobile,Ads,cart
2644,1095,2022-11-17 23:11:33,desktop,Direct,home
2645,29,2023-02-23 05:49:23,tablet,Push Notification,checkout
2646,625,2020-06-24 04:49:21,desktop,Organic Search,cart
2647,1652,2024-06-08 07:07:31,tablet,Organic Search,cart
2648,1841,2020-11-23 21:17:02,mobile,Ads,product
2649,549,2020-05-24 13:09:54,desktop,Paid Social,search
2650,639,2022-08-21 10:37:18,mobile,Push Notification,checkout
2651,1832,2024-06-29 00:56:05,mobile,Direct,search
2652,1739,2021-10-16 15:10:27,mobile,Push Notification,cart
2653,1040,2020-12-07 10:00:58,desktop,Paid Social,checkout
2654,369,2022-03-14 16:18:44,desktop,Paid Social,home
2655,619,2020-04-28 04:29:18,mobile,Organic Search,cart
2656,134,2022-06-20 00:22:17,mobile,Ads,product
2657,1896,2021-08-30 02:06:15,tablet,Email,search
2658,956,2021-03-03 16:29:12,tablet,Email,cart
2659,1951,2020-08-16 09:17:56,tablet,Paid Social,home
2660,63,2021-06-18 15:02:24,tablet,Paid Social,search
2661,1351,2022-06-28 16:15:40,desktop,Email,product
2662,66,2023-12-28 00:47:05,tablet,Push Notification,search
2663,1040,2022-04-23 23:25:10,mobile,Push Notification,product
2664,1193,2020-10-27 08:44:04,mobile,Push Notification,search
2665,1493,2024-02-21 17:11:09,mobile,Push Notification,search
2666,1669,2024-02-09 04:09:24,mobile,Paid Social,search
2667,1055,2021-01-01 13:48:49,desktop,Direct,checkout
2668,1205,2022-06-23 12:59:18,tablet,Organic Search,product
2669,601,2021-02-18 06:23:59,desktop,Ads,checkout
2670,693,2022-12-24 14:00:26,mobile,Ads,search
2671,1270,2024-04-30 17:46:54,desktop,Push Notification,product
2672,120,2022-09-25 06:06:36,mobile,Paid Social,search
2673,476,2024-11-09 20:34:57,desktop,Email,search
2674,811,2022-05-15 03:44:45,mobile,Direct,search
2675,167,2024-03-09 13:28:02,mobile,Organic Search,search
2676,125,2020-12-10 15:59:49,desktop,Push Notification,product
2677,1465,2021-09-22 14:17:33,desktop,Email,product
2678,733,2022-01-13 07:18:37,tablet,Push Notification,product
2679,1338,2022-10-12 11:19:01,tablet,Direct,search
2680,449,2023-09-13 07:34:03,mobile,Paid Social,product
2681,888,2022-09-12 13:49:42,mobile,Push Notification,checkout
2682,1560,2021-06-28 06:59:32,desktop,Organic Search,search
2683,60,2021-07-31 05:01:18,desktop,Push Notification,cart
2684,973,2024-08-11 07:04:35,tablet,Push Notification,cart
2685,887,2020-12-11 17:23:52,mobile,Ads,product
2686,1756,2023-01-11 19:59:38,tablet,Direct,home
2687,596,2024-04-16 10:21:55,mobile,Ads,checkout
2688,154,2022-08-28 08:22:08,tablet,Direct,cart
2689,227,2024-03-28 10:12:48,mobile,Ads,home
2690,1172,2020-01-11 23:15:20,tablet,Direct,home
2691,1882,2023-11-06 01:12:19,mobile,Direct,search
2692,1243,2021-05-18 13:18:05,mobile,Direct,checkout
2693,339,2022-08-26 20:44:10,desktop,Push Notification,cart
2694,1042,2021-03-29 11:54:07,mobile,Ads,home
2695,619,2021-10-12 01:04:04,mobile,Push Notification,search
2696,113,2021-07-02 06:54:14,mobile,Push Notification,search
2697,1353,2021-07-18 15:58:22,mobile,Organic Search,product
2698,572,2020-11-16 07:44:04,desktop,Organic Search,cart
2699,23,2020-03-24 08:32:16,desktop,Paid Social,home
2700,1642,2023-10-15 16:17:42,tablet,Paid Social,product
2701,601,2020-01-21 08:02:34,mobile,Push Notification,checkout
2702,525,2021-08-12 20:27:23,desktop,Ads,product
2703,1561,2021-10-27 02:41:56,desktop,Push Notification,product
2704,282,2021-09-01 16:12:09,mobile,Paid Social,checkout
2705,274,2023-01-25 07:39:29,desktop,Direct,checkout
2706,1874,2024-10-14 19:28:46,tablet,Email,search
2707,975,2023-10-30 01:42:08,tablet,Paid Social,cart
2708,1355,2022-02-08 22:21:49,mobile,Organic Search,product
2709,920,2020-03-16 00:10:28,desktop,Organic Search,cart
2710,931,2023-01-20 05:14:25,tablet,Email,product
2711,1246,2022-05-14 18:53:19,tablet,Organic Search,product
2712,1244,2023-08-16 14:31:57,mobile,Push Notification,home
2713,1921,2023-03-10 04:11:32,tablet,Push Notification,search
2714,1333,2023-02-07 19:41:50,tablet,Organic Search,checkout
2715,66,2022-02-01 10:21:40,tablet,Direct,cart
2716,1454,2023-10-09 00:43:50,desktop,Paid Social,checkout
2717,122,2022-09-02 15:51:50,tablet,Email,checkout
2718,143,2023-09-07 09:10:17,tablet,Paid Social,home
2719,584,2022-02-05 01:54:45,mobile,Direct,home
2720,1136,2021-07-30 14:06:50,tablet,Push Notification,search
2721,1765,2024-07-24 05:47:20,desktop,Direct,home
2722,509,2021-12-16 01:27:16,mobile,Organic Search,home
2723,1706,2020-12-01 03:12:46,mobile,Email,checkout
2724,247,2022-12-27 05:39:20,mobile,Organic Search,search
2725,1663,2020-03-09 21:09:23,desktop,Email,home
2726,1124,2023-03-12 20:51:39,mobile,Ads,checkout
2727,327,2023-04-30 12:31:43,desktop,Push Notification,home
2728,1604,2022-11-24 05:38:40,tablet,Paid Social,cart
2729,1843,2022-04-06 08:48:10,mobile,Direct,checkout
2730,1209,2024-09-20 05:13:32,desktop,Push Notification,cart
2731,1726,2021-07-20 11:45:16,desktop,Paid Social,cart
2732,1279,2020-05-05 03:51:09,desktop,Ads,search
2733,254,2022-11-11 11:02:34,mobile,Direct,search
2734,459,2023-12-18 23:51:06,mobile,Direct,home
2735,169,2020-03-10 17:12:56,desktop,Ads,checkout
2736,122,2023-01-10 00:41:40,mobile,Email,search
2737,545,2023-12-30 21:37:33,mobile,Push Notification,search
2738,1510,2022-02-03 21:54:16,tablet,Email,search
2739,1194,2024-04-08 09:09:27,tablet,Organic Search,product
2740,40,2024-02-22 10:04:12,desktop,Organic Search,checkout
2741,1202,2020-07-04 07:06:17,desktop,Email,cart
2742,1000,2023-05-04 07:10:50,desktop,Direct,cart
2743,1258,2024-09-30 13:40:40,desktop,Paid Social,search
2744,1462,2024-02-23 11:36:17,tablet,Direct,home
2745,1942,2021-11-15 15:39:21,desktop,Push Notification,cart
2746,1781,2024-05-28 06:36:09,mobile,Push Notification,product
2747,1255,2020-01-21 15:40:50,desktop,Paid Social,product
2748,927,2021-01-28 15:17:47,tablet,Email,search
2749,529,2020-08-28 05:01:51,tablet,Ads,home
2750,1795,2024-11-10 02:03:50,tablet,Paid Social,search
2751,1048,2024-04-19 17:24:48,mobile,Paid Social,home
2752,1714,2023-02-11 14:37:52,mobile,Organic Search,product
2753,433,2022-07-24 13:27:38,tablet,Email,cart
2754,1102,2021-04-27 21:29:53,mobile,Paid Social,home
2755,395,2021-12-18 04:52:27,desktop,Direct,home
2756,1413,2023-09-26 11:11:06,tablet,Push Notification,home
2757,1920,2020-08-16 12:07:17,desktop,Email,cart
2758,109,2024-08-06 15:59:49,tablet,Push Notification,search
2759,645,2020-02-22 09:24:48,mobile,Direct,product
2760,7,2024-08-04 02:18:50,desktop,Direct,search
2761,1139,2024-09-10 03:34:23,tablet,Paid Social,product
2762,586,2024-09-27 21:59:10,desktop,Email,search
2763,843,2020-02-12 06:51:10,tablet,Paid Social,home
2764,609,2024-01-27 00:56:08,desktop,Push Notification,cart
2765,1672,2024-03-25 18:41:52,tablet,Direct,product
2766,616,2020-01-26 07:42:08,desktop,Push Notification,search
2767,377,2021-05-02 20:46:01,mobile,Ads,home
2768,1981,2024-03-13 19:03:24,tablet,Paid Social,search
2769,370,2021-09-27 04:36:22,tablet,Push Notification,home
2770,1610,2020-05-04 18:42:02,tablet,Paid Social,cart
2771,1238,2020-07-26 17:15:17,mobile,Paid Social,search
2772,148,2021-08-19 04:40:25,desktop,Email,checkout
2773,772,2021-03-05 09:13:23,tablet,Direct,checkout
2774,1506,2021-05-06 18:06:35,tablet,Email,cart
2775,1851,2020-02-29 06:46:32,desktop,Ads,cart
2776,367,2024-04-17 03:38:27,desktop,Email,checkout
2777,1149,2020-04-17 19:54:54,desktop,Paid Social,search
2778,184,2021-10-24 00:50:07,tablet,Email,home
2779,1650,2023-02-23 11:24:03,mobile,Direct,product
2780,1513,2024-12-24 13:43:41,mobile,Organic Search,search
2781,1667,2020-05-11 21:32:46,mobile,Ads,search
2782,1674,2024-06-05 05:50:21,mobile,Push Notification,product
2783,1136,2020-02-03 23:03:31,tablet,Organic Search,product
2784,790,2022-11-15 18:16:55,desktop,Email,cart
2785,1874,2024-11-08 16:15:54,desktop,Direct,home
2786,896,2020-05-23 18:52:56,desktop,Paid Social,home
2787,1633,2024-12-20 21:23:21,mobile,Push Notification,home
2788,308,2024-05-11 01:35:24,desktop,Organic Search,cart
2789,822,2021-12-31 19:18:23,mobile,Paid Social,search
2790,629,2020-11-30 14:07:55,mobile,Ads,cart
2791,537,2024-08-16 16:21:02,desktop,Ads,home
2792,309,2024-02-10 09:32:16,desktop,Organic Search,search
2793,1804,2024-01-30 19:28:20,desktop,Ads,product
2794,318,2020-11-30 02:56:09,mobile,Direct,product
2795,1015,2021-12-19 02:21:51,mobile,Push Notification,home
2796,3,2024-11-20 18:13:20,desktop,Push Notification,cart
2797,1947,2021-02-20 18:35:48,tablet,Push Notification,cart
2798,1204,2023-05-26 23:52:44,tablet,Ads,cart
2799,937,2024-07-28 21:38:25,tablet,Email,cart
2800,701,2021-12-29 04:04:15,desktop,Ads,search
2801,68,2021-10-02 18:58:00,mobile,Direct,home
2802,1298,2021-12-30 18:54:04,desktop,Email,search
2803,838,2024-05-21 08:48:03,tablet,Paid Social,home
2804,800,2024-01-04 22:18:13,desktop,Organic Search,product
2805,484,2022-11-18 16:03:38,mobile,Paid Social,search
2806,973,2024-01-25 11:00:13,mobile,Push Notification,product
2807,965,2024-07-28 18:48:18,desktop,Push Notification,cart
2808,1846,2021-04-10 17:55:47,tablet,Email,cart
2809,24,2020-11-30 13:55:53,desktop,Email,cart
2810,778,2024-07-07 10:42:54,desktop,Ads,home
2811,287,2022-06-03 00:35:02,mobile,Push Notification,product
2812,768,2020-04-11 22:13:50,tablet,Organic Search,product
2813,744,2023-05-03 19:20:38,desktop,Push Notification,search
2814,137,2020-06-27 14:23:36,mobile,Push Notification,product
2815,1730,2024-10-18 22:11:29,mobile,Email,home
2816,33,2020-06-29 09:06:47,tablet,Paid Social,product
2817,1326,2022-09-15 06:05:18,desktop,Ads,checkout
2818,133,2020-07-16 13:00:02,mobile,Push Notification,cart
2819,1012,2024-05-22 12:27:19,mobile,Paid Social,checkout
2820,264,2023-06-18 20:28:10,mobile,Paid Social,search
2821,1105,2024-12-16 00:55:16,mobile,Push Notification,product
2822,244,2022-10-02 23:15:12,desktop,Ads,home
2823,1955,2024-10-04 17:40:34,tablet,Ads,checkout
2824,379,2022-11-10 09:57:23,desktop,Email,checkout
2825,526,2024-09-23 04:55:44,mobile,Direct,search
2826,1576,2024-07-08 12:13:38,tablet,Direct,cart
2827,1278,2023-02-03 08:49:51,mobile,Paid Social,checkout
2828,580,2021-06-11 08:43:27,desktop,Organic Search,cart
2829,1490,2024-12-12 01:06:24,desktop,Ads,search
2830,779,2023-09-13 15:16:41,desktop,Organic Search,checkout
2831,1619,2022-01-16 21:30:50,desktop,Organic Search,product
2832,599,2021-04-04 12:01:56,mobile,Organic Search,checkout
2833,177,2021-04-25 02:08:27,tablet,Push Notification,product
2834,164,2022-12-30 10:11:20,tablet,Ads,checkout
2835,113,2023-07-06 23:14:21,tablet,Ads,home
2836,490,2024-01-04 03:50:39,desktop,Paid Social,home
2837,1518,2024-06-04 18:13:15,desktop,Paid Social,home
2838,502,2020-01-06 06:08:32,mobile,Direct,product
2839,152,2021-11-01 16:03:33,desktop,Direct,product
2840,706,2023-10-29 15:22:17,mobile,Push Notification,product
2841,1013,2021-08-06 14:50:02,tablet,Ads,home
2842,1704,2024-07-14 23:07:05,tablet,Email,cart
2843,1354,2024-10-06 04:14:54,desktop,Ads,product
2844,74,2022-10-29 00:07:43,tablet,Paid Social,product
2845,1324,2023-05-07 11:39:44,mobile,Organic Search,cart
2846,1215,2021-01-16 12:56:23,tablet,Paid Social,product
2847,1562,2023-12-28 22:52:31,desktop,Paid Social,checkout
2848,196,2021-02-04 22:10:26,desktop,Paid Social,home
2849,1256,2023-07-04 03:42:21,desktop,Organic Search,product
2850,1761,2021-10-19 19:26:17,tablet,Email,cart
2851,1980,2022-02-16 03:06:24,mobile,Direct,checkout
2852,830,2020-07-21 18:46:53,mobile,Push Notification,home
2853,1974,2021-08-10 02:54:58,tablet,Organic Search,checkout
2854,573,2020-12-08 08:53:10,desktop,Ads,search
2855,1130,2023-04-01 20:20:42,tablet,Ads,search
2856,604,2021-04-14 06:18:27,mobile,Push Notification,search
2857,971,2021-12-18 23:20:19,mobile,Organic Search,cart
2858,1127,2020-06-06 19:38:04,desktop,Ads,checkout
2859,303,2023-04-03 18:02:43,mobile,Organic Search,search
2860,1904,2022-05-02 06:05:05,mobile,Paid Social,checkout
2861,1340,2024-10-23 19:23:01,tablet,Push Notification,home
2862,1359,2023-04-06 00:02:25,mobile,Ads,search
2863,942,2022-10-08 04:55:09,mobile,Paid Social,search
2864,90,2024-08-12 08:17:07,desktop,Direct,checkout
2865,1387,2023-07-21 09:02:44,tablet,Organic Search,home
2866,1475,2023-01-22 08:00:57,desktop,Paid Social,cart
2867,1,2023-10-09 22:51:46,tablet,Push Notification,checkout
2868,539,2021-02-24 03:00:01,mobile,Organic Search,checkout
2869,1370,2023-11-03 20:57:53,tablet,Direct,product
2870,789,2022-04-24 10:08:18,tablet,Direct,home
2871,1286,2024-01-14 15:22:20,mobile,Email,product
2872,1653,2023-11-27 20:26:31,tablet,Push Notification,home
2873,1817,2023-11-05 19:54:03,desktop,Direct,cart
2874,1221,2020-09-10 14:14:23,mobile,Ads,cart
2875,1054,2024-02-03 03:33:43,desktop,Organic Search,home
2876,1127,2024-08-15 04:12:14,desktop,Direct,product
2877,1793,2021-04-29 10:31:57,mobile,Organic Search,search
2878,1036,2021-01-18 03:01:09,mobile,Email,product
2879,324,2023-01-21 12:56:02,tablet,Organic Search,cart
2880,1087,2023-11-28 17:22:15,tablet,Paid Social,search
2881,1643,2023-07-29 17:35:01,desktop,Organic Search,search
2882,466,2024-09-06 19:06:19,tablet,Push Notification,search
2883,509,2020-04-30 05:51:59,tablet,Direct,search
2884,961,2021-08-15 15:13:33,tablet,Direct,checkout
2885,772,2024-02-25 17:02:38,desktop,Push Notification,home
2886,1998,2023-06-24 05:46:23,mobile,Ads,cart
2887,126,2021-12-13 01:24:25,mobile,Email,search
2888,1879,2020-09-05 22:27:47,tablet,Paid Social,cart
2889,1176,2024-05-27 07:08:57,mobile,Direct,checkout
2890,509,2022-02-25 23:13:11,mobile,Organic Search,checkout
2891,584,2022-04-25 21:22:03,desktop,Paid Social,search
2892,723,2021-04-11 23:21:41,mobile,Email,checkout
2893,1423,2020-09-29 11:29:43,tablet,Ads,product
2894,1772,2021-08-27 05:25:29,desktop,Ads,search
2895,1854,2023-11-24 22:55:48,desktop,Push Notification,home
2896,717,2022-10-02 13:35:25,desktop,Paid Social,search
2897,1518,2020-09-16 01:01:18,mobile,Organic Search,checkout
2898,1635,2022-05-07 04:20:44,tablet,Paid Social,cart
2899,933,2022-01-13 18:30:53,desktop,Ads,cart
2900,981,2020-01-31 07:02:33,tablet,Email,product
2901,25,2023-02-03 07:54:53,tablet,Ads,search
2902,779,2020-11-14 19:43:52,mobile,Organic Search,cart
2903,1217,2022-05-09 13:55:33,mobile,Direct,product
2904,1176,2020-06-27 09:44:17,desktop,Email,search
2905,1375,2022-10-19 08:37:10,desktop,Organic Search,product
2906,102,2023-08-22 16:31:15,tablet,Email,search
2907,1373,2023-08-28 03:03:21,desktop,Push Notification,home
2908,873,2022-06-30 12:36:40,tablet,Organic Search,search
2909,192,2021-06-03 21:30:04,desktop,Email,search
2910,379,2020-12-21 23:51:08,desktop,Direct,home
2911,621,2022-04-23 01:51:25,desktop,Organic Search,checkout
2912,1831,2023-07-05 18:59:45,tablet,Email,cart
2913,1852,2022-02-11 02:20:06,desktop,Push Notification,checkout
2914,1407,2022-06-27 05:43:17,desktop,Ads,home
2915,1024,2020-02-08 19:13:49,mobile,Organic Search,home
2916,14,2020-03-13 10:43:36,mobile,Paid Social,checkout
2917,1260,2021-05-06 09:15:44,mobile,Direct,cart
2918,368,2024-01-10 10:56:05,mobile,Paid Social,checkout
2919,1386,2022-10-07 16:37:01,mobile,Email,checkout
2920,1786,2021-04-25 09:11:25,mobile,Email,product
2921,481,2021-03-31 08:34:26,desktop,Direct,checkout
2922,1877,2023-04-13 03:18:19,desktop,Push Notification,search
2923,42,2024-12-22 10:18:50,desktop,Email,checkout
2924,1514,2023-01-30 06:33:30,tablet,Organic Search,cart
2925,1364,2020-04-04 21:50:18,tablet,Direct,search
2926,1937,2022-02-25 12:39:31,tablet,Direct,checkout
2927,1228,2024-11-01 20:47:00,mobile,Ads,cart
2928,1957,2021-02-17 03:51:49,mobile,Ads,home
2929,753,2021-11-26 12:23:00,mobile,Push Notification,product
2930,1913,2023-02-26 22:20:37,mobile,Push Notification,search
2931,1346,2022-11-19 08:15:21,mobile,Direct,product
2932,1532,2020-09-22 04:37:33,mobile,Direct,home
2933,1101,2023-07-25 07:39:47,desktop,Push Notification,search
2934,627,2024-05-31 07:22:09,tablet,Organic Search,checkout
2935,1357,2022-02-21 02:11:04,mobile,Paid Social,search
2936,1622,2021-04-03 03:49:31,desktop,Organic Search,cart
2937,1065,2023-09-15 03:50:35,mobile,Direct,search
2938,929,2022-07-11 00:11:08,mobile,Organic Search,checkout
2939,1739,2020-12-26 03:16:40,tablet,Organic Search,search
2940,759,2021-01-18 17:05:20,mobile,Push Notification,search
2941,1922,2022-07-26 17:34:41,mobile,Direct,product
2942,916,2021-09-11 18:46:37,desktop,Push Notification,home
2943,339,2020-12-05 02:24:53,mobile,Direct,search
2944,1452,2022-08-14 12:29:19,mobile,Paid Social,cart
2945,286,2020-10-17 03:22:36,tablet,Paid Social,checkout
2946,1495,2020-11-24 09:47:13,desktop,Paid Social,cart
2947,686,2021-08-16 23:45:34,desktop,Paid Social,cart
2948,1661,2022-11-22 21:36:17,tablet,Direct,search
2949,1919,2021-09-01 17:12:16,mobile,Ads,search
2950,1862,2024-03-11 11:33:36,tablet,Direct,search
2951,1840,2023-05-01 06:24:31,tablet,Organic Search,cart
2952,1690,2021-02-24 02:53:23,mobile,Organic Search,home
2953,312,2023-04-14 20:06:24,desktop,Push Notification,search
2954,1207,2024-08-27 04:18:58,mobile,Paid Social,cart
2955,1805,2021-08-05 15:20:47,tablet,Organic Search,product
2956,933,2024-08-17 18:26:50,tablet,Direct,checkout
2957,1702,2024-11-07 16:43:10,tablet,Email,home
2958,803,2024-07-27 07:04:10,mobile,Email,search
2959,1701,2021-10-04 08:41:22,tablet,Ads,cart
2960,1711,2020-11-05 20:47:10,mobile,Ads,product
2961,479,2022-10-22 18:56:02,mobile,Organic Search,home
2962,960,2020-10-11 17:50:09,mobile,Push Notification,checkout
2963,427,2024-12-23 13:06:20,mobile,Email,search
2964,1046,2021-10-30 23:04:59,desktop,Email,cart
2965,631,2022-02-17 19:19:32,mobile,Paid Social,home
2966,870,2023-04-29 12:35:21,tablet,Push Notification,cart
2967,1597,2020-10-16 13:01:58,tablet,Direct,product
2968,386,2021-02-04 13:02:58,tablet,Push Notification,checkout
2969,1109,2024-02-21 04:45:44,mobile,Push Notification,cart
2970,537,2023-04-03 20:59:27,desktop,Push Notification,checkout
2971,963,2021-11-13 21:00:35,desktop,Paid Social,home
2972,570,2024-12-17 18:11:02,mobile,Push Notification,search
2973,126,2020-01-06 22:36:12,mobile,Direct,home
2974,513,2023-09-26 16:22:50,tablet,Paid Social,product
2975,1592,2021-01-02 08:04:12,tablet,Organic Search,search
2976,260,2020-02-22 18:33:09,mobile,Push Notification,home
2977,19,2024-05-24 02:08:31,desktop,Organic Search,cart
2978,63,2024-09-14 22:20:58,desktop,Email,home
2979,1626,2024-05-09 23:05:30,tablet,Direct,search
2980,1044,2023-04-26 07:04:56,desktop,Ads,checkout
2981,1081,2024-08-18 20:27:37,tablet,Direct,home
2982,1099,2021-04-03 05:02:47,desktop,Ads,product
2983,1692,2020-08-23 06:49:40,tablet,Direct,home
2984,610,2021-11-18 07:19:56,desktop,Organic Search,home
2985,176,2024-11-23 21:41:14,desktop,Paid Social,search
2986,856,2021-02-18 16:24:30,mobile,Ads,checkout
2987,1265,2024-02-26 12:06:32,tablet,Direct,checkout
2988,129,2022-10-12 03:43:19,mobile,Paid Social,checkout
2989,1455,2023-08-19 13:51:32,desktop,Direct,product
2990,53,2022-09-21 08:23:29,desktop,Ads,home
2991,1984,2022-05-28 12:44:53,desktop,Organic Search,cart
2992,1254,2021-04-18 08:27:52,tablet,Paid Social,checkout
2993,647,2021-04-23 12:51:59,desktop,Organic Search,home
2994,1306,2020-10-16 06:52:57,desktop,Direct,product
2995,522,2024-06-06 14:42:49,tablet,Direct,search
2996,1937,2023-07-14 12:04:57,tablet,Organic Search,checkout
2997,689,2024-06-10 12:16:32,mobile,Push Notification,home
2998,852,2023-09-09 02:16:33,mobile,Organic Search,home
2999,835,2022-06-21 00:45:23,tablet,Direct,home
3000,1514,2024-11-29 02:39:35,tablet,Organic Search,home
3001,1140,2021-01-19 00:46:40,desktop,Email,search
3002,612,2020-04-15 12:58:13,desktop,Email,product
3003,279,2020-04-11 18:59:09,tablet,Push Notification,home
3004,1111,2023-10-23 14:36:23,mobile,Push Notification,home
3005,1916,2022-09-13 01:32:16,tablet,Direct,checkout
3006,162,2020-12-10 04:40:50,desktop,Push Notification,home
3007,1612,2023-11-11 08:57:26,mobile,Ads,search
3008,45,2023-04-26 18:36:48,desktop,Email,search
3009,811,2023-06-06 12:26:29,tablet,Email,product
3010,628,2020-02-26 02:36:18,tablet,Ads,home
3011,240,2020-10-27 05:19:39,desktop,Email,checkout
3012,251,2023-10-13 10:51:52,mobile,Direct,product
3013,546,2022-11-21 23:41:56,tablet,Ads,checkout
3014,987,2024-05-10 04:26:24,desktop,Paid Social,home
3015,700,2020-07-02 16:15:05,desktop,Ads,checkout
3016,180,2023-11-29 12:59:43,tablet,Push Notification,cart
3017,752,2021-04-06 02:49:32,tablet,Direct,checkout
3018,533,2020-06-20 13:30:47,tablet,Push Notification,cart
3019,371,2021-11-05 20:31:53,mobile,Direct,search
3020,1099,2024-07-31 21:16:45,tablet,Paid Social,search
3021,432,2024-06-29 07:01:54,tablet,Organic Search,product
3022,288,2022-10-25 09:19:37,desktop,Organic Search,cart
3023,1422,2021-07-21 11:37:22,tablet,Direct,cart
3024,152,2022-06-11 19:56:05,tablet,Ads,home
3025,1034,2020-09-24 04:51:14,desktop,Direct,product
3026,49,2020-01-05 02:53:20,desktop,Ads,home
3027,952,2022-03-24 20:42:38,mobile,Paid Social,search
3028,770,2024-04-07 12:16:44,desktop,Email,cart
3029,1939,2023-09-16 09:18:51,mobile,Ads,home
3030,261,2024-09-27 06:17:25,desktop,Direct,cart
3031,869,2021-01-24 11:13:53,tablet,Direct,home
3032,1125,2022-07-06 12:10:56,mobile,Direct,checkout
3033,745,2022-03-22 12:40:04,mobile,Organic Search,search
3034,37,2020-09-28 11:47:20,mobile,Organic Search,product
3035,161,2023-10-07 23:24:54,desktop,Paid Social,search
3036,1243,2024-08-10 04:42:35,desktop,Organic Search,search
3037,1473,2020-12-22 22:16:22,tablet,Ads,search
3038,1786,2020-07-30 23:02:39,mobile,Organic Search,product
3039,1199,2024-08-26 23:04:06,desktop,Ads,checkout
3040,1211,2020-02-09 11:50:23,desktop,Push Notification,home
3041,179,2023-05-14 21:48:48,tablet,Push Notification,home
3042,75,2023-09-11 18:52:08,tablet,Paid Social,checkout
3043,348,2022-05-13 11:55:02,desktop,Email,product
3044,802,2020-05-04 02:39:33,mobile,Email,checkout
3045,386,2022-04-22 11:55:57,tablet,Push Notification,search
3046,28,2024-08-21 07:29:36,tablet,Paid Social,cart
3047,93,2021-01-14 12:39:02,desktop,Paid Social,product
3048,720,2024-05-21 16:58:27,desktop,Paid Social,checkout
3049,837,2022-05-29 06:57:04,desktop,Ads,product
3050,165,2023-03-30 10:39:09,tablet,Organic Search,cart
3051,1283,2023-04-26 05:40:23,desktop,Push Notification,cart
3052,14,2020-06-25 00:15:20,mobile,Email,product
3053,227,2021-05-25 18:55:47,desktop,Ads,cart
3054,1349,2023-07-21 09:25:40,desktop,Direct,home
3055,108,2020-09-03 07:39:48,mobile,Direct,home
3056,1754,2020-02-21 03:12:49,tablet,Direct,home
3057,629,2020-07-10 21:46:14,desktop,Organic Search,home
3058,972,2022-01-25 04:24:53,tablet,Push Notification,product
3059,1517,2023-07-24 19:47:43,tablet,Direct,search
3060,4,2024-09-14 09:25:05,mobile,Email,cart
3061,1087,2021-10-24 22:40:38,tablet,Ads,home
3062,716,2020-07-29 05:47:14,mobile,Direct,search
3063,593,2024-09-09 00:56:18,desktop,Direct,search
3064,415,2021-11-04 06:43:17,tablet,Paid Social,cart
3065,353,2022-07-25 06:55:04,tablet,Ads,checkout
3066,574,2024-04-27 20:22:05,mobile,Organic Search,search
3067,1138,2024-05-21 21:08:57,mobile,Push Notification,home
3068,934,2022-03-14 04:45:45,tablet,Paid Social,product
3069,436,2021-11-28 05:31:17,desktop,Push Notification,search
3070,1305,2024-05-11 10:47:02,tablet,Direct,cart
3071,1157,2022-08-23 16:42:03,mobile,Push Notification,cart
3072,1587,2021-05-06 00:20:23,desktop,Paid Social,product
3073,241,2020-06-04 19:32:42,desktop,Push Notification,cart
3074,626,2024-04-25 19:44:00,mobile,Email,product
3075,1591,2021-04-20 16:21:23,tablet,Direct,home
3076,1738,2023-01-11 11:30:47,tablet,Organic Search,checkout
3077,1825,2021-06-15 16:47:37,desktop,Organic Search,product
3078,1262,2021-04-06 14:18:52,mobile,Paid Social,product
3079,1963,2020-09-22 03:16:15,tablet,Paid Social,home
3080,1393,2021-08-09 06:13:51,desktop,Email,home
3081,1668,2024-02-27 11:28:50,desktop,Push Notification,search
3082,396,2020-09-21 18:25:25,desktop,Direct,search
3083,721,2022-07-30 10:23:21,desktop,Ads,product
3084,1427,2021-01-13 08:57:25,mobile,Paid Social,checkout
3085,615,2023-05-21 02:30:40,tablet,Push Notification,checkout
3086,618,2023-05-26 15:57:48,mobile,Organic Search,cart
3087,868,2023-07-24 10:02:45,desktop,Paid Social,cart
3088,389,2020-01-27 13:40:35,mobile,Push Notification,checkout
3089,227,2022-08-06 15:12:03,tablet,Ads,cart
3090,1850,2023-11-28 17:58:26,desktop,Ads,product
3091,1396,2024-09-25 23:15:17,tablet,Paid Social,cart
3092,665,2020-07-31 13:36:28,desktop,Ads,product
3093,1826,2020-05-28 19:21:00,mobile,Email,product
3094,537,2020-06-15 04:30:56,mobile,Organic Search,search
3095,296,2021-07-09 05:05:34,desktop,Push Notification,product
3096,1754,2020-09-25 20:02:40,tablet,Paid Social,search
3097,600,2024-06-23 16:58:31,tablet,Push Notification,product
3098,548,2022-03-22 07:15:47,mobile,Organic Search,checkout
3099,1025,2022-01-04 02:34:02,mobile,Direct,home
3100,97,2021-12-27 23:37:38,mobile,Organic Search,cart
3101,1063,2022-08-24 23:51:47,tablet,Organic Search,search
3102,1573,2022-10-19 16:57:36,desktop,Paid Social,product
3103,946,2020-01-29 23:18:22,tablet,Ads,checkout
3104,100,2020-09-02 22:09:28,desktop,Email,search
3105,1731,2024-10-31 03:51:01,desktop,Push Notification,product
3106,1202,2021-03-11 16:26:06,tablet,Email,checkout
3107,1049,2021-10-17 15:02:11,tablet,Organic Search,home
3108,1825,2023-02-19 04:49:55,mobile,Email,cart
3109,755,2022-08-29 20:47:07,tablet,Push Notification,checkout
3110,1178,2022-12-19 11:02:00,mobile,Paid Social,product
3111,306,2020-08-08 17:27:44,mobile,Direct,home
3112,2000,2021-09-01 03:42:50,desktop,Ads,home
3113,1156,2020-06-09 15:44:34,tablet,Email,cart
3114,1777,2021-11-05 19:20:17,mobile,Email,product
3115,579,2024-05-21 22:35:50,mobile,Direct,cart
3116,1586,2021-11-10 15:52:32,mobile,Ads,product
3117,613,2024-05-28 20:16:06,tablet,Push Notification,product
3118,1440,2022-03-30 22:48:36,mobile,Ads,cart
3119,1063,2020-01-02 19:58:21,desktop,Email,search
3120,1292,2021-03-24 21:27:25,mobile,Paid Social,home
3121,1068,2020-04-21 07:14:02,mobile,Push Notification,cart
3122,1687,2024-06-05 15:06:05,tablet,Email,home
3123,830,2024-10-02 07:01:38,mobile,Email,product
3124,466,2022-06-12 20:13:38,tablet,Direct,product
3125,633,2020-09-04 21:25:56,tablet,Push Notification,home
3126,677,2024-03-09 04:46:02,desktop,Organic Search,cart
3127,1499,2023-01-06 08:10:51,desktop,Push Notification,checkout
3128,287,2020-04-12 01:07:59,desktop,Push Notification,product
3129,148,2021-11-07 04:08:58,mobile,Organic Search,product
3130,1998,2024-07-09 23:18:21,tablet,Organic Search,product
3131,1802,2022-01-31 17:59:18,mobile,Direct,cart
3132,508,2021-11-02 19:03:30,tablet,Ads,checkout
3133,364,2023-04-11 16:30:25,desktop,Email,home
3134,560,2023-01-19 00:18:30,desktop,Direct,cart
3135,1641,2024-08-13 19:03:45,mobile,Push Notification,home
3136,1630,2021-07-11 09:39:50,desktop,Organic Search,cart
3137,31,2023-06-29 14:39:39,tablet,Organic Search,search
3138,1529,2020-08-26 09:21:43,tablet,Paid Social,home
3139,155,2021-06-09 15:01:03,tablet,Direct,search
3140,1683,2024-05-05 02:06:53,tablet,Push Notification,cart
3141,421,2021-07-01 09:55:54,mobile,Email,search
3142,1522,2020-02-09 11:59:43,desktop,Push Notification,home
3143,710,2023-08-24 14:31:25,desktop,Push Notification,search
3144,1243,2020-01-29 15:12:22,desktop,Direct,cart
3145,1445,2024-08-14 01:27:58,desktop,Push Notification,search
3146,1984,2024-02-08 14:15:30,tablet,Email,search
3147,1422,2022-03-08 11:10:58,tablet,Direct,product
3148,1419,2020-08-27 07:37:42,mobile,Push Notification,search
3149,461,2024-06-18 16:50:53,desktop,Paid Social,checkout
3150,1950,2023-05-24 17:57:34,tablet,Direct,cart
3151,1679,2021-03-29 06:42:50,desktop,Organic Search,home
3152,1956,2020-01-20 08:39:57,tablet,Push Notification,checkout
3153,108,2023-08-04 17:42:57,desktop,Push Notification,home
3154,1222,2020-03-26 01:00:50,tablet,Direct,search
3155,340,2022-07-22 05:38:36,desktop,Email,checkout
3156,1213,2020-05-09 21:04:00,desktop,Direct,product
3157,733,2020-11-01 02:40:50,mobile,Ads,cart
3158,1910,2024-07-09 17:49:26,mobile,Ads,search
3159,404,2023-08-28 11:02:27,tablet,Ads,checkout
3160,271,2024-10-27 08:00:06,desktop,Organic Search,home
3161,768,2021-12-01 13:37:27,desktop,Ads,search
3162,847,2024-11-05 07:43:38,tablet,Organic Search,home
3163,1106,2024-01-18 13:10:31,mobile,Push Notification,search
3164,1696,2021-06-26 20:20:06,desktop,Push Notification,search
3165,1959,2020-02-23 02:38:59,desktop,Ads,checkout
3166,1921,2020-01-09 09:35:46,desktop,Email,cart
3167,528,2024-06-24 14:30:07,mobile,Organic Search,search
3168,85,2024-04-28 13:57:10,desktop,Email,checkout
3169,1803,2020-09-23 17:03:10,mobile,Email,home
3170,580,2023-05-12 12:51:41,mobile,Paid Social,cart
3171,304,2021-08-05 07:53:02,tablet,Organic Search,checkout
3172,1489,2023-11-22 16:09:16,desktop,Push Notification,search
3173,600,2022-01-16 03:30:09,mobile,Direct,search
3174,185,2024-07-23 09:14:09,tablet,Paid Social,cart
3175,424,2020-05-22 16:50:26,desktop,Organic Search,home
3176,345,2023-10-04 19:49:47,tablet,Organic Search,product
3177,1099,2020-01-07 23:57:12,tablet,Push Notification,product
3178,329,2021-10-26 08:39:41,mobile,Ads,search
3179,555,2020-03-17 05:40:35,desktop,Push Notification,checkout
3180,1214,2024-10-04 12:33:14,tablet,Push Notification,home
3181,1982,2023-07-03 23:27:04,desktop,Email,checkout
3182,662,2022-12-28 00:05:43,desktop,Direct,product
3183,845,2022-12-25 04:57:35,desktop,Push Notification,cart
3184,508,2021-03-03 05:20:49,desktop,Push Notification,search
3185,1476,2022-08-22 15:29:26,desktop,Paid Social,search
3186,798,2022-01-24 16:52:53,desktop,Ads,checkout
3187,766,2021-11-13 23:48:23,tablet,Direct,cart
3188,1423,2024-04-12 14:05:50,tablet,Paid Social,cart
3189,267,2022-03-04 19:50:29,desktop,Ads,home
3190,883,2022-12-04 06:50:23,tablet,Ads,home
3191,478,2023-04-28 17:15:11,tablet,Ads,cart
3192,1940,2021-07-08 13:14:00,tablet,Organic Search,cart
3193,1639,2023-01-24 00:02:04,desktop,Email,cart
3194,158,2020-04-25 04:36:18,desktop,Email,cart
3195,1178,2024-07-31 06:59:30,tablet,Ads,product
3196,246,2023-03-30 22:31:28,mobile,Organic Search,cart
3197,1062,2020-01-16 15:16:47,desktop,Paid Social,search
3198,1761,2021-05-12 07:11:42,tablet,Email,home
3199,1194,2020-12-20 15:57:49,tablet,Email,checkout
3200,1047,2024-06-11 06:40:24,mobile,Organic Search,cart
3201,381,2024-10-10 13:32:18,desktop,Ads,cart
3202,1416,2020-04-13 01:48:13,tablet,Email,search
3203,1260,2020-07-31 01:16:16,mobile,Push Notification,home
3204,406,2022-09-15 23:14:03,desktop,Email,cart
3205,1445,2024-12-19 13:22:53,tablet,Organic Search,checkout
3206,275,2023-04-25 01:44:59,desktop,Push Notification,product
3207,49,2022-04-22 20:45:33,tablet,Push Notification,checkout
3208,620,2021-03-18 10:49:33,tablet,Email,checkout
3209,1342,2020-04-19 03:26:12,tablet,Organic Search,search
3210,583,2023-02-26 15:32:03,mobile,Direct,checkout
3211,638,2024-11-13 11:23:46,desktop,Ads,checkout
3212,96,2023-12-25 17:52:54,tablet,Organic Search,product
3213,630,2023-03-14 12:18:56,desktop,Push Notification,search
3214,528,2022-06-19 23:47:26,mobile,Organic Search,product
3215,1287,2024-12-28 08:28:28,mobile,Direct,search
3216,248,2024-08-05 19:14:44,desktop,Paid Social,cart
3217,1160,2020-01-19 20:23:11,tablet,Email,home
3218,1311,2024-04-14 13:44:10,tablet,Push Notification,search
3219,605,2022-05-23 22:05:30,tablet,Push Notification,search
3220,557,2024-03-05 18:52:56,mobile,Email,search
3221,1426,2020-10-30 06:40:41,desktop,Direct,product
3222,99,2023-07-06 09:49:18,tablet,Direct,product
3223,183,2020-07-24 22:36:05,mobile,Push Notification,search
3224,1196,2022-11-05 13:39:05,mobile,Direct,product
3225,228,2022-08-02 10:54:18,desktop,Ads,product
3226,870,2021-01-19 21:17:44,desktop,Ads,product
3227,671,2023-04-25 00:36:08,desktop,Push Notification,checkout
3228,1747,2021-06-04 03:19:04,tablet,Ads,search
3229,1865,2020-04-04 03:24:47,desktop,Push Notification,cart
3230,1344,2021-05-21 08:26:50,mobile,Direct,search
3231,876,2021-03-02 22:16:44,mobile,Email,checkout
3232,1670,2022-11-25 16:36:48,desktop,Email,home
3233,1938,2021-10-18 22:06:05,tablet,Organic Search,cart
3234,412,2021-07-09 10:23:17,mobile,Push Notification,product
3235,257,2020-10-02 18:32:16,desktop,Direct,search
3236,1058,2022-05-26 11:36:37,tablet,Organic Search,search
3237,356,2024-06-14 06:14:21,tablet,Ads,product
3238,1692,2022-08-10 05:58:44,tablet,Paid Social,cart
3239,407,2024-08-24 06:03:37,desktop,Direct,home
3240,1305,2020-05-06 23:50:50,tablet,Paid Social,search
3241,533,2020-07-30 14:21:48,mobile,Direct,cart
3242,469,2020-04-08 00:42:33,tablet,Direct,checkout
3243,1005,2024-02-25 05:54:22,tablet,Paid Social,checkout
3244,342,2023-10-14 16:57:16,tablet,Paid Social,cart
3245,1590,2024-07-18 07:59:32,desktop,Organic Search,home
3246,315,2022-08-28 17:08:42,desktop,Direct,search
3247,945,2020-08-09 12:33:37,mobile,Direct,cart
3248,1716,2020-06-07 05:18:35,tablet,Direct,home
3249,1495,2021-04-05 09:20:33,desktop,Organic Search,checkout
3250,802,2021-10-27 17:39:54,tablet,Ads,search
3251,960,2021-12-21 02:24:46,desktop,Push Notification,checkout
3252,478,2023-05-06 00:03:41,desktop,Email,search
3253,1401,2023-08-21 22:45:46,tablet,Email,search
3254,1136,2024-04-21 03:22:32,tablet,Paid Social,checkout
3255,1127,2023-10-10 01:02:26,desktop,Push Notification,home
3256,1573,2023-03-13 03:15:08,tablet,Ads,search
3257,953,2020-04-01 23:15:30,mobile,Paid Social,home
3258,497,2022-12-05 15:06:18,tablet,Paid Social,cart
3259,614,2023-10-09 13:46:21,desktop,Organic Search,home
3260,322,2021-10-05 01:24:07,mobile,Push Notification,cart
3261,1655,2021-10-07 18:16:39,desktop,Paid Social,home
3262,1212,2022-07-15 04:50:34,tablet,Direct,search
3263,321,2023-12-20 16:43:27,mobile,Paid Social,cart
3264,1880,2024-09-26 10:08:23,mobile,Ads,home
3265,858,2023-11-17 14:33:36,desktop,Organic Search,cart
3266,1340,2020-11-12 19:53:33,mobile,Paid Social,cart
3267,88,2021-04-16 23:41:03,mobile,Organic Search,checkout
3268,125,2020-11-09 03:24:53,mobile,Email,search
3269,1207,2024-03-06 05:56:05,tablet,Ads,search
3270,1195,2021-03-29 13:52:33,tablet,Direct,home
3271,19,2021-06-12 14:07:25,tablet,Email,home
3272,346,2022-06-08 22:34:01,desktop,Organic Search,cart
3273,540,2023-10-11 02:42:19,desktop,Ads,search
3274,1422,2024-12-21 02:36:12,desktop,Organic Search,search
3275,338,2022-09-18 18:26:24,mobile,Organic Search,search
3276,20,2020-07-05 19:39:46,mobile,Organic Search,search
3277,276,2021-12-07 01:09:07,tablet,Push Notification,search
3278,468,2023-06-27 17:18:15,tablet,Organic Search,checkout
3279,238,2023-06-05 08:53:59,tablet,Direct,product
3280,191,2021-10-17 00:19:43,mobile,Paid Social,home
3281,462,2022-08-25 08:14:53,desktop,Direct,checkout
3282,1303,2023-05-19 16:22:03,tablet,Organic Search,cart
3283,389,2023-01-12 03:48:28,mobile,Push Notification,product
3284,736,2020-03-28 21:38:54,tablet,Paid Social,search
3285,600,2022-01-27 23:14:18,desktop,Email,cart
3286,447,2024-10-10 10:09:44,desktop,Organic Search,home
3287,300,2020-02-07 13:16:26,desktop,Paid Social,home
3288,1744,2021-07-12 16:12:24,tablet,Paid Social,cart
3289,222,2024-01-19 16:11:21,desktop,Push Notification,cart
3290,256,2021-04-26 00:37:30,desktop,Direct,checkout
3291,1936,2022-10-27 06:55:24,tablet,Paid Social,product
3292,412,2022-05-02 07:10:26,desktop,Ads,checkout
3293,1608,2021-10-30 08:40:03,mobile,Paid Social,product
3294,1772,2022-05-20 17:00:02,desktop,Paid Social,cart
3295,713,2022-10-27 18:06:52,mobile,Organic Search,search
3296,1267,2024-08-31 03:06:59,tablet,Paid Social,checkout
3297,618,2021-03-18 13:51:42,mobile,Email,home
3298,1612,2021-10-02 01:43:02,mobile,Paid Social,checkout
3299,96,2024-06-07 03:00:34,tablet,Email,product
3300,1137,2022-10-10 18:58:24,mobile,Ads,search
3301,382,2020-06-14 19:41:39,mobile,Direct,search
3302,1572,2021-06-18 14:55:45,mobile,Email,checkout
3303,227,2020-01-23 11:31:31,mobile,Email,checkout
3304,1400,2024-10-31 17:57:10,mobile,Ads,checkout
3305,1174,2021-11-24 12:47:33,desktop,Email,checkout
3306,1040,2020-11-11 17:23:05,mobile,Paid Social,home
3307,570,2023-02-25 10:16:41,mobile,Paid Social,home
3308,1861,2024-05-21 23:28:21,desktop,Ads,product
3309,106,2024-04-22 16:19:51,tablet,Organic Search,checkout
3310,922,2021-05-31 08:50:59,mobile,Direct,cart
3311,1655,2024-12-22 16:24:19,desktop,Paid Social,product
3312,1016,2021-10-22 00:53:06,mobile,Direct,checkout
3313,1673,2024-03-16 14:49:21,desktop,Ads,cart
3314,928,2022-06-23 10:16:42,mobile,Ads,home
3315,1160,2024-01-02 09:00:30,mobile,Organic Search,checkout
3316,1581,2024-08-18 19:55:18,mobile,Paid Social,cart
3317,1301,2023-04-05 21:04:18,tablet,Ads,checkout
3318,827,2021-03-11 01:43:07,tablet,Organic Search,cart
3319,1422,2022-06-10 13:34:23,desktop,Push Notification,search
3320,657,2024-10-01 11:01:56,desktop,Paid Social,product
3321,1922,2020-07-02 06:03:10,tablet,Email,home
3322,1109,2023-03-06 22:08:37,desktop,Ads,product
3323,677,2021-08-25 10:05:39,tablet,Direct,search
3324,988,2024-08-21 16:38:37,mobile,Direct,cart
3325,424,2020-01-29 17:13:46,tablet,Direct,cart
3326,955,2020-10-03 06:11:53,desktop,Paid Social,home
3327,243,2023-05-12 05:50:58,desktop,Organic Search,home
3328,1109,2020-02-28 05:40:00,tablet,Organic Search,checkout
3329,385,2020-12-08 06:42:12,desktop,Paid Social,home
3330,1759,2023-12-30 10:14:17,tablet,Push Notification,checkout
3331,254,2023-10-27 16:08:13,tablet,Paid Social,home
3332,334,2024-01-22 20:24:58,tablet,Paid Social,cart
3333,537,2024-12-12 02:56:30,mobile,Push Notification,cart
3334,81,2020-05-27 03:47:24,mobile,Ads,checkout
3335,1669,2023-06-16 00:54:15,mobile,Organic Search,search
3336,243,2022-08-19 16:27:41,desktop,Ads,home
3337,123,2021-03-21 01:40:40,tablet,Email,home
3338,132,2023-01-04 13:53:50,mobile,Push Notification,cart
3339,1133,2023-06-29 15:10:57,tablet,Push Notification,home
3340,790,2022-01-30 08:13:33,desktop,Paid Social,checkout
3341,355,2022-01-28 10:20:37,desktop,Ads,checkout
3342,825,2020-07-21 13:51:41,mobile,Paid Social,checkout
3343,1232,2021-06-16 12:10:08,tablet,Direct,cart
3344,88,2021-12-13 14:38:00,mobile,Ads,checkout
3345,870,2020-11-20 04:13:50,desktop,Push Notification,cart
3346,1954,2021-11-26 11:01:43,desktop,Email,home
3347,1445,2024-10-01 21:48:54,tablet,Paid Social,search
3348,260,2021-07-28 08:17:45,mobile,Paid Social,checkout
3349,1666,2021-01-19 12:08:44,mobile,Organic Search,product
3350,891,2023-11-06 18:27:26,mobile,Organic Search,checkout
3351,144,2023-12-31 13:06:55,mobile,Paid Social,checkout
3352,1288,2021-11-12 01:11:46,desktop,Ads,home
3353,1720,2020-03-31 19:46:35,mobile,Push Notification,product
3354,1288,2020-01-18 23:38:41,desktop,Direct,search
3355,1409,2024-12-08 11:39:29,mobile,Direct,search
3356,1790,2020-02-25 04:44:57,tablet,Push Notification,product
3357,982,2020-07-26 15:02:40,desktop,Paid Social,search
3358,712,2020-11-23 07:34:00,tablet,Email,checkout
3359,1595,2021-06-15 21:36:49,desktop,Ads,home
3360,863,2020-07-29 12:36:33,desktop,Push Notification,product
3361,1052,2024-11-14 15:12:21,tablet,Organic Search,checkout
3362,1754,2023-09-30 20:01:29,desktop,Paid Social,checkout
3363,133,2022-03-18 17:57:32,tablet,Email,home
3364,885,2020-10-13 19:53:16,tablet,Direct,cart
3365,1985,2021-07-31 19:27:02,mobile,Email,search
3366,457,2024-07-06 16:23:15,tablet,Email,product
3367,490,2023-11-09 14:19:02,desktop,Ads,cart
3368,212,2024-02-03 05:19:20,desktop,Email,checkout
3369,1805,2020-08-15 05:20:34,mobile,Direct,cart
3370,1871,2020-02-20 18:41:19,tablet,Push Notification,checkout
3371,1345,2021-09-11 07:10:40,desktop,Push Notification,cart
3372,597,2024-10-05 11:45:10,mobile,Email,checkout
3373,918,2022-02-15 08:46:44,mobile,Organic Search,cart
3374,145,2021-07-01 00:29:29,desktop,Direct,product
3375,767,2020-10-20 04:18:59,tablet,Push Notification,search
3376,247,2023-11-01 12:27:44,tablet,Paid Social,checkout
3377,1918,2023-03-02 10:59:53,mobile,Email,cart
3378,1644,2023-05-27 22:18:44,mobile,Direct,home
3379,598,2023-01-08 02:05:12,mobile,Paid Social,search
3380,74,2022-07-03 23:30:34,mobile,Organic Search,home
3381,888,2022-05-03 02:23:42,tablet,Organic Search,product
3382,1809,2022-09-21 16:17:10,tablet,Push Notification,product
3383,932,2023-08-10 08:20:29,tablet,Direct,product
3384,1513,2023-05-17 10:40:12,desktop,Email,home
3385,34,2021-10-20 11:20:21,desktop,Email,cart
3386,675,2021-06-22 22:51:29,desktop,Organic Search,product
3387,1810,2021-03-24 03:01:14,tablet,Direct,product
3388,998,2021-05-14 02:10:03,mobile,Ads,product
3389,1453,2022-03-24 08:46:17,mobile,Ads,product
3390,11,2022-09-17 20:15:26,desktop,Direct,search
3391,863,2020-01-12 07:51:01,desktop,Paid Social,checkout
3392,518,2022-11-13 16:56:04,mobile,Push Notification,product
3393,1196,2023-08-29 13:15:04,mobile,Organic Search,checkout
3394,192,2023-11-22 19:03:02,desktop,Direct,search
3395,1867,2024-05-13 19:37:01,mobile,Ads,home
3396,999,2020-11-27 06:10:35,tablet,Direct,home
3397,1169,2022-12-18 04:32:20,tablet,Email,checkout
3398,1305,2021-04-29 04:44:24,mobile,Direct,home
3399,716,2024-07-26 21:01:56,mobile,Ads,checkout
3400,531,2022-10-23 20:56:34,tablet,Push Notification,checkout
3401,1877,2020-03-04 05:08:55,desktop,Ads,product
3402,30,2024-06-21 20:38:43,desktop,Paid Social,cart
3403,383,2021-03-24 01:03:00,mobile,Email,product
3404,1075,2024-07-22 17:50:44,desktop,Email,checkout
3405,1904,2022-02-20 01:38:31,desktop,Direct,product
3406,1676,2021-03-21 02:01:55,desktop,Organic Search,product
3407,1113,2021-06-30 08:07:35,desktop,Email,search
3408,141,2024-07-10 14:48:50,tablet,Ads,cart
3409,1312,2023-08-08 17:49:23,mobile,Ads,search
3410,88,2023-01-01 00:10:32,tablet,Push Notification,home
3411,165,2023-09-06 23:56:09,desktop,Organic Search,home
3412,540,2021-08-24 22:00:32,tablet,Paid Social,checkout
3413,1346,2023-11-10 09:25:24,mobile,Direct,product
3414,829,2020-08-13 06:15:46,mobile,Organic Search,checkout
3415,75,2020-06-22 01:04:00,desktop,Organic Search,product
3416,151,2021-03-10 15:02:02,mobile,Email,product
3417,1904,2021-09-15 18:53:51,tablet,Organic Search,home
3418,1050,2021-04-02 14:47:34,desktop,Direct,product
3419,1009,2023-04-20 21:22:50,tablet,Organic Search,search
3420,1005,2021-10-05 19:33:51,mobile,Email,cart
3421,1254,2024-03-13 19:40:57,tablet,Ads,checkout
3422,1545,2020-01-11 09:34:27,tablet,Organic Search,checkout
3423,591,2020-11-07 11:03:22,tablet,Push Notification,product
3424,526,2021-08-24 08:08:10,desktop,Organic Search,home
3425,1927,2024-10-06 06:16:56,tablet,Email,cart
3426,1990,2023-05-11 00:34:08,mobile,Ads,checkout
3427,75,2023-06-13 17:38:59,tablet,Ads,home
3428,1633,2021-01-17 22:46:31,mobile,Organic Search,cart
3429,1313,2021-01-28 05:12:55,tablet,Organic Search,cart
3430,1179,2020-10-12 09:23:40,desktop,Email,product
3431,333,2024-05-03 00:50:18,desktop,Ads,product
3432,1500,2021-02-11 23:56:11,mobile,Direct,product
3433,1614,2021-12-06 00:49:48,mobile,Push Notification,home
3434,1260,2021-05-09 19:27:55,mobile,Ads,cart
3435,1725,2020-01-04 21:04:17,mobile,Direct,product
3436,1018,2021-01-28 16:15:31,desktop,Organic Search,search
3437,1972,2023-03-01 14:57:56,mobile,Ads,cart
3438,1273,2022-09-21 07:28:11,mobile,Direct,product
3439,261,2024-07-06 00:02:51,tablet,Paid Social,checkout
3440,1046,2022-04-16 00:08:29,tablet,Direct,search
3441,670,2020-03-06 06:54:42,desktop,Email,home
3442,517,2023-06-28 21:24:48,mobile,Email,search
3443,73,2022-06-07 04:58:31,desktop,Email,product
3444,1992,2021-07-25 17:50:20,mobile,Push Notification,home
3445,1895,2023-09-20 17:35:54,tablet,Direct,home
3446,1399,2020-09-24 05:11:19,mobile,Ads,search
3447,711,2023-03-09 17:48:10,tablet,Paid Social,search
3448,696,2022-05-14 05:05:59,mobile,Ads,product
3449,798,2021-12-19 02:24:49,tablet,Push Notification,checkout
3450,864,2024-07-04 18:52:58,tablet,Push Notification,checkout
3451,157,2022-07-09 01:30:19,desktop,Email,search
3452,134,2021-03-07 14:15:54,tablet,Email,checkout
3453,1476,2024-11-19 01:56:01,mobile,Paid Social,checkout
3454,201,2022-02-28 13:38:09,tablet,Push Notification,home
3455,420,2020-03-09 17:08:24,tablet,Ads,checkout
3456,177,2020-09-27 18:24:44,mobile,Direct,product
3457,585,2024-12-13 11:42:47,tablet,Email,product
3458,534,2024-01-11 09:52:30,tablet,Organic Search,cart
3459,1677,2023-10-03 15:51:48,mobile,Email,search
3460,1094,2024-06-23 15:34:39,mobile,Direct,product
3461,154,2020-03-08 03:43:36,desktop,Organic Search,checkout
3462,1327,2023-09-19 17:41:50,tablet,Organic Search,cart
3463,1350,2021-10-23 07:16:13,tablet,Email,search
3464,1917,2024-12-23 07:46:41,tablet,Email,search
3465,1603,2024-06-09 13:33:45,mobile,Push Notification,cart
3466,1367,2021-03-08 04:40:44,tablet,Organic Search,home
3467,369,2023-11-01 01:24:23,desktop,Paid Social,home
3468,894,2021-01-01 16:08:44,mobile,Email,product
3469,684,2024-05-11 03:30:22,mobile,Organic Search,cart
3470,332,2023-04-21 08:39:00,mobile,Ads,checkout
3471,991,2024-01-17 21:09:35,desktop,Ads,cart
3472,1593,2020-07-14 20:19:01,mobile,Organic Search,product
3473,948,2020-02-21 14:42:07,tablet,Direct,home
3474,610,2020-04-26 23:03:22,tablet,Direct,home
3475,564,2022-11-10 08:30:02,desktop,Email,home
3476,1729,2024-06-07 16:03:20,desktop,Email,checkout
3477,656,2020-02-14 19:49:11,desktop,Paid Social,checkout
3478,931,2023-08-10 12:13:48,tablet,Organic Search,cart
3479,1941,2021-04-26 13:47:13,tablet,Paid Social,cart
3480,20,2023-11-17 12:31:14,mobile,Direct,checkout
3481,1996,2022-06-19 10:28:10,mobile,Organic Search,product
3482,937,2024-07-16 22:58:05,tablet,Ads,cart
3483,1301,2020-04-08 08:07:52,tablet,Direct,search
3484,764,2023-04-19 14:37:07,mobile,Direct,product
3485,845,2021-02-07 03:19:51,mobile,Ads,checkout
3486,1927,2024-05-31 20:18:05,mobile,Push Notification,search
3487,97,2024-09-08 13:37:04,mobile,Direct,cart
3488,1086,2022-01-29 07:29:57,tablet,Email,checkout
3489,1225,2020-03-12 05:11:14,desktop,Paid Social,checkout
3490,172,2021-07-12 13:25:19,desktop,Organic Search,checkout
3491,747,2021-08-29 18:07:53,tablet,Direct,search
3492,1455,2023-11-08 00:16:51,tablet,Push Notification,product
3493,666,2022-06-03 03:31:42,desktop,Organic Search,checkout
3494,807,2020-05-07 18:52:58,mobile,Email,cart
3495,630,2022-10-19 00:33:11,tablet,Push Notification,home
3496,317,2022-06-18 12:01:35,mobile,Email,home
3497,822,2024-10-25 22:50:42,mobile,Paid Social,home
3498,1928,2020-11-03 23:41:18,desktop,Email,product
3499,1278,2020-08-31 18:53:01,desktop,Paid Social,product
3500,1620,2020-11-02 01:36:16,desktop,Direct,home
3501,716,2021-09-15 01:24:58,tablet,Direct,search
3502,1325,2020-07-16 13:28:12,mobile,Paid Social,product
3503,500,2024-05-29 17:24:01,tablet,Email,home
3504,1655,2021-05-03 03:19:26,desktop,Paid Social,search
3505,2000,2024-04-24 05:42:18,mobile,Push Notification,checkout
3506,1122,2020-08-12 00:04:10,mobile,Direct,search
3507,1846,2021-03-07 20:18:13,mobile,Email,cart
3508,1640,2024-05-24 06:39:06,tablet,Paid Social,product
3509,1416,2021-08-14 12:27:17,tablet,Ads,checkout
3510,1285,2022-09-02 21:35:11,desktop,Push Notification,cart
3511,808,2024-04-03 03:56:40,tablet,Paid Social,search
3512,1155,2022-02-01 04:56:07,tablet,Paid Social,checkout
3513,1065,2024-02-06 03:13:14,mobile,Organic Search,product
3514,2000,2022-03-20 17:07:15,tablet,Push Notification,cart
3515,125,2022-12-11 11:48:39,tablet,Email,search
3516,928,2024-03-27 08:17:23,mobile,Paid Social,home
3517,1891,2020-01-03 19:49:32,mobile,Email,cart
3518,394,2024-06-16 12:44:17,desktop,Paid Social,checkout
3519,1893,2021-08-15 22:57:09,tablet,Paid Social,search
3520,914,2021-05-06 08:20:28,desktop,Direct,home
3521,1153,2023-03-04 13:57:33,mobile,Push Notification,search
3522,232,2022-04-26 05:02:59,mobile,Push Notification,search
3523,1565,2020-09-07 08:59:10,tablet,Email,search
3524,43,2021-06-03 04:44:44,tablet,Organic Search,search
3525,638,2023-06-26 03:57:12,tablet,Email,cart
3526,585,2022-01-14 00:03:32,tablet,Email,home
3527,667,2021-07-10 15:26:15,desktop,Ads,cart
3528,1907,2024-04-30 05:25:44,desktop,Organic Search,home
3529,1816,2020-12-09 01:56:47,desktop,Paid Social,product
3530,624,2021-01-07 08:56:53,desktop,Direct,search
3531,317,2022-11-16 15:27:42,mobile,Paid Social,product
3532,1482,2022-12-12 14:35:39,desktop,Direct,home
3533,216,2020-07-04 02:22:47,desktop,Paid Social,search
3534,1053,2022-01-26 15:50:12,tablet,Direct,product
3535,1873,2021-04-22 17:39:27,mobile,Paid Social,search
3536,320,2021-04-11 08:54:45,tablet,Organic Search,product
3537,1748,2021-03-13 18:08:40,tablet,Organic Search,checkout
3538,649,2022-05-29 18:09:58,desktop,Ads,cart
3539,1458,2024-08-10 09:32:44,tablet,Email,search
3540,1856,2023-02-10 14:31:37,mobile,Direct,cart
3541,1979,2020-07-10 19:56:06,mobile,Direct,search
3542,141,2024-12-29 01:30:31,desktop,Direct,cart
3543,1913,2020-01-29 06:55:10,tablet,Push Notification,cart
3544,1924,2023-08-13 21:04:49,desktop,Direct,home
3545,669,2022-09-02 15:46:35,desktop,Push Notification,home
3546,943,2022-11-20 13:09:29,mobile,Push Notification,product
3547,229,2023-04-17 17:58:56,mobile,Paid Social,search
3548,600,2023-09-05 11:06:04,mobile,Email,home
3549,665,2021-04-10 16:22:33,desktop,Push Notification,cart
3550,1242,2024-11-09 09:23:10,tablet,Email,home
3551,1071,2020-03-18 22:17:14,mobile,Push Notification,product
3552,505,2020-01-09 18:09:53,mobile,Organic Search,cart
3553,998,2023-05-17 21:01:36,tablet,Paid Social,home
3554,1074,2024-01-04 08:34:11,mobile,Paid Social,cart
3555,1055,2020-07-17 05:59:00,desktop,Organic Search,home
3556,1355,2021-03-12 13:22:05,desktop,Paid Social,search
3557,804,2020-06-02 08:14:54,desktop,Paid Social,cart
3558,72,2023-08-29 17:16:35,mobile,Ads,cart
3559,464,2020-01-08 22:36:32,mobile,Paid Social,cart
3560,620,2023-06-13 05:56:50,tablet,Email,checkout
3561,1224,2024-11-16 12:44:09,tablet,Ads,home
3562,517,2022-01-13 06:01:10,tablet,Paid Social,cart
3563,1395,2020-12-28 18:07:01,desktop,Paid Social,cart
3564,712,2021-10-04 10:06:51,tablet,Push Notification,search
3565,920,2022-10-13 20:25:01,tablet,Ads,cart
3566,695,2024-01-09 23:19:31,mobile,Push Notification,checkout
3567,636,2022-09-14 10:48:25,mobile,Organic Search,checkout
3568,1247,2022-06-28 02:33:52,desktop,Ads,product
3569,1379,2022-05-06 04:47:20,mobile,Email,checkout
3570,1825,2022-03-09 23:42:53,mobile,Paid Social,product
3571,971,2021-12-10 12:46:36,desktop,Push Notification,checkout
3572,768,2023-05-01 07:46:14,mobile,Paid Social,cart
3573,1693,2022-11-10 13:45:20,tablet,Email,checkout
3574,1275,2021-11-19 19:02:54,tablet,Direct,checkout
3575,1866,2020-08-27 18:46:18,tablet,Ads,search
3576,1829,2021-04-29 07:24:21,mobile,Direct,cart
3577,1772,2024-03-14 10:00:58,tablet,Email,product
3578,608,2023-03-09 05:41:05,mobile,Push Notification,home
3579,844,2020-03-22 20:55:25,tablet,Ads,home
3580,1567,2020-12-21 01:10:04,desktop,Push Notification,product
3581,1994,2021-05-24 14:39:58,mobile,Email,search
3582,986,2022-07-09 02:46:15,desktop,Ads,checkout
3583,1858,2022-01-26 13:14:33,mobile,Ads,checkout
3584,698,2021-06-24 08:47:13,mobile,Ads,product
3585,1567,2021-08-20 19:50:41,mobile,Organic Search,checkout
3586,1841,2023-05-21 18:17:16,tablet,Push Notification,home
3587,1833,2022-08-07 00:09:18,desktop,Ads,search
3588,118,2023-08-02 07:03:18,desktop,Ads,cart
3589,434,2024-05-06 08:14:56,tablet,Organic Search,search
3590,1711,2022-12-22 06:41:33,desktop,Organic Search,product
3591,1310,2023-11-20 02:36:40,desktop,Direct,cart
3592,435,2022-08-25 14:30:50,desktop,Email,checkout
3593,196,2020-10-05 02:37:01,tablet,Paid Social,product
3594,113,2023-01-25 12:11:43,mobile,Ads,checkout
3595,592,2021-02-25 07:03:45,tablet,Ads,home
3596,1625,2020-01-26 06:28:03,desktop,Ads,cart
3597,1524,2024-07-13 21:59:45,tablet,Ads,search
3598,833,2023-02-17 14:13:07,mobile,Email,product
3599,1539,2022-06-15 20:20:28,tablet,Push Notification,search
3600,999,2020-10-25 13:03:14,mobile,Direct,search
3601,1594,2021-01-29 06:25:55,mobile,Ads,search
3602,1870,2020-07-13 22:22:49,tablet,Push Notification,cart
3603,1133,2024-08-16 08:34:53,desktop,Direct,cart
3604,28,2022-09-07 08:55:37,mobile,Organic Search,product
3605,237,2023-06-16 14:25:18,tablet,Push Notification,checkout
3606,1307,2021-08-03 09:38:58,desktop,Push Notification,search
3607,1978,2022-03-13 18:33:31,mobile,Direct,product
3608,1752,2021-05-29 11:39:05,tablet,Email,search
3609,1010,2023-04-01 03:18:55,tablet,Ads,checkout
3610,561,2023-08-06 09:12:34,tablet,Email,cart
3611,616,2024-03-05 13:17:14,mobile,Direct,cart
3612,159,2024-04-30 11:55:51,desktop,Direct,cart
3613,423,2021-02-07 03:53:06,tablet,Organic Search,cart
3614,1955,2024-02-21 18:57:01,desktop,Email,product
3615,1251,2021-12-20 08:51:11,tablet,Organic Search,checkout
3616,987,2022-12-13 23:50:30,desktop,Push Notification,home
3617,559,2021-06-07 14:51:39,mobile,Push Notification,home
3618,827,2022-03-28 05:09:21,tablet,Organic Search,checkout
3619,170,2023-02-15 21:14:59,tablet,Email,cart
3620,1620,2021-05-23 09:56:37,tablet,Email,cart
3621,385,2021-02-01 19:12:50,tablet,Ads,product
3622,1160,2020-10-26 20:50:34,mobile,Email,home
3623,585,2022-02-05 02:50:07,desktop,Ads,checkout
3624,242,2021-12-06 13:26:07,tablet,Paid Social,home
3625,1140,2024-03-17 09:52:45,desktop,Organic Search,home
3626,1251,2020-06-22 05:14:05,desktop,Direct,cart
3627,387,2022-10-10 05:10:36,tablet,Ads,checkout
3628,347,2023-12-25 17:21:53,mobile,Direct,home
3629,746,2020-09-26 23:07:59,tablet,Email,search
3630,722,2024-01-05 12:26:34,desktop,Ads,cart
3631,1048,2022-08-18 11:13:21,desktop,Direct,product
3632,126,2023-05-02 04:29:47,mobile,Organic Search,cart
3633,166,2021-01-22 21:45:52,desktop,Direct,home
3634,395,2023-01-25 01:15:35,desktop,Organic Search,search
3635,191,2023-08-12 07:09:08,tablet,Push Notification,checkout
3636,1957,2022-04-15 22:00:00,desktop,Organic Search,cart
3637,960,2023-09-12 00:26:33,tablet,Paid Social,cart
3638,321,2021-07-26 18:42:14,mobile,Ads,home
3639,1361,2023-07-04 23:54:40,tablet,Ads,product
3640,927,2021-08-23 06:47:06,tablet,Organic Search,product
3641,88,2020-03-18 04:11:34,tablet,Ads,search
3642,1952,2024-06-17 12:38:19,desktop,Organic Search,cart
3643,1316,2020-07-30 11:21:32,mobile,Direct,cart
3644,60,2020-05-20 04:32:18,mobile,Direct,checkout
3645,734,2024-12-31 22:01:28,mobile,Paid Social,product
3646,1473,2021-10-29 15:24:30,desktop,Push Notification,checkout
3647,1667,2020-02-19 16:08:33,desktop,Email,search
3648,1497,2022-06-25 05:10:01,desktop,Organic Search,cart
3649,250,2024-10-28 14:14:58,mobile,Push Notification,product
3650,784,2024-11-10 21:34:35,tablet,Email,product
3651,1266,2022-07-06 07:55:19,desktop,Direct,home
3652,541,2022-12-22 03:09:42,desktop,Email,product
3653,1686,2024-01-01 05:32:16,desktop,Email,search
3654,581,2023-11-26 01:42:14,tablet,Push Notification,cart
3655,324,2020-07-05 10:03:47,desktop,Direct,checkout
3656,1340,2024-11-20 23:44:05,tablet,Paid Social,product
3657,802,2024-10-30 06:54:20,mobile,Direct,search
3658,1549,2022-05-14 19:03:24,mobile,Ads,home
3659,1453,2021-01-24 23:01:29,mobile,Push Notification,checkout
3660,1956,2024-01-17 15:17:59,mobile,Organic Search,checkout
3661,379,2023-04-27 04:57:38,tablet,Direct,checkout
3662,1837,2021-08-24 21:42:25,mobile,Push Notification,search
3663,1109,2022-05-19 10:10:15,mobile,Organic Search,cart
3664,1153,2021-01-25 01:22:22,desktop,Paid Social,product
3665,1838,2022-06-28 00:58:28,mobile,Ads,search
3666,1809,2022-07-16 00:41:39,tablet,Paid Social,cart
3667,1987,2022-07-08 11:04:08,desktop,Direct,home
3668,755,2020-07-22 07:36:53,tablet,Organic Search,checkout
3669,689,2024-11-22 23:27:13,mobile,Push Notification,product
3670,869,2020-07-16 19:58:45,mobile,Ads,home
3671,662,2023-05-12 10:58:36,desktop,Direct,cart
3672,872,2021-09-01 08:46:42,mobile,Push Notification,home
3673,1138,2021-01-01 03:52:32,desktop,Ads,product
3674,1513,2024-07-08 16:18:28,tablet,Direct,cart
3675,300,2020-07-02 09:33:43,desktop,Organic Search,product
3676,1365,2023-06-09 11:55:14,mobile,Ads,checkout
3677,1905,2024-11-08 16:44:23,mobile,Paid Social,search
3678,332,2020-12-09 08:08:31,desktop,Paid Social,search
3679,412,2022-09-28 17:11:00,tablet,Direct,search
3680,1350,2023-02-14 20:13:56,mobile,Direct,cart
3681,635,2024-06-25 16:16:38,tablet,Direct,home
3682,1096,2020-02-22 11:49:14,tablet,Organic Search,cart
3683,1687,2024-12-27 17:54:13,tablet,Paid Social,cart
3684,1590,2021-02-11 00:02:34,desktop,Ads,search
3685,1273,2021-04-02 21:56:04,mobile,Organic Search,checkout
3686,695,2022-07-21 02:59:10,mobile,Email,search
3687,703,2024-12-05 19:23:30,tablet,Direct,search
3688,1504,2023-09-21 16:51:41,mobile,Email,checkout
3689,1946,2023-01-17 18:17:49,desktop,Direct,cart
3690,1706,2023-08-30 23:15:22,desktop,Email,checkout
3691,507,2020-11-06 13:57:30,tablet,Direct,home
3692,102,2020-07-05 04:48:50,tablet,Direct,cart
3693,1661,2024-01-05 06:18:13,tablet,Paid Social,home
3694,197,2023-12-03 09:58:36,desktop,Paid Social,checkout
3695,1066,2024-08-16 19:53:34,mobile,Ads,search
3696,1415,2021-04-02 16:35:15,tablet,Organic Search,product
3697,1746,2022-01-30 02:23:43,tablet,Push Notification,search
3698,1273,2024-05-15 02:48:52,mobile,Organic Search,product
3699,1607,2021-09-05 14:09:22,tablet,Push Notification,cart
3700,1989,2021-09-10 05:27:23,tablet,Paid Social,product
3701,1492,2023-04-24 14:18:57,tablet,Ads,checkout
3702,1562,2023-09-06 09:25:22,desktop,Ads,checkout
3703,304,2024-02-01 00:53:57,mobile,Direct,product
3704,1782,2023-12-08 09:37:45,tablet,Direct,product
3705,1148,2024-02-08 01:32:52,tablet,Push Notification,cart
3706,80,2021-11-30 17:20:46,tablet,Paid Social,product
3707,266,2020-10-11 13:51:06,tablet,Ads,product
3708,114,2020-12-31 09:52:12,desktop,Email,cart
3709,1944,2023-08-25 12:54:17,mobile,Paid Social,checkout
3710,1807,2020-07-12 00:11:41,tablet,Paid Social,cart
3711,365,2020-03-26 06:26:39,tablet,Ads,home
3712,319,2020-12-17 10:50:56,mobile,Ads,home
3713,1226,2023-01-30 01:28:32,mobile,Email,home
3714,591,2023-05-14 21:11:54,desktop,Push Notification,product
3715,1277,2022-07-10 23:57:26,tablet,Push Notification,product
3716,725,2023-06-17 13:32:14,tablet,Paid Social,cart
3717,308,2022-07-04 12:19:28,desktop,Organic Search,search
3718,1323,2023-04-26 00:43:47,mobile,Paid Social,cart
3719,19,2024-12-18 11:04:43,desktop,Ads,checkout
3720,65,2021-04-05 17:51:12,tablet,Organic Search,product
3721,1256,2023-03-07 21:56:32,desktop,Paid Social,cart
3722,1686,2024-06-15 06:26:37,mobile,Push Notification,product
3723,1875,2020-06-11 03:53:16,desktop,Ads,product
3724,1159,2020-08-18 18:13:43,tablet,Email,search
3725,1866,2022-12-03 00:50:05,tablet,Email,cart
3726,1395,2021-03-20 15:27:54,desktop,Paid Social,checkout
3727,1493,2022-07-19 01:44:22,mobile,Organic Search,checkout
3728,1972,2022-10-17 13:20:13,desktop,Email,cart
3729,1695,2021-12-11 11:37:53,tablet,Email,checkout
3730,1466,2022-11-30 23:02:33,tablet,Paid Social,checkout
3731,1714,2021-05-10 17:57:26,mobile,Push Notification,cart
3732,454,2021-08-27 12:23:02,desktop,Direct,search
3733,781,2022-11-12 22:55:11,desktop,Organic Search,search
3734,1518,2022-05-25 06:30:34,mobile,Direct,product
3735,1947,2022-05-03 10:55:14,desktop,Push Notification,cart
3736,1431,2023-08-18 12:43:35,mobile,Direct,checkout
3737,964,2022-01-29 04:42:26,mobile,Organic Search,product
3738,1192,2023-12-16 06:27:38,mobile,Paid Social,home
3739,1050,2020-05-02 15:55:41,desktop,Email,checkout
3740,1090,2020-04-11 09:09:43,mobile,Ads,search
3741,168,2021-04-09 09:59:12,tablet,Direct,home
3742,1784,2021-11-02 03:13:43,tablet,Direct,checkout
3743,1270,2024-12-23 06:41:05,desktop,Email,product
3744,1138,2021-10-08 04:31:12,desktop,Email,cart
3745,452,2020-07-14 16:31:17,desktop,Direct,home
3746,1428,2023-01-13 11:04:13,mobile,Paid Social,search
3747,1272,2022-11-15 05:19:34,tablet,Paid Social,search
3748,1047,2023-11-21 23:56:57,desktop,Push Notification,cart
3749,4,2023-02-08 00:29:17,mobile,Paid Social,search
3750,1759,2020-12-17 05:26:42,tablet,Ads,checkout
3751,1922,2020-11-03 14:46:23,mobile,Ads,search
3752,1164,2021-08-26 04:27:28,desktop,Email,cart
3753,15,2022-03-11 10:30:15,mobile,Push Notification,home
3754,242,2024-10-28 06:46:46,desktop,Paid Social,search
3755,781,2021-07-21 10:51:01,tablet,Direct,checkout
3756,1212,2024-06-16 18:57:11,tablet,Paid Social,search
3757,777,2024-12-21 23:46:15,tablet,Email,home
3758,13,2022-10-25 15:45:49,mobile,Email,product
3759,918,2020-09-30 21:21:15,mobile,Email,search
3760,1872,2023-01-14 08:52:07,mobile,Organic Search,search
3761,1199,2021-04-03 18:06:22,mobile,Paid Social,checkout
3762,685,2023-06-23 01:26:14,desktop,Push Notification,home
3763,254,2023-03-24 17:41:55,mobile,Ads,checkout
3764,956,2020-12-08 13:50:37,mobile,Push Notification,search
3765,498,2024-05-06 19:30:13,mobile,Email,checkout
3766,1330,2024-03-31 17:56:11,mobile,Organic Search,product
3767,1272,2021-09-09 17:46:24,desktop,Organic Search,product
3768,1890,2020-08-21 09:25:16,tablet,Push Notification,cart
3769,1124,2021-07-05 01:54:12,tablet,Ads,product
3770,114,2020-08-10 22:04:30,mobile,Email,product
3771,1653,2023-12-06 18:52:41,mobile,Push Notification,cart
3772,400,2023-04-07 00:41:11,tablet,Email,cart
3773,917,2021-11-28 01:43:51,tablet,Paid Social,home
3774,1950,2023-03-31 14:59:21,mobile,Organic Search,search
3775,518,2020-04-21 16:11:18,tablet,Organic Search,cart
3776,319,2021-04-09 13:05:31,mobile,Direct,home
3777,64,2023-05-09 00:14:02,mobile,Direct,cart
3778,383,2024-01-30 22:45:35,desktop,Paid Social,cart
3779,1805,2020-02-13 06:38:09,tablet,Paid Social,product
3780,745,2021-11-03 13:38:31,desktop,Direct,home
3781,370,2022-11-29 03:00:48,desktop,Ads,home
3782,1599,2023-10-24 21:11:17,tablet,Paid Social,checkout
3783,1395,2023-08-18 05:17:46,desktop,Paid Social,search
3784,224,2021-11-04 10:50:55,mobile,Push Notification,product
3785,1610,2022-07-19 13:10:57,mobile,Push Notification,cart
3786,708,2021-02-12 02:18:01,tablet,Organic Search,checkout
3787,755,2022-03-12 17:27:58,desktop,Paid Social,product
3788,592,2022-05-27 18:46:05,desktop,Direct,cart
3789,1930,2024-12-18 17:31:01,tablet,Direct,search
3790,719,2023-06-16 03:33:17,mobile,Organic Search,home
3791,748,2024-10-29 09:52:08,tablet,Paid Social,product
3792,641,2023-08-20 21:45:42,desktop,Ads,home
3793,1335,2024-04-19 23:21:50,mobile,Paid Social,home
3794,1205,2022-08-06 14:24:22,tablet,Paid Social,product
3795,811,2021-10-16 17:06:48,tablet,Email,cart
3796,558,2023-11-07 12:19:01,desktop,Organic Search,product
3797,1378,2021-03-09 01:04:59,desktop,Ads,search
3798,669,2024-01-09 07:59:25,desktop,Ads,cart
3799,112,2023-04-28 18:20:08,desktop,Push Notification,home
3800,1278,2022-05-31 16:42:54,desktop,Direct,home
3801,968,2024-09-20 19:23:53,mobile,Organic Search,checkout
3802,10,2023-04-20 03:19:56,mobile,Direct,home
3803,1998,2024-06-05 07:04:42,tablet,Organic Search,search
3804,1947,2020-04-19 12:20:41,desktop,Paid Social,search
3805,423,2023-10-05 06:16:18,tablet,Direct,search
3806,453,2020-08-27 19:23:34,desktop,Push Notification,search
3807,1248,2022-06-05 17:11:01,desktop,Ads,search
3808,894,2023-12-19 05:20:43,mobile,Organic Search,checkout
3809,1567,2021-11-27 18:13:33,mobile,Organic Search,search
3810,1855,2022-08-01 03:37:56,desktop,Ads,home
3811,1527,2022-11-25 12:42:42,mobile,Paid Social,cart
3812,604,2023-08-30 14:50:43,desktop,Email,checkout
3813,998,2020-10-11 22:31:27,tablet,Push Notification,checkout
3814,1990,2024-12-04 05:25:56,desktop,Ads,home
3815,1435,2020-01-21 22:05:00,mobile,Push Notification,checkout
3816,268,2023-11-05 15:16:43,desktop,Email,home
3817,1685,2022-09-03 03:44:19,mobile,Email,search
3818,1434,2024-04-26 04:47:47,mobile,Push Notification,cart
3819,1161,2024-11-23 07:04:19,mobile,Push Notification,search
3820,1717,2024-05-01 10:05:31,desktop,Organic Search,cart
3821,1348,2020-08-20 16:21:16,mobile,Push Notification,cart
3822,1568,2024-02-21 16:52:30,mobile,Ads,checkout
3823,1096,2024-06-14 03:25:52,desktop,Email,cart
3824,1467,2023-03-03 21:13:31,tablet,Push Notification,cart
3825,1299,2020-05-03 10:21:33,tablet,Ads,checkout
3826,987,2024-08-21 20:47:05,tablet,Push Notification,search
3827,1425,2020-11-12 15:15:38,mobile,Ads,checkout
3828,603,2021-06-25 04:17:08,mobile,Ads,product
3829,42,2021-06-03 14:39:32,tablet,Ads,cart
3830,839,2024-03-28 03:55:23,tablet,Ads,search
3831,138,2020-10-07 13:30:37,desktop,Ads,home
3832,1280,2022-07-18 06:41:57,desktop,Paid Social,product
3833,1698,2022-08-20 08:02:20,mobile,Organic Search,search
3834,987,2023-02-14 03:03:17,desktop,Direct,cart
3835,222,2024-06-15 09:03:23,mobile,Direct,cart
3836,968,2022-12-16 23:24:05,desktop,Organic Search,cart
3837,782,2024-09-29 10:00:47,mobile,Push Notification,product
3838,1889,2022-06-08 05:11:48,mobile,Organic Search,home
3839,50,2024-03-15 11:10:58,mobile,Direct,search
3840,1413,2023-04-11 07:59:50,tablet,Direct,home
3841,1001,2020-12-06 18:24:44,tablet,Paid Social,checkout
3842,1,2020-01-05 06:15:32,tablet,Organic Search,checkout
3843,135,2024-07-06 13:12:43,desktop,Direct,home
3844,1118,2023-08-03 19:50:22,desktop,Push Notification,product
3845,718,2023-07-02 16:58:26,tablet,Push Notification,cart
3846,513,2021-01-23 22:40:07,mobile,Ads,home
3847,1304,2021-09-22 07:12:27,tablet,Email,search
3848,996,2020-11-24 02:46:09,tablet,Email,checkout
3849,199,2023-05-02 17:58:55,tablet,Email,search
3850,1804,2023-03-12 09:21:49,desktop,Direct,product
3851,1886,2022-03-11 13:04:11,mobile,Paid Social,cart
3852,1879,2023-04-24 16:33:37,desktop,Ads,search
3853,1654,2020-05-27 12:49:04,mobile,Paid Social,checkout
3854,797,2022-06-07 09:26:51,mobile,Email,checkout
3855,1121,2023-01-09 16:34:55,tablet,Direct,home
3856,488,2023-08-07 14:56:11,mobile,Direct,cart
3857,1719,2020-08-19 00:14:28,mobile,Email,product
3858,168,2023-07-21 11:47:57,mobile,Paid Social,home
3859,647,2023-03-18 15:26:17,tablet,Push Notification,search
3860,1456,2024-09-09 03:02:49,desktop,Paid Social,checkout
3861,1422,2023-06-16 08:48:45,desktop,Ads,home
3862,246,2023-06-28 01:58:43,desktop,Paid Social,product
3863,466,2022-08-08 07:54:34,desktop,Email,cart
3864,311,2020-02-16 12:43:21,mobile,Push Notification,product
3865,1005,2022-03-25 16:23:13,mobile,Email,cart
3866,1227,2021-10-11 04:30:15,mobile,Push Notification,checkout
3867,1578,2022-11-29 22:40:12,tablet,Organic Search,checkout
3868,1855,2023-05-24 06:04:18,desktop,Ads,cart
3869,1854,2020-11-27 16:30:27,desktop,Organic Search,home
3870,1915,2021-04-07 16:30:31,mobile,Ads,checkout
3871,1012,2022-05-03 14:30:37,mobile,Email,home
3872,1708,2020-07-24 15:46:02,desktop,Paid Social,cart
3873,1745,2023-01-08 13:26:32,desktop,Ads,checkout
3874,1358,2024-01-08 01:50:52,mobile,Paid Social,search
3875,1521,2023-03-17 02:23:40,tablet,Direct,search
3876,1151,2021-05-28 03:49:53,mobile,Push Notification,cart
3877,977,2022-10-24 08:37:22,tablet,Push Notification,home
3878,1656,2021-12-29 02:37:26,tablet,Email,cart
3879,88,2024-03-28 13:10:15,tablet,Ads,checkout
3880,1760,2023-09-13 17:28:10,mobile,Direct,checkout
3881,1866,2024-06-15 14:53:05,mobile,Ads,cart
3882,1335,2022-08-10 13:46:58,mobile,Paid Social,cart
3883,732,2023-09-08 01:09:06,desktop,Ads,product
3884,217,2024-02-13 18:40:48,tablet,Direct,home
3885,553,2022-05-09 00:24:45,tablet,Email,product
3886,39,2023-05-22 11:38:59,desktop,Direct,product
3887,14,2023-07-20 05:51:09,tablet,Ads,search
3888,143,2022-02-11 17:27:34,tablet,Push Notification,search
3889,614,2024-04-12 03:38:40,desktop,Ads,product
3890,35,2021-10-17 06:41:23,desktop,Direct,checkout
3891,1077,2022-01-11 17:27:25,mobile,Direct,checkout
3892,1072,2020-06-26 01:02:48,mobile,Organic Search,home
3893,1549,2023-03-05 22:52:35,tablet,Paid Social,search
3894,1470,2022-01-28 22:26:07,desktop,Organic Search,home
3895,165,2022-06-01 15:44:56,tablet,Organic Search,home
3896,793,2024-07-23 22:53:49,desktop,Ads,product
3897,1680,2023-01-24 21:10:25,mobile,Push Notification,checkout
3898,1544,2020-07-27 11:50:47,desktop,Push Notification,search
3899,458,2022-12-01 03:07:10,tablet,Push Notification,product
3900,1457,2020-06-27 06:32:13,tablet,Paid Social,product
3901,595,2023-06-28 10:10:48,tablet,Email,home
3902,1211,2024-03-08 20:53:39,desktop,Organic Search,product
3903,728,2023-04-04 01:31:35,tablet,Push Notification,checkout
3904,1603,2024-04-12 20:50:55,mobile,Push Notification,product
3905,1154,2023-10-19 22:55:44,desktop,Ads,home
3906,1440,2023-07-12 02:34:54,desktop,Direct,checkout
3907,806,2023-01-29 08:18:00,tablet,Paid Social,checkout
3908,1122,2023-11-26 12:17:17,tablet,Email,search
3909,1293,2020-12-28 22:47:19,mobile,Ads,search
3910,1455,2020-05-01 05:08:48,mobile,Organic Search,cart
3911,920,2020-07-23 19:24:43,tablet,Push Notification,home
3912,997,2022-07-31 05:46:34,tablet,Push Notification,checkout
3913,1443,2023-11-19 22:30:03,desktop,Direct,home
3914,532,2022-08-21 14:53:23,mobile,Paid Social,home
3915,1642,2020-02-03 01:55:02,tablet,Direct,home
3916,32,2023-07-20 14:41:11,tablet,Paid Social,search
3917,41,2021-07-10 00:01:37,desktop,Paid Social,home
3918,1842,2021-03-12 02:05:03,mobile,Direct,product
3919,1572,2020-06-13 02:28:26,tablet,Organic Search,cart
3920,1076,2022-12-05 21:00:42,tablet,Ads,search
3921,435,2021-12-14 16:26:23,desktop,Ads,checkout
3922,829,2024-03-19 01:20:13,desktop,Paid Social,search
3923,364,2020-09-09 23:35:09,desktop,Direct,search
3924,636,2020-08-12 05:38:19,mobile,Push Notification,checkout
3925,1396,2020-12-25 05:52:16,mobile,Push Notification,checkout
3926,580,2024-05-23 18:11:12,tablet,Organic Search,product
3927,1709,2024-01-21 20:01:45,tablet,Direct,product
3928,827,2024-05-11 11:06:28,mobile,Email,product
3929,355,2022-03-13 10:39:25,mobile,Organic Search,search
3930,335,2024-08-19 22:50:08,tablet,Paid Social,cart
3931,71,2024-11-12 14:43:12,tablet,Ads,home
3932,1715,2023-07-21 18:27:34,mobile,Email,product
3933,1477,2020-10-21 13:14:04,tablet,Push Notification,checkout
3934,942,2022-02-16 03:44:21,desktop,Paid Social,cart
3935,837,2022-02-02 14:33:05,desktop,Direct,product
3936,1605,2024-08-10 05:34:02,tablet,Ads,cart
3937,1678,2024-12-26 16:35:19,mobile,Ads,search
3938,1017,2023-02-07 09:02:52,mobile,Direct,checkout
3939,1356,2023-10-06 15:32:31,tablet,Email,home
3940,1684,2021-03-11 18:21:36,desktop,Ads,home
3941,434,2023-10-14 11:59:38,tablet,Organic Search,product
3942,1985,2024-07-22 10:23:47,tablet,Push Notification,checkout
3943,508,2020-12-23 12:07:32,desktop,Organic Search,product
3944,809,2024-07-25 04:21:16,desktop,Ads,cart
3945,867,2024-06-30 22:22:03,desktop,Ads,checkout
3946,58,2023-06-21 17:01:46,mobile,Ads,search
3947,1850,2020-02-20 05:50:23,tablet,Ads,cart
3948,1422,2021-04-16 07:46:49,mobile,Organic Search,checkout
3949,130,2021-04-18 02:19:42,tablet,Email,product
3950,203,2020-03-24 08:20:50,desktop,Email,search
3951,930,2024-09-14 18:15:41,tablet,Ads,checkout
3952,1429,2022-02-28 11:34:00,desktop,Paid Social,search
3953,1856,2020-03-26 19:10:33,desktop,Direct,search
3954,963,2022-02-16 10:28:21,desktop,Email,home
3955,1097,2020-01-30 15:24:41,desktop,Paid Social,home
3956,1837,2024-09-08 15:49:09,mobile,Ads,search
3957,719,2022-12-05 20:14:33,mobile,Email,product
3958,1025,2024-08-19 08:04:18,desktop,Direct,cart
3959,1656,2023-07-18 11:59:24,tablet,Organic Search,home
3960,731,2021-02-21 08:12:53,tablet,Organic Search,product
3961,48,2020-03-02 20:10:21,mobile,Email,checkout
3962,1459,2020-04-29 17:52:49,mobile,Direct,home
3963,1930,2024-06-13 01:26:38,mobile,Paid Social,search
3964,553,2020-02-21 21:04:35,tablet,Email,home
3965,1539,2022-01-17 05:11:44,mobile,Direct,cart
3966,307,2021-05-28 12:56:08,desktop,Paid Social,search
3967,1062,2020-05-10 19:39:02,mobile,Email,checkout
3968,1919,2024-01-03 10:15:13,desktop,Direct,cart
3969,876,2023-12-08 19:48:41,mobile,Organic Search,checkout
3970,1437,2023-11-04 03:42:05,tablet,Email,checkout
3971,1589,2020-06-21 15:10:24,desktop,Direct,checkout
3972,1437,2022-08-25 01:25:16,tablet,Organic Search,search
3973,1811,2021-06-04 17:56:54,tablet,Push Notification,product
3974,968,2022-04-14 20:25:39,desktop,Email,home
3975,1389,2020-07-30 23:44:10,desktop,Organic Search,product
3976,1616,2021-02-13 21:56:38,tablet,Push Notification,cart
3977,991,2020-04-16 08:26:08,tablet,Direct,cart
3978,1091,2021-03-30 17:28:51,tablet,Paid Social,search
3979,924,2021-03-25 09:43:20,tablet,Organic Search,product
3980,606,2022-06-27 16:49:07,desktop,Email,search
3981,1346,2021-06-13 06:41:09,mobile,Paid Social,home
3982,1586,2021-02-16 17:53:48,mobile,Direct,product
3983,850,2023-05-21 19:06:54,mobile,Paid Social,checkout
3984,1710,2021-10-21 11:17:18,desktop,Paid Social,cart
3985,293,2022-10-11 11:05:13,tablet,Organic Search,product
3986,1663,2023-02-12 06:01:35,tablet,Paid Social,checkout
3987,621,2022-06-24 23:07:28,desktop,Push Notification,checkout
3988,1528,2023-09-19 09:39:22,tablet,Organic Search,product
3989,317,2020-05-09 07:19:38,tablet,Direct,search
3990,506,2024-09-19 10:59:54,tablet,Direct,product
3991,190,2023-12-06 09:50:54,mobile,Push Notification,home
3992,1105,2023-04-08 03:59:29,tablet,Direct,cart
3993,1349,2020-05-27 04:34:53,mobile,Ads,cart
3994,679,2020-05-25 04:09:35,desktop,Paid Social,search
3995,704,2020-09-04 03:05:57,mobile,Email,product
3996,780,2022-09-02 08:23:15,tablet,Push Notification,search
3997,1681,2021-11-25 02:25:35,tablet,Email,product
3998,691,2023-12-19 05:14:24,mobile,Email,product
3999,349,2023-05-06 04:31:49,tablet,Paid Social,search
4000,682,2023-02-13 18:01:32,tablet,Organic Search,cart
4001,525,2022-10-09 06:25:17,desktop,Direct,product
4002,1336,2024-11-19 21:25:06,tablet,Email,product
4003,1481,2024-01-27 17:10:22,desktop,Email,cart
4004,33,2022-05-07 18:45:10,mobile,Paid Social,cart
4005,513,2021-08-05 00:52:23,mobile,Paid Social,product
4006,6,2024-07-15 09:35:52,mobile,Push Notification,checkout
4007,1497,2021-09-27 18:15:33,mobile,Ads,home
4008,902,2020-10-13 10:05:03,tablet,Push Notification,product
4009,1482,2021-10-07 02:50:01,tablet,Email,cart
4010,638,2020-11-24 17:00:26,desktop,Email,cart
4011,1321,2021-06-01 23:49:17,desktop,Direct,product
4012,211,2024-06-03 07:43:06,tablet,Ads,checkout
4013,109,2023-01-05 09:14:18,desktop,Paid Social,product
4014,1634,2024-05-04 07:28:36,mobile,Direct,product
4015,111,2022-11-09 00:26:00,tablet,Direct,product
4016,1424,2022-10-28 13:18:41,desktop,Paid Social,search
4017,1318,2022-03-23 00:07:36,desktop,Email,home
4018,330,2021-07-05 15:10:30,tablet,Ads,product
4019,1976,2023-01-31 10:01:10,desktop,Direct,home
4020,867,2020-09-15 03:46:24,mobile,Push Notification,product
4021,257,2023-03-01 16:42:10,tablet,Paid Social,checkout
4022,1943,2021-06-08 14:41:42,desktop,Paid Social,product
4023,697,2020-10-26 17:46:44,mobile,Organic Search,cart
4024,627,2022-01-09 15:44:37,desktop,Organic Search,home
4025,238,2024-10-31 23:46:46,desktop,Direct,search
4026,1867,2021-06-07 12:26:09,mobile,Organic Search,home
4027,1079,2021-10-16 17:24:04,desktop,Direct,home
4028,669,2023-09-10 18:13:37,desktop,Push Notification,cart
4029,1584,2020-09-12 10:56:26,mobile,Email,checkout
4030,1224,2021-01-06 16:22:02,mobile,Email,home
4031,917,2022-11-18 10:36:01,desktop,Direct,checkout
4032,1456,2024-09-25 17:28:08,mobile,Ads,cart
4033,1333,2022-12-20 23:42:00,desktop,Ads,cart
4034,1262,2022-03-26 12:56:20,tablet,Push Notification,search
4035,1190,2022-10-14 14:26:31,tablet,Email,product
4036,426,2022-07-21 22:20:24,desktop,Ads,checkout
4037,1378,2020-09-09 12:00:24,mobile,Push Notification,home
4038,1727,2024-03-10 09:07:40,mobile,Email,home
4039,1837,2021-05-14 20:20:13,desktop,Organic Search,checkout
4040,1239,2024-07-21 11:30:23,desktop,Direct,home
4041,739,2023-02-17 10:06:00,mobile,Organic Search,checkout
4042,1649,2020-03-20 01:38:55,tablet,Organic Search,home
4043,73,2024-04-27 15:40:52,tablet,Direct,product
4044,194,2024-05-19 04:11:16,desktop,Push Notification,product
4045,1250,2022-06-05 20:45:32,tablet,Ads,checkout
4046,1758,2021-08-22 18:51:08,mobile,Email,cart
4047,1935,2022-06-21 09:28:17,tablet,Paid Social,checkout
4048,168,2020-01-04 02:18:17,desktop,Ads,search
4049,1156,2022-06-29 21:50:33,mobile,Push Notification,product
4050,1404,2024-04-30 10:58:05,tablet,Ads,home
4051,110,2020-02-15 06:39:43,mobile,Organic Search,cart
4052,260,2022-05-06 04:44:05,desktop,Email,checkout
4053,985,2022-12-08 10:41:18,tablet,Push Notification,checkout
4054,1314,2020-11-14 20:08:05,tablet,Direct,home
4055,1628,2021-05-17 12:52:08,tablet,Ads,search
4056,242,2024-08-16 03:54:51,tablet,Paid Social,home
4057,911,2023-12-26 02:43:23,mobile,Paid Social,cart
4058,1252,2021-10-30 05:53:15,mobile,Organic Search,cart
4059,956,2020-03-13 02:44:03,desktop,Direct,product
4060,934,2023-01-05 19:47:56,desktop,Organic Search,checkout
4061,1697,2021-11-08 19:07:35,desktop,Email,search
4062,225,2020-03-05 05:16:04,tablet,Email,home
4063,965,2024-06-25 00:07:41,mobile,Direct,search
4064,1994,2020-05-27 23:31:18,desktop,Direct,checkout
4065,195,2022-06-05 12:47:54,mobile,Ads,home
4066,350,2024-01-20 15:02:07,desktop,Paid Social,cart
4067,1716,2022-02-03 06:13:13,tablet,Email,home
4068,738,2020-07-28 03:50:24,mobile,Paid Social,search
4069,53,2023-12-02 19:52:45,tablet,Ads,cart
4070,834,2023-07-27 05:22:03,desktop,Email,home
4071,1781,2024-02-14 10:16:05,tablet,Paid Social,home
4072,528,2023-07-07 11:10:13,mobile,Paid Social,search
4073,601,2023-06-11 12:56:34,desktop,Ads,search
4074,1652,2024-10-05 18:00:42,mobile,Paid Social,cart
4075,1042,2024-03-26 07:01:41,desktop,Push Notification,home
4076,1601,2020-04-06 23:46:10,mobile,Ads,checkout
4077,1501,2024-10-07 13:49:06,mobile,Direct,cart
4078,1950,2021-06-09 17:24:05,tablet,Direct,cart
4079,1207,2022-09-02 22:45:34,tablet,Push Notification,product
4080,1793,2024-10-27 09:28:17,tablet,Email,cart
4081,1415,2020-01-05 03:12:02,tablet,Ads,product
4082,1444,2023-04-04 19:32:45,desktop,Organic Search,cart
4083,1897,2023-04-15 21:44:14,tablet,Direct,home
4084,1925,2023-10-23 19:20:28,desktop,Organic Search,checkout
4085,1593,2022-01-07 22:17:44,mobile,Organic Search,checkout
4086,203,2024-04-09 05:55:38,tablet,Direct,product
4087,1806,2023-09-03 22:00:05,mobile,Organic Search,search
4088,1502,2023-06-20 04:06:41,tablet,Email,search
4089,315,2023-03-20 10:59:41,mobile,Paid Social,product
4090,440,2020-11-11 02:11:28,desktop,Direct,checkout
4091,1406,2022-12-25 04:06:45,tablet,Push Notification,checkout
4092,1240,2024-09-07 08:57:50,desktop,Ads,home
4093,771,2020-11-25 08:56:27,desktop,Ads,home
4094,853,2024-08-09 06:06:26,mobile,Organic Search,home
4095,1172,2020-04-27 22:01:13,tablet,Direct,search
4096,1522,2021-01-30 21:17:42,desktop,Push Notification,checkout
4097,1359,2020-02-15 07:12:22,mobile,Push Notification,cart
4098,1571,2020-05-10 13:01:59,desktop,Direct,product
4099,25,2024-12-24 02:00:40,tablet,Push Notification,product
4100,1497,2022-10-18 09:42:37,mobile,Paid Social,home
4101,1916,2024-12-11 04:43:57,desktop,Ads,cart
4102,1300,2024-03-15 18:24:56,desktop,Push Notification,product
4103,1643,2020-04-21 02:01:37,mobile,Organic Search,home
4104,897,2024-02-28 07:33:03,desktop,Ads,home
4105,357,2021-02-16 22:35:16,tablet,Push Notification,home
4106,70,2024-10-14 08:12:22,mobile,Direct,product
4107,1388,2020-03-14 14:14:12,mobile,Ads,search
4108,1880,2020-09-20 09:42:10,tablet,Ads,product
4109,650,2024-09-21 19:00:26,mobile,Push Notification,product
4110,262,2020-03-15 18:40:23,tablet,Organic Search,product
4111,1310,2023-01-05 20:42:02,desktop,Organic Search,product
4112,1159,2024-12-20 16:23:44,tablet,Ads,cart
4113,139,2023-05-13 09:36:12,tablet,Email,home
4114,1330,2024-11-02 14:13:24,tablet,Ads,search
4115,1493,2022-01-04 15:37:18,mobile,Email,product
4116,1597,2023-11-26 05:23:12,desktop,Email,search
4117,563,2021-07-28 01:43:59,mobile,Paid Social,checkout
4118,670,2020-06-05 23:10:03,desktop,Organic Search,home
4119,1193,2021-10-25 20:27:01,mobile,Direct,product
4120,1941,2020-11-20 14:22:10,desktop,Organic Search,home
4121,1742,2020-03-18 19:13:00,mobile,Paid Social,home
4122,858,2020-07-18 06:28:14,mobile,Organic Search,cart
4123,31,2022-03-04 13:20:07,tablet,Email,home
4124,426,2023-05-01 00:57:35,mobile,Direct,product
4125,791,2023-12-22 11:02:16,desktop,Direct,checkout
4126,347,2022-06-10 02:28:53,mobile,Direct,home
4127,1008,2020-07-15 15:07:34,mobile,Organic Search,checkout
4128,50,2022-07-18 09:22:22,mobile,Direct,product
4129,1992,2020-04-21 10:06:26,tablet,Paid Social,checkout
4130,1211,2023-04-26 13:17:32,mobile,Ads,home
4131,772,2020-06-17 01:11:54,mobile,Organic Search,cart
4132,1225,2022-02-01 05:38:41,mobile,Email,search
4133,1173,2023-11-19 16:21:43,desktop,Ads,cart
4134,798,2023-04-28 11:42:45,desktop,Organic Search,home
4135,1133,2021-04-27 10:07:30,tablet,Organic Search,checkout
4136,783,2023-07-05 23:32:33,desktop,Paid Social,cart
4137,263,2022-05-13 21:41:20,mobile,Ads,cart
4138,1280,2023-02-13 10:04:04,tablet,Push Notification,cart
4139,249,2020-12-25 07:09:41,mobile,Email,checkout
4140,996,2023-01-15 06:16:27,desktop,Ads,cart
4141,1246,2022-01-10 23:29:33,desktop,Paid Social,cart
4142,1506,2021-05-15 10:52:46,tablet,Organic Search,home
4143,515,2021-09-02 05:28:49,mobile,Paid Social,search
4144,642,2022-07-09 13:19:17,tablet,Organic Search,search
4145,435,2021-02-01 23:10:49,tablet,Ads,product
4146,1370,2020-02-24 09:02:18,mobile,Email,product
4147,51,2024-05-30 12:22:01,desktop,Organic Search,home
4148,1297,2020-01-26 14:36:48,tablet,Ads,search
4149,1697,2020-11-20 08:54:22,mobile,Ads,product
4150,1118,2020-01-13 19:17:08,desktop,Paid Social,checkout
4151,735,2023-10-20 01:13:53,desktop,Ads,product
4152,1364,2022-03-16 06:55:36,tablet,Email,home
4153,439,2021-09-07 06:54:21,mobile,Push Notification,checkout
4154,449,2021-09-21 07:16:52,desktop,Organic Search,search
4155,1860,2021-12-15 15:53:52,tablet,Push Notification,cart
4156,758,2022-07-10 22:02:04,mobile,Direct,cart
4157,1110,2023-03-24 05:42:07,tablet,Ads,home
4158,370,2024-07-12 13:03:22,tablet,Push Notification,product
4159,1150,2020-01-06 08:12:15,mobile,Push Notification,cart
4160,1469,2022-11-17 07:51:25,tablet,Direct,checkout
4161,1164,2021-09-19 02:02:30,desktop,Organic Search,search
4162,1803,2020-06-04 22:33:13,mobile,Email,search
4163,1182,2021-06-20 09:08:26,tablet,Push Notification,product
4164,514,2024-05-07 01:45:57,desktop,Email,checkout
4165,196,2021-09-29 03:29:14,desktop,Organic Search,product
4166,1955,2022-11-03 12:49:44,mobile,Paid Social,search
4167,435,2021-05-25 14:38:01,tablet,Push Notification,product
4168,27,2022-08-04 04:50:23,desktop,Paid Social,home
4169,284,2023-04-29 15:16:24,tablet,Ads,search
4170,587,2020-04-27 03:41:53,mobile,Direct,checkout
4171,814,2021-01-31 05:00:23,tablet,Direct,home
4172,565,2024-07-12 13:30:46,desktop,Direct,checkout
4173,1638,2022-09-20 06:45:31,mobile,Email,cart
4174,1006,2023-01-28 21:00:55,desktop,Ads,checkout
4175,1517,2022-07-12 19:11:21,desktop,Paid Social,checkout
4176,926,2022-11-24 05:04:38,mobile,Organic Search,cart
4177,1455,2023-11-09 15:04:12,mobile,Organic Search,cart
4178,283,2024-05-02 06:59:12,mobile,Organic Search,home
4179,658,2021-09-30 05:32:18,mobile,Ads,checkout
4180,329,2020-11-21 16:03:35,mobile,Ads,home
4181,899,2020-06-12 19:06:41,desktop,Direct,product
4182,1121,2022-01-25 19:01:36,mobile,Direct,cart
4183,282,2022-02-26 13:36:05,mobile,Organic Search,checkout
4184,588,2020-09-05 10:32:37,desktop,Email,checkout
4185,47,2024-12-30 13:49:17,mobile,Direct,search
4186,824,2020-03-09 20:16:28,tablet,Direct,home
4187,1889,2021-11-17 12:54:06,mobile,Organic Search,product
4188,755,2024-04-06 15:02:06,mobile,Direct,product
4189,1562,2020-12-21 02:40:19,tablet,Email,search
4190,125,2022-03-12 21:51:18,tablet,Ads,cart
4191,27,2021-08-07 00:55:23,mobile,Paid Social,checkout
4192,1775,2020-03-11 03:02:16,tablet,Ads,checkout
4193,383,2023-10-10 17:53:44,desktop,Organic Search,search
4194,1492,2024-01-07 15:51:09,tablet,Push Notification,home
4195,95,2020-05-25 03:05:01,desktop,Direct,cart
4196,389,2024-01-14 13:54:34,desktop,Direct,home
4197,1041,2023-09-16 22:44:28,desktop,Paid Social,home
4198,1593,2020-11-28 16:19:04,tablet,Direct,home
4199,1606,2020-11-11 05:09:29,mobile,Paid Social,search
4200,265,2021-12-04 19:21:38,desktop,Ads,checkout
4201,1619,2022-06-25 16:15:12,desktop,Paid Social,product
4202,1604,2021-01-08 01:13:50,tablet,Push Notification,search
4203,1302,2024-05-27 19:22:01,tablet,Paid Social,home
4204,1565,2021-01-08 18:12:20,tablet,Ads,product
4205,1143,2024-12-10 17:34:30,desktop,Organic Search,search
4206,1842,2022-09-18 14:55:29,desktop,Email,home
4207,1094,2023-07-22 19:43:20,desktop,Ads,product
4208,1188,2020-06-12 10:09:49,tablet,Paid Social,home
4209,595,2021-11-17 17:28:13,mobile,Organic Search,checkout
4210,279,2023-10-22 22:20:34,mobile,Organic Search,product
4211,1212,2024-11-29 06:50:07,mobile,Paid Social,cart
4212,884,2022-06-27 18:53:57,desktop,Direct,home
4213,1905,2021-01-13 07:07:32,mobile,Push Notification,home
4214,1194,2020-06-09 10:51:19,desktop,Ads,checkout
4215,1365,2023-11-22 21:23:59,desktop,Email,product
4216,1116,2023-05-25 05:33:32,mobile,Push Notification,home
4217,1533,2024-09-26 20:35:19,desktop,Organic Search,cart
4218,1173,2020-04-20 13:27:22,mobile,Email,cart
4219,432,2023-05-10 12:08:38,tablet,Ads,home
4220,535,2024-04-21 03:44:50,tablet,Paid Social,home
4221,1681,2021-08-04 12:19:18,desktop,Paid Social,product
4222,1797,2024-07-09 21:56:17,mobile,Push Notification,product
4223,432,2023-12-21 19:56:00,tablet,Push Notification,search
4224,963,2024-09-14 10:58:51,desktop,Organic Search,cart
4225,1958,2020-10-31 07:44:07,tablet,Direct,search
4226,847,2023-08-06 06:48:35,tablet,Paid Social,cart
4227,826,2020-06-12 02:35:44,mobile,Push Notification,home
4228,1007,2021-04-12 20:51:36,desktop,Direct,product
4229,1520,2023-09-15 11:11:09,desktop,Push Notification,product
4230,1704,2024-02-11 04:32:43,mobile,Email,cart
4231,1619,2022-03-24 11:47:21,tablet,Direct,product
4232,164,2023-03-18 11:37:59,desktop,Direct,checkout
4233,635,2023-12-08 10:28:40,desktop,Paid Social,cart
4234,1868,2021-09-06 15:13:28,mobile,Push Notification,product
4235,1331,2022-05-14 06:01:23,tablet,Direct,cart
4236,1495,2022-01-01 08:40:46,desktop,Email,search
4237,1068,2022-08-16 16:51:26,mobile,Ads,product
4238,1608,2020-04-30 18:23:51,desktop,Push Notification,search
4239,531,2020-10-08 13:10:43,tablet,Email,search
4240,1786,2023-07-07 22:29:59,tablet,Direct,product
4241,533,2024-08-13 05:52:53,tablet,Paid Social,cart
4242,169,2020-10-16 16:48:42,desktop,Ads,home
4243,1104,2023-11-02 17:04:59,desktop,Direct,product
4244,1557,2024-09-11 05:46:53,tablet,Organic Search,search
4245,179,2020-12-26 05:41:53,desktop,Organic Search,checkout
4246,839,2020-03-12 11:18:27,desktop,Direct,checkout
4247,1025,2022-05-05 13:46:20,desktop,Email,home
4248,1233,2020-04-22 07:48:16,mobile,Direct,cart
4249,777,2022-11-19 09:17:47,mobile,Push Notification,checkout
4250,251,2022-06-16 01:18:05,mobile,Push Notification,search
4251,783,2024-07-13 09:31:20,tablet,Paid Social,product
4252,1898,2022-10-01 16:57:34,mobile,Email,checkout
4253,45,2021-02-08 04:50:20,tablet,Direct,product
4254,886,2024-10-08 03:27:22,tablet,Ads,checkout
4255,342,2024-05-10 04:58:58,desktop,Direct,cart
4256,1448,2023-04-02 23:34:50,mobile,Ads,cart
4257,311,2024-06-05 11:26:40,tablet,Email,search
4258,1886,2022-01-25 01:21:28,tablet,Organic Search,search
4259,1975,2021-02-14 22:38:44,desktop,Direct,home
4260,1800,2024-05-03 18:57:18,tablet,Direct,search
4261,1700,2021-02-12 01:03:38,tablet,Push Notification,cart
4262,699,2023-01-12 09:43:13,desktop,Direct,product
4263,1747,2024-09-27 17:57:58,tablet,Paid Social,home
4264,1698,2021-11-05 11:49:49,mobile,Direct,product
4265,1664,2024-09-17 18:11:25,tablet,Push Notification,cart
4266,1728,2022-11-08 16:16:10,mobile,Paid Social,cart
4267,1047,2024-06-17 00:44:23,desktop,Email,product
4268,322,2023-10-03 05:11:14,desktop,Direct,search
4269,1517,2023-11-10 23:37:45,mobile,Ads,search
4270,1642,2023-11-20 16:36:34,mobile,Organic Search,product
4271,1488,2021-01-18 17:38:14,tablet,Push Notification,search
4272,885,2023-01-29 05:07:48,desktop,Direct,checkout
4273,1979,2023-08-25 15:26:53,desktop,Paid Social,search
4274,746,2024-12-08 09:30:25,desktop,Ads,search
4275,1397,2022-04-10 01:09:14,desktop,Ads,cart
4276,160,2023-01-24 19:58:21,desktop,Push Notification,home
4277,1953,2021-02-11 15:42:05,tablet,Ads,product
4278,1989,2023-07-10 12:45:16,mobile,Organic Search,search
4279,1847,2021-02-12 10:04:57,tablet,Paid Social,product
4280,353,2021-12-16 01:45:14,desktop,Ads,cart
4281,1982,2024-12-28 09:09:34,mobile,Paid Social,checkout
4282,797,2023-12-01 17:53:42,tablet,Push Notification,search
4283,1976,2022-10-02 18:34:12,tablet,Organic Search,product
4284,974,2024-08-20 21:28:17,desktop,Email,checkout
4285,971,2024-02-07 14:23:11,tablet,Ads,cart
4286,1987,2021-12-18 20:35:56,desktop,Direct,search
4287,1957,2021-01-02 22:08:57,desktop,Ads,product
4288,1644,2020-03-09 05:27:28,mobile,Ads,home
4289,1620,2020-12-01 03:46:11,desktop,Direct,search
4290,218,2020-09-19 04:33:14,tablet,Direct,cart
4291,1953,2023-02-16 13:02:12,tablet,Organic Search,product
4292,1235,2020-11-13 05:51:34,tablet,Push Notification,cart
4293,600,2021-09-06 03:28:22,tablet,Push Notification,checkout
4294,581,2023-12-10 11:39:10,desktop,Organic Search,product
4295,1279,2020-08-04 06:35:31,mobile,Organic Search,search
4296,1302,2021-01-29 14:20:41,desktop,Email,checkout
4297,166,2020-02-24 13:19:15,mobile,Email,home
4298,862,2023-11-05 01:11:02,desktop,Direct,home
4299,468,2020-02-16 00:06:22,tablet,Direct,checkout
4300,1162,2023-01-14 19:58:37,tablet,Push Notification,checkout
4301,1084,2020-08-14 12:50:08,desktop,Email,home
4302,1434,2023-02-18 10:19:31,tablet,Organic Search,checkout
4303,1622,2020-05-13 03:15:41,desktop,Ads,checkout
4304,1240,2020-11-06 08:20:34,tablet,Ads,checkout
4305,857,2020-10-10 05:11:21,mobile,Push Notification,checkout
4306,686,2022-01-21 23:03:03,mobile,Organic Search,search
4307,1739,2024-08-09 14:17:43,mobile,Push Notification,search
4308,651,2020-02-13 14:02:06,tablet,Direct,product
4309,802,2024-03-16 08:01:41,tablet,Organic Search,search
4310,933,2023-07-16 08:52:20,mobile,Email,home
4311,1036,2020-10-16 02:28:48,mobile,Organic Search,cart
4312,1450,2024-10-17 22:43:01,mobile,Direct,home
4313,717,2020-03-04 00:23:40,tablet,Email,search
4314,430,2021-06-11 14:23:42,tablet,Paid Social,search
4315,1127,2024-12-29 21:45:16,mobile,Push Notification,home
4316,1774,2020-10-17 03:41:02,desktop,Direct,cart
4317,1423,2021-09-23 19:58:46,mobile,Ads,product
4318,1280,2023-10-08 05:35:02,tablet,Ads,cart
4319,1369,2022-04-04 23:35:10,desktop,Direct,product
4320,1025,2023-03-24 20:25:49,desktop,Organic Search,checkout
4321,1154,2023-09-24 06:21:34,desktop,Paid Social,checkout
4322,480,2022-04-02 18:33:59,mobile,Direct,cart
4323,1051,2022-08-31 00:29:31,desktop,Paid Social,search
4324,1943,2023-07-13 01:55:33,desktop,Paid Social,search
4325,1709,2021-03-01 08:40:46,tablet,Email,search
4326,1959,2022-05-31 20:46:25,desktop,Ads,checkout
4327,669,2023-01-01 13:20:02,mobile,Push Notification,checkout
4328,442,2024-06-04 18:32:40,tablet,Paid Social,search
4329,416,2021-02-20 06:12:01,desktop,Direct,search
4330,16,2020-02-12 21:05:16,desktop,Email,product
4331,741,2022-06-30 06:27:41,mobile,Direct,search
4332,1529,2022-11-05 21:52:50,mobile,Organic Search,cart
4333,855,2023-09-25 18:14:45,desktop,Organic Search,home
4334,1344,2024-11-06 08:17:46,tablet,Ads,search
4335,1100,2022-05-30 10:26:00,desktop,Paid Social,search
4336,616,2021-08-16 10:41:27,mobile,Email,cart
4337,989,2021-06-20 01:35:57,tablet,Direct,cart
4338,1692,2021-11-13 06:00:55,mobile,Direct,product
4339,1886,2020-05-27 03:35:50,tablet,Organic Search,search
4340,127,2023-10-09 08:18:46,tablet,Email,search
4341,1211,2024-06-05 05:00:36,desktop,Organic Search,cart
4342,1070,2022-10-04 02:48:01,tablet,Paid Social,product
4343,16,2024-02-23 02:37:41,mobile,Paid Social,search
4344,176,2024-08-12 02:56:08,tablet,Direct,product
4345,780,2024-10-27 11:15:38,mobile,Email,product
4346,1285,2022-04-10 09:27:07,mobile,Ads,home
4347,1486,2021-07-03 07:48:19,tablet,Direct,search
4348,1357,2024-07-16 18:52:17,mobile,Direct,search
4349,1527,2020-12-28 04:08:16,tablet,Direct,home
4350,331,2021-12-08 13:35:01,desktop,Ads,search
4351,1850,2024-01-17 09:08:52,mobile,Email,home
4352,1087,2020-01-29 23:23:30,tablet,Ads,product
4353,1872,2022-06-27 19:37:30,mobile,Direct,cart
4354,296,2022-04-15 06:22:13,mobile,Paid Social,home
4355,1121,2020-01-25 03:04:12,mobile,Organic Search,cart
4356,40,2021-06-15 14:11:30,tablet,Ads,home
4357,827,2023-07-19 11:28:31,desktop,Organic Search,checkout
4358,1819,2021-09-14 08:07:25,desktop,Direct,checkout
4359,844,2021-01-08 05:36:15,desktop,Organic Search,cart
4360,269,2022-12-16 17:16:52,desktop,Ads,checkout
4361,1550,2023-12-02 21:40:51,tablet,Ads,cart
4362,38,2021-02-20 10:41:43,mobile,Push Notification,product
4363,1045,2024-11-22 03:29:01,desktop,Direct,search
4364,1957,2021-10-20 23:34:08,tablet,Push Notification,product
4365,492,2022-12-24 10:50:51,mobile,Push Notification,search
4366,1220,2020-12-16 07:59:49,desktop,Organic Search,home
4367,1113,2025-01-01 10:01:50,mobile,Email,product
4368,1330,2020-03-30 16:11:07,desktop,Direct,search
4369,1347,2022-05-28 05:09:48,mobile,Push Notification,search
4370,646,2023-11-28 16:26:32,desktop,Direct,search
4371,1098,2024-11-13 10:23:10,desktop,Direct,cart
4372,977,2023-05-31 12:07:21,mobile,Paid Social,checkout
4373,1414,2020-01-09 09:21:57,desktop,Direct,product
4374,1851,2023-11-01 08:00:39,tablet,Ads,search
4375,838,2020-06-13 23:55:10,desktop,Direct,checkout
4376,572,2021-03-26 17:47:36,mobile,Direct,search
4377,1607,2022-06-06 12:11:22,mobile,Paid Social,cart
4378,202,2024-09-14 19:15:37,mobile,Direct,search
4379,336,2024-07-06 21:16:01,tablet,Email,cart
4380,484,2021-05-24 18:50:15,mobile,Paid Social,home
4381,1776,2022-05-01 11:35:32,tablet,Paid Social,product
4382,254,2024-08-28 07:52:43,mobile,Email,product
4383,1467,2021-09-11 09:59:33,desktop,Push Notification,product
4384,1877,2022-12-27 04:47:15,tablet,Direct,search
4385,792,2021-09-25 00:21:01,desktop,Email,checkout
4386,702,2020-11-28 01:25:27,tablet,Direct,search
4387,928,2021-03-03 01:14:47,mobile,Organic Search,home
4388,591,2021-04-23 08:43:16,mobile,Ads,home
4389,1522,2020-03-31 21:37:12,tablet,Direct,checkout
4390,528,2021-08-01 14:15:18,mobile,Ads,cart
4391,862,2024-06-17 01:19:38,tablet,Direct,search
4392,1972,2022-09-14 09:38:36,tablet,Push Notification,home
4393,55,2020-05-24 19:42:34,mobile,Email,search
4394,1236,2024-05-06 07:30:20,tablet,Direct,search
4395,1350,2020-12-22 12:30:48,tablet,Ads,checkout
4396,1969,2022-10-27 05:16:28,tablet,Email,cart
4397,887,2023-08-31 10:02:09,tablet,Direct,home
4398,1578,2020-10-05 06:05:14,tablet,Direct,search
4399,213,2022-11-06 19:38:44,mobile,Organic Search,home
4400,1542,2021-12-08 03:47:18,mobile,Email,home
4401,35,2021-08-21 11:44:51,mobile,Email,cart
4402,1386,2024-10-09 10:53:48,mobile,Paid Social,search
4403,1468,2020-07-22 15:27:30,mobile,Organic Search,cart
4404,1003,2024-07-07 18:51:42,desktop,Organic Search,cart
4405,319,2022-03-04 22:53:30,tablet,Organic Search,checkout
4406,1184,2022-08-12 02:13:14,mobile,Push Notification,search
4407,489,2023-03-27 12:01:06,desktop,Ads,checkout
4408,111,2023-01-07 05:02:43,mobile,Push Notification,cart
4409,36,2022-11-06 09:44:46,mobile,Paid Social,cart
4410,1784,2020-02-07 10:54:37,desktop,Email,home
4411,1762,2021-08-18 16:36:57,tablet,Organic Search,product
4412,646,2022-08-09 09:22:07,desktop,Paid Social,home
4413,1705,2023-08-10 12:56:33,mobile,Paid Social,search
4414,1190,2020-12-27 19:04:38,mobile,Direct,cart
4415,1856,2020-12-04 12:11:59,mobile,Direct,checkout
4416,1685,2023-11-21 19:34:10,mobile,Ads,home
4417,1797,2020-06-02 11:11:44,mobile,Push Notification,search
4418,1557,2020-12-13 13:28:03,tablet,Direct,product
4419,715,2023-12-20 14:03:30,desktop,Email,checkout
4420,852,2020-04-05 02:31:19,desktop,Paid Social,product
4421,559,2020-05-16 23:37:31,tablet,Organic Search,checkout
4422,486,2023-06-21 19:30:36,tablet,Organic Search,home
4423,703,2021-06-11 00:18:18,desktop,Organic Search,search
4424,1499,2020-10-10 03:37:32,mobile,Email,cart
4425,919,2023-12-10 13:10:29,tablet,Organic Search,checkout
4426,1328,2023-01-21 00:35:18,tablet,Ads,product
4427,496,2020-09-29 20:01:59,mobile,Push Notification,cart
4428,310,2022-09-28 20:01:25,mobile,Paid Social,home
4429,1083,2022-02-01 17:48:41,mobile,Paid Social,home
4430,315,2021-09-19 15:42:38,desktop,Direct,home
4431,140,2022-09-09 14:58:59,desktop,Email,home
4432,855,2022-11-25 03:52:46,tablet,Email,product
4433,1603,2020-10-27 00:04:41,tablet,Organic Search,search
4434,389,2022-07-04 04:50:16,mobile,Organic Search,checkout
4435,1053,2023-08-26 08:08:48,desktop,Organic Search,home
4436,410,2023-09-09 05:59:27,desktop,Email,product
4437,267,2022-11-01 19:04:19,tablet,Direct,checkout
4438,682,2023-07-21 16:45:57,desktop,Email,product
4439,1453,2023-06-29 23:54:14,mobile,Organic Search,cart
4440,1986,2022-06-02 19:31:05,tablet,Email,product
4441,1831,2020-09-05 03:37:27,tablet,Ads,cart
4442,364,2021-02-01 13:15:53,tablet,Organic Search,checkout
4443,1973,2023-02-06 03:35:02,tablet,Direct,product
4444,1776,2022-05-19 04:54:02,tablet,Organic Search,cart
4445,1519,2020-03-18 06:10:34,tablet,Organic Search,product
4446,1529,2020-12-11 16:44:05,mobile,Ads,home
4447,930,2022-09-06 01:05:51,mobile,Email,cart
4448,1199,2021-04-14 05:46:17,mobile,Direct,search
4449,1437,2023-03-03 01:11:13,tablet,Email,checkout
4450,561,2020-09-28 21:21:08,desktop,Direct,cart
4451,69,2023-11-13 08:31:22,tablet,Ads,home
4452,1954,2020-11-12 13:14:00,tablet,Paid Social,cart
4453,1029,2023-10-01 08:12:42,tablet,Organic Search,checkout
4454,1388,2022-02-12 08:38:33,tablet,Direct,cart
4455,1104,2023-03-19 21:50:35,mobile,Direct,home
4456,1709,2020-08-05 16:20:02,mobile,Email,cart
4457,341,2021-01-02 08:32:52,mobile,Push Notification,home
4458,1764,2021-01-21 05:48:59,tablet,Direct,search
4459,653,2020-08-28 05:29:52,mobile,Direct,home
4460,549,2024-05-11 11:43:11,mobile,Push Notification,home
4461,1073,2022-12-31 22:17:32,desktop,Email,cart
4462,1320,2022-03-10 23:04:33,tablet,Email,home
4463,1457,2022-02-06 01:33:48,tablet,Email,checkout
4464,831,2021-12-11 07:48:51,desktop,Email,checkout
4465,1192,2020-11-29 07:49:30,mobile,Push Notification,checkout
4466,1609,2021-08-15 03:56:51,tablet,Email,checkout
4467,619,2020-07-25 07:32:00,desktop,Direct,cart
4468,1144,2020-12-21 14:40:02,tablet,Paid Social,product
4469,1067,2020-04-13 21:57:09,tablet,Push Notification,home
4470,141,2021-03-01 09:21:39,mobile,Ads,search
4471,1832,2024-02-09 21:06:06,tablet,Push Notification,checkout
4472,672,2021-03-24 08:16:55,tablet,Organic Search,product
4473,411,2021-11-07 16:56:55,desktop,Push Notification,checkout
4474,816,2022-11-09 16:13:26,mobile,Ads,home
4475,25,2024-04-09 07:27:53,tablet,Ads,search
4476,836,2021-06-08 11:22:33,desktop,Ads,home
4477,1551,2021-11-07 07:50:04,mobile,Push Notification,search
4478,1985,2020-11-16 13:24:18,desktop,Push Notification,product
4479,705,2022-08-23 14:17:45,tablet,Push Notification,search
4480,1146,2020-04-14 03:25:47,desktop,Paid Social,product
4481,201,2021-04-17 15:01:14,tablet,Ads,checkout
4482,1456,2021-11-03 04:55:15,tablet,Organic Search,cart
4483,664,2020-05-13 20:52:16,mobile,Direct,search
4484,373,2023-01-16 05:05:15,tablet,Direct,home
4485,165,2021-05-12 15:50:46,desktop,Push Notification,product
4486,1253,2021-09-08 09:27:18,mobile,Push Notification,cart
4487,877,2023-06-27 14:25:20,tablet,Direct,cart
4488,1692,2023-03-09 03:51:01,tablet,Direct,home
4489,1082,2023-10-23 04:26:44,mobile,Direct,product
4490,1052,2021-12-05 07:09:38,desktop,Email,cart
4491,1445,2024-05-31 00:35:41,tablet,Paid Social,checkout
4492,1699,2023-01-09 08:02:05,tablet,Email,cart
4493,1309,2023-01-27 14:29:57,desktop,Email,cart
4494,399,2021-12-30 18:14:14,desktop,Email,product
4495,523,2021-01-23 03:19:13,desktop,Ads,cart
4496,986,2022-07-13 19:19:17,mobile,Paid Social,search
4497,696,2021-03-03 20:08:38,mobile,Email,checkout
4498,1004,2021-04-09 00:48:11,desktop,Push Notification,cart
4499,292,2022-03-01 00:22:38,desktop,Push Notification,checkout
4500,1124,2024-07-24 13:43:17,mobile,Direct,home
4501,1178,2021-02-08 20:08:03,mobile,Organic Search,home
4502,1891,2024-07-12 05:28:50,tablet,Push Notification,checkout
4503,292,2022-12-02 09:51:08,tablet,Ads,search
4504,1549,2023-03-09 15:57:03,desktop,Push Notification,checkout
4505,17,2020-12-19 13:35:16,desktop,Direct,product
4506,754,2022-06-22 03:19:50,tablet,Organic Search,cart
4507,1633,2024-10-06 08:24:55,mobile,Push Notification,cart
4508,839,2020-01-04 17:27:20,tablet,Ads,product
4509,302,2023-12-29 12:09:39,mobile,Direct,checkout
4510,1812,2022-08-16 07:51:08,desktop,Organic Search,cart
4511,861,2020-06-02 15:03:23,desktop,Ads,cart
4512,1792,2023-12-11 16:33:55,desktop,Ads,cart
4513,1579,2023-08-20 00:52:32,mobile,Organic Search,cart
4514,855,2024-05-19 08:51:16,desktop,Direct,checkout
4515,662,2020-12-14 09:17:32,tablet,Organic Search,checkout
4516,1965,2023-09-24 16:09:13,tablet,Push Notification,search
4517,1270,2022-10-13 09:09:54,tablet,Email,checkout
4518,1668,2023-09-16 21:09:34,tablet,Ads,search
4519,1069,2022-11-22 20:34:02,mobile,Paid Social,checkout
4520,791,2022-06-23 21:39:17,tablet,Push Notification,search
4521,867,2020-01-19 13:48:37,desktop,Paid Social,cart
4522,1794,2022-10-27 05:26:23,tablet,Email,home
4523,731,2022-10-13 01:27:21,desktop,Direct,cart
4524,1172,2023-02-07 10:32:25,mobile,Ads,home
4525,97,2021-06-29 06:20:26,mobile,Organic Search,product
4526,959,2020-09-02 19:13:05,desktop,Direct,product
4527,1584,2023-01-12 22:13:14,desktop,Ads,home
4528,1395,2024-06-12 23:34:59,desktop,Organic Search,cart
4529,466,2021-12-25 18:19:05,desktop,Direct,cart
4530,1354,2023-02-09 23:57:53,mobile,Paid Social,checkout
4531,565,2020-03-26 22:09:30,desktop,Ads,cart
4532,296,2023-09-05 17:18:18,mobile,Direct,search
4533,197,2023-11-03 14:44:32,desktop,Direct,cart
4534,120,2020-07-08 00:05:20,desktop,Push Notification,checkout
4535,1973,2024-11-07 06:40:18,mobile,Push Notification,product
4536,197,2022-01-06 01:24:44,mobile,Push Notification,cart
4537,35,2023-05-13 19:20:16,mobile,Paid Social,checkout
4538,903,2020-07-15 08:53:01,mobile,Ads,home
4539,852,2021-08-27 22:57:50,desktop,Push Notification,checkout
4540,1743,2024-09-07 22:43:15,tablet,Direct,product
4541,1878,2022-12-08 04:18:46,desktop,Email,product
4542,123,2023-04-29 04:19:55,desktop,Push Notification,product
4543,71,2021-12-07 07:05:49,mobile,Organic Search,product
4544,1838,2023-04-26 03:39:35,tablet,Email,product
4545,332,2024-09-21 05:36:25,mobile,Email,home
4546,34,2020-03-10 09:20:20,mobile,Ads,home
4547,1165,2023-04-21 03:58:34,desktop,Push Notification,home
4548,166,2023-03-19 05:46:11,desktop,Push Notification,checkout
4549,220,2020-12-07 04:06:52,mobile,Push Notification,home
4550,74,2021-10-06 03:38:56,desktop,Email,cart
4551,1822,2020-01-02 04:27:28,desktop,Push Notification,product
4552,315,2023-04-25 18:00:23,desktop,Email,checkout
4553,1085,2020-08-27 08:28:38,desktop,Direct,search
4554,1374,2021-06-11 02:52:08,desktop,Organic Search,search
4555,1086,2023-05-04 23:34:25,mobile,Direct,product
4556,1836,2022-05-02 14:25:05,desktop,Paid Social,product
4557,665,2022-03-15 07:09:14,mobile,Direct,search
4558,91,2024-04-07 07:29:43,mobile,Push Notification,search
4559,495,2022-03-13 20:40:57,desktop,Organic Search,product
4560,1269,2020-07-11 16:41:13,desktop,Email,home
4561,44,2023-02-13 01:27:59,desktop,Organic Search,home
4562,1840,2024-09-20 01:23:12,desktop,Email,cart
4563,1541,2021-08-19 12:42:43,mobile,Direct,home
4564,206,2021-05-13 03:20:28,tablet,Paid Social,product
4565,801,2023-10-03 07:39:02,tablet,Email,product
4566,561,2024-11-23 15:42:33,desktop,Ads,product
4567,1685,2022-08-12 11:52:53,mobile,Paid Social,search
4568,7,2022-05-09 12:39:55,desktop,Organic Search,product
4569,1601,2022-10-13 16:02:30,mobile,Push Notification,search
4570,1435,2020-12-25 15:00:56,tablet,Push Notification,home
4571,1608,2020-02-25 08:28:42,tablet,Direct,home
4572,163,2020-10-02 16:58:40,tablet,Email,cart
4573,465,2023-05-24 02:10:58,desktop,Paid Social,product
4574,1530,2020-08-20 09:43:10,mobile,Push Notification,home
4575,1309,2023-05-28 03:07:26,desktop,Paid Social,search
4576,1962,2024-10-31 17:59:43,tablet,Organic Search,checkout
4577,344,2024-09-08 10:22:01,desktop,Organic Search,home
4578,1286,2024-12-26 06:24:14,mobile,Ads,checkout
4579,369,2024-06-29 20:40:54,tablet,Paid Social,home
4580,775,2022-10-26 10:07:49,mobile,Organic Search,checkout
4581,1306,2021-09-22 16:00:37,mobile,Organic Search,product
4582,1961,2024-05-19 14:35:16,desktop,Push Notification,search
4583,473,2023-02-11 01:16:35,tablet,Email,product
4584,1277,2020-10-31 12:34:52,mobile,Organic Search,cart
4585,851,2020-05-07 05:31:47,tablet,Organic Search,home
4586,1930,2020-12-28 15:44:57,desktop,Direct,home
4587,194,2021-04-11 04:31:23,desktop,Push Notification,cart
4588,1147,2024-10-11 22:17:39,tablet,Email,cart
4589,389,2022-10-12 04:42:40,mobile,Push Notification,search
4590,1615,2022-02-10 10:56:20,tablet,Push Notification,home
4591,773,2024-03-08 00:45:04,tablet,Ads,home
4592,1814,2024-07-25 22:24:33,mobile,Email,cart
4593,1253,2021-07-19 08:19:34,mobile,Direct,checkout
4594,1936,2024-06-10 15:39:49,desktop,Paid Social,cart
4595,461,2022-02-24 14:12:08,tablet,Ads,search
4596,747,2021-11-05 02:13:58,mobile,Ads,home
4597,47,2020-09-18 14:38:21,tablet,Email,home
4598,486,2023-05-11 18:08:56,mobile,Direct,cart
4599,294,2023-12-01 23:34:04,mobile,Paid Social,search
4600,449,2024-11-17 23:55:27,mobile,Email,home
4601,1651,2024-06-02 19:23:51,tablet,Ads,product
4602,1234,2024-09-08 02:22:20,tablet,Direct,home
4603,618,2020-03-18 20:36:06,mobile,Direct,product
4604,688,2020-01-24 05:23:45,tablet,Organic Search,product
4605,480,2023-08-11 08:47:41,mobile,Email,search
4606,1264,2021-11-23 02:11:04,desktop,Organic Search,search
4607,518,2023-08-15 05:08:00,desktop,Direct,search
4608,1424,2023-10-20 09:23:20,mobile,Paid Social,search
4609,1627,2021-08-28 13:24:39,tablet,Organic Search,search
4610,1114,2024-04-22 23:26:56,desktop,Push Notification,cart
4611,633,2023-09-12 21:21:08,mobile,Paid Social,cart
4612,1364,2022-08-11 13:25:44,tablet,Paid Social,cart
4613,124,2024-10-25 15:54:58,tablet,Paid Social,cart
4614,514,2024-11-04 11:24:36,mobile,Ads,home
4615,399,2021-12-10 07:48:02,mobile,Push Notification,product
4616,260,2020-01-22 07:38:03,desktop,Organic Search,product
4617,1441,2023-11-04 17:17:53,mobile,Ads,checkout
4618,114,2023-06-04 01:07:26,tablet,Organic Search,search
4619,1730,2022-08-16 12:01:23,desktop,Push Notification,checkout
4620,337,2020-10-08 05:25:37,desktop,Direct,home
4621,1011,2023-07-31 08:37:19,desktop,Push Notification,home
4622,1497,2022-08-27 18:46:14,tablet,Organic Search,home
4623,327,2020-10-15 07:40:49,tablet,Ads,checkout
4624,1728,2023-07-17 08:02:07,mobile,Paid Social,checkout
4625,1933,2022-12-09 06:28:09,tablet,Direct,checkout
4626,5,2020-02-17 20:29:45,desktop,Organic Search,home
4627,706,2020-10-30 05:58:59,desktop,Paid Social,cart
4628,444,2021-06-20 20:42:02,mobile,Ads,home
4629,1166,2020-03-06 15:03:28,desktop,Paid Social,home
4630,609,2020-05-27 11:10:10,mobile,Paid Social,cart
4631,1242,2024-05-19 09:25:03,tablet,Direct,checkout
4632,933,2022-10-01 09:20:45,mobile,Organic Search,search
4633,1961,2023-09-23 04:34:15,mobile,Direct,search
4634,1390,2020-09-09 00:22:52,tablet,Push Notification,home
4635,685,2024-06-19 00:48:29,tablet,Organic Search,product
4636,1123,2023-05-15 23:01:19,tablet,Push Notification,cart
4637,1891,2022-07-15 18:50:53,desktop,Direct,cart
4638,1073,2021-08-21 18:36:11,tablet,Email,cart
4639,1576,2020-12-20 07:34:35,mobile,Push Notification,product
4640,1716,2023-11-08 05:56:05,mobile,Organic Search,product
4641,1797,2020-09-30 05:40:17,desktop,Direct,cart
4642,234,2022-12-04 08:17:38,mobile,Ads,checkout
4643,1999,2021-03-18 09:38:37,desktop,Organic Search,product
4644,1419,2024-09-25 17:00:25,mobile,Ads,product
4645,180,2022-03-21 01:37:05,mobile,Organic Search,product
4646,1115,2024-01-20 17:47:00,desktop,Email,search
4647,1160,2023-01-21 22:52:07,tablet,Organic Search,product
4648,125,2023-07-09 03:18:54,mobile,Organic Search,product
4649,1766,2023-05-23 18:01:40,desktop,Push Notification,search
4650,692,2022-07-21 15:52:46,mobile,Direct,checkout
4651,1427,2021-06-06 07:37:46,mobile,Ads,search
4652,711,2020-04-20 02:44:29,mobile,Ads,checkout
4653,59,2024-09-09 14:05:13,desktop,Direct,product
4654,1904,2020-08-07 10:14:03,desktop,Email,cart
4655,1930,2021-01-12 10:24:52,desktop,Organic Search,cart
4656,663,2021-04-17 14:39:59,mobile,Push Notification,search
4657,282,2020-04-08 09:19:04,desktop,Ads,search
4658,1568,2023-03-19 09:48:05,tablet,Email,home
4659,1646,2023-12-30 20:16:06,tablet,Paid Social,home
4660,66,2023-07-21 22:19:53,desktop,Email,home
4661,1733,2022-01-14 21:31:32,desktop,Ads,home
4662,884,2020-03-31 01:37:17,mobile,Organic Search,checkout
4663,1755,2021-12-29 23:16:22,tablet,Paid Social,cart
4664,1058,2024-03-13 10:17:22,tablet,Ads,home
4665,489,2021-12-28 07:41:39,mobile,Organic Search,cart
4666,1329,2024-10-29 15:21:50,tablet,Organic Search,product
4667,1914,2020-11-16 08:14:04,mobile,Push Notification,checkout
4668,1344,2022-12-07 08:51:44,desktop,Direct,search
4669,1032,2022-08-24 14:25:58,tablet,Push Notification,product
4670,310,2021-06-04 05:27:17,tablet,Push Notification,product
4671,1327,2024-04-26 17:43:36,tablet,Paid Social,product
4672,346,2020-12-09 06:40:11,desktop,Paid Social,product
4673,1978,2024-02-04 09:32:46,mobile,Ads,cart
4674,25,2022-08-29 16:24:21,tablet,Organic Search,home
4675,1384,2024-03-02 13:54:44,tablet,Push Notification,product
4676,12,2022-07-11 15:39:35,tablet,Ads,home
4677,786,2024-09-14 22:56:16,desktop,Email,home
4678,731,2020-11-21 03:18:56,tablet,Push Notification,cart
4679,766,2022-08-28 13:32:33,desktop,Ads,home
4680,65,2022-10-07 06:18:53,mobile,Email,cart
4681,946,2022-09-24 19:45:53,mobile,Paid Social,product
4682,1544,2022-01-10 22:02:01,desktop,Ads,home
4683,524,2023-11-16 19:56:44,tablet,Paid Social,cart
4684,1779,2024-05-25 12:51:13,mobile,Email,checkout
4685,613,2024-09-07 20:07:57,tablet,Email,cart
4686,168,2022-02-07 09:30:28,desktop,Organic Search,home
4687,537,2022-01-05 06:40:54,desktop,Direct,cart
4688,1648,2024-02-03 14:15:40,desktop,Direct,product
4689,1456,2024-11-06 19:48:53,desktop,Ads,search
4690,662,2022-07-03 02:30:51,desktop,Ads,product
4691,1362,2023-07-04 11:31:38,tablet,Organic Search,home
4692,1794,2020-02-11 07:55:14,mobile,Paid Social,search
4693,652,2023-04-21 20:06:36,desktop,Paid Social,cart
4694,957,2021-02-11 20:31:17,tablet,Paid Social,search
4695,1090,2020-09-29 09:09:31,tablet,Paid Social,cart
4696,805,2023-05-27 08:31:14,desktop,Ads,search
4697,1019,2024-07-22 05:31:24,tablet,Direct,home
4698,379,2024-01-25 08:37:09,tablet,Ads,checkout
4699,1645,2022-11-01 13:02:11,mobile,Paid Social,home
4700,137,2021-12-06 15:14:16,mobile,Organic Search,product
4701,1079,2022-09-12 14:15:28,tablet,Direct,cart
4702,1659,2021-09-28 05:20:29,desktop,Direct,cart
4703,138,2022-05-24 15:01:34,tablet,Organic Search,cart
4704,687,2021-01-12 07:58:02,desktop,Organic Search,cart
4705,717,2021-08-31 18:36:58,desktop,Ads,home
4706,939,2020-04-10 18:33:52,tablet,Ads,home
4707,406,2024-05-31 20:46:31,tablet,Email,cart
4708,1442,2021-07-19 06:39:57,tablet,Direct,product
4709,1784,2022-05-30 20:25:05,tablet,Organic Search,product
4710,1426,2023-06-30 17:17:27,desktop,Direct,search
4711,1786,2023-02-13 06:10:21,desktop,Organic Search,product
4712,682,2020-07-19 10:42:43,tablet,Push Notification,product
4713,204,2020-03-19 17:48:08,desktop,Direct,checkout
4714,485,2024-08-27 07:38:14,desktop,Ads,home
4715,549,2023-04-06 08:46:12,mobile,Email,checkout
4716,380,2021-09-17 00:08:46,mobile,Email,cart
4717,1538,2021-06-27 22:16:27,mobile,Push Notification,home
4718,1194,2024-03-27 03:21:58,desktop,Email,cart
4719,889,2020-08-24 16:30:12,tablet,Direct,checkout
4720,1820,2022-10-27 12:05:32,tablet,Email,search
4721,1620,2023-12-01 08:25:40,desktop,Organic Search,home
4722,746,2022-01-15 01:27:12,tablet,Paid Social,search
4723,1264,2021-11-26 07:08:58,tablet,Direct,search
4724,1276,2022-06-15 19:36:45,desktop,Paid Social,checkout
4725,1870,2024-12-12 15:04:11,desktop,Organic Search,cart
4726,523,2023-05-11 14:09:51,tablet,Paid Social,checkout
4727,1626,2024-12-15 04:33:29,desktop,Ads,home
4728,55,2021-03-24 12:45:37,tablet,Paid Social,cart
4729,1252,2021-02-19 10:14:53,tablet,Direct,search
4730,836,2024-02-24 01:16:59,desktop,Direct,checkout
4731,1456,2024-01-10 00:17:00,mobile,Email,product
4732,648,2024-12-03 12:15:31,desktop,Ads,search
4733,109,2021-06-17 16:09:26,desktop,Email,search
4734,933,2020-01-25 21:55:49,mobile,Paid Social,cart
4735,236,2021-06-30 06:42:03,tablet,Push Notification,cart
4736,1664,2021-08-27 10:36:08,mobile,Ads,product
4737,1650,2024-02-07 20:38:35,mobile,Organic Search,product
4738,640,2023-05-23 21:44:59,mobile,Organic Search,cart
4739,1800,2022-04-08 02:50:59,mobile,Push Notification,product
4740,982,2020-11-11 10:41:33,mobile,Push Notification,home
4741,1862,2024-08-22 09:25:25,tablet,Organic Search,home
4742,741,2023-10-11 11:36:45,tablet,Push Notification,cart
4743,657,2024-05-09 19:50:23,mobile,Ads,product
4744,176,2022-07-01 15:43:50,mobile,Organic Search,product
4745,632,2022-01-08 12:17:53,desktop,Direct,product
4746,843,2022-12-29 20:42:31,mobile,Ads,checkout
4747,319,2020-01-08 08:26:05,mobile,Email,search
4748,190,2023-02-17 03:08:02,desktop,Push Notification,cart
4749,1370,2021-05-15 01:30:47,tablet,Paid Social,search
4750,451,2020-10-26 10:59:49,tablet,Direct,product
4751,945,2022-04-06 12:03:15,mobile,Email,product
4752,1979,2022-11-21 12:25:18,desktop,Ads,cart
4753,1583,2024-02-07 02:34:57,tablet,Organic Search,search
4754,956,2024-10-14 14:47:30,tablet,Ads,search
4755,1103,2020-07-08 23:34:38,desktop,Push Notification,home
4756,1599,2021-09-15 05:15:13,desktop,Email,search
4757,1055,2022-02-17 01:50:50,desktop,Paid Social,checkout
4758,1474,2022-03-19 13:20:43,mobile,Direct,checkout
4759,1851,2024-09-18 16:25:34,tablet,Email,checkout
4760,1208,2022-04-01 13:53:24,mobile,Paid Social,home
4761,580,2024-01-23 12:22:56,desktop,Push Notification,search
4762,1865,2020-04-29 16:31:05,mobile,Ads,search
4763,1857,2024-04-18 16:16:09,tablet,Organic Search,checkout
4764,1538,2021-10-14 11:16:21,desktop,Email,home
4765,1424,2022-03-30 11:15:54,desktop,Push Notification,home
4766,1789,2022-08-06 22:06:03,desktop,Organic Search,checkout
4767,1364,2022-05-05 11:39:52,desktop,Ads,product
4768,434,2022-04-03 05:35:20,desktop,Direct,home
4769,1994,2021-01-04 12:28:06,mobile,Paid Social,search
4770,974,2023-04-25 11:54:28,desktop,Organic Search,product
4771,1232,2021-10-20 08:47:54,mobile,Email,cart
4772,935,2020-02-20 05:18:17,tablet,Push Notification,home
4773,683,2024-01-28 16:14:50,desktop,Organic Search,checkout
4774,525,2024-05-16 17:30:11,mobile,Email,search
4775,646,2023-03-14 15:19:11,mobile,Paid Social,cart
4776,868,2023-03-25 16:22:55,desktop,Push Notification,cart
4777,563,2023-07-26 23:50:11,tablet,Ads,product
4778,201,2022-02-03 02:41:24,desktop,Direct,product
4779,1892,2023-05-02 16:31:14,tablet,Direct,product
4780,1371,2024-06-03 09:56:06,mobile,Ads,search
4781,1664,2023-12-12 15:37:14,desktop,Paid Social,product
4782,1772,2023-04-29 05:21:26,desktop,Organic Search,product
4783,44,2021-06-18 07:26:51,mobile,Ads,checkout
4784,1186,2023-11-15 03:43:39,desktop,Direct,search
4785,149,2023-06-25 00:29:59,tablet,Ads,checkout
4786,79,2020-05-30 07:50:09,tablet,Push Notification,checkout
4787,1226,2023-03-04 16:44:44,tablet,Email,home
4788,1198,2020-12-24 20:17:03,tablet,Ads,product
4789,1821,2024-07-04 10:46:04,mobile,Paid Social,checkout
4790,246,2020-12-09 14:41:57,desktop,Organic Search,search
4791,420,2023-10-28 05:42:15,desktop,Email,cart
4792,1485,2024-03-02 05:02:31,desktop,Email,cart
4793,1681,2021-12-30 13:34:36,mobile,Email,product
4794,381,2021-09-15 04:26:28,desktop,Paid Social,checkout
4795,383,2022-09-23 16:23:35,desktop,Direct,cart
4796,312,2021-06-03 08:42:16,tablet,Paid Social,checkout
4797,1317,2024-04-28 15:17:06,tablet,Push Notification,home
4798,1086,2021-02-08 09:07:46,desktop,Email,search
4799,1185,2024-05-26 09:10:36,mobile,Organic Search,home
4800,91,2023-09-26 01:16:26,tablet,Paid Social,product
4801,1363,2023-12-04 21:06:28,tablet,Direct,search
4802,1573,2021-05-10 16:44:58,tablet,Push Notification,product
4803,1742,2021-06-23 07:34:54,mobile,Organic Search,checkout
4804,944,2021-06-23 16:43:10,desktop,Direct,checkout
4805,1199,2021-01-25 02:17:34,tablet,Organic Search,cart
4806,771,2022-03-27 18:38:25,desktop,Paid Social,search
4807,993,2023-09-02 09:57:18,mobile,Push Notification,product
4808,864,2024-06-11 03:32:22,desktop,Ads,product
4809,1330,2024-08-26 14:58:56,desktop,Direct,search
4810,323,2023-04-09 08:19:03,mobile,Organic Search,checkout
4811,1288,2021-01-11 16:20:07,mobile,Direct,checkout
4812,1734,2022-12-27 10:47:12,desktop,Direct,home
4813,1997,2021-09-24 02:40:33,desktop,Paid Social,home
4814,440,2024-03-12 01:23:21,mobile,Organic Search,checkout
4815,1483,2021-10-13 15:59:44,mobile,Direct,home
4816,99,2022-12-28 08:51:50,mobile,Paid Social,search
4817,1273,2020-01-14 07:53:49,tablet,Paid Social,cart
4818,1427,2022-12-30 11:10:17,tablet,Direct,cart
4819,986,2021-03-27 22:55:57,desktop,Push Notification,product
4820,910,2024-11-07 02:45:51,mobile,Paid Social,search
4821,621,2024-01-29 20:52:25,tablet,Direct,home
4822,1335,2024-09-16 06:11:54,mobile,Push Notification,product
4823,304,2022-01-21 21:02:02,mobile,Email,product
4824,838,2022-12-07 10:01:56,tablet,Direct,search
4825,724,2021-08-28 19:10:28,mobile,Ads,search
4826,824,2021-08-29 03:00:09,mobile,Email,product
4827,1244,2022-11-27 11:37:41,mobile,Email,checkout
4828,85,2023-01-08 05:12:19,mobile,Organic Search,search
4829,760,2022-10-06 08:20:43,tablet,Organic Search,product
4830,1063,2024-05-10 23:39:55,tablet,Paid Social,product
4831,1671,2021-08-11 21:42:24,mobile,Direct,checkout
4832,1624,2023-12-13 21:54:27,mobile,Paid Social,search
4833,692,2024-11-01 08:10:40,desktop,Direct,cart
4834,900,2021-07-04 23:43:07,mobile,Paid Social,home
4835,169,2020-05-19 07:25:15,desktop,Direct,cart
4836,1458,2020-05-27 05:24:35,tablet,Push Notification,product
4837,496,2024-02-28 06:55:25,mobile,Paid Social,home
4838,1373,2021-02-10 18:46:41,desktop,Ads,cart
4839,1533,2023-02-21 07:05:39,mobile,Email,cart
4840,1655,2022-10-24 13:04:47,tablet,Ads,home
4841,1478,2023-02-22 08:28:52,mobile,Push Notification,search
4842,1248,2021-08-20 05:22:42,desktop,Organic Search,checkout
4843,322,2024-04-23 14:09:13,tablet,Organic Search,home
4844,306,2024-06-24 10:18:57,tablet,Direct,product
4845,440,2023-12-09 19:45:32,mobile,Email,checkout
4846,1481,2023-09-25 23:59:56,mobile,Push Notification,home
4847,778,2020-10-30 09:04:41,tablet,Direct,checkout
4848,90,2021-11-01 13:25:56,mobile,Email,search
4849,931,2024-03-20 05:54:19,desktop,Ads,checkout
4850,1690,2022-09-22 20:33:32,desktop,Organic Search,product
4851,1232,2021-05-08 22:21:11,mobile,Ads,search
4852,1821,2020-11-15 05:49:31,tablet,Push Notification,search
4853,271,2021-06-27 09:13:48,tablet,Paid Social,checkout
4854,1182,2021-07-21 00:37:47,desktop,Organic Search,checkout
4855,1899,2022-05-15 07:15:16,tablet,Push Notification,product
4856,250,2022-09-07 04:50:13,mobile,Organic Search,product
4857,546,2023-12-26 06:06:06,tablet,Email,home
4858,526,2021-07-15 13:32:30,mobile,Direct,home
4859,1107,2023-09-27 10:22:58,desktop,Email,home
4860,1621,2022-11-14 08:47:47,tablet,Paid Social,product
4861,1124,2023-07-09 10:33:52,desktop,Direct,home
4862,772,2024-03-21 20:08:50,tablet,Organic Search,home
4863,903,2023-04-08 11:13:07,desktop,Paid Social,product
4864,1002,2022-11-19 01:32:30,mobile,Organic Search,home
4865,1057,2021-01-16 15:26:54,mobile,Paid Social,checkout
4866,281,2024-11-17 18:53:24,desktop,Email,home
4867,1132,2022-05-12 23:16:53,tablet,Paid Social,home
4868,1470,2020-03-15 14:50:44,mobile,Ads,cart
4869,655,2024-01-15 11:48:20,tablet,Email,product
4870,1752,2021-10-09 10:52:58,mobile,Paid Social,checkout
4871,862,2024-03-22 09:01:49,mobile,Direct,home
4872,566,2024-08-31 02:28:49,desktop,Ads,checkout
4873,694,2023-03-09 20:07:38,desktop,Organic Search,cart
4874,1084,2023-02-07 22:56:42,desktop,Organic Search,checkout
4875,440,2020-05-19 14:47:58,desktop,Ads,product
4876,226,2020-11-03 16:22:19,desktop,Ads,home
4877,1910,2020-12-14 07:28:35,tablet,Push Notification,home
4878,308,2020-08-01 19:24:16,tablet,Push Notification,search
4879,1085,2021-10-28 01:24:16,mobile,Email,product
4880,1810,2023-03-16 14:54:35,desktop,Direct,product
4881,1194,2022-12-21 04:13:12,tablet,Push Notification,search
4882,75,2021-08-26 01:38:07,mobile,Organic Search,search
4883,1715,2021-11-24 09:35:39,mobile,Email,cart
4884,1559,2020-07-23 04:28:58,tablet,Organic Search,cart
4885,1734,2021-10-23 03:03:22,mobile,Paid Social,checkout
4886,603,2023-03-27 00:45:27,desktop,Paid Social,search
4887,195,2023-08-14 17:52:22,desktop,Push Notification,home
4888,1925,2024-11-18 02:34:50,desktop,Organic Search,checkout
4889,960,2024-03-10 16:28:02,desktop,Paid Social,checkout
4890,1141,2023-11-03 16:06:42,desktop,Paid Social,home
4891,1607,2023-06-08 03:55:37,desktop,Organic Search,search
4892,421,2022-07-26 03:34:38,desktop,Email,product
4893,1267,2023-05-02 12:29:07,tablet,Paid Social,home
4894,352,2022-10-09 07:53:23,desktop,Push Notification,checkout
4895,490,2023-02-01 22:34:28,tablet,Paid Social,product
4896,487,2024-08-11 09:09:37,desktop,Organic Search,checkout
4897,1899,2021-07-20 21:27:51,desktop,Email,home
4898,627,2020-02-15 13:44:28,tablet,Ads,cart
4899,229,2023-09-10 21:43:51,desktop,Direct,cart
4900,751,2024-11-23 23:28:02,mobile,Email,product
4901,294,2023-11-02 23:45:32,tablet,Organic Search,search
4902,1505,2021-09-01 23:31:34,tablet,Ads,search
4903,1249,2021-06-30 22:28:04,desktop,Paid Social,home
4904,1746,2021-07-16 12:02:40,mobile,Organic Search,search
4905,1837,2021-10-02 08:50:03,desktop,Organic Search,home
4906,294,2020-12-13 04:03:45,tablet,Organic Search,checkout
4907,833,2020-06-15 02:13:51,desktop,Organic Search,checkout
4908,1072,2022-04-08 20:32:50,desktop,Ads,checkout
4909,779,2024-02-03 09:30:00,mobile,Ads,cart
4910,80,2021-12-15 15:53:35,tablet,Email,cart
4911,1790,2023-08-16 12:43:20,mobile,Email,home
4912,485,2021-01-14 19:38:50,desktop,Paid Social,checkout
4913,505,2020-06-19 13:31:57,tablet,Direct,cart
4914,933,2023-12-30 18:48:09,desktop,Email,home
4915,70,2023-06-19 23:42:36,mobile,Direct,home
4916,183,2020-10-20 16:54:12,tablet,Organic Search,checkout
4917,810,2024-01-25 12:46:20,mobile,Push Notification,product
4918,1397,2023-01-30 23:55:20,desktop,Paid Social,search
4919,1799,2020-02-14 07:28:02,tablet,Email,cart
4920,794,2022-09-10 14:11:53,mobile,Email,cart
4921,1277,2023-09-13 08:20:56,desktop,Email,cart
4922,1702,2023-11-03 15:05:48,mobile,Email,home
4923,1972,2022-02-02 07:44:09,mobile,Email,home
4924,118,2021-05-11 11:20:17,mobile,Paid Social,checkout
4925,1289,2020-10-20 04:34:34,mobile,Push Notification,checkout
4926,184,2020-09-03 06:01:52,mobile,Push Notification,product
4927,93,2022-10-23 12:33:57,mobile,Email,checkout
4928,887,2023-04-24 20:27:26,mobile,Paid Social,product
4929,1743,2021-12-24 09:47:57,tablet,Direct,checkout
4930,987,2024-05-16 20:13:14,desktop,Paid Social,home
4931,111,2021-12-25 11:28:28,tablet,Email,product
4932,1230,2021-06-16 02:06:29,tablet,Paid Social,product
4933,716,2021-05-10 02:33:43,tablet,Direct,product
4934,1780,2021-11-13 14:16:20,tablet,Push Notification,product
4935,184,2023-12-03 11:57:48,tablet,Paid Social,checkout
4936,1633,2020-04-02 00:23:36,mobile,Ads,home
4937,358,2021-10-02 18:18:28,desktop,Direct,product
4938,1068,2021-11-08 04:07:39,desktop,Direct,product
4939,81,2024-05-31 02:07:49,tablet,Push Notification,search
4940,744,2020-11-18 07:14:26,tablet,Paid Social,home
4941,1698,2020-08-05 13:18:53,desktop,Direct,cart
4942,1475,2021-10-03 22:38:52,mobile,Push Notification,search
4943,1689,2020-12-23 00:48:22,desktop,Organic Search,product
4944,752,2024-12-31 04:17:01,tablet,Ads,product
4945,285,2024-03-25 03:27:34,mobile,Ads,home
4946,793,2020-12-13 22:09:55,tablet,Paid Social,cart
4947,572,2020-01-11 16:40:46,desktop,Organic Search,cart
4948,1435,2021-09-30 00:48:00,desktop,Email,cart
4949,729,2024-10-18 13:05:54,desktop,Direct,cart
4950,1135,2020-10-13 04:36:34,desktop,Organic Search,cart
4951,1903,2024-02-06 01:52:58,desktop,Ads,product
4952,140,2021-01-27 17:56:53,mobile,Paid Social,search
4953,209,2022-02-19 04:00:10,mobile,Direct,product
4954,1205,2023-08-05 18:59:38,mobile,Email,product
4955,1735,2024-03-12 15:00:20,mobile,Direct,search
4956,1523,2023-11-25 21:28:39,mobile,Ads,product
4957,276,2023-10-10 21:15:24,desktop,Email,cart
4958,1817,2023-06-16 05:51:49,mobile,Paid Social,product
4959,1066,2020-07-07 23:30:11,desktop,Direct,search
4960,748,2022-05-14 02:33:41,desktop,Paid Social,product
4961,1361,2023-10-28 07:25:20,desktop,Paid Social,search
4962,14,2024-04-20 20:07:46,tablet,Ads,cart
4963,1295,2024-03-30 19:46:58,mobile,Push Notification,home
4964,1463,2022-09-26 16:42:53,tablet,Push Notification,product
4965,1531,2021-05-04 17:03:33,desktop,Email,home
4966,740,2022-02-18 13:04:25,mobile,Paid Social,product
4967,766,2022-05-15 16:53:20,mobile,Ads,product
4968,778,2024-12-08 03:59:17,tablet,Organic Search,home
4969,1848,2020-10-10 15:48:35,tablet,Email,cart
4970,1369,2024-12-28 01:49:31,desktop,Ads,cart
4971,1822,2020-12-25 16:54:08,mobile,Ads,cart
4972,1266,2022-09-30 01:53:54,tablet,Direct,checkout
4973,177,2023-06-05 14:20:09,desktop,Push Notification,cart
4974,1680,2021-08-06 04:47:48,desktop,Push Notification,cart
4975,927,2023-12-26 08:24:17,mobile,Email,checkout
4976,1351,2022-05-05 19:24:02,tablet,Direct,product
4977,741,2020-06-06 01:23:01,mobile,Ads,cart
4978,1399,2022-04-17 19:58:40,tablet,Push Notification,product
4979,769,2024-04-28 11:59:05,mobile,Direct,product
4980,1898,2024-01-06 03:16:35,desktop,Paid Social,home
4981,1573,2020-10-13 09:32:15,tablet,Email,home
4982,1117,2022-02-24 13:29:47,mobile,Ads,search
4983,1406,2022-09-11 06:46:56,mobile,Paid Social,checkout
4984,1176,2022-11-24 22:44:32,desktop,Paid Social,product
4985,1096,2022-02-16 03:00:33,tablet,Push Notification,checkout
4986,265,2020-10-07 22:38:30,tablet,Paid Social,product
4987,390,2020-12-14 08:24:43,mobile,Paid Social,product
4988,739,2023-12-07 23:09:40,mobile,Ads,product
4989,1950,2021-01-29 04:05:18,desktop,Organic Search,cart
4990,858,2022-08-06 22:49:25,mobile,Email,product
4991,996,2022-11-30 11:47:43,mobile,Paid Social,product
4992,992,2021-12-31 01:10:06,desktop,Direct,home
4993,1152,2020-11-17 16:44:13,tablet,Push Notification,cart
4994,1471,2024-03-01 19:35:50,tablet,Ads,home
4995,1553,2022-07-27 04:47:04,desktop,Direct,checkout
4996,1438,2020-11-26 23:31:42,tablet,Direct,product
4997,26,2021-12-06 00:43:04,desktop,Ads,product
4998,126,2022-12-09 04:12:40,tablet,Ads,product
4999,815,2024-10-03 23:30:44,desktop,Ads,product
5000,392,2023-09-24 14:40:12,tablet,Organic Search,search
5001,1332,2023-06-18 05:04:30,desktop,Ads,home
5002,43,2023-07-06 08:23:07,mobile,Ads,home
5003,58,2024-01-18 01:47:09,mobile,Paid Social,search
5004,1435,2023-02-26 19:19:10,desktop,Email,cart
5005,1991,2024-10-23 22:34:32,tablet,Paid Social,search
5006,711,2022-12-05 09:30:36,desktop,Push Notification,cart
5007,709,2020-10-19 12:26:10,desktop,Direct,search
5008,1438,2021-09-06 03:29:22,mobile,Ads,checkout
5009,906,2020-07-18 05:11:11,mobile,Push Notification,home
5010,1693,2024-08-21 20:18:06,mobile,Paid Social,product
5011,1331,2024-12-06 14:58:23,mobile,Organic Search,product
5012,1015,2023-09-21 10:34:23,mobile,Email,cart
5013,288,2024-01-13 07:18:33,desktop,Organic Search,product
5014,100,2022-03-05 06:19:08,mobile,Organic Search,product
5015,537,2021-04-06 12:03:05,mobile,Ads,home
5016,616,2020-11-09 22:08:02,mobile,Paid Social,cart
5017,1152,2023-11-28 08:44:08,mobile,Push Notification,search
5018,1238,2022-10-03 16:06:40,mobile,Organic Search,home
5019,1135,2022-05-26 23:16:49,desktop,Push Notification,checkout
5020,1736,2024-11-30 17:17:01,desktop,Push Notification,search
5021,28,2024-05-29 10:24:59,desktop,Email,search
5022,1586,2023-07-06 18:01:20,mobile,Organic Search,search
5023,323,2020-01-16 13:12:30,tablet,Email,checkout
5024,978,2021-12-15 12:31:10,tablet,Email,cart
5025,612,2023-02-11 05:02:39,tablet,Paid Social,search
5026,43,2021-04-27 11:31:38,desktop,Organic Search,search
5027,925,2024-09-29 15:14:44,desktop,Direct,search
5028,1272,2020-09-22 13:20:39,mobile,Ads,checkout
5029,262,2024-12-05 08:51:38,desktop,Ads,search
5030,182,2024-11-20 20:46:14,mobile,Direct,checkout
5031,1728,2021-05-04 22:33:50,desktop,Direct,cart
5032,472,2024-03-16 01:52:30,mobile,Paid Social,product
5033,1792,2023-11-02 08:00:52,desktop,Organic Search,cart
5034,1663,2022-09-29 01:01:47,desktop,Paid Social,product
5035,952,2020-12-28 11:14:38,desktop,Email,product
5036,1816,2023-07-05 19:54:39,mobile,Organic Search,product
5037,1529,2024-01-29 13:50:01,mobile,Organic Search,search
5038,1833,2023-04-25 17:09:53,desktop,Push Notification,home
5039,1762,2023-03-10 07:40:47,tablet,Organic Search,home
5040,1728,2023-05-26 09:06:42,desktop,Email,cart
5041,975,2023-04-19 05:49:42,mobile,Paid Social,home
5042,1529,2024-06-10 17:27:54,desktop,Ads,cart
5043,1857,2021-12-25 17:34:06,desktop,Ads,product
5044,694,2020-03-19 00:51:40,tablet,Direct,product
5045,868,2021-04-17 01:07:12,mobile,Paid Social,cart
5046,1147,2021-07-19 19:15:18,mobile,Push Notification,search
5047,1894,2020-08-08 21:00:03,mobile,Organic Search,cart
5048,1794,2022-01-05 08:52:06,tablet,Organic Search,product
5049,111,2020-02-22 02:27:19,tablet,Email,home
5050,882,2022-04-01 11:09:19,tablet,Email,product
5051,904,2022-05-26 15:17:18,mobile,Email,cart
5052,1092,2022-05-27 17:29:59,tablet,Email,checkout
5053,1621,2023-10-02 12:37:25,tablet,Email,home
5054,1609,2022-12-09 22:57:00,desktop,Push Notification,home
5055,839,2021-06-08 23:49:53,tablet,Push Notification,product
5056,26,2021-09-28 19:56:37,desktop,Direct,home
5057,1251,2022-12-16 14:04:10,desktop,Push Notification,home
5058,845,2024-06-04 15:02:37,desktop,Push Notification,home
5059,922,2021-06-14 18:10:49,tablet,Ads,product
5060,1434,2023-08-26 14:29:15,desktop,Organic Search,cart
5061,455,2024-01-20 13:01:25,tablet,Direct,home
5062,612,2021-04-29 07:32:11,desktop,Email,checkout
5063,1103,2024-05-23 18:37:51,desktop,Organic Search,cart
5064,1456,2021-06-10 20:38:40,mobile,Paid Social,product
5065,553,2022-01-24 07:20:53,mobile,Direct,product
5066,1607,2024-07-04 09:07:33,desktop,Ads,checkout
5067,1215,2023-09-06 14:33:33,tablet,Paid Social,product
5068,55,2022-04-03 21:56:06,tablet,Direct,home
5069,1519,2023-09-06 20:30:52,mobile,Ads,cart
5070,828,2022-03-18 15:02:02,desktop,Direct,search
5071,1028,2022-01-03 16:58:03,mobile,Direct,search
5072,87,2021-09-23 03:05:59,desktop,Direct,search
5073,1523,2021-10-24 10:22:52,desktop,Paid Social,product
5074,24,2023-10-16 17:54:08,mobile,Push Notification,search
5075,1452,2022-01-12 11:03:18,desktop,Email,search
5076,1817,2022-07-28 13:11:14,desktop,Direct,checkout
5077,1136,2023-08-12 01:24:26,tablet,Email,home
5078,245,2022-09-21 09:50:59,tablet,Ads,checkout
5079,233,2024-12-08 07:31:03,mobile,Direct,product
5080,633,2022-08-06 04:08:56,tablet,Ads,checkout
5081,1280,2024-05-22 10:57:59,mobile,Organic Search,search
5082,428,2021-02-27 11:27:49,desktop,Push Notification,home
5083,867,2024-07-02 09:22:34,desktop,Organic Search,product
5084,517,2021-01-02 23:50:59,mobile,Ads,cart
5085,1860,2023-10-30 01:35:14,desktop,Email,checkout
5086,1791,2024-11-15 18:27:43,mobile,Organic Search,cart
5087,1984,2022-11-17 15:10:42,tablet,Organic Search,home
5088,1543,2023-09-05 15:38:40,mobile,Ads,cart
5089,708,2020-08-21 18:27:42,desktop,Push Notification,home
5090,441,2022-06-17 20:56:53,tablet,Organic Search,cart
5091,138,2023-04-27 08:00:17,desktop,Paid Social,checkout
5092,533,2024-07-14 05:57:56,tablet,Organic Search,home
5093,557,2023-04-12 03:59:44,tablet,Ads,home
5094,1894,2020-12-09 17:24:35,desktop,Organic Search,search
5095,888,2023-12-07 03:07:52,desktop,Email,search
5096,200,2022-08-11 22:49:46,mobile,Ads,checkout
5097,567,2022-06-14 11:42:57,tablet,Ads,cart
5098,1253,2024-10-01 13:41:29,mobile,Direct,product
5099,1253,2024-01-30 16:34:28,mobile,Push Notification,product
5100,1679,2024-06-29 06:02:22,tablet,Organic Search,cart
5101,1121,2020-11-24 07:46:17,mobile,Ads,home
5102,1850,2023-12-25 18:39:55,mobile,Push Notification,home
5103,787,2024-04-18 23:48:39,desktop,Email,home
5104,1510,2020-06-25 00:02:48,desktop,Email,search
5105,6,2023-04-09 15:50:19,desktop,Ads,cart
5106,184,2022-04-05 07:52:03,desktop,Email,home
5107,681,2021-09-25 16:35:37,mobile,Push Notification,cart
5108,839,2024-11-16 11:40:23,desktop,Ads,search
5109,759,2020-07-03 00:12:13,desktop,Organic Search,search
5110,541,2023-08-07 20:56:33,mobile,Email,product
5111,378,2021-01-13 20:10:09,tablet,Paid Social,cart
5112,1941,2022-10-18 04:06:23,mobile,Organic Search,home
5113,35,2021-08-27 06:19:30,desktop,Direct,product
5114,168,2021-01-12 07:40:07,tablet,Organic Search,cart
5115,624,2023-02-02 08:05:47,desktop,Push Notification,search
5116,310,2024-09-08 00:53:24,mobile,Push Notification,search
5117,1381,2024-11-11 17:57:43,desktop,Email,product
5118,1364,2020-01-04 02:10:46,mobile,Organic Search,product
5119,1030,2023-11-29 23:02:20,desktop,Email,cart
5120,309,2020-06-09 19:47:19,mobile,Push Notification,product
5121,1356,2021-07-13 19:52:27,tablet,Direct,cart
5122,909,2020-09-18 12:17:58,desktop,Organic Search,checkout
5123,257,2021-12-02 17:31:31,tablet,Direct,home
5124,1568,2020-11-25 23:25:24,tablet,Paid Social,product
5125,669,2023-05-13 03:42:55,tablet,Direct,home
5126,1188,2022-02-26 10:00:26,desktop,Direct,cart
5127,138,2021-09-01 06:27:35,mobile,Push Notification,cart
5128,99,2020-10-22 02:23:36,tablet,Organic Search,product
5129,1799,2022-06-14 21:23:48,mobile,Organic Search,home
5130,1898,2024-07-09 02:25:43,tablet,Push Notification,home
5131,1193,2021-02-18 06:05:24,tablet,Push Notification,checkout
5132,1233,2022-08-19 16:05:05,mobile,Direct,search
5133,1151,2022-01-12 04:12:52,tablet,Push Notification,search
5134,491,2020-05-06 16:18:24,desktop,Push Notification,checkout
5135,237,2024-04-19 16:44:58,tablet,Ads,search
5136,427,2022-01-04 19:44:40,mobile,Ads,product
5137,1628,2022-07-25 01:34:02,tablet,Paid Social,cart
5138,1302,2023-08-31 11:19:49,mobile,Ads,product
5139,1926,2020-01-03 05:50:36,tablet,Push Notification,home
5140,1982,2023-08-31 09:13:52,desktop,Direct,cart
5141,767,2024-10-17 00:29:31,mobile,Push Notification,cart
5142,207,2022-04-30 14:09:41,desktop,Paid Social,checkout
5143,568,2024-03-14 21:03:59,tablet,Paid Social,search
5144,1997,2021-03-29 21:35:10,mobile,Organic Search,cart
5145,1961,2024-02-05 12:42:30,mobile,Email,product
5146,1664,2020-06-16 07:49:24,tablet,Direct,checkout
5147,1554,2020-09-22 19:10:14,tablet,Push Notification,product
5148,1703,2022-02-20 03:49:13,mobile,Email,home
5149,177,2023-09-23 13:51:32,tablet,Push Notification,search
5150,414,2020-01-14 23:49:20,tablet,Ads,checkout
5151,79,2023-04-25 08:19:27,desktop,Organic Search,search
5152,901,2023-06-25 07:50:41,mobile,Organic Search,cart
5153,832,2023-02-10 09:19:53,mobile,Organic Search,home
5154,1963,2023-07-19 07:45:19,tablet,Paid Social,home
5155,1445,2024-10-01 20:54:10,tablet,Ads,home
5156,1183,2020-07-01 07:22:24,desktop,Email,checkout
5157,362,2023-08-23 04:38:52,mobile,Push Notification,product
5158,1389,2024-03-12 22:00:06,tablet,Direct,cart
5159,1886,2022-04-19 01:36:46,tablet,Ads,product
5160,1731,2022-02-15 17:25:17,desktop,Direct,checkout
5161,740,2022-07-08 11:26:04,tablet,Push Notification,search
5162,1551,2021-09-27 08:42:47,mobile,Email,checkout
5163,70,2021-05-28 12:47:33,mobile,Organic Search,search
5164,1527,2023-11-16 13:19:12,tablet,Email,checkout
5165,1434,2021-01-13 06:36:41,mobile,Ads,home
5166,1979,2020-05-10 19:35:25,mobile,Paid Social,checkout
5167,351,2021-08-30 19:08:48,tablet,Organic Search,checkout
5168,1632,2022-08-25 07:53:08,mobile,Organic Search,product
5169,1447,2024-12-01 19:45:55,desktop,Direct,checkout
5170,1517,2024-05-24 19:06:55,tablet,Organic Search,checkout
5171,1649,2023-01-10 11:26:41,tablet,Ads,product
5172,1517,2020-09-11 08:33:29,desktop,Ads,search
5173,863,2022-09-15 09:17:42,tablet,Organic Search,checkout
5174,1351,2020-12-19 05:12:04,desktop,Push Notification,home
5175,1780,2020-06-24 11:45:57,desktop,Paid Social,cart
5176,683,2022-02-23 11:12:36,mobile,Ads,checkout
5177,1120,2021-06-17 02:11:50,tablet,Ads,cart
5178,864,2023-03-08 01:43:04,desktop,Paid Social,home
5179,862,2021-03-30 23:37:46,mobile,Ads,search
5180,829,2022-04-03 03:56:38,mobile,Organic Search,product
5181,1257,2023-12-31 03:31:51,mobile,Paid Social,checkout
5182,376,2022-03-09 03:11:01,mobile,Push Notification,cart
5183,1048,2024-04-04 05:05:21,mobile,Direct,home
5184,1473,2020-03-05 15:58:58,desktop,Direct,search
5185,517,2023-04-29 01:05:46,tablet,Ads,cart
5186,690,2023-03-23 05:22:29,tablet,Email,cart
5187,1935,2020-01-10 17:39:23,desktop,Organic Search,cart
5188,1894,2020-05-26 19:31:41,tablet,Email,cart
5189,1738,2021-12-17 13:32:12,mobile,Email,cart
5190,1,2022-07-19 08:15:56,mobile,Email,product
5191,1102,2024-05-27 18:17:58,desktop,Push Notification,cart
5192,1760,2023-11-02 18:04:18,desktop,Paid Social,checkout
5193,3,2021-08-21 05:24:31,tablet,Paid Social,search
5194,1447,2022-07-17 08:25:43,mobile,Push Notification,home
5195,1566,2021-06-29 21:23:45,desktop,Push Notification,search
5196,137,2022-08-28 17:23:39,mobile,Push Notification,search
5197,377,2024-02-08 19:42:26,tablet,Email,checkout
5198,1110,2022-02-20 16:15:35,tablet,Ads,cart
5199,969,2022-10-13 22:06:56,mobile,Ads,cart
5200,213,2020-05-29 06:35:23,mobile,Push Notification,product
5201,1529,2021-12-19 19:31:21,tablet,Ads,product
5202,103,2021-10-01 09:42:34,tablet,Paid Social,home
5203,1851,2024-02-07 10:31:37,desktop,Organic Search,search
5204,554,2024-03-01 05:45:04,desktop,Push Notification,cart
5205,528,2022-05-02 13:54:25,tablet,Paid Social,search
5206,520,2021-07-19 00:51:31,tablet,Ads,search
5207,1173,2022-06-10 13:46:27,tablet,Push Notification,search
5208,584,2021-09-27 23:21:02,mobile,Paid Social,product
5209,1545,2021-07-28 14:07:02,mobile,Direct,home
5210,1758,2024-01-28 17:02:12,tablet,Ads,product
5211,542,2021-03-01 09:30:05,tablet,Push Notification,product
5212,998,2020-11-10 21:09:30,desktop,Ads,checkout
5213,1014,2020-12-26 00:30:02,mobile,Organic Search,product
5214,1982,2020-03-25 13:04:20,mobile,Direct,product
5215,620,2020-11-30 08:21:21,desktop,Email,search
5216,287,2022-07-25 03:21:39,mobile,Organic Search,search
5217,1975,2021-05-26 15:09:39,mobile,Ads,search
5218,258,2023-09-11 23:16:23,tablet,Organic Search,checkout
5219,659,2023-05-09 13:02:34,tablet,Email,cart
5220,860,2020-03-13 14:14:03,tablet,Ads,cart
5221,432,2020-07-05 10:32:58,tablet,Email,home
5222,1526,2024-06-01 16:14:30,mobile,Direct,checkout
5223,967,2021-09-05 18:40:54,mobile,Organic Search,product
5224,1358,2021-09-21 04:45:16,desktop,Push Notification,cart
5225,1846,2023-03-19 12:50:34,tablet,Paid Social,home
5226,656,2024-07-23 19:32:01,tablet,Direct,cart
5227,1358,2020-05-12 13:26:27,desktop,Ads,product
5228,523,2020-08-01 18:19:02,mobile,Paid Social,search
5229,499,2021-03-01 06:55:31,mobile,Push Notification,home
5230,1518,2023-02-08 17:24:41,tablet,Paid Social,cart
5231,1390,2023-05-15 06:21:45,desktop,Push Notification,product
5232,1406,2021-04-02 13:44:52,tablet,Organic Search,product
5233,904,2022-08-01 00:50:40,mobile,Direct,checkout
5234,400,2020-05-30 07:26:18,mobile,Email,checkout
5235,1241,2024-07-07 22:02:17,tablet,Paid Social,home
5236,349,2022-07-18 23:11:53,mobile,Paid Social,cart
5237,1961,2022-07-15 21:41:17,desktop,Organic Search,product
5238,1344,2022-02-01 23:31:36,tablet,Organic Search,cart
5239,1954,2021-08-29 23:26:45,mobile,Ads,search
5240,579,2024-01-06 13:29:16,mobile,Organic Search,cart
5241,1101,2022-04-25 12:43:03,mobile,Direct,home
5242,1968,2021-03-08 22:33:47,desktop,Ads,product
5243,1892,2020-08-17 17:51:50,tablet,Direct,product
5244,1698,2022-07-01 01:00:43,mobile,Organic Search,cart
5245,548,2021-04-28 11:17:30,mobile,Paid Social,checkout
5246,1884,2021-01-11 04:16:23,tablet,Direct,search
5247,1134,2020-03-11 15:04:52,tablet,Paid Social,product
5248,711,2022-09-04 05:42:15,mobile,Organic Search,home
5249,601,2023-03-09 13:29:12,tablet,Paid Social,checkout
5250,743,2020-07-12 16:27:51,desktop,Push Notification,checkout
5251,1380,2020-09-06 00:50:50,mobile,Push Notification,checkout
5252,1575,2024-02-28 16:42:51,tablet,Email,cart
5253,4,2024-04-03 04:07:49,mobile,Paid Social,cart
5254,1237,2024-05-17 08:03:15,desktop,Ads,home
5255,862,2024-05-30 03:35:56,desktop,Paid Social,cart
5256,710,2024-11-23 09:06:04,desktop,Email,search
5257,1556,2022-01-21 09:04:48,mobile,Email,product
5258,727,2023-01-14 11:08:41,tablet,Organic Search,search
5259,1829,2020-01-21 20:02:59,mobile,Organic Search,product
5260,1450,2024-02-07 00:23:57,tablet,Ads,checkout
5261,1196,2023-03-14 15:10:34,desktop,Paid Social,search
5262,1599,2024-04-26 14:33:14,mobile,Paid Social,cart
5263,646,2024-03-17 05:33:34,desktop,Ads,checkout
5264,656,2022-07-03 14:48:53,desktop,Ads,home
5265,1201,2023-03-29 00:10:17,tablet,Organic Search,checkout
5266,1456,2024-10-26 21:49:09,desktop,Organic Search,home
5267,265,2021-01-07 00:47:43,desktop,Paid Social,home
5268,453,2020-11-26 22:45:53,tablet,Email,cart
5269,1309,2020-09-23 16:33:14,desktop,Organic Search,cart
5270,1138,2023-03-17 12:04:34,desktop,Paid Social,product
5271,937,2022-03-09 20:17:26,desktop,Email,product
5272,576,2024-08-19 15:06:21,tablet,Push Notification,home
5273,1668,2022-07-29 22:12:37,tablet,Paid Social,product
5274,875,2024-12-30 04:15:22,tablet,Ads,search
5275,273,2024-11-06 16:18:06,mobile,Push Notification,checkout
5276,1966,2024-06-03 23:56:06,tablet,Direct,product
5277,1988,2021-05-08 00:00:22,tablet,Email,product
5278,77,2022-09-02 01:25:56,tablet,Organic Search,checkout
5279,1023,2021-02-11 15:25:07,mobile,Email,checkout
5280,95,2023-07-10 05:39:08,mobile,Ads,product
5281,1664,2024-02-28 02:50:28,tablet,Organic Search,home
5282,588,2023-09-12 21:13:21,mobile,Ads,search
5283,1170,2023-07-07 18:49:38,desktop,Email,search
5284,1530,2020-05-02 04:04:29,mobile,Organic Search,product
5285,166,2023-01-30 02:37:02,desktop,Push Notification,product
5286,1624,2022-03-25 01:34:44,tablet,Email,product
5287,1847,2022-08-05 14:06:17,mobile,Direct,home
5288,464,2022-08-16 16:18:30,tablet,Push Notification,product
5289,771,2020-09-18 05:35:24,tablet,Direct,checkout
5290,675,2024-08-11 14:47:22,mobile,Ads,search
5291,1570,2023-01-30 18:08:33,mobile,Ads,cart
5292,1067,2023-01-05 18:31:23,mobile,Email,home
5293,1635,2022-12-31 21:25:33,mobile,Push Notification,cart
5294,384,2022-10-24 16:09:21,mobile,Direct,search
5295,16,2020-06-17 16:30:37,desktop,Direct,search
5296,482,2023-07-29 23:04:44,mobile,Paid Social,checkout
5297,1066,2020-08-29 18:30:15,tablet,Ads,checkout
5298,1909,2023-08-20 07:47:52,mobile,Direct,search
5299,56,2023-12-28 00:58:02,desktop,Organic Search,product
5300,216,2022-04-27 16:21:48,mobile,Paid Social,search
5301,1166,2022-01-24 18:16:35,desktop,Email,home
5302,1109,2023-04-14 03:50:17,tablet,Paid Social,product
5303,736,2022-12-29 19:33:16,mobile,Ads,search
5304,1479,2021-08-28 09:55:28,desktop,Organic Search,product
5305,1248,2024-08-19 05:39:15,mobile,Push Notification,product
5306,1485,2020-11-26 17:37:31,tablet,Paid Social,search
5307,241,2024-11-28 23:34:49,desktop,Direct,home
5308,78,2024-11-24 08:45:57,mobile,Paid Social,product
5309,1460,2022-08-13 01:59:02,desktop,Organic Search,checkout
5310,561,2022-12-06 16:59:59,mobile,Ads,search
5311,1790,2020-02-20 19:00:10,desktop,Ads,cart
5312,351,2023-04-11 17:30:12,tablet,Push Notification,product
5313,481,2022-09-17 14:08:48,desktop,Direct,search
5314,1933,2022-08-16 17:12:11,tablet,Ads,search
5315,1158,2020-12-03 01:39:03,tablet,Organic Search,search
5316,1024,2024-06-03 08:54:02,desktop,Ads,checkout
5317,1282,2021-01-17 08:21:06,mobile,Paid Social,cart
5318,362,2024-08-23 06:22:08,mobile,Organic Search,search
5319,706,2024-05-26 01:14:11,tablet,Ads,checkout
5320,413,2023-05-30 10:05:35,desktop,Paid Social,cart
5321,1523,2023-07-23 07:05:49,desktop,Paid Social,product
5322,814,2024-03-01 13:47:35,desktop,Ads,product
5323,355,2021-02-26 21:25:47,mobile,Organic Search,cart
5324,777,2020-08-20 09:59:22,mobile,Ads,home
5325,1525,2022-03-05 15:45:59,mobile,Push Notification,home
5326,810,2022-03-03 03:20:44,tablet,Ads,cart
5327,1911,2020-01-13 21:34:50,mobile,Ads,checkout
5328,1774,2021-05-23 01:05:21,tablet,Direct,home
5329,420,2023-01-25 09:00:42,tablet,Direct,search
5330,593,2023-06-13 07:19:46,tablet,Paid Social,home
5331,478,2021-04-03 04:31:46,mobile,Push Notification,search
5332,863,2021-12-14 03:04:15,tablet,Paid Social,product
5333,1843,2020-03-03 07:25:00,tablet,Paid Social,home
5334,1526,2020-12-16 04:16:03,desktop,Push Notification,home
5335,1263,2022-04-01 01:33:17,tablet,Ads,search
5336,1067,2020-05-14 14:30:17,mobile,Push Notification,checkout
5337,1346,2021-09-05 17:04:52,desktop,Email,cart
5338,1034,2024-12-13 18:02:08,mobile,Push Notification,search
5339,819,2022-12-29 01:08:07,desktop,Organic Search,home
5340,871,2022-06-17 04:26:00,desktop,Ads,checkout
5341,416,2023-07-17 12:43:31,tablet,Paid Social,home
5342,369,2022-02-10 10:38:37,desktop,Organic Search,cart
5343,1025,2024-07-25 15:06:15,tablet,Push Notification,home
5344,1042,2020-05-12 23:15:02,tablet,Direct,search
5345,1373,2023-01-29 20:19:05,tablet,Email,checkout
5346,1103,2020-11-16 18:48:04,tablet,Direct,checkout
5347,754,2023-09-01 19:43:14,desktop,Paid Social,home
5348,1182,2021-02-20 05:39:06,desktop,Push Notification,search
5349,318,2024-04-04 12:12:40,tablet,Direct,cart
5350,1096,2024-05-13 04:20:39,tablet,Ads,cart
5351,1697,2020-12-12 18:21:10,desktop,Email,product
5352,745,2021-07-24 06:36:40,mobile,Paid Social,cart
5353,856,2021-04-03 02:57:15,mobile,Push Notification,checkout
5354,1843,2020-12-23 01:29:17,desktop,Paid Social,search
5355,644,2024-10-03 01:40:27,tablet,Push Notification,product
5356,262,2024-03-19 14:07:30,tablet,Email,cart
5357,357,2022-06-02 02:36:43,mobile,Organic Search,cart
5358,187,2022-10-10 03:42:52,desktop,Push Notification,search
5359,134,2021-08-03 10:51:43,tablet,Direct,home
5360,456,2021-01-17 14:11:42,desktop,Paid Social,product
5361,1623,2021-09-18 16:43:14,tablet,Ads,home
5362,1594,2023-11-11 19:52:02,desktop,Paid Social,home
5363,151,2022-02-01 09:30:03,desktop,Push Notification,search
5364,958,2020-03-02 06:23:08,tablet,Ads,home
5365,1763,2020-05-02 06:57:05,tablet,Ads,search
5366,359,2023-07-30 13:59:22,desktop,Paid Social,checkout
5367,1105,2024-02-26 02:45:35,desktop,Direct,checkout
5368,1992,2020-09-03 02:50:39,mobile,Paid Social,home
5369,1032,2022-01-07 07:59:01,tablet,Paid Social,product
5370,1554,2021-10-15 17:44:59,desktop,Push Notification,search
5371,14,2020-09-03 21:23:30,desktop,Push Notification,product
5372,193,2024-12-05 17:26:56,desktop,Push Notification,cart
5373,947,2020-07-29 10:43:46,desktop,Push Notification,home
5374,177,2022-06-14 05:29:43,desktop,Paid Social,search
5375,1517,2020-12-03 18:31:12,tablet,Paid Social,search
5376,564,2021-05-05 11:50:35,desktop,Ads,cart
5377,985,2020-02-09 18:59:57,desktop,Ads,product
5378,544,2020-02-11 13:29:18,tablet,Organic Search,product
5379,309,2022-09-04 02:52:11,mobile,Push Notification,product
5380,1360,2020-12-09 11:02:00,desktop,Paid Social,search
5381,701,2021-03-22 20:43:13,desktop,Push Notification,product
5382,875,2023-01-02 00:18:18,mobile,Organic Search,checkout
5383,1175,2022-07-01 19:04:21,mobile,Push Notification,product
5384,154,2020-04-02 07:10:27,mobile,Direct,cart
5385,611,2024-11-20 12:30:06,mobile,Email,home
5386,722,2022-10-06 21:05:27,mobile,Email,product
5387,54,2020-04-04 15:16:16,tablet,Organic Search,search
5388,965,2023-11-29 21:12:47,desktop,Organic Search,checkout
5389,1191,2023-03-03 22:15:23,mobile,Organic Search,product
5390,407,2021-03-26 03:04:43,tablet,Ads,product
5391,177,2020-10-08 18:58:37,mobile,Paid Social,checkout
5392,259,2020-06-17 21:39:28,desktop,Organic Search,search
5393,1355,2021-01-16 03:01:37,desktop,Paid Social,search
5394,1606,2024-11-24 10:18:33,desktop,Email,home
5395,7,2022-03-30 12:56:55,tablet,Direct,search
5396,239,2022-11-04 07:15:28,mobile,Ads,home
5397,692,2022-02-26 11:51:09,desktop,Push Notification,search
5398,760,2024-05-14 03:50:55,mobile,Email,cart
5399,1478,2020-10-13 15:15:03,desktop,Ads,product
5400,222,2021-06-16 14:31:11,desktop,Direct,home
5401,1779,2021-04-01 02:51:42,tablet,Ads,cart
5402,494,2024-01-02 10:41:20,tablet,Organic Search,home
5403,1041,2024-07-19 10:42:29,tablet,Ads,product
5404,1206,2021-01-19 03:50:45,tablet,Direct,cart
5405,1363,2021-11-30 06:19:03,desktop,Paid Social,product
5406,1776,2024-04-24 18:52:36,mobile,Direct,cart
5407,1046,2024-03-16 11:53:48,mobile,Organic Search,home
5408,1294,2021-12-14 11:46:10,tablet,Organic Search,product
5409,1736,2024-10-01 10:33:08,mobile,Push Notification,product
5410,1843,2020-01-25 15:35:21,desktop,Direct,home
5411,1767,2020-09-22 07:51:26,desktop,Direct,search
5412,1101,2022-09-26 08:49:03,desktop,Push Notification,checkout
5413,29,2022-07-06 08:05:45,tablet,Email,search
5414,1895,2022-06-03 09:29:42,desktop,Push Notification,checkout
5415,1661,2020-10-19 06:11:35,desktop,Push Notification,checkout
5416,896,2023-02-27 22:28:07,mobile,Email,checkout
5417,1820,2020-06-09 23:05:20,tablet,Push Notification,product
5418,557,2023-03-23 09:52:20,mobile,Email,search
5419,1692,2021-10-24 01:41:33,desktop,Organic Search,home
5420,178,2021-07-09 12:40:37,desktop,Direct,search
5421,391,2024-08-26 04:52:43,tablet,Push Notification,product
5422,1783,2022-09-28 19:44:09,tablet,Push Notification,home
5423,434,2022-07-14 03:18:18,mobile,Direct,search
5424,1228,2024-01-15 05:26:08,desktop,Push Notification,search
5425,864,2024-04-05 05:10:35,tablet,Ads,checkout
5426,922,2023-12-20 02:37:16,desktop,Ads,home
5427,110,2024-09-15 16:51:35,desktop,Direct,checkout
5428,1432,2024-01-11 17:43:29,desktop,Push Notification,product
5429,1661,2023-05-14 07:16:17,mobile,Push Notification,search
5430,995,2024-01-15 17:55:22,desktop,Organic Search,search
5431,296,2022-02-27 16:51:08,desktop,Ads,product
5432,941,2021-04-01 19:07:31,tablet,Email,home
5433,39,2023-03-23 14:24:21,mobile,Direct,cart
5434,735,2024-03-21 23:48:49,mobile,Organic Search,checkout
5435,1198,2021-09-07 20:24:11,desktop,Push Notification,checkout
5436,940,2021-04-19 06:08:35,tablet,Paid Social,product
5437,1386,2020-04-03 06:50:46,mobile,Paid Social,checkout
5438,762,2020-10-08 03:47:47,mobile,Email,home
5439,1956,2024-01-09 01:32:53,desktop,Email,home
5440,407,2021-12-12 18:46:56,desktop,Paid Social,home
5441,917,2023-07-04 08:56:58,tablet,Paid Social,search
5442,616,2024-10-12 07:19:00,mobile,Organic Search,product
5443,431,2021-03-31 10:44:21,mobile,Direct,product
5444,1664,2024-12-22 20:46:20,desktop,Ads,home
5445,781,2021-04-08 04:33:57,mobile,Push Notification,product
5446,458,2020-08-04 11:31:25,tablet,Push Notification,cart
5447,253,2021-01-30 18:18:20,mobile,Organic Search,cart
5448,1171,2021-06-18 06:23:31,tablet,Email,checkout
5449,1169,2023-12-13 10:36:29,mobile,Push Notification,cart
5450,1914,2022-08-03 07:37:50,mobile,Email,checkout
5451,588,2020-04-11 19:29:01,tablet,Direct,product
5452,211,2021-10-13 10:23:12,mobile,Direct,checkout
5453,114,2024-09-25 01:08:44,desktop,Email,cart
5454,1740,2022-01-27 15:49:51,desktop,Direct,cart
5455,1335,2020-05-13 08:44:21,tablet,Direct,home
5456,930,2024-07-04 09:00:01,desktop,Ads,checkout
5457,1205,2022-06-21 20:25:35,tablet,Paid Social,checkout
5458,1662,2024-03-09 00:01:02,desktop,Direct,product
5459,960,2023-08-30 20:47:07,mobile,Ads,search
5460,1400,2022-02-08 13:25:45,tablet,Organic Search,home
5461,1136,2020-03-01 20:01:14,desktop,Paid Social,checkout
5462,913,2024-07-30 01:19:29,mobile,Email,cart
5463,1480,2022-01-07 11:24:54,tablet,Paid Social,home
5464,416,2022-03-06 15:01:00,tablet,Organic Search,search
5465,1714,2020-09-09 16:16:42,desktop,Direct,home
5466,1370,2021-05-31 06:33:29,tablet,Email,cart
5467,1335,2020-01-19 08:06:34,desktop,Ads,home
5468,947,2024-01-17 09:14:56,tablet,Email,product
5469,1035,2024-04-06 10:10:08,mobile,Direct,home
5470,1163,2021-05-15 02:42:59,mobile,Paid Social,search
5471,1414,2023-09-28 20:33:11,desktop,Push Notification,checkout
5472,588,2024-01-30 16:35:11,desktop,Email,product
5473,1916,2022-07-28 06:34:47,tablet,Organic Search,search
5474,291,2023-01-11 07:40:00,mobile,Ads,search
5475,1545,2023-06-15 07:04:36,mobile,Ads,checkout
5476,721,2021-11-21 17:36:06,tablet,Paid Social,checkout
5477,634,2020-05-11 10:09:41,mobile,Ads,product
5478,967,2021-02-13 15:23:24,tablet,Paid Social,checkout
5479,1566,2023-09-12 12:09:20,mobile,Direct,search
5480,1549,2023-09-12 04:03:12,mobile,Email,home
5481,275,2021-07-10 11:18:54,desktop,Direct,search
5482,1731,2023-06-08 02:06:18,tablet,Push Notification,checkout
5483,392,2022-01-24 00:50:18,tablet,Email,checkout
5484,455,2022-08-25 20:47:40,desktop,Paid Social,product
5485,1953,2022-10-04 04:55:05,mobile,Paid Social,product
5486,1334,2020-12-20 09:19:24,tablet,Paid Social,checkout
5487,1332,2020-02-14 14:25:23,tablet,Ads,cart
5488,672,2023-04-03 09:09:17,tablet,Direct,cart
5489,815,2023-11-07 21:38:42,desktop,Organic Search,home
5490,1854,2024-11-06 12:50:34,tablet,Paid Social,home
5491,1895,2023-02-01 13:57:20,tablet,Ads,product
5492,787,2021-08-23 05:54:19,mobile,Paid Social,product
5493,11,2022-09-11 02:13:05,tablet,Paid Social,home
5494,1801,2023-12-14 23:14:54,desktop,Push Notification,checkout
5495,1606,2020-06-19 05:58:17,tablet,Push Notification,cart
5496,1274,2020-12-12 15:07:29,mobile,Push Notification,cart
5497,162,2023-05-30 11:14:41,mobile,Paid Social,search
5498,1919,2020-01-20 18:08:58,tablet,Email,search
5499,1224,2020-05-29 12:58:30,mobile,Ads,search
5500,1752,2022-03-04 01:05:24,desktop,Organic Search,checkout
5501,1461,2021-08-13 20:44:08,tablet,Push Notification,checkout
5502,1893,2024-06-03 15:49:21,mobile,Organic Search,search
5503,1093,2023-04-04 10:31:39,tablet,Ads,home
5504,187,2021-03-11 10:34:49,mobile,Organic Search,product
5505,177,2023-04-05 02:26:51,desktop,Push Notification,cart
5506,578,2024-10-09 13:49:09,mobile,Ads,product
5507,460,2023-11-27 04:07:36,tablet,Paid Social,home
5508,487,2022-07-24 00:56:59,desktop,Email,cart
5509,193,2024-10-16 05:07:02,desktop,Push Notification,cart
5510,1170,2020-03-02 23:40:00,desktop,Organic Search,cart
5511,1567,2020-04-25 04:00:46,tablet,Paid Social,product
5512,145,2020-02-10 05:12:22,mobile,Push Notification,search
5513,385,2024-12-30 10:08:02,desktop,Email,checkout
5514,1017,2021-03-26 19:30:45,tablet,Email,product
5515,1832,2020-02-25 13:12:41,mobile,Email,cart
5516,1307,2021-03-22 17:45:24,mobile,Ads,search
5517,1791,2023-06-08 05:42:05,tablet,Ads,search
5518,1574,2022-06-17 08:32:24,mobile,Direct,product
5519,1893,2020-07-12 20:42:22,desktop,Ads,search
5520,1701,2020-09-26 09:54:57,mobile,Organic Search,product
5521,1404,2023-06-13 15:05:42,desktop,Push Notification,search
5522,1779,2024-11-02 10:37:04,desktop,Direct,checkout
5523,243,2020-02-01 12:49:52,tablet,Email,product
5524,1596,2021-08-28 04:47:44,desktop,Email,product
5525,1444,2021-07-13 23:11:12,desktop,Direct,checkout
5526,1857,2022-10-10 21:42:14,mobile,Ads,product
5527,205,2021-01-01 19:13:18,desktop,Paid Social,product
5528,1068,2023-11-12 06:15:36,tablet,Organic Search,search
5529,1482,2022-06-08 21:26:59,desktop,Email,home
5530,1790,2023-12-04 23:10:42,desktop,Push Notification,search
5531,999,2022-08-10 03:49:23,mobile,Email,checkout
5532,1644,2024-02-03 20:18:46,tablet,Organic Search,cart
5533,1003,2024-01-11 01:15:26,tablet,Direct,cart
5534,1158,2023-04-30 17:10:30,desktop,Email,product
5535,1430,2021-09-26 11:42:37,desktop,Direct,home
5536,1686,2024-04-09 04:21:10,tablet,Direct,search
5537,1577,2024-11-09 00:12:46,tablet,Organic Search,cart
5538,661,2024-09-08 20:18:08,mobile,Email,checkout
5539,1288,2021-02-10 21:13:31,mobile,Organic Search,checkout
5540,789,2022-02-03 22:47:22,mobile,Paid Social,checkout
5541,1041,2023-03-26 00:57:41,tablet,Organic Search,product
5542,653,2024-12-29 01:59:41,tablet,Organic Search,product
5543,316,2020-03-13 00:41:05,desktop,Direct,home
5544,1379,2023-09-08 04:24:12,mobile,Paid Social,search
5545,191,2024-12-22 23:34:28,tablet,Direct,checkout
5546,752,2020-04-26 20:26:45,tablet,Ads,cart
5547,959,2023-10-09 23:59:28,desktop,Organic Search,home
5548,626,2022-02-07 15:28:34,desktop,Paid Social,checkout
5549,1828,2024-07-22 01:31:30,mobile,Push Notification,product
5550,410,2020-07-12 13:05:30,tablet,Organic Search,cart
5551,506,2022-05-28 12:43:43,mobile,Paid Social,checkout
5552,912,2023-08-22 10:23:41,tablet,Ads,cart
5553,1489,2021-07-19 22:26:19,tablet,Organic Search,checkout
5554,1177,2021-05-19 21:45:00,mobile,Direct,home
5555,482,2021-02-24 01:53:38,mobile,Ads,search
5556,1483,2021-08-30 13:15:11,mobile,Organic Search,home
5557,918,2024-12-04 19:02:36,mobile,Direct,checkout
5558,1775,2021-10-02 04:24:51,tablet,Paid Social,cart
5559,303,2020-05-31 02:31:16,tablet,Organic Search,checkout
5560,1189,2021-12-17 14:25:43,mobile,Email,search
5561,1445,2021-09-18 03:34:24,mobile,Organic Search,search
5562,597,2021-09-19 23:44:22,desktop,Ads,home
5563,1232,2021-12-29 15:54:49,tablet,Paid Social,cart
5564,1109,2022-03-12 01:59:53,tablet,Organic Search,cart
5565,1516,2024-10-16 19:37:05,tablet,Direct,search
5566,897,2024-03-18 16:02:35,tablet,Email,home
5567,929,2021-05-01 13:41:36,mobile,Ads,search
5568,1487,2024-06-03 18:56:56,desktop,Ads,product
5569,712,2022-06-18 02:38:49,tablet,Push Notification,cart
5570,773,2020-09-25 11:00:10,desktop,Paid Social,home
5571,643,2020-12-18 06:20:56,tablet,Email,search
5572,1470,2020-12-09 14:37:50,tablet,Ads,home
5573,1031,2024-02-04 14:39:28,mobile,Push Notification,product
5574,64,2020-05-03 02:58:32,desktop,Email,product
5575,1190,2022-11-02 07:45:34,tablet,Direct,product
5576,1349,2021-02-01 06:38:43,mobile,Email,product
5577,863,2024-06-04 21:53:45,desktop,Paid Social,search
5578,331,2020-09-16 12:44:02,desktop,Paid Social,checkout
5579,1888,2022-02-19 18:01:55,mobile,Direct,home
5580,1235,2021-07-11 18:45:34,mobile,Direct,product
5581,1915,2022-01-01 15:18:16,tablet,Email,search
5582,1858,2023-12-15 12:20:49,tablet,Ads,checkout
5583,1696,2020-09-29 00:07:23,mobile,Ads,home
5584,1930,2023-10-01 21:16:32,mobile,Organic Search,checkout
5585,1271,2021-01-27 08:58:40,tablet,Paid Social,cart
5586,646,2023-06-18 09:38:18,desktop,Email,checkout
5587,138,2023-04-20 20:38:11,tablet,Direct,search
5588,1878,2023-07-16 02:55:51,desktop,Push Notification,cart
5589,1725,2024-02-15 01:30:26,desktop,Email,home
5590,1707,2024-04-24 22:28:06,tablet,Ads,cart
5591,1443,2023-02-27 06:29:34,desktop,Push Notification,search
5592,1177,2021-06-13 06:44:41,tablet,Direct,home
5593,1659,2022-08-21 01:41:52,mobile,Push Notification,search
5594,1374,2021-10-19 22:10:07,tablet,Ads,product
5595,545,2023-10-12 09:26:31,desktop,Ads,cart
5596,492,2022-03-18 19:45:01,tablet,Push Notification,search
5597,1966,2022-08-18 03:07:42,mobile,Paid Social,product
5598,665,2022-11-07 12:56:22,mobile,Direct,checkout
5599,289,2023-03-29 02:10:01,mobile,Ads,checkout
5600,627,2023-05-18 21:22:18,tablet,Push Notification,product
5601,883,2024-08-26 00:38:13,desktop,Email,product
5602,1134,2022-06-09 13:10:01,desktop,Ads,home
5603,914,2022-05-02 04:44:39,mobile,Ads,product
5604,1483,2022-06-07 23:18:24,tablet,Organic Search,cart
5605,1701,2023-08-10 12:05:44,mobile,Paid Social,checkout
5606,1515,2024-12-18 10:28:42,mobile,Paid Social,home
5607,231,2022-03-03 18:32:23,desktop,Direct,home
5608,1155,2023-02-14 04:53:54,tablet,Direct,checkout
5609,1472,2022-08-17 00:53:03,tablet,Ads,product
5610,1433,2023-11-01 01:38:11,desktop,Email,cart
5611,1921,2022-03-08 21:37:24,tablet,Email,search
5612,284,2024-11-25 17:56:21,desktop,Organic Search,cart
5613,1853,2020-03-07 09:56:28,desktop,Organic Search,cart
5614,66,2022-07-11 22:00:42,desktop,Push Notification,home
5615,1231,2022-12-31 14:26:57,desktop,Email,product
5616,1518,2024-04-20 15:46:13,tablet,Email,search
5617,1755,2024-12-01 21:17:03,tablet,Direct,search
5618,1787,2020-08-27 11:46:52,tablet,Organic Search,home
5619,1650,2021-03-28 04:43:48,desktop,Paid Social,cart
5620,992,2020-05-22 08:55:20,tablet,Direct,home
5621,1531,2023-10-04 03:09:45,desktop,Direct,cart
5622,173,2021-10-19 22:11:50,tablet,Push Notification,search
5623,154,2023-08-08 13:32:56,desktop,Direct,cart
5624,1081,2023-07-07 03:23:28,tablet,Organic Search,cart
5625,933,2024-04-23 16:38:49,tablet,Direct,checkout
5626,1193,2023-03-10 05:47:15,tablet,Ads,cart
5627,1926,2024-10-25 10:45:41,mobile,Organic Search,checkout
5628,915,2024-05-02 22:19:27,tablet,Email,home
5629,1482,2023-07-05 07:28:45,mobile,Paid Social,home
5630,93,2021-02-21 02:59:01,tablet,Direct,search
5631,767,2020-11-29 10:18:14,mobile,Push Notification,checkout
5632,134,2022-05-12 02:14:47,tablet,Push Notification,checkout
5633,906,2020-01-10 13:08:44,tablet,Organic Search,search
5634,596,2023-09-19 14:09:01,desktop,Ads,checkout
5635,1749,2021-02-14 04:10:13,mobile,Email,cart
5636,405,2021-04-30 11:04:37,mobile,Ads,checkout
5637,875,2023-01-07 08:11:43,tablet,Email,checkout
5638,183,2023-04-29 20:52:34,tablet,Organic Search,search
5639,1105,2021-04-21 10:13:50,desktop,Ads,product
5640,1117,2024-07-18 14:38:56,mobile,Email,product
5641,907,2020-12-08 18:59:42,mobile,Direct,home
5642,1597,2024-07-22 16:02:08,desktop,Ads,cart
5643,939,2023-01-06 01:35:31,tablet,Ads,product
5644,1464,2023-06-08 12:15:33,mobile,Paid Social,search
5645,455,2024-06-24 14:23:01,desktop,Email,cart
5646,1272,2021-03-21 21:00:12,tablet,Organic Search,home
5647,1470,2021-08-01 17:49:54,desktop,Ads,search
5648,162,2022-08-01 09:39:26,mobile,Paid Social,product
5649,1518,2024-10-24 20:38:09,tablet,Direct,checkout
5650,921,2021-10-15 07:37:58,desktop,Paid Social,checkout
5651,913,2022-09-17 18:40:37,tablet,Paid Social,search
5652,1181,2022-04-26 10:18:44,mobile,Push Notification,cart
5653,1091,2021-06-16 16:36:01,desktop,Ads,search
5654,1937,2024-07-02 07:21:22,desktop,Direct,checkout
5655,388,2024-05-28 00:29:44,desktop,Push Notification,product
5656,356,2022-01-16 03:05:32,mobile,Email,cart
5657,1960,2021-10-07 09:07:11,desktop,Ads,checkout
5658,1813,2021-05-12 14:10:45,tablet,Push Notification,product
5659,1296,2022-08-30 03:28:45,desktop,Email,checkout
5660,1020,2020-05-11 01:18:43,desktop,Ads,search
5661,1458,2022-12-19 16:32:36,tablet,Direct,home
5662,1164,2021-08-14 12:50:37,mobile,Push Notification,cart
5663,1652,2024-11-05 05:55:08,mobile,Direct,cart
5664,1759,2023-04-02 13:08:54,tablet,Email,home
5665,1036,2022-12-19 12:56:21,mobile,Paid Social,product
5666,33,2020-05-04 20:07:10,desktop,Organic Search,checkout
5667,1191,2021-11-17 07:18:11,mobile,Ads,product
5668,704,2022-11-17 05:14:53,tablet,Ads,checkout
5669,673,2021-01-21 06:58:32,tablet,Direct,search
5670,2,2024-06-07 03:24:33,tablet,Email,checkout
5671,750,2023-08-16 19:06:53,desktop,Paid Social,cart
5672,1611,2020-07-18 11:00:35,desktop,Ads,cart
5673,433,2024-12-12 17:52:54,mobile,Ads,home
5674,1661,2022-08-05 13:27:50,desktop,Ads,cart
5675,1941,2024-10-14 03:59:10,tablet,Paid Social,search
5676,1678,2024-09-15 09:21:51,tablet,Organic Search,checkout
5677,114,2024-09-07 04:51:11,tablet,Paid Social,cart
5678,1175,2024-03-14 07:20:22,tablet,Direct,home
5679,824,2021-09-02 06:03:25,desktop,Ads,search
5680,1631,2022-07-30 07:53:21,mobile,Email,search
5681,1082,2023-11-04 12:39:42,mobile,Ads,search
5682,1682,2024-11-03 22:02:56,mobile,Direct,search
5683,819,2021-07-30 18:05:01,tablet,Ads,cart
5684,257,2022-10-03 07:30:52,tablet,Email,cart
5685,1615,2020-07-10 05:06:39,desktop,Direct,cart
5686,896,2021-09-15 18:50:36,desktop,Paid Social,product
5687,1968,2024-04-07 12:38:12,desktop,Email,checkout
5688,1301,2023-08-28 05:02:40,desktop,Email,home
5689,1651,2024-04-23 14:56:17,mobile,Ads,search
5690,430,2022-10-29 03:12:15,mobile,Push Notification,checkout
5691,51,2024-02-15 22:22:45,desktop,Ads,search
5692,373,2021-12-11 01:27:20,mobile,Direct,product
5693,962,2023-01-08 07:58:21,tablet,Push Notification,cart
5694,789,2023-01-02 09:58:20,desktop,Push Notification,home
5695,53,2020-02-22 14:19:49,desktop,Push Notification,product
5696,1783,2023-09-21 04:23:25,mobile,Ads,cart
5697,468,2023-01-22 12:59:27,desktop,Organic Search,product
5698,238,2023-12-29 00:10:44,desktop,Direct,checkout
5699,801,2021-01-10 12:23:28,tablet,Email,cart
5700,189,2022-10-04 01:04:46,desktop,Direct,checkout
5701,1603,2022-07-31 19:42:01,desktop,Paid Social,home
5702,1897,2023-08-23 21:58:33,tablet,Push Notification,product
5703,194,2021-10-09 05:39:02,tablet,Ads,checkout
5704,43,2021-03-13 12:12:31,desktop,Email,home
5705,1479,2021-10-04 09:06:09,mobile,Paid Social,home
5706,145,2024-11-29 08:12:46,mobile,Ads,home
5707,207,2024-08-04 05:04:39,tablet,Ads,product
5708,1667,2024-05-25 07:57:41,mobile,Paid Social,cart
5709,1231,2023-03-29 15:06:15,mobile,Direct,checkout
5710,367,2023-08-05 19:21:24,mobile,Push Notification,checkout
5711,243,2023-06-12 01:44:12,tablet,Email,search
5712,1075,2024-04-03 21:31:00,tablet,Email,product
5713,432,2024-02-20 11:12:59,tablet,Push Notification,search
5714,146,2021-12-22 01:36:00,tablet,Push Notification,home
5715,425,2020-08-18 13:27:45,desktop,Paid Social,checkout
5716,1427,2020-10-16 22:13:02,mobile,Push Notification,search
5717,514,2021-06-01 13:02:57,tablet,Paid Social,search
5718,120,2023-05-04 09:55:08,tablet,Push Notification,product
5719,1735,2020-05-21 17:45:19,desktop,Email,search
5720,1961,2023-02-21 10:00:22,desktop,Paid Social,checkout
5721,941,2022-04-12 01:31:16,desktop,Ads,home
5722,965,2023-11-20 04:27:02,desktop,Paid Social,home
5723,1217,2022-03-09 00:11:49,tablet,Push Notification,home
5724,567,2024-10-03 03:54:16,desktop,Organic Search,cart
5725,698,2024-07-30 03:59:16,desktop,Ads,checkout
5726,94,2021-06-16 10:32:59,tablet,Organic Search,checkout
5727,807,2020-09-03 11:16:15,mobile,Paid Social,cart
5728,1316,2021-07-16 19:39:11,tablet,Ads,product
5729,1403,2023-02-07 06:34:28,tablet,Email,cart
5730,962,2021-06-02 08:23:30,desktop,Direct,product
5731,1059,2021-10-04 23:26:19,desktop,Direct,home
5732,1776,2022-06-13 18:25:24,mobile,Paid Social,product
5733,648,2020-02-09 22:17:27,desktop,Paid Social,checkout
5734,1644,2023-02-18 06:58:58,tablet,Email,checkout
5735,1202,2024-12-24 17:25:55,tablet,Email,cart
5736,1786,2022-08-16 20:13:05,mobile,Direct,product
5737,303,2023-01-27 02:06:53,tablet,Ads,cart
5738,609,2021-04-03 15:26:41,mobile,Paid Social,home
5739,289,2021-07-27 16:24:36,mobile,Email,product
5740,1527,2021-03-13 02:24:58,desktop,Email,product
5741,1925,2020-04-02 17:05:12,mobile,Direct,home
5742,1902,2021-02-05 01:32:05,desktop,Email,checkout
5743,56,2022-05-09 04:56:07,mobile,Paid Social,product
5744,667,2024-03-31 11:06:34,desktop,Paid Social,checkout
5745,697,2023-06-26 05:41:52,desktop,Email,search
5746,1786,2024-10-13 01:51:30,tablet,Organic Search,product
5747,1537,2021-04-13 03:02:06,tablet,Ads,search
5748,385,2021-12-30 07:48:25,desktop,Organic Search,cart
5749,1985,2024-01-18 21:04:57,desktop,Email,search
5750,1392,2021-05-06 10:27:34,desktop,Email,search
5751,1182,2024-09-04 21:59:25,tablet,Organic Search,checkout
5752,1972,2024-06-07 22:22:52,mobile,Direct,checkout
5753,1324,2023-10-24 07:44:37,mobile,Email,checkout
5754,753,2023-04-03 17:24:18,mobile,Paid Social,checkout
5755,449,2020-03-02 07:44:29,desktop,Email,checkout
5756,738,2024-04-17 22:09:50,mobile,Push Notification,search
5757,1069,2020-08-12 09:51:21,desktop,Email,product
5758,37,2023-11-29 15:34:09,tablet,Paid Social,home
5759,521,2020-12-05 08:16:11,mobile,Email,home
5760,1921,2021-08-17 22:43:24,desktop,Direct,product
5761,93,2024-12-08 18:09:06,desktop,Organic Search,home
5762,1659,2022-12-21 10:29:05,desktop,Ads,home
5763,354,2021-10-23 23:36:24,mobile,Push Notification,home
5764,1248,2023-06-10 19:45:15,tablet,Email,checkout
5765,765,2021-11-28 20:40:06,tablet,Email,search
5766,1207,2024-09-01 17:29:26,tablet,Email,search
5767,948,2022-02-26 07:28:48,desktop,Push Notification,home
5768,701,2024-04-10 11:59:36,desktop,Organic Search,checkout
5769,1337,2023-03-20 19:25:48,mobile,Direct,home
5770,108,2022-02-01 03:27:32,mobile,Email,checkout
5771,81,2021-12-27 15:01:19,tablet,Paid Social,product
5772,1511,2024-05-13 21:03:20,desktop,Direct,cart
5773,1073,2020-03-08 14:04:53,desktop,Ads,home
5774,949,2023-10-22 01:32:07,mobile,Push Notification,search
5775,136,2020-10-18 13:23:06,mobile,Email,product
5776,228,2020-04-20 01:21:57,desktop,Direct,search
5777,432,2020-08-20 04:40:10,desktop,Paid Social,home
5778,624,2020-03-01 10:57:42,tablet,Organic Search,cart
5779,692,2022-05-31 05:30:51,desktop,Email,cart
5780,492,2021-06-22 15:27:12,mobile,Push Notification,cart
5781,1778,2021-10-10 11:00:04,tablet,Direct,search
5782,465,2020-05-14 12:52:20,mobile,Email,home
5783,1643,2024-05-08 17:36:43,mobile,Ads,search
5784,1335,2024-09-26 00:51:07,desktop,Paid Social,product
5785,722,2022-01-07 15:01:36,tablet,Paid Social,home
5786,206,2022-10-15 15:25:11,desktop,Paid Social,checkout
5787,1258,2023-11-03 01:54:21,mobile,Push Notification,product
5788,86,2022-12-17 18:18:47,mobile,Direct,home
5789,1938,2021-11-09 20:43:46,desktop,Organic Search,cart
5790,1687,2023-01-22 02:16:49,tablet,Paid Social,home
5791,282,2020-04-11 01:01:48,tablet,Direct,product
5792,580,2024-05-06 13:43:04,mobile,Direct,cart
5793,23,2024-01-13 17:17:24,tablet,Paid Social,search
5794,1055,2021-01-09 08:15:42,desktop,Push Notification,home
5795,763,2023-06-02 01:13:56,desktop,Organic Search,cart
5796,1108,2021-10-22 05:35:30,tablet,Ads,product
5797,1102,2023-05-22 11:11:45,tablet,Email,search
5798,1087,2020-03-15 10:52:54,tablet,Ads,home
5799,257,2022-07-13 01:20:59,mobile,Paid Social,home
5800,288,2024-12-23 08:26:05,tablet,Organic Search,checkout
5801,1990,2020-01-20 15:59:58,tablet,Ads,home
5802,1339,2022-04-03 10:44:34,tablet,Paid Social,cart
5803,226,2020-08-07 13:42:56,tablet,Paid Social,search
5804,48,2022-08-08 12:11:52,desktop,Ads,home
5805,254,2020-07-18 16:16:46,desktop,Push Notification,product
5806,1402,2020-04-30 12:30:08,desktop,Organic Search,product
5807,1687,2020-10-25 19:00:46,mobile,Push Notification,cart
5808,376,2020-11-29 04:58:31,tablet,Ads,cart
5809,641,2021-08-26 14:40:53,mobile,Organic Search,search
5810,547,2024-11-14 22:18:20,desktop,Direct,search
5811,1035,2020-04-26 23:34:44,tablet,Push Notification,search
5812,1449,2023-03-09 00:08:44,tablet,Email,product
5813,761,2020-05-04 22:13:42,tablet,Ads,checkout
5814,825,2020-04-13 14:49:35,mobile,Ads,cart
5815,1197,2023-12-06 23:50:18,desktop,Push Notification,product
5816,1958,2020-09-24 22:54:55,tablet,Paid Social,cart
5817,1318,2024-11-16 16:40:56,tablet,Push Notification,checkout
5818,370,2021-11-09 00:00:04,mobile,Push Notification,checkout
5819,1059,2022-02-27 21:04:57,tablet,Email,home
5820,1294,2023-03-09 02:36:52,mobile,Paid Social,checkout
5821,960,2023-06-02 00:00:44,mobile,Push Notification,search
5822,1935,2022-11-14 07:25:32,desktop,Organic Search,search
5823,1447,2024-11-19 14:48:40,desktop,Push Notification,cart
5824,235,2023-06-28 06:23:25,desktop,Organic Search,home
5825,419,2020-10-26 21:08:16,tablet,Push Notification,product
5826,100,2023-12-03 21:52:51,desktop,Email,product
5827,1822,2021-03-23 10:46:46,desktop,Push Notification,checkout
5828,1700,2020-06-29 12:01:31,desktop,Email,product
5829,443,2024-09-29 21:58:13,mobile,Push Notification,checkout
5830,1255,2024-11-11 04:13:52,mobile,Push Notification,search
5831,1478,2020-11-14 10:34:53,desktop,Organic Search,home
5832,511,2023-03-22 03:44:57,tablet,Push Notification,home
5833,1487,2020-06-16 11:20:17,desktop,Push Notification,cart
5834,614,2020-02-22 00:09:02,mobile,Paid Social,cart
5835,878,2022-12-27 12:54:31,desktop,Email,search
5836,1102,2024-04-29 04:15:50,tablet,Email,home
5837,1373,2023-10-23 10:21:23,desktop,Direct,cart
5838,1921,2023-06-06 07:14:50,mobile,Paid Social,home
5839,1635,2020-07-02 14:27:27,desktop,Paid Social,home
5840,1274,2021-07-11 16:10:58,desktop,Ads,home
5841,171,2021-08-30 17:40:44,desktop,Email,cart
5842,1967,2022-12-09 14:34:22,tablet,Paid Social,product
5843,1814,2021-10-09 20:33:05,desktop,Direct,cart
5844,1073,2021-11-26 12:48:39,desktop,Email,search
5845,28,2021-10-16 06:55:51,desktop,Ads,home
5846,1003,2021-05-23 14:41:00,tablet,Paid Social,checkout
5847,1013,2024-12-23 14:24:08,mobile,Email,home
5848,1473,2020-07-14 10:08:53,mobile,Organic Search,checkout
5849,84,2024-08-09 09:12:03,tablet,Ads,checkout
5850,96,2022-12-27 01:53:44,desktop,Paid Social,search
5851,1258,2020-03-28 06:34:08,tablet,Paid Social,cart
5852,949,2023-04-01 17:29:36,desktop,Email,checkout
5853,375,2021-08-28 06:59:19,mobile,Ads,checkout
5854,295,2023-01-13 02:15:52,mobile,Paid Social,search
5855,1851,2021-10-22 07:05:03,mobile,Paid Social,search
5856,1445,2021-04-10 02:10:33,mobile,Email,cart
5857,815,2024-03-30 19:07:21,tablet,Email,product
5858,1380,2020-11-23 10:27:57,mobile,Paid Social,search
5859,1348,2022-07-29 03:34:59,tablet,Paid Social,checkout
5860,556,2020-11-12 09:24:26,tablet,Direct,home
5861,109,2023-09-04 07:09:54,mobile,Organic Search,cart
5862,254,2024-12-31 14:18:39,desktop,Push Notification,product
5863,118,2021-04-10 14:24:50,desktop,Email,home
5864,745,2023-07-29 13:27:00,desktop,Paid Social,search
5865,952,2021-08-05 19:36:02,mobile,Direct,cart
5866,1848,2023-03-14 17:29:28,tablet,Email,home
5867,1983,2024-03-19 23:31:26,tablet,Ads,cart
5868,1659,2021-06-26 09:20:03,mobile,Email,cart
5869,560,2024-03-27 23:36:19,tablet,Email,checkout
5870,394,2024-07-25 19:38:06,tablet,Organic Search,product
5871,1603,2022-04-23 11:04:01,desktop,Ads,checkout
5872,125,2022-05-02 21:18:45,tablet,Push Notification,search
5873,713,2020-09-01 06:19:04,desktop,Paid Social,home
5874,1193,2021-02-03 08:22:37,tablet,Paid Social,product
5875,639,2021-09-12 16:38:46,desktop,Paid Social,search
5876,1012,2022-01-01 13:12:34,desktop,Ads,cart
5877,186,2020-03-19 16:36:31,tablet,Push Notification,cart
5878,1598,2023-08-18 01:22:54,mobile,Email,checkout
5879,1686,2020-07-29 08:17:27,tablet,Email,search
5880,66,2021-12-10 04:42:45,tablet,Push Notification,search
5881,978,2021-10-11 06:08:30,mobile,Direct,cart
5882,951,2024-12-19 23:40:35,mobile,Organic Search,product
5883,1348,2024-07-22 14:57:39,desktop,Paid Social,product
5884,1991,2022-02-12 06:15:00,tablet,Direct,checkout
5885,669,2020-11-09 08:32:00,mobile,Ads,product
5886,541,2020-12-25 00:07:12,tablet,Paid Social,search
5887,1472,2021-01-19 19:32:37,mobile,Direct,cart
5888,1044,2020-06-26 15:03:19,mobile,Email,cart
5889,531,2020-03-27 20:50:52,tablet,Ads,cart
5890,242,2021-08-21 01:08:54,desktop,Direct,home
5891,611,2021-02-22 22:24:29,tablet,Push Notification,search
5892,1994,2020-05-08 14:41:46,mobile,Email,checkout
5893,463,2021-07-24 10:27:41,mobile,Paid Social,search
5894,665,2020-10-21 20:43:21,desktop,Email,search
5895,1324,2022-10-27 20:38:08,tablet,Paid Social,checkout
5896,520,2024-09-05 00:34:51,desktop,Direct,checkout
5897,274,2024-03-15 10:46:38,mobile,Direct,product
5898,50,2023-05-05 06:41:24,mobile,Email,checkout
5899,997,2023-06-05 18:09:01,desktop,Ads,product
5900,345,2020-05-31 18:50:47,tablet,Organic Search,checkout
5901,1362,2020-09-01 01:32:06,tablet,Direct,cart
5902,1369,2021-04-12 05:04:34,tablet,Push Notification,cart
5903,1348,2022-05-30 21:16:59,mobile,Organic Search,home
5904,726,2020-11-12 00:56:29,mobile,Organic Search,checkout
5905,1742,2024-05-07 19:38:55,mobile,Organic Search,search
5906,1889,2024-09-12 01:30:48,desktop,Push Notification,product
5907,1950,2021-09-16 04:05:34,mobile,Push Notification,product
5908,215,2021-09-11 10:27:21,desktop,Organic Search,cart
5909,1469,2022-02-05 13:40:24,mobile,Email,cart
5910,652,2020-03-09 06:54:47,desktop,Email,home
5911,1075,2020-07-07 19:14:56,mobile,Email,checkout
5912,1905,2020-05-21 06:09:25,mobile,Email,home
5913,1453,2020-04-23 15:33:50,desktop,Ads,product
5914,1135,2024-05-30 01:23:26,tablet,Organic Search,cart
5915,303,2023-09-06 03:45:59,desktop,Direct,cart
5916,1582,2023-05-19 15:00:46,tablet,Ads,checkout
5917,1573,2022-12-09 06:26:03,tablet,Email,search
5918,1533,2020-07-25 04:44:17,desktop,Direct,cart
5919,1740,2022-09-21 07:50:04,mobile,Paid Social,product
5920,459,2020-09-12 00:14:22,tablet,Email,product
5921,1929,2021-04-07 20:31:53,mobile,Email,search
5922,246,2020-10-02 04:28:17,desktop,Organic Search,product
5923,102,2023-03-19 15:16:10,tablet,Push Notification,cart
5924,1802,2023-12-13 13:36:43,tablet,Organic Search,checkout
5925,297,2024-09-12 14:20:19,desktop,Push Notification,search
5926,811,2020-09-24 11:47:46,mobile,Organic Search,checkout
5927,288,2021-11-07 06:05:00,tablet,Email,cart
5928,1783,2023-12-26 13:27:40,tablet,Organic Search,product
5929,1711,2023-04-13 20:55:21,mobile,Ads,search
5930,1436,2022-11-02 21:27:51,tablet,Push Notification,product
5931,733,2020-01-12 10:41:08,mobile,Direct,product
5932,1357,2021-05-01 04:50:45,mobile,Email,checkout
5933,670,2024-10-01 14:36:04,mobile,Push Notification,checkout
5934,702,2021-04-03 02:58:11,tablet,Email,checkout
5935,1415,2023-04-05 12:00:08,mobile,Push Notification,cart
5936,1947,2020-08-20 21:04:56,tablet,Direct,checkout
5937,143,2022-03-31 07:51:36,tablet,Organic Search,checkout
5938,1190,2024-05-20 23:50:38,mobile,Paid Social,home
5939,100,2021-03-14 11:37:27,mobile,Organic Search,search
5940,1533,2020-06-17 16:28:25,mobile,Organic Search,product
5941,1278,2023-05-02 16:40:33,tablet,Organic Search,product
5942,409,2022-08-01 20:56:52,desktop,Email,home
5943,1678,2020-11-05 02:24:56,tablet,Email,home
5944,1732,2023-07-15 00:43:58,desktop,Email,product
5945,657,2022-11-18 18:07:19,tablet,Direct,home
5946,21,2020-03-19 20:40:40,tablet,Email,cart
5947,150,2021-07-28 03:09:21,desktop,Organic Search,search
5948,266,2021-07-12 08:43:32,tablet,Email,home
5949,229,2022-05-10 18:58:17,tablet,Email,product
5950,1049,2023-04-08 12:14:45,desktop,Push Notification,cart
5951,681,2023-01-24 02:05:59,desktop,Organic Search,search
5952,723,2023-08-04 06:08:05,mobile,Paid Social,home
5953,716,2024-07-22 21:54:04,desktop,Direct,home
5954,289,2021-03-27 17:36:58,mobile,Paid Social,checkout
5955,1502,2021-07-29 02:55:19,desktop,Direct,search
5956,1191,2024-04-22 08:00:04,mobile,Direct,cart
5957,885,2020-04-08 17:53:20,mobile,Push Notification,home
5958,1674,2021-01-07 23:46:27,desktop,Direct,cart
5959,1899,2020-10-29 10:56:02,tablet,Email,checkout
5960,1961,2020-12-25 08:04:42,tablet,Ads,checkout
5961,201,2020-05-01 17:21:40,mobile,Email,product
5962,1735,2023-04-08 06:50:09,tablet,Push Notification,home
5963,551,2024-02-06 13:40:46,mobile,Push Notification,checkout
5964,932,2022-05-08 10:30:58,desktop,Ads,checkout
5965,479,2021-04-18 11:03:17,desktop,Push Notification,home
5966,894,2022-10-12 19:14:38,mobile,Push Notification,cart
5967,1477,2022-06-08 23:28:23,desktop,Direct,home
5968,226,2021-11-12 21:21:50,desktop,Direct,product
5969,961,2021-12-23 05:16:27,tablet,Email,product
5970,1924,2023-02-04 14:51:34,tablet,Email,search
5971,1393,2020-06-27 15:37:52,mobile,Direct,checkout
5972,1843,2024-02-19 23:16:36,desktop,Push Notification,cart
5973,1471,2021-09-20 11:57:36,mobile,Push Notification,cart
5974,85,2021-05-07 13:47:31,tablet,Push Notification,cart
5975,242,2022-10-04 14:55:45,desktop,Paid Social,home
5976,1539,2020-12-12 10:17:00,mobile,Email,product
5977,248,2022-12-17 20:58:33,desktop,Paid Social,cart
5978,1382,2022-09-02 13:11:32,mobile,Push Notification,product
5979,428,2023-10-16 20:12:45,desktop,Organic Search,cart
5980,57,2023-06-01 09:47:02,mobile,Ads,search
5981,1813,2021-06-14 14:13:37,tablet,Organic Search,checkout
5982,568,2024-02-26 17:03:23,mobile,Direct,cart
5983,1522,2023-11-08 17:33:37,mobile,Email,product
5984,609,2024-05-22 04:19:44,tablet,Email,checkout
5985,644,2024-08-02 06:37:12,desktop,Paid Social,home
5986,1326,2020-07-26 19:32:09,tablet,Organic Search,checkout
5987,107,2022-08-08 13:51:23,mobile,Push Notification,cart
5988,1203,2021-12-10 10:08:58,tablet,Email,search
5989,1894,2022-04-15 23:24:38,mobile,Push Notification,search
5990,1868,2023-09-25 04:39:48,tablet,Organic Search,home
5991,1296,2021-11-15 10:41:47,desktop,Direct,checkout
5992,1149,2022-11-13 10:57:12,tablet,Ads,cart
5993,1841,2021-06-12 23:05:59,tablet,Email,checkout
5994,1328,2020-08-04 20:25:55,mobile,Paid Social,checkout
5995,673,2024-11-12 17:33:26,tablet,Paid Social,product
5996,1717,2024-03-16 06:44:53,desktop,Direct,product
5997,1204,2021-11-11 21:35:36,mobile,Direct,home
5998,1501,2020-08-30 17:57:22,tablet,Push Notification,checkout
5999,1585,2024-02-14 20:07:23,mobile,Direct,cart
6000,1434,2020-08-21 15:30:24,mobile,Ads,search
6001,1826,2022-04-27 21:28:22,tablet,Email,search
6002,1251,2021-01-04 05:21:46,mobile,Paid Social,checkout
6003,1914,2021-10-13 14:08:54,tablet,Paid Social,cart
6004,1539,2021-10-29 07:53:52,tablet,Ads,search
6005,1937,2023-07-20 17:24:57,desktop,Email,product
6006,1170,2024-05-30 06:23:45,tablet,Ads,home
6007,1739,2024-07-31 21:39:12,desktop,Push Notification,checkout
6008,1046,2020-08-30 06:59:55,mobile,Ads,checkout
6009,466,2021-02-09 15:38:56,mobile,Ads,checkout
6010,674,2023-03-22 13:49:37,desktop,Ads,cart
6011,1960,2020-12-08 01:24:51,desktop,Paid Social,product
6012,553,2023-09-10 17:31:59,mobile,Direct,product
6013,1327,2022-03-13 19:33:15,desktop,Push Notification,product
6014,582,2020-01-01 11:37:15,tablet,Organic Search,cart
6015,62,2021-05-11 01:27:23,tablet,Direct,checkout
6016,943,2022-05-21 03:40:44,mobile,Ads,search
6017,1803,2022-01-01 07:40:23,mobile,Ads,product
6018,1131,2023-06-30 03:55:16,tablet,Push Notification,home
6019,1288,2022-09-06 02:18:11,tablet,Ads,home
6020,1628,2022-12-27 13:36:56,mobile,Direct,product
6021,238,2020-08-01 06:36:14,desktop,Ads,product
6022,1264,2022-11-17 03:35:20,mobile,Ads,checkout
6023,1342,2022-04-03 23:05:45,mobile,Direct,product
6024,118,2024-12-14 17:09:00,desktop,Organic Search,checkout
6025,1264,2024-04-15 13:39:50,mobile,Direct,search
6026,1574,2024-07-30 11:04:34,desktop,Push Notification,product
6027,1334,2021-12-06 13:02:19,tablet,Push Notification,product
6028,1736,2021-07-04 08:34:14,tablet,Ads,home
6029,1694,2024-01-02 00:35:15,desktop,Paid Social,cart
6030,1573,2023-06-02 20:35:50,mobile,Paid Social,search
6031,1370,2023-03-29 07:19:54,mobile,Organic Search,search
6032,21,2020-01-10 12:14:20,tablet,Direct,search
6033,1390,2023-07-27 13:31:46,desktop,Direct,checkout
6034,1043,2021-01-11 21:52:13,desktop,Organic Search,product
6035,307,2023-11-03 09:20:01,desktop,Direct,checkout
6036,653,2020-06-30 22:47:38,tablet,Direct,home
6037,1523,2023-02-25 01:03:15,desktop,Push Notification,product
6038,1098,2021-01-15 16:45:29,desktop,Email,search
6039,1682,2022-08-18 11:59:34,tablet,Push Notification,checkout
6040,276,2024-03-26 06:37:33,tablet,Organic Search,checkout
6041,228,2021-12-20 21:02:33,desktop,Organic Search,home
6042,1673,2021-01-28 07:01:48,mobile,Organic Search,search
6043,1930,2020-09-14 04:51:03,mobile,Ads,home
6044,1844,2020-09-15 12:50:05,desktop,Direct,product
6045,1849,2022-11-16 13:38:49,desktop,Email,home
6046,115,2023-01-16 07:45:06,tablet,Organic Search,home
6047,1216,2020-10-21 20:15:36,mobile,Paid Social,checkout
6048,1961,2021-09-01 11:41:20,tablet,Organic Search,search
6049,131,2022-02-12 07:17:11,tablet,Direct,cart
6050,1080,2022-04-03 00:13:19,mobile,Ads,search
6051,1665,2023-03-11 09:14:11,desktop,Ads,product
6052,1703,2022-09-04 07:04:38,mobile,Paid Social,search
6053,308,2022-11-29 06:43:20,mobile,Ads,checkout
6054,704,2020-10-03 23:47:06,desktop,Email,product
6055,873,2023-01-14 23:16:47,desktop,Organic Search,search
6056,1850,2020-04-24 23:34:24,mobile,Direct,search
6057,582,2021-11-23 12:59:11,tablet,Paid Social,home
6058,1337,2024-06-10 13:13:52,tablet,Push Notification,search
6059,63,2022-04-15 13:24:55,desktop,Email,cart
6060,430,2024-08-22 19:16:14,desktop,Email,checkout
6061,688,2020-05-16 15:02:25,desktop,Push Notification,home
6062,236,2023-08-07 09:27:09,desktop,Email,checkout
6063,1921,2021-10-22 01:19:23,desktop,Organic Search,home
6064,1309,2022-11-09 22:34:47,tablet,Ads,product
6065,582,2024-03-15 22:11:39,tablet,Email,cart
6066,1145,2023-04-22 02:18:48,desktop,Paid Social,cart
6067,691,2022-07-21 01:04:17,tablet,Ads,search
6068,1481,2020-07-14 22:26:47,mobile,Organic Search,search
6069,1846,2022-03-31 13:59:45,tablet,Email,cart
6070,1108,2024-11-26 20:49:26,mobile,Paid Social,product
6071,287,2022-02-19 17:01:05,tablet,Paid Social,home
6072,1778,2023-10-06 11:06:35,mobile,Direct,checkout
6073,971,2024-07-01 14:25:45,mobile,Direct,search
6074,605,2022-07-16 14:46:11,tablet,Paid Social,cart
6075,700,2023-10-23 09:00:17,mobile,Paid Social,cart
6076,1436,2022-05-17 22:41:49,desktop,Paid Social,cart
6077,450,2024-05-06 18:40:36,tablet,Email,cart
6078,1334,2022-05-15 14:18:21,desktop,Direct,home
6079,1533,2023-05-04 16:39:38,desktop,Organic Search,home
6080,1486,2022-07-14 15:13:34,mobile,Direct,checkout
6081,135,2022-11-18 23:20:32,tablet,Push Notification,product
6082,895,2021-08-13 16:46:18,desktop,Direct,search
6083,1295,2021-11-19 15:06:28,tablet,Organic Search,checkout
6084,844,2024-12-07 22:54:43,desktop,Paid Social,search
6085,908,2021-10-15 22:43:08,tablet,Organic Search,cart
6086,303,2020-06-23 03:47:53,tablet,Push Notification,cart
6087,1357,2024-07-08 08:44:06,tablet,Email,search
6088,110,2023-06-06 19:02:28,tablet,Paid Social,cart
6089,585,2022-10-13 04:57:23,tablet,Ads,search
6090,890,2022-12-20 16:57:23,desktop,Paid Social,product
6091,1650,2023-10-30 10:48:54,mobile,Direct,cart
6092,753,2021-07-14 00:17:23,tablet,Ads,search
6093,1285,2023-07-09 10:43:46,mobile,Ads,cart
6094,1414,2022-03-11 03:16:19,desktop,Ads,search
6095,885,2020-04-06 21:02:42,desktop,Email,checkout
6096,959,2023-10-03 15:23:42,mobile,Organic Search,search
6097,456,2022-12-29 22:54:45,mobile,Direct,home
6098,1790,2020-01-15 07:39:29,desktop,Organic Search,search
6099,681,2023-06-19 07:03:21,mobile,Email,search
6100,45,2022-12-09 05:08:13,desktop,Organic Search,cart
6101,875,2020-10-09 11:53:31,desktop,Paid Social,search
6102,93,2020-04-27 21:51:15,desktop,Paid Social,product
6103,593,2022-01-14 14:45:33,desktop,Push Notification,home
6104,340,2020-05-11 20:57:20,desktop,Email,checkout
6105,1783,2024-09-21 12:28:04,mobile,Organic Search,product
6106,1979,2024-01-11 00:42:47,desktop,Email,home
6107,1892,2022-04-02 23:20:36,mobile,Direct,cart
6108,321,2021-12-25 23:31:39,tablet,Direct,home
6109,1576,2022-04-18 21:38:11,tablet,Organic Search,checkout
6110,1548,2021-05-15 19:27:08,mobile,Ads,product
6111,565,2022-06-30 03:53:29,desktop,Ads,home
6112,470,2023-01-16 21:45:29,tablet,Ads,product
6113,1742,2021-11-19 17:56:22,mobile,Push Notification,cart
6114,571,2024-07-09 07:07:11,desktop,Organic Search,product
6115,1473,2024-06-13 12:19:06,tablet,Ads,checkout
6116,834,2020-04-05 14:06:42,desktop,Direct,search
6117,459,2023-10-27 04:34:45,desktop,Organic Search,home
6118,1654,2024-04-02 00:23:55,mobile,Ads,checkout
6119,1639,2022-01-10 13:02:45,mobile,Direct,cart
6120,1374,2022-05-22 20:14:41,desktop,Email,search
6121,364,2021-04-03 10:58:05,desktop,Email,home
6122,1916,2023-03-09 06:57:18,desktop,Direct,search
6123,831,2024-03-16 01:30:28,tablet,Organic Search,product
6124,1224,2020-01-28 13:46:23,desktop,Push Notification,search
6125,493,2022-06-15 17:25:47,desktop,Organic Search,home
6126,289,2023-09-21 07:26:54,mobile,Direct,product
6127,28,2024-02-23 21:53:41,desktop,Direct,cart
6128,921,2020-01-22 09:57:11,mobile,Organic Search,home
6129,862,2021-02-11 11:48:56,desktop,Direct,search
6130,103,2020-03-31 06:14:00,mobile,Push Notification,home
6131,1028,2020-10-13 12:46:54,mobile,Push Notification,home
6132,113,2022-06-11 03:17:11,desktop,Email,search
6133,1466,2020-01-08 09:59:54,tablet,Paid Social,product
6134,742,2020-04-30 20:36:00,tablet,Push Notification,home
6135,1274,2020-07-28 13:42:20,tablet,Organic Search,search
6136,803,2022-04-19 02:05:33,desktop,Email,checkout
6137,1089,2024-12-05 14:58:02,desktop,Direct,home
6138,887,2023-11-17 22:53:56,tablet,Organic Search,search
6139,1241,2022-06-25 11:21:42,tablet,Email,checkout
6140,670,2021-10-23 13:13:03,desktop,Ads,search
6141,115,2022-06-27 17:10:34,tablet,Direct,cart
6142,1451,2024-04-13 14:41:42,tablet,Email,product
6143,1718,2024-08-21 15:55:28,mobile,Email,cart
6144,1459,2021-09-11 14:45:34,tablet,Organic Search,checkout
6145,1803,2021-08-31 13:55:42,desktop,Organic Search,search
6146,888,2021-08-27 21:49:19,desktop,Email,home
6147,1913,2022-04-08 13:56:26,mobile,Ads,search
6148,495,2024-04-03 23:08:52,desktop,Email,checkout
6149,1162,2023-09-17 15:01:19,mobile,Paid Social,search
6150,1895,2023-12-05 21:58:09,desktop,Paid Social,cart
6151,1454,2021-08-16 20:49:12,tablet,Paid Social,checkout
6152,276,2024-10-31 23:48:45,tablet,Push Notification,cart
6153,195,2022-05-30 23:11:04,mobile,Email,home
6154,1457,2020-06-13 22:18:45,tablet,Organic Search,home
6155,1209,2024-07-12 09:46:56,mobile,Organic Search,cart
6156,747,2024-12-27 22:12:50,mobile,Direct,cart
6157,424,2022-07-28 19:01:13,desktop,Organic Search,cart
6158,1985,2021-04-17 19:18:13,tablet,Direct,search
6159,1654,2024-05-24 15:52:20,tablet,Direct,product
6160,1175,2020-11-16 11:09:13,mobile,Email,home
6161,245,2022-12-16 21:07:07,tablet,Ads,search
6162,1425,2023-01-05 03:56:05,tablet,Direct,home
6163,167,2020-07-18 14:40:41,desktop,Direct,cart
6164,994,2021-09-30 06:17:02,tablet,Push Notification,search
6165,376,2020-02-17 04:29:39,desktop,Ads,search
6166,1814,2022-01-07 07:46:36,desktop,Ads,search
6167,1606,2022-01-14 00:14:01,desktop,Organic Search,search
6168,598,2021-10-11 05:23:30,desktop,Ads,cart
6169,566,2023-09-19 15:41:24,desktop,Direct,home
6170,1570,2022-03-27 07:22:48,desktop,Ads,home
6171,514,2021-03-09 10:54:29,mobile,Push Notification,home
6172,1831,2020-04-25 14:26:38,mobile,Direct,product
6173,471,2020-11-09 14:00:32,desktop,Push Notification,home
6174,1442,2023-12-12 18:38:24,desktop,Push Notification,home
6175,285,2022-08-04 18:44:59,tablet,Organic Search,search
6176,253,2024-03-18 20:47:00,tablet,Ads,home
6177,1907,2021-05-06 05:14:13,desktop,Ads,home
6178,61,2021-08-22 19:43:00,desktop,Push Notification,cart
6179,224,2021-03-21 05:32:25,mobile,Direct,home
6180,375,2021-08-29 08:37:52,desktop,Email,search
6181,1225,2020-07-13 00:12:34,mobile,Ads,search
6182,1192,2024-02-02 11:10:16,tablet,Push Notification,checkout
6183,492,2021-06-18 10:40:45,mobile,Organic Search,cart
6184,821,2021-01-11 22:13:27,tablet,Direct,home
6185,1021,2021-06-30 01:33:37,tablet,Organic Search,home
6186,833,2021-07-17 23:08:35,desktop,Ads,home
6187,55,2022-10-01 21:50:37,tablet,Organic Search,home
6188,1677,2023-10-06 22:03:11,tablet,Push Notification,product
6189,1694,2024-09-01 05:39:14,tablet,Organic Search,checkout
6190,1762,2021-02-11 05:37:20,mobile,Direct,cart
6191,1642,2024-12-22 00:57:31,tablet,Email,search
6192,1835,2021-10-31 10:15:20,tablet,Organic Search,home
6193,1181,2024-04-05 13:03:52,desktop,Email,cart
6194,1495,2024-10-18 20:42:34,desktop,Organic Search,checkout
6195,1867,2023-10-14 23:55:50,desktop,Direct,product
6196,193,2020-06-08 21:31:47,tablet,Direct,product
6197,1552,2021-05-06 05:10:17,mobile,Organic Search,cart
6198,270,2021-04-21 19:28:17,tablet,Paid Social,home
6199,1771,2020-04-11 07:42:55,mobile,Email,cart
6200,1428,2020-01-05 03:16:15,mobile,Direct,cart
6201,844,2020-04-30 23:31:36,mobile,Paid Social,cart
6202,829,2021-10-20 06:02:50,mobile,Organic Search,checkout
6203,818,2023-11-25 22:09:53,desktop,Paid Social,home
6204,600,2022-02-01 12:54:04,desktop,Ads,home
6205,1975,2022-09-08 21:16:10,desktop,Paid Social,home
6206,731,2020-02-15 14:03:38,desktop,Direct,home
6207,1033,2020-05-24 22:54:20,tablet,Email,product
6208,896,2024-12-17 12:07:14,desktop,Paid Social,search
6209,1488,2024-12-19 06:31:43,tablet,Ads,home
6210,879,2024-08-11 05:09:26,tablet,Direct,product
6211,124,2021-10-28 07:28:30,mobile,Push Notification,cart
6212,1697,2022-01-30 21:29:51,desktop,Email,checkout
6213,1918,2024-10-16 02:43:02,desktop,Push Notification,search
6214,389,2024-12-13 18:06:01,desktop,Direct,home
6215,1487,2024-07-27 04:30:40,tablet,Direct,checkout
6216,637,2022-04-05 03:21:17,desktop,Push Notification,cart
6217,1045,2024-05-20 12:32:32,tablet,Push Notification,home
6218,1400,2023-08-31 20:04:05,mobile,Organic Search,search
6219,1838,2024-04-10 20:53:03,desktop,Ads,search
6220,4,2022-08-12 05:09:45,tablet,Organic Search,search
6221,1128,2023-12-06 04:44:29,mobile,Direct,product
6222,306,2022-02-13 04:55:25,mobile,Push Notification,home
6223,1776,2022-06-11 20:15:46,desktop,Email,checkout
6224,1798,2024-09-11 02:20:48,tablet,Ads,checkout
6225,620,2022-01-06 00:46:39,desktop,Push Notification,home
6226,665,2024-09-20 06:55:30,tablet,Push Notification,checkout
6227,1252,2024-03-01 04:43:29,mobile,Organic Search,checkout
6228,938,2020-09-15 09:29:19,desktop,Paid Social,search
6229,1174,2020-10-06 06:25:45,tablet,Email,checkout
6230,1597,2024-10-31 19:52:43,desktop,Ads,checkout
6231,1154,2024-05-11 01:37:07,tablet,Ads,search
6232,1778,2023-07-27 11:56:00,desktop,Ads,checkout
6233,1401,2021-08-29 23:13:32,desktop,Email,checkout
6234,1445,2021-07-08 02:43:38,desktop,Ads,cart
6235,1580,2021-07-21 17:02:19,desktop,Ads,checkout
6236,1510,2021-10-24 00:00:16,mobile,Push Notification,checkout
6237,1443,2020-02-25 17:41:21,mobile,Paid Social,home
6238,486,2022-03-26 04:45:13,mobile,Email,search
6239,1793,2020-06-27 17:59:04,desktop,Direct,checkout
6240,696,2021-09-26 21:51:43,desktop,Direct,home
6241,646,2022-09-24 05:56:08,mobile,Direct,checkout
6242,870,2020-05-01 13:37:59,mobile,Ads,product
6243,460,2020-12-28 01:23:23,desktop,Email,search
6244,864,2021-12-06 17:38:14,tablet,Organic Search,checkout
6245,53,2021-04-03 16:19:00,mobile,Email,checkout
6246,614,2020-04-09 16:32:34,tablet,Ads,search
6247,662,2020-05-30 19:52:01,tablet,Organic Search,cart
6248,458,2020-05-10 11:51:34,mobile,Push Notification,checkout
6249,1774,2023-04-01 16:10:28,desktop,Push Notification,checkout
6250,1360,2022-11-30 10:00:52,tablet,Paid Social,search
6251,1214,2020-01-17 15:28:28,tablet,Ads,product
6252,1643,2020-10-21 18:55:47,mobile,Organic Search,checkout
6253,1386,2024-10-18 17:52:29,mobile,Email,home
6254,196,2020-03-19 04:28:19,desktop,Paid Social,checkout
6255,1710,2021-09-07 07:01:57,tablet,Ads,search
6256,1170,2023-04-03 19:13:06,mobile,Paid Social,checkout
6257,57,2022-12-11 10:20:50,tablet,Ads,product
6258,1264,2022-02-18 02:03:57,desktop,Paid Social,home
6259,1857,2020-11-27 22:04:31,tablet,Paid Social,checkout
6260,729,2023-07-30 23:01:55,desktop,Direct,checkout
6261,1285,2022-11-23 21:19:07,desktop,Email,checkout
6262,958,2023-01-28 08:59:39,mobile,Direct,home
6263,46,2020-02-17 02:54:03,tablet,Email,cart
6264,553,2024-10-31 07:37:54,desktop,Ads,home
6265,292,2022-04-13 10:39:49,desktop,Direct,cart
6266,1554,2024-06-25 09:57:57,tablet,Organic Search,product
6267,570,2021-10-22 02:36:57,desktop,Direct,search
6268,697,2020-04-09 19:32:30,desktop,Organic Search,cart
6269,1326,2024-05-26 09:51:27,desktop,Paid Social,home
6270,1769,2021-09-03 05:44:31,mobile,Email,cart
6271,1384,2022-08-06 03:04:40,desktop,Email,cart
6272,1584,2020-10-27 16:04:38,tablet,Paid Social,product
6273,310,2022-04-12 15:52:33,desktop,Direct,home
6274,383,2020-06-09 05:40:05,tablet,Direct,product
6275,1903,2023-09-16 10:28:43,desktop,Push Notification,checkout
6276,1826,2020-10-24 20:41:16,desktop,Ads,search
6277,232,2024-02-24 03:16:57,desktop,Organic Search,home
6278,289,2024-06-26 11:12:48,tablet,Push Notification,checkout
6279,1262,2024-04-22 04:57:41,mobile,Organic Search,product
6280,1862,2022-06-05 01:23:01,tablet,Ads,product
6281,1787,2024-12-26 01:31:27,tablet,Direct,cart
6282,195,2024-09-13 21:55:10,mobile,Direct,search
6283,152,2022-03-22 09:25:33,tablet,Direct,product
6284,534,2020-12-20 13:22:49,mobile,Direct,cart
6285,1729,2022-05-25 22:35:19,mobile,Ads,checkout
6286,545,2021-04-07 15:59:24,desktop,Ads,search
6287,1322,2022-06-30 19:37:44,tablet,Ads,checkout
6288,1167,2021-11-20 22:22:47,tablet,Direct,checkout
6289,1148,2023-09-13 11:09:20,desktop,Push Notification,home
6290,509,2023-05-16 22:12:52,desktop,Paid Social,search
6291,270,2020-06-15 08:19:33,tablet,Ads,search
6292,95,2021-02-15 00:20:24,mobile,Email,product
6293,1564,2020-02-07 18:47:06,desktop,Email,search
6294,366,2023-06-23 06:48:11,desktop,Paid Social,search
6295,263,2024-03-13 08:27:31,desktop,Email,checkout
6296,874,2022-11-21 05:52:18,tablet,Paid Social,cart
6297,172,2024-01-25 01:52:44,tablet,Paid Social,cart
6298,1113,2020-01-29 21:37:22,desktop,Paid Social,search
6299,937,2020-05-08 09:14:55,tablet,Direct,checkout
6300,1144,2023-08-16 10:59:23,tablet,Push Notification,product
6301,110,2024-06-19 10:21:36,desktop,Ads,home
6302,1243,2023-05-06 02:46:36,mobile,Push Notification,cart
6303,1215,2024-05-01 23:20:56,desktop,Organic Search,product
6304,439,2022-08-02 15:04:49,tablet,Paid Social,cart
6305,408,2020-08-31 20:14:00,tablet,Email,search
6306,1429,2023-04-24 09:44:05,tablet,Email,product
6307,1892,2024-04-05 06:58:24,desktop,Push Notification,home
6308,88,2023-05-05 14:55:17,tablet,Organic Search,cart
6309,1927,2023-06-14 22:13:15,tablet,Paid Social,cart
6310,260,2021-06-04 18:05:35,mobile,Direct,checkout
6311,1956,2022-10-23 15:01:27,mobile,Direct,cart
6312,1435,2022-10-29 11:58:38,tablet,Ads,search
6313,1719,2024-08-17 05:43:37,tablet,Ads,search
6314,1032,2023-05-27 22:29:28,desktop,Paid Social,cart
6315,451,2024-07-14 23:01:46,desktop,Push Notification,cart
6316,503,2023-03-19 19:35:49,mobile,Direct,checkout
6317,1361,2020-03-11 11:10:10,mobile,Paid Social,home
6318,1794,2024-12-01 00:18:26,tablet,Push Notification,product
6319,798,2024-04-19 03:18:53,desktop,Paid Social,product
6320,1714,2024-11-07 11:23:41,mobile,Paid Social,checkout
6321,1856,2022-03-30 23:39:17,tablet,Paid Social,product
6322,1227,2023-07-06 04:37:57,desktop,Ads,home
6323,1585,2022-02-08 01:11:47,mobile,Paid Social,search
6324,895,2020-06-15 13:40:04,tablet,Direct,home
6325,1824,2022-03-29 06:51:08,tablet,Direct,cart
6326,463,2024-04-09 11:50:25,mobile,Ads,product
6327,1282,2024-10-29 03:48:04,desktop,Ads,cart
6328,1327,2023-07-27 21:10:08,tablet,Ads,cart
6329,795,2023-09-02 09:58:55,mobile,Email,search
6330,1093,2023-01-28 12:50:07,tablet,Push Notification,checkout
6331,991,2021-05-13 16:54:54,desktop,Push Notification,checkout
6332,772,2024-04-18 05:31:12,mobile,Push Notification,cart
6333,1012,2023-06-17 10:01:37,desktop,Push Notification,cart
6334,1687,2020-08-19 19:10:34,desktop,Paid Social,search
6335,1209,2024-02-07 19:34:28,tablet,Ads,search
6336,1251,2023-10-10 13:34:45,desktop,Ads,home
6337,842,2020-07-26 04:48:31,tablet,Organic Search,home
6338,692,2021-02-13 02:52:23,desktop,Paid Social,cart
6339,629,2021-02-10 10:33:34,tablet,Email,search
6340,532,2023-11-17 12:04:13,desktop,Push Notification,product
6341,1360,2020-08-05 04:46:43,desktop,Organic Search,home
6342,1023,2022-07-27 16:15:49,mobile,Paid Social,product
6343,1225,2023-09-26 06:22:22,mobile,Organic Search,search
6344,1125,2021-03-28 06:56:09,mobile,Email,cart
6345,52,2023-03-18 01:11:44,mobile,Direct,product
6346,562,2022-07-25 08:47:49,tablet,Organic Search,product
6347,1063,2023-02-04 20:35:51,tablet,Push Notification,search
6348,1947,2020-12-29 19:56:05,mobile,Ads,checkout
6349,412,2023-08-27 00:18:37,mobile,Organic Search,checkout
6350,496,2020-06-13 11:41:03,mobile,Email,cart
6351,897,2022-08-13 19:03:46,desktop,Ads,checkout
6352,743,2023-06-08 16:44:02,tablet,Paid Social,checkout
6353,1313,2023-03-11 14:50:35,mobile,Push Notification,product
6354,1561,2022-09-11 15:10:24,mobile,Push Notification,checkout
6355,1214,2020-05-09 11:24:28,desktop,Paid Social,cart
6356,994,2021-02-02 17:51:41,mobile,Direct,home
6357,1011,2023-02-20 05:01:12,tablet,Organic Search,cart
6358,214,2024-04-07 10:16:40,tablet,Direct,search
6359,550,2020-06-12 16:29:50,tablet,Email,cart
6360,237,2023-03-07 14:13:30,tablet,Ads,cart
6361,1659,2024-04-18 20:57:09,mobile,Organic Search,search
6362,1352,2023-01-24 04:12:24,tablet,Direct,product
6363,720,2023-08-21 13:41:18,mobile,Organic Search,product
6364,1538,2022-09-12 08:33:42,mobile,Push Notification,product
6365,318,2024-07-28 05:18:55,mobile,Direct,product
6366,66,2023-05-06 20:35:34,desktop,Push Notification,checkout
6367,591,2020-07-06 00:49:36,mobile,Direct,product
6368,1059,2020-05-23 10:42:52,tablet,Push Notification,search
6369,1410,2021-06-28 02:45:28,tablet,Paid Social,home
6370,499,2020-04-11 08:17:22,mobile,Direct,home
6371,1942,2020-01-16 19:31:14,tablet,Push Notification,product
6372,622,2024-02-07 10:12:26,desktop,Push Notification,search
6373,753,2020-06-03 14:18:03,desktop,Ads,search
6374,926,2020-01-15 00:59:56,tablet,Email,checkout
6375,1590,2020-06-09 09:33:15,tablet,Push Notification,cart
6376,1013,2022-05-29 06:18:04,mobile,Ads,cart
6377,1541,2021-11-19 04:56:53,mobile,Push Notification,search
6378,55,2024-08-28 10:36:09,desktop,Organic Search,checkout
6379,531,2020-07-16 22:32:50,mobile,Email,home
6380,1341,2021-04-24 18:53:51,desktop,Paid Social,cart
6381,371,2023-02-06 15:31:22,mobile,Paid Social,product
6382,989,2024-01-27 22:27:53,tablet,Paid Social,home
6383,742,2020-02-05 14:33:37,tablet,Email,product
6384,1098,2020-09-28 07:40:26,mobile,Direct,search
6385,856,2021-07-25 03:55:54,desktop,Email,cart
6386,1455,2021-03-24 12:36:50,mobile,Paid Social,checkout
6387,534,2023-02-05 18:54:27,desktop,Paid Social,search
6388,858,2023-03-22 05:39:08,tablet,Organic Search,product
6389,1356,2022-08-12 07:15:18,mobile,Paid Social,checkout
6390,946,2024-12-04 16:19:13,tablet,Organic Search,cart
6391,820,2024-03-03 08:43:54,desktop,Email,home
6392,181,2022-08-01 10:41:58,tablet,Paid Social,checkout
6393,1027,2023-04-16 09:40:26,tablet,Organic Search,search
6394,722,2022-02-27 23:20:01,tablet,Ads,search
6395,716,2022-11-30 11:00:31,desktop,Email,checkout
6396,739,2024-12-23 15:28:50,desktop,Email,search
6397,252,2022-10-12 08:19:27,mobile,Direct,checkout
6398,788,2022-08-16 01:43:43,tablet,Email,cart
6399,1070,2024-02-21 11:45:33,desktop,Push Notification,home
6400,1341,2023-10-24 22:05:39,tablet,Organic Search,cart
6401,1515,2020-08-14 19:05:04,desktop,Paid Social,product
6402,1493,2021-09-02 20:15:47,mobile,Email,search
6403,1388,2023-03-27 01:02:59,mobile,Organic Search,product
6404,1919,2024-09-07 11:37:11,tablet,Push Notification,search
6405,1000,2024-01-17 18:35:40,desktop,Push Notification,checkout
6406,1214,2020-07-02 17:40:24,desktop,Organic Search,search
6407,1653,2024-07-15 12:14:08,tablet,Email,product
6408,1225,2024-09-14 08:09:49,desktop,Ads,product
6409,38,2021-01-04 09:28:36,desktop,Ads,checkout
6410,583,2021-04-04 13:00:08,mobile,Organic Search,search
6411,219,2024-05-17 19:35:51,tablet,Ads,checkout
6412,1917,2023-12-10 07:48:21,tablet,Organic Search,search
6413,164,2021-06-12 15:09:55,desktop,Ads,search
6414,1085,2020-12-03 23:36:44,tablet,Push Notification,checkout
6415,1486,2023-03-09 18:14:59,desktop,Paid Social,product
6416,1104,2022-04-01 11:13:40,mobile,Ads,cart
6417,967,2022-12-27 22:24:07,mobile,Paid Social,search
6418,1422,2024-06-03 19:18:14,tablet,Paid Social,checkout
6419,1666,2020-01-28 15:27:33,mobile,Push Notification,checkout
6420,1588,2020-02-11 03:41:55,mobile,Organic Search,cart
6421,54,2021-08-29 13:50:35,mobile,Push Notification,home
6422,533,2024-02-16 11:56:06,mobile,Direct,product
6423,1078,2022-05-12 10:29:56,mobile,Organic Search,search
6424,1905,2022-01-23 03:15:47,desktop,Ads,cart
6425,1635,2022-01-01 11:49:02,desktop,Ads,search
6426,712,2023-11-29 21:31:54,desktop,Push Notification,product
6427,1197,2024-09-08 14:37:59,mobile,Ads,cart
6428,603,2022-05-13 03:45:24,tablet,Direct,search
6429,1671,2021-10-04 17:04:21,tablet,Organic Search,home
6430,1878,2023-06-18 01:37:07,mobile,Organic Search,checkout
6431,1342,2024-06-01 08:51:58,desktop,Push Notification,search
6432,66,2023-03-27 11:08:27,mobile,Ads,search
6433,731,2020-04-10 15:36:56,tablet,Ads,search
6434,667,2024-10-28 19:20:10,mobile,Organic Search,checkout
6435,220,2023-05-14 19:35:46,mobile,Push Notification,checkout
6436,58,2021-12-21 02:33:45,mobile,Push Notification,checkout
6437,1958,2022-03-05 23:53:38,tablet,Organic Search,cart
6438,1883,2024-07-11 20:23:47,tablet,Direct,home
6439,612,2023-05-29 09:16:56,tablet,Ads,product
6440,710,2021-02-16 23:31:58,mobile,Push Notification,search
6441,1988,2021-05-14 13:58:48,mobile,Push Notification,product
6442,1210,2021-07-03 17:26:00,desktop,Email,checkout
6443,1117,2024-06-11 10:28:31,mobile,Paid Social,product
6444,580,2024-08-18 23:16:33,mobile,Direct,search
6445,1020,2022-08-20 12:56:12,mobile,Paid Social,search
6446,1047,2024-09-30 14:46:02,mobile,Email,checkout
6447,1072,2020-10-25 20:54:31,mobile,Email,checkout
6448,278,2024-05-10 18:40:45,tablet,Email,search
6449,1928,2022-07-25 20:09:03,desktop,Ads,cart
6450,470,2022-08-23 10:49:07,desktop,Organic Search,cart
6451,1128,2024-09-20 18:10:59,mobile,Ads,search
6452,1671,2023-12-19 07:08:44,tablet,Ads,home
6453,1149,2021-09-18 20:24:20,mobile,Ads,product
6454,153,2023-01-05 12:50:11,mobile,Push Notification,home
6455,908,2023-04-21 21:58:00,desktop,Push Notification,checkout
6456,527,2024-02-28 22:46:38,tablet,Ads,home
6457,458,2024-10-24 23:46:05,tablet,Paid Social,checkout
6458,897,2024-11-25 09:56:32,mobile,Direct,home
6459,1106,2022-12-15 19:57:48,desktop,Organic Search,search
6460,1549,2020-10-04 21:32:45,tablet,Paid Social,search
6461,552,2022-02-13 23:33:10,tablet,Email,product
6462,1489,2020-07-23 21:22:33,tablet,Email,home
6463,1234,2021-06-18 01:14:00,desktop,Push Notification,product
6464,547,2020-04-27 04:42:00,desktop,Organic Search,cart
6465,567,2024-12-02 20:53:16,desktop,Ads,cart
6466,835,2020-09-28 17:13:36,tablet,Email,checkout
6467,1659,2023-03-21 12:17:11,mobile,Paid Social,home
6468,1126,2022-11-29 19:55:48,mobile,Direct,product
6469,1912,2024-11-27 11:50:15,desktop,Email,product
6470,1332,2020-12-01 21:53:22,tablet,Paid Social,search
6471,412,2023-01-19 06:38:49,desktop,Push Notification,product
6472,580,2022-07-05 07:36:36,desktop,Email,checkout
6473,908,2023-02-06 16:54:07,tablet,Direct,home
6474,506,2022-02-17 17:12:22,tablet,Organic Search,product
6475,428,2020-12-03 10:08:36,tablet,Direct,checkout
6476,1606,2022-09-08 16:05:30,desktop,Direct,checkout
6477,1966,2020-05-25 02:56:50,mobile,Direct,checkout
6478,325,2022-03-15 22:33:28,mobile,Push Notification,product
6479,1735,2021-06-12 17:59:50,tablet,Ads,search
6480,21,2024-03-07 08:02:09,desktop,Ads,search
6481,1053,2020-07-27 09:41:35,desktop,Ads,cart
6482,974,2024-06-19 11:43:57,mobile,Direct,checkout
6483,573,2020-02-22 02:16:20,tablet,Ads,product
6484,714,2022-01-05 08:27:08,tablet,Email,product
6485,1686,2021-03-08 01:56:01,mobile,Email,product
6486,1609,2021-08-08 10:08:18,mobile,Direct,cart
6487,961,2020-01-08 05:12:17,desktop,Ads,checkout
6488,1131,2020-11-12 10:47:18,tablet,Paid Social,search
6489,1600,2023-05-28 19:51:26,desktop,Email,home
6490,669,2022-06-17 13:09:26,mobile,Push Notification,checkout
6491,1366,2022-05-05 12:02:18,mobile,Paid Social,checkout
6492,138,2021-04-19 17:19:03,mobile,Organic Search,checkout
6493,845,2021-10-08 11:50:18,mobile,Push Notification,search
6494,1651,2023-05-30 13:05:43,mobile,Push Notification,checkout
6495,1840,2023-10-16 14:04:11,tablet,Push Notification,checkout
6496,710,2021-04-13 11:50:19,desktop,Direct,cart
6497,1639,2023-07-31 20:32:31,tablet,Organic Search,cart
6498,1353,2021-10-17 13:48:36,mobile,Ads,search
6499,1706,2022-02-23 10:02:59,mobile,Email,home
6500,1615,2020-06-22 23:54:37,mobile,Ads,home
6501,292,2022-08-10 03:15:22,desktop,Push Notification,product
6502,1948,2023-11-25 22:49:57,tablet,Ads,home
6503,1873,2021-05-12 21:12:50,desktop,Push Notification,search
6504,1789,2020-05-19 13:40:45,desktop,Organic Search,checkout
6505,1085,2021-03-21 09:40:45,mobile,Paid Social,product
6506,1783,2023-10-28 07:59:06,desktop,Ads,cart
6507,1887,2021-06-19 16:56:16,mobile,Push Notification,checkout
6508,997,2022-03-04 13:51:00,desktop,Organic Search,product
6509,1937,2022-06-29 01:27:34,mobile,Push Notification,cart
6510,1388,2021-10-31 18:56:45,tablet,Organic Search,checkout
6511,87,2022-07-08 04:35:02,tablet,Email,search
6512,1322,2024-11-02 21:38:23,mobile,Direct,cart
6513,721,2020-04-10 05:52:29,tablet,Organic Search,checkout
6514,1784,2024-09-19 07:12:44,tablet,Direct,cart
6515,123,2022-06-05 05:12:42,mobile,Email,home
6516,751,2024-05-04 13:01:21,desktop,Ads,home
6517,192,2020-02-24 15:18:27,mobile,Paid Social,home
6518,1216,2021-10-01 04:39:58,tablet,Email,search
6519,680,2021-11-05 14:27:46,desktop,Email,product
6520,546,2020-07-24 17:28:51,desktop,Organic Search,home
6521,1463,2024-04-19 10:32:55,tablet,Organic Search,search
6522,1702,2021-10-05 02:19:39,mobile,Ads,product
6523,120,2021-11-30 01:50:55,desktop,Email,checkout
6524,1785,2024-01-01 21:32:45,desktop,Ads,checkout
6525,621,2022-01-08 05:17:27,desktop,Ads,checkout
6526,1885,2023-04-12 11:19:13,mobile,Paid Social,home
6527,376,2020-03-21 17:33:34,mobile,Organic Search,home
6528,1393,2023-02-09 20:04:36,mobile,Direct,checkout
6529,1207,2023-01-12 14:20:30,tablet,Organic Search,cart
6530,1618,2021-11-05 04:44:19,mobile,Push Notification,search
6531,696,2020-08-10 13:53:05,mobile,Ads,search
6532,1439,2021-11-01 23:09:08,tablet,Direct,checkout
6533,540,2023-01-19 15:22:26,desktop,Paid Social,product
6534,1645,2021-09-10 08:29:22,tablet,Ads,product
6535,699,2021-08-07 10:53:35,mobile,Push Notification,cart
6536,72,2021-12-15 22:17:45,mobile,Email,checkout
6537,1077,2024-07-28 23:25:42,desktop,Push Notification,search
6538,1532,2023-04-19 05:22:50,tablet,Push Notification,checkout
6539,475,2023-11-02 08:03:19,tablet,Organic Search,checkout
6540,1826,2021-04-09 23:32:53,desktop,Push Notification,cart
6541,7,2020-02-25 04:55:42,mobile,Organic Search,cart
6542,1882,2021-01-25 11:14:40,tablet,Push Notification,checkout
6543,489,2020-11-24 06:27:05,tablet,Ads,home
6544,553,2024-05-11 17:57:46,tablet,Push Notification,cart
6545,131,2021-11-29 13:27:53,mobile,Push Notification,search
6546,1652,2023-10-12 12:13:58,mobile,Ads,home
6547,647,2023-02-08 04:08:47,desktop,Email,checkout
6548,1976,2022-01-18 10:24:03,desktop,Ads,checkout
6549,1793,2022-03-05 09:37:56,desktop,Organic Search,cart
6550,342,2020-07-10 19:42:37,mobile,Organic Search,home
6551,336,2023-02-21 02:39:58,mobile,Organic Search,home
6552,77,2021-02-18 13:09:45,mobile,Organic Search,product
6553,131,2023-06-26 17:20:20,desktop,Ads,checkout
6554,643,2020-06-23 19:41:36,desktop,Direct,home
6555,639,2021-06-17 10:17:30,mobile,Push Notification,search
6556,1373,2022-11-08 10:24:25,desktop,Direct,home
6557,105,2020-06-13 21:44:09,tablet,Paid Social,search
6558,428,2020-10-16 08:51:04,tablet,Organic Search,search
6559,1375,2020-12-20 01:37:17,desktop,Direct,search
6560,1389,2024-07-08 12:40:39,tablet,Organic Search,cart
6561,56,2024-06-14 19:27:47,desktop,Paid Social,checkout
6562,1854,2020-11-20 11:27:20,tablet,Push Notification,checkout
6563,1881,2020-09-19 12:03:55,tablet,Organic Search,search
6564,1778,2020-01-15 04:04:07,desktop,Push Notification,search
6565,1991,2022-03-16 22:54:59,mobile,Email,home
6566,1018,2023-08-17 06:17:13,desktop,Push Notification,home
6567,1753,2021-06-16 00:14:08,tablet,Push Notification,search
6568,1311,2024-04-03 06:21:52,desktop,Email,product
6569,1725,2021-05-10 02:57:32,mobile,Ads,cart
6570,722,2021-04-17 15:49:46,mobile,Organic Search,product
6571,188,2020-12-16 02:00:31,mobile,Paid Social,cart
6572,801,2021-02-27 07:59:42,tablet,Email,product
6573,1633,2023-11-16 22:43:14,mobile,Ads,checkout
6574,1805,2024-08-11 01:20:39,mobile,Push Notification,search
6575,155,2024-01-22 00:18:29,desktop,Email,search
6576,503,2022-07-06 13:54:10,desktop,Email,cart
6577,1355,2022-08-24 11:34:42,mobile,Organic Search,search
6578,749,2023-08-12 08:05:08,desktop,Push Notification,cart
6579,466,2024-12-27 02:54:51,desktop,Email,product
6580,1279,2023-08-20 04:49:59,tablet,Email,checkout
6581,476,2022-08-01 05:55:16,desktop,Email,search
6582,1081,2021-03-27 18:29:38,tablet,Direct,home
6583,1638,2023-05-07 03:01:24,mobile,Email,checkout
6584,297,2022-06-26 15:34:29,mobile,Push Notification,search
6585,1691,2024-05-02 07:12:50,mobile,Organic Search,product
6586,647,2022-02-15 23:45:36,mobile,Push Notification,cart
6587,439,2023-05-24 02:51:33,mobile,Direct,home
6588,1035,2020-05-10 22:55:24,tablet,Organic Search,product
6589,1161,2020-05-24 17:09:34,tablet,Paid Social,product
6590,1297,2023-05-11 09:11:32,tablet,Email,cart
6591,158,2024-06-08 16:33:16,tablet,Email,checkout
6592,447,2021-09-16 14:18:18,mobile,Direct,product
6593,181,2024-07-24 19:12:11,tablet,Paid Social,checkout
6594,1794,2021-02-01 13:51:54,mobile,Push Notification,product
6595,1647,2021-05-03 01:31:13,desktop,Ads,search
6596,725,2022-07-04 18:17:01,tablet,Paid Social,search
6597,499,2024-10-04 16:24:50,tablet,Organic Search,cart
6598,159,2024-07-02 14:58:29,desktop,Organic Search,product
6599,1810,2023-08-16 15:33:31,tablet,Organic Search,home
6600,91,2024-06-20 11:57:39,desktop,Push Notification,checkout
6601,1986,2023-02-15 23:48:56,desktop,Email,product
6602,1390,2024-06-22 01:00:30,tablet,Paid Social,checkout
6603,801,2022-11-20 10:36:11,tablet,Push Notification,checkout
6604,525,2020-06-10 01:23:32,desktop,Email,product
6605,339,2022-02-19 14:19:57,desktop,Direct,search
6606,856,2021-06-23 07:58:58,mobile,Direct,checkout
6607,964,2024-09-11 11:41:53,mobile,Email,cart
6608,445,2024-04-10 10:28:43,mobile,Ads,checkout
6609,324,2021-05-24 13:24:19,desktop,Email,home
6610,1128,2020-04-25 10:55:47,tablet,Email,search
6611,1021,2021-05-17 08:35:55,mobile,Paid Social,home
6612,1338,2024-10-27 09:55:08,desktop,Push Notification,cart
6613,1628,2023-02-19 05:04:36,mobile,Ads,search
6614,968,2024-02-03 14:08:28,mobile,Push Notification,search
6615,273,2021-11-23 04:03:15,mobile,Paid Social,cart
6616,256,2021-09-24 04:27:54,mobile,Ads,search
6617,1068,2024-10-18 19:08:22,desktop,Push Notification,checkout
6618,204,2024-09-25 16:50:19,desktop,Ads,search
6619,390,2020-07-27 15:19:36,mobile,Ads,product
6620,1879,2022-01-19 13:40:53,mobile,Ads,search
6621,1816,2021-04-12 06:37:01,tablet,Organic Search,checkout
6622,27,2023-08-27 17:39:56,desktop,Email,cart
6623,19,2021-07-01 10:19:16,desktop,Email,search
6624,127,2022-01-04 11:53:22,desktop,Ads,product
6625,1324,2020-12-28 15:58:54,desktop,Direct,home
6626,677,2024-12-18 22:03:20,tablet,Ads,home
6627,1397,2021-12-12 09:00:52,mobile,Organic Search,home
6628,1098,2021-08-11 16:15:25,desktop,Direct,checkout
6629,4,2023-08-19 22:14:02,mobile,Paid Social,home
6630,264,2022-04-26 13:16:44,tablet,Email,search
6631,1715,2020-02-19 18:27:30,desktop,Ads,search
6632,182,2020-05-25 19:26:53,desktop,Paid Social,cart
6633,666,2022-03-19 18:06:24,tablet,Direct,cart
6634,397,2020-09-03 00:05:00,mobile,Organic Search,product
6635,60,2021-12-17 14:35:24,desktop,Ads,search
6636,1375,2023-01-16 00:58:32,mobile,Push Notification,checkout
6637,1537,2024-07-04 23:24:12,desktop,Paid Social,checkout
6638,1729,2020-03-25 05:22:52,tablet,Push Notification,cart
6639,708,2021-03-19 09:17:14,mobile,Organic Search,checkout
6640,1022,2022-05-20 01:00:18,mobile,Email,cart
6641,766,2021-04-22 18:25:17,tablet,Direct,cart
6642,1840,2023-03-06 07:15:51,mobile,Ads,cart
6643,792,2022-03-08 04:54:01,desktop,Email,checkout
6644,1912,2024-04-18 02:31:48,desktop,Email,search
6645,1579,2024-12-29 01:18:59,mobile,Push Notification,search
6646,1947,2022-06-04 12:38:09,mobile,Push Notification,cart
6647,1151,2023-10-09 03:30:00,mobile,Email,search
6648,1573,2024-01-16 14:45:48,desktop,Organic Search,checkout
6649,1329,2021-01-28 23:10:51,mobile,Direct,home
6650,1859,2022-04-27 22:14:38,tablet,Ads,product
6651,1825,2024-07-22 06:00:53,mobile,Push Notification,cart
6652,275,2022-12-13 03:31:40,tablet,Push Notification,cart
6653,771,2024-04-01 12:32:50,tablet,Paid Social,cart
6654,570,2021-12-21 05:15:16,mobile,Direct,home
6655,644,2020-09-22 17:39:02,desktop,Paid Social,checkout
6656,136,2021-04-16 17:42:08,mobile,Direct,search
6657,535,2020-10-07 21:44:40,tablet,Direct,search
6658,1430,2021-12-24 02:10:51,mobile,Ads,product
6659,148,2020-03-22 12:43:40,tablet,Ads,cart
6660,1455,2021-10-18 00:38:11,desktop,Organic Search,product
6661,1499,2021-06-10 15:25:07,desktop,Ads,checkout
6662,688,2021-08-08 08:32:59,desktop,Organic Search,home
6663,1664,2021-12-25 10:45:55,tablet,Organic Search,search
6664,1812,2022-01-27 19:57:25,tablet,Direct,home
6665,983,2021-01-20 17:42:08,tablet,Paid Social,home
6666,1221,2023-03-18 16:21:30,tablet,Push Notification,home
6667,79,2023-12-29 10:00:29,tablet,Push Notification,search
6668,829,2022-06-02 12:46:38,mobile,Push Notification,cart
6669,1026,2021-07-23 01:58:49,mobile,Ads,search
6670,1905,2020-10-28 03:06:05,mobile,Ads,checkout
6671,1017,2021-12-09 13:53:24,desktop,Organic Search,home
6672,1219,2023-11-05 16:56:01,tablet,Email,cart
6673,1477,2022-06-07 16:06:13,desktop,Email,home
6674,1902,2020-11-18 17:30:10,desktop,Paid Social,cart
6675,1335,2021-11-16 21:46:31,mobile,Organic Search,cart
6676,1359,2021-06-20 14:24:25,desktop,Paid Social,home
6677,1344,2023-04-16 06:17:34,desktop,Organic Search,checkout
6678,969,2020-05-05 06:22:51,tablet,Organic Search,product
6679,737,2023-03-04 23:18:36,mobile,Paid Social,home
6680,1330,2022-10-04 22:36:47,tablet,Paid Social,product
6681,1291,2022-03-13 05:25:21,desktop,Organic Search,product
6682,647,2024-02-02 06:24:49,desktop,Email,cart
6683,1037,2021-12-27 07:39:23,mobile,Email,home
6684,958,2024-11-14 03:47:32,desktop,Push Notification,product
6685,822,2020-01-01 04:39:36,desktop,Ads,search
6686,481,2024-04-19 03:35:07,tablet,Direct,home
6687,30,2023-05-03 02:44:36,mobile,Organic Search,cart
6688,1965,2024-10-11 05:46:04,desktop,Ads,product
6689,180,2020-07-07 09:00:13,mobile,Direct,search
6690,1903,2021-07-28 23:18:45,tablet,Organic Search,product
6691,1922,2020-08-14 09:59:53,desktop,Organic Search,checkout
6692,500,2023-05-17 06:29:47,tablet,Direct,search
6693,1419,2024-05-27 03:53:26,tablet,Paid Social,cart
6694,229,2023-07-13 12:03:38,tablet,Ads,home
6695,1066,2024-12-30 21:54:41,tablet,Push Notification,search
6696,1843,2022-01-13 08:56:49,desktop,Paid Social,cart
6697,1189,2021-02-02 02:24:15,tablet,Email,checkout
6698,368,2021-01-15 05:08:52,tablet,Push Notification,checkout
6699,174,2023-12-23 14:40:11,desktop,Push Notification,search
6700,379,2021-09-02 05:33:40,desktop,Paid Social,home
6701,1200,2022-06-08 13:02:05,mobile,Direct,search
6702,120,2020-12-28 11:54:28,mobile,Email,product
6703,626,2024-12-25 09:16:36,desktop,Organic Search,search
6704,518,2022-10-27 23:51:55,tablet,Ads,product
6705,1061,2024-04-30 07:18:20,tablet,Paid Social,home
6706,1419,2024-09-08 10:52:31,desktop,Organic Search,product
6707,520,2021-02-27 16:33:59,tablet,Organic Search,cart
6708,247,2022-02-25 10:46:38,desktop,Ads,checkout
6709,106,2021-12-23 04:43:19,mobile,Organic Search,product
6710,470,2023-10-12 17:47:53,mobile,Paid Social,search
6711,1242,2023-06-23 19:09:36,mobile,Organic Search,checkout
6712,444,2024-10-15 08:59:59,desktop,Push Notification,cart
6713,1936,2021-04-17 03:25:23,desktop,Direct,cart
6714,1219,2020-12-15 13:45:22,tablet,Direct,home
6715,1517,2022-10-03 15:38:37,mobile,Ads,cart
6716,1599,2024-01-24 08:39:04,desktop,Email,cart
6717,906,2024-06-17 22:46:16,desktop,Ads,checkout
6718,648,2024-03-25 14:51:50,mobile,Direct,checkout
6719,1257,2020-05-18 00:06:56,mobile,Paid Social,checkout
6720,527,2023-05-13 04:53:33,desktop,Ads,cart
6721,444,2020-10-29 15:21:42,mobile,Organic Search,checkout
6722,823,2021-06-05 07:16:54,tablet,Push Notification,product
6723,527,2024-04-02 10:10:51,tablet,Organic Search,home
6724,616,2021-09-22 22:12:15,tablet,Email,search
6725,1816,2022-02-13 20:30:02,tablet,Push Notification,search
6726,1927,2020-04-28 06:37:07,desktop,Ads,checkout
6727,817,2024-11-20 18:59:53,desktop,Email,product
6728,16,2020-10-20 10:17:47,desktop,Push Notification,checkout
6729,883,2020-08-05 10:56:21,mobile,Paid Social,checkout
6730,965,2023-12-13 07:41:34,tablet,Direct,checkout
6731,1243,2023-08-21 04:42:28,mobile,Direct,search
6732,946,2023-06-30 23:03:00,tablet,Organic Search,product
6733,1984,2021-12-08 12:20:16,tablet,Push Notification,search
6734,1334,2024-10-02 18:12:28,tablet,Organic Search,search
6735,789,2022-09-27 18:29:21,mobile,Email,home
6736,1645,2021-01-17 03:08:28,desktop,Email,home
6737,564,2022-05-25 23:46:51,mobile,Ads,home
6738,1354,2021-02-21 23:50:18,mobile,Organic Search,product
6739,1833,2024-11-19 15:55:12,tablet,Paid Social,checkout
6740,1044,2020-08-06 18:50:43,mobile,Paid Social,cart
6741,1947,2021-07-27 19:08:25,mobile,Organic Search,home
6742,1215,2024-08-17 00:36:52,mobile,Email,product
6743,415,2024-01-17 06:57:43,mobile,Ads,cart
6744,490,2020-01-05 10:45:59,tablet,Organic Search,cart
6745,350,2022-07-20 10:37:23,mobile,Ads,checkout
6746,630,2022-07-21 21:44:31,desktop,Ads,home
6747,1498,2024-01-08 22:06:17,desktop,Email,cart
6748,204,2022-11-07 12:00:01,mobile,Ads,checkout
6749,908,2021-11-22 20:43:28,tablet,Organic Search,cart
6750,372,2022-05-12 11:06:51,desktop,Email,home
6751,1515,2023-08-06 20:23:20,mobile,Organic Search,checkout
6752,1907,2024-11-17 11:42:24,mobile,Direct,cart
6753,1331,2020-09-10 21:42:19,desktop,Paid Social,home
6754,7,2021-05-06 18:04:23,tablet,Ads,cart
6755,1385,2023-11-04 13:53:47,tablet,Organic Search,home
6756,181,2020-01-22 11:03:06,desktop,Direct,checkout
6757,1716,2020-06-01 23:22:23,mobile,Organic Search,cart
6758,1035,2022-03-05 14:19:29,desktop,Direct,checkout
6759,692,2023-01-21 05:51:39,tablet,Push Notification,product
6760,329,2024-12-22 18:21:50,desktop,Ads,cart
6761,14,2021-12-09 17:30:38,mobile,Direct,home
6762,846,2020-09-11 05:58:27,mobile,Ads,search
6763,994,2021-02-28 14:48:03,tablet,Email,product
6764,199,2023-05-28 14:10:40,mobile,Email,cart
6765,1733,2022-12-25 12:35:38,tablet,Organic Search,checkout
6766,1637,2022-10-04 07:02:08,desktop,Push Notification,product
6767,913,2021-07-25 22:39:31,mobile,Organic Search,cart
6768,218,2024-01-03 03:19:54,mobile,Organic Search,cart
6769,1285,2024-05-28 08:42:33,mobile,Email,search
6770,1615,2022-05-29 01:52:52,mobile,Paid Social,search
6771,1393,2022-06-21 03:24:05,mobile,Paid Social,checkout
6772,1379,2022-03-05 10:16:12,tablet,Direct,product
6773,723,2025-01-01 16:19:07,desktop,Push Notification,cart
6774,1240,2024-09-20 14:24:29,mobile,Email,cart
6775,361,2023-08-29 02:27:10,tablet,Email,home
6776,176,2022-02-08 19:12:07,desktop,Push Notification,product
6777,474,2020-10-25 14:12:21,mobile,Direct,cart
6778,509,2020-10-04 11:07:44,mobile,Ads,search
6779,1147,2021-04-12 05:07:53,mobile,Ads,cart
6780,531,2024-04-15 08:03:04,desktop,Paid Social,search
6781,258,2023-08-06 17:40:44,tablet,Push Notification,cart
6782,1675,2021-07-20 01:59:45,mobile,Email,search
6783,457,2021-08-26 03:57:02,desktop,Ads,search
6784,360,2020-04-11 06:04:02,tablet,Push Notification,cart
6785,1454,2024-10-12 19:11:34,desktop,Email,search
6786,930,2022-08-21 22:42:59,desktop,Push Notification,home
6787,454,2023-08-10 18:25:27,desktop,Organic Search,product
6788,1174,2023-01-16 01:29:16,tablet,Ads,checkout
6789,1611,2024-02-11 07:03:21,tablet,Organic Search,home
6790,748,2020-08-12 09:23:35,tablet,Ads,product
6791,1744,2023-05-12 21:37:26,mobile,Push Notification,product
6792,1561,2023-03-31 21:13:15,mobile,Email,product
6793,244,2021-08-14 00:58:42,tablet,Ads,cart
6794,108,2022-03-23 00:59:38,tablet,Organic Search,home
6795,304,2020-04-16 06:52:34,desktop,Push Notification,search
6796,601,2024-02-18 01:00:57,tablet,Ads,checkout
6797,707,2024-11-19 14:42:12,desktop,Ads,search
6798,1236,2021-02-18 08:51:22,desktop,Push Notification,home
6799,311,2023-09-30 09:34:46,tablet,Email,cart
6800,1733,2023-01-11 02:53:22,mobile,Direct,search
6801,569,2024-02-28 00:08:11,desktop,Organic Search,home
6802,1768,2024-08-15 20:47:34,desktop,Email,cart
6803,675,2022-12-06 06:57:50,mobile,Email,home
6804,1415,2023-03-31 23:07:25,tablet,Direct,search
6805,1529,2023-08-16 04:57:44,mobile,Push Notification,cart
6806,1851,2020-12-12 04:25:45,mobile,Direct,search
6807,782,2023-04-15 05:52:09,mobile,Email,search
6808,1128,2023-02-18 12:10:19,tablet,Push Notification,checkout
6809,1352,2020-06-13 06:25:07,tablet,Ads,home
6810,1111,2024-03-23 02:57:55,mobile,Ads,home
6811,796,2020-02-25 03:07:48,mobile,Organic Search,product
6812,1775,2020-08-04 08:28:59,tablet,Organic Search,cart
6813,1819,2021-03-21 01:00:34,tablet,Push Notification,checkout
6814,510,2022-02-23 17:12:20,tablet,Organic Search,checkout
6815,1895,2024-12-04 19:48:18,desktop,Paid Social,product
6816,51,2020-02-25 05:41:17,desktop,Email,search
6817,1988,2023-08-29 21:27:46,desktop,Direct,search
6818,1162,2023-07-30 05:39:10,desktop,Organic Search,product
6819,1512,2021-02-16 21:38:49,desktop,Ads,product
6820,47,2024-06-18 05:57:33,tablet,Paid Social,search
6821,1533,2024-06-25 00:45:17,desktop,Direct,home
6822,664,2024-09-04 09:01:42,tablet,Organic Search,product
6823,484,2022-03-01 02:32:36,mobile,Direct,search
6824,528,2022-12-01 21:21:23,mobile,Direct,search
6825,547,2024-06-14 19:36:41,mobile,Paid Social,product
6826,730,2020-01-02 05:57:37,mobile,Push Notification,checkout
6827,1256,2022-06-22 14:02:31,tablet,Direct,cart
6828,1254,2023-02-15 07:03:21,tablet,Push Notification,home
6829,1071,2021-12-06 22:02:26,desktop,Ads,search
6830,1839,2023-03-25 14:45:18,desktop,Organic Search,home
6831,1818,2021-02-11 12:18:19,desktop,Ads,checkout
6832,563,2021-03-25 01:38:03,desktop,Push Notification,product
6833,1508,2021-03-03 22:12:01,mobile,Organic Search,home
6834,1989,2020-12-08 22:01:11,tablet,Ads,cart
6835,850,2020-11-01 06:51:57,mobile,Paid Social,product
6836,1934,2021-07-26 02:36:12,mobile,Ads,checkout
6837,1648,2022-10-05 13:40:40,desktop,Push Notification,home
6838,267,2020-07-22 09:56:08,mobile,Organic Search,product
6839,210,2021-09-07 17:54:19,mobile,Ads,cart
6840,863,2024-02-18 13:04:28,mobile,Email,checkout
6841,1926,2020-10-15 09:58:12,mobile,Ads,search
6842,702,2021-12-15 10:34:35,tablet,Organic Search,product
6843,134,2024-08-24 21:32:52,desktop,Organic Search,checkout
6844,126,2020-01-07 14:20:29,mobile,Direct,checkout
6845,224,2020-10-14 00:04:54,desktop,Push Notification,search
6846,115,2021-03-15 09:14:36,desktop,Push Notification,product
6847,1042,2021-10-15 09:39:26,mobile,Email,product
6848,458,2023-07-17 20:11:31,mobile,Direct,checkout
6849,800,2022-12-28 01:33:21,desktop,Direct,search
6850,496,2020-03-31 23:14:57,tablet,Ads,cart
6851,1509,2022-11-24 00:31:11,mobile,Email,home
6852,1537,2023-10-28 07:47:12,tablet,Paid Social,search
6853,637,2021-04-28 10:27:43,desktop,Organic Search,home
6854,910,2023-10-18 05:12:31,mobile,Ads,home
6855,1473,2024-11-15 14:36:42,desktop,Direct,checkout
6856,169,2024-10-21 08:35:08,desktop,Organic Search,home
6857,1843,2021-01-15 11:55:36,mobile,Email,checkout
6858,952,2023-08-06 11:43:39,desktop,Paid Social,product
6859,953,2023-04-10 19:30:04,mobile,Direct,search
6860,1879,2023-06-23 10:35:46,tablet,Organic Search,cart
6861,1411,2022-12-20 21:20:15,tablet,Direct,checkout
6862,405,2023-08-12 14:24:50,mobile,Organic Search,cart
6863,1936,2023-03-16 03:29:49,tablet,Email,cart
6864,2000,2021-08-18 08:13:06,tablet,Email,product
6865,1934,2020-08-19 16:30:43,desktop,Organic Search,home
6866,112,2024-05-01 23:08:21,tablet,Direct,home
6867,1325,2023-09-13 22:16:41,desktop,Direct,home
6868,1682,2021-03-28 00:02:45,tablet,Organic Search,search
6869,1227,2024-05-27 11:56:56,mobile,Push Notification,product
6870,175,2024-05-29 17:03:56,mobile,Paid Social,checkout
6871,32,2022-04-19 11:21:54,mobile,Push Notification,search
6872,1070,2021-08-23 15:49:06,desktop,Ads,checkout
6873,220,2024-11-02 07:14:07,desktop,Direct,home
6874,1762,2020-05-01 13:25:22,desktop,Email,search
6875,646,2023-01-27 04:52:35,tablet,Ads,search
6876,1930,2024-10-28 05:34:33,desktop,Ads,product
6877,422,2023-11-24 18:31:05,mobile,Push Notification,search
6878,736,2024-11-18 05:36:42,desktop,Organic Search,cart
6879,507,2023-04-07 10:53:43,mobile,Paid Social,home
6880,326,2024-11-12 11:52:50,desktop,Ads,home
6881,1196,2021-02-08 08:56:31,tablet,Email,home
6882,1038,2023-05-13 01:26:26,tablet,Organic Search,checkout
6883,1847,2023-01-07 21:37:37,mobile,Direct,checkout
6884,725,2021-07-16 02:28:28,desktop,Direct,product
6885,793,2021-01-12 21:33:20,mobile,Direct,search
6886,1755,2021-09-22 08:24:10,mobile,Ads,product
6887,163,2024-01-19 13:30:50,desktop,Ads,search
6888,569,2021-07-29 22:45:45,tablet,Email,home
6889,283,2024-07-09 17:03:25,tablet,Ads,product
6890,1184,2022-12-22 19:01:13,mobile,Direct,product
6891,1310,2024-08-02 01:58:42,tablet,Organic Search,home
6892,1353,2023-08-10 13:22:26,mobile,Organic Search,checkout
6893,1550,2024-10-06 09:19:59,mobile,Ads,search
6894,245,2023-03-07 16:46:36,tablet,Direct,home
6895,1182,2020-11-10 04:05:52,desktop,Ads,search
6896,284,2021-01-17 22:12:08,desktop,Organic Search,home
6897,1347,2023-04-17 03:33:37,desktop,Direct,checkout
6898,1411,2024-10-02 06:41:11,mobile,Paid Social,home
6899,953,2023-05-23 20:31:02,mobile,Organic Search,search
6900,765,2021-08-14 14:38:05,desktop,Ads,search
6901,709,2020-06-06 06:21:36,desktop,Organic Search,cart
6902,1360,2022-05-02 20:26:32,tablet,Email,cart
6903,1554,2022-03-14 07:22:02,desktop,Ads,home
6904,742,2021-07-27 03:49:16,mobile,Paid Social,cart
6905,1737,2024-03-26 02:53:34,desktop,Email,cart
6906,768,2022-03-01 12:18:30,mobile,Push Notification,product
6907,503,2020-04-24 12:26:09,desktop,Ads,home
6908,602,2023-03-21 12:02:33,desktop,Organic Search,search
6909,1510,2024-07-09 08:17:45,desktop,Direct,checkout
6910,175,2020-12-12 17:56:44,desktop,Organic Search,checkout
6911,718,2023-07-03 07:13:29,tablet,Push Notification,search
6912,1035,2022-10-26 23:23:26,desktop,Organic Search,checkout
6913,1849,2021-10-13 14:04:30,tablet,Push Notification,checkout
6914,1623,2024-11-24 07:56:17,desktop,Direct,home
6915,170,2021-12-26 05:59:12,mobile,Paid Social,cart
6916,1356,2023-11-09 00:47:41,desktop,Email,search
6917,881,2024-08-22 01:42:27,desktop,Push Notification,product
6918,1982,2020-10-27 12:57:26,desktop,Paid Social,search
6919,883,2021-07-12 16:48:37,mobile,Organic Search,cart
6920,759,2024-01-19 09:41:08,mobile,Push Notification,home
6921,907,2022-07-17 17:28:50,mobile,Push Notification,checkout
6922,1618,2021-02-03 00:42:18,desktop,Ads,cart
6923,1964,2024-01-05 23:54:58,desktop,Direct,checkout
6924,1995,2021-01-12 15:15:15,desktop,Direct,checkout
6925,1973,2023-05-02 13:57:15,desktop,Paid Social,cart
6926,1439,2022-09-08 19:15:27,mobile,Email,home
6927,864,2020-02-06 21:13:01,desktop,Organic Search,search
6928,1736,2022-07-19 18:17:48,mobile,Push Notification,home
6929,807,2021-02-02 05:56:30,desktop,Organic Search,checkout
6930,1233,2022-03-23 23:55:20,desktop,Push Notification,checkout
6931,614,2023-01-26 12:13:26,mobile,Push Notification,product
6932,1645,2023-07-04 14:07:10,desktop,Push Notification,cart
6933,1719,2022-11-16 21:37:46,desktop,Direct,checkout
6934,1130,2023-01-16 13:41:47,desktop,Ads,search
6935,269,2021-12-18 06:57:05,desktop,Ads,search
6936,313,2020-04-03 13:13:51,desktop,Paid Social,search
6937,473,2023-09-20 11:22:33,mobile,Push Notification,checkout
6938,1853,2021-06-08 19:35:08,desktop,Ads,checkout
6939,7,2024-08-25 07:24:43,mobile,Direct,home
6940,1778,2020-04-05 21:11:49,desktop,Direct,search
6941,1967,2021-05-28 22:39:46,mobile,Ads,search
6942,592,2024-09-10 23:08:45,mobile,Email,search
6943,323,2020-11-13 15:13:10,mobile,Direct,search
6944,1216,2020-05-05 05:00:22,mobile,Organic Search,cart
6945,1761,2021-10-26 11:50:33,tablet,Direct,cart
6946,102,2021-07-16 18:30:35,mobile,Email,home
6947,727,2023-09-30 20:45:13,desktop,Email,checkout
6948,137,2023-04-11 05:33:25,desktop,Push Notification,search
6949,1272,2022-10-29 06:07:26,desktop,Organic Search,cart
6950,546,2023-09-13 12:02:51,desktop,Paid Social,home
6951,1262,2022-01-22 09:57:40,desktop,Ads,checkout
6952,1315,2022-06-19 22:26:51,tablet,Email,cart
6953,1880,2024-05-31 23:51:43,desktop,Organic Search,checkout
6954,1898,2021-10-29 04:35:10,mobile,Ads,cart
6955,271,2023-11-29 10:27:13,desktop,Ads,checkout
6956,1449,2020-11-12 12:57:05,tablet,Email,home
6957,1262,2021-04-02 12:16:13,mobile,Email,cart
6958,1589,2020-08-30 02:22:14,desktop,Ads,home
6959,98,2022-10-16 19:03:47,tablet,Direct,cart
6960,727,2022-08-14 13:20:00,mobile,Email,cart
6961,530,2021-08-25 12:59:43,tablet,Ads,cart
6962,951,2022-04-14 00:50:41,mobile,Paid Social,checkout
6963,1203,2024-01-15 22:21:33,tablet,Ads,search
6964,1058,2022-12-19 05:54:56,mobile,Direct,checkout
6965,1542,2020-11-11 12:29:24,mobile,Paid Social,home
6966,1937,2023-09-16 06:25:55,desktop,Push Notification,cart
6967,1139,2020-04-13 19:54:11,tablet,Email,cart
6968,227,2021-12-30 03:38:05,mobile,Email,home
6969,1634,2023-01-19 17:18:51,desktop,Organic Search,search
6970,1465,2021-05-28 20:00:41,desktop,Ads,home
6971,469,2022-09-24 23:36:35,desktop,Email,product
6972,1507,2023-05-29 20:37:33,mobile,Email,cart
6973,123,2022-01-17 08:15:43,tablet,Ads,home
6974,1888,2022-12-20 06:02:20,desktop,Push Notification,checkout
6975,453,2023-01-01 15:11:50,desktop,Push Notification,search
6976,855,2022-10-04 10:56:04,desktop,Direct,product
6977,1068,2021-05-13 16:55:46,desktop,Paid Social,checkout
6978,924,2020-04-17 21:59:25,desktop,Paid Social,product
6979,1263,2023-01-22 10:18:33,tablet,Ads,cart
6980,1135,2022-07-31 19:14:14,desktop,Organic Search,home
6981,1175,2023-10-03 08:48:57,mobile,Paid Social,product
6982,931,2023-08-06 00:39:43,mobile,Email,product
6983,1441,2023-07-17 10:52:32,desktop,Ads,home
6984,1580,2022-11-08 03:29:29,mobile,Ads,home
6985,664,2023-10-07 17:37:46,mobile,Paid Social,search
6986,1034,2024-10-20 00:36:48,mobile,Organic Search,checkout
6987,403,2023-04-02 09:33:50,desktop,Organic Search,cart
6988,1621,2024-07-04 09:12:12,mobile,Push Notification,cart
6989,609,2021-05-05 23:04:30,tablet,Paid Social,product
6990,402,2020-03-15 18:13:27,desktop,Push Notification,search
6991,1103,2021-06-12 10:40:25,mobile,Paid Social,cart
6992,1194,2022-03-10 17:17:13,tablet,Organic Search,home
6993,1950,2020-09-11 02:49:52,tablet,Paid Social,search
6994,478,2021-01-06 07:57:06,tablet,Ads,checkout
6995,892,2021-01-05 06:47:35,desktop,Push Notification,cart
6996,1507,2024-12-22 23:46:17,mobile,Organic Search,home
6997,1173,2023-05-08 03:07:52,mobile,Direct,product
6998,1099,2020-05-18 14:42:23,mobile,Organic Search,product
6999,44,2024-12-11 11:20:27,desktop,Ads,product
7000,296,2023-11-16 16:18:42,tablet,Email,product
7001,80,2022-06-08 11:58:56,desktop,Organic Search,product
7002,1069,2022-02-03 04:04:28,desktop,Paid Social,cart
7003,588,2020-02-23 10:07:10,mobile,Push Notification,product
7004,5,2023-03-20 19:09:26,tablet,Email,home
7005,1513,2024-09-02 02:50:54,tablet,Ads,product
7006,644,2023-09-11 05:57:15,mobile,Organic Search,product
7007,800,2023-07-21 17:37:09,tablet,Ads,home
7008,1601,2020-04-23 05:35:52,mobile,Push Notification,cart
7009,1827,2024-03-27 21:50:43,mobile,Direct,home
7010,455,2024-12-11 10:53:04,tablet,Ads,search
7011,1711,2023-04-05 10:07:30,tablet,Organic Search,product
7012,727,2023-12-26 13:45:52,tablet,Direct,home
7013,1118,2020-03-02 09:29:48,mobile,Direct,home
7014,566,2024-04-26 05:48:34,tablet,Paid Social,checkout
7015,1620,2020-01-05 04:21:45,mobile,Email,search
7016,1139,2022-04-08 19:51:33,tablet,Email,search
7017,222,2024-01-05 22:13:45,tablet,Paid Social,product
7018,1244,2022-02-17 05:54:51,desktop,Organic Search,cart
7019,1379,2021-05-16 16:18:49,mobile,Organic Search,checkout
7020,1200,2024-09-29 22:14:44,tablet,Paid Social,cart
7021,660,2024-11-09 02:52:50,desktop,Direct,search
7022,756,2020-02-19 01:43:34,mobile,Ads,product
7023,715,2022-10-22 16:34:34,desktop,Email,checkout
7024,855,2021-08-11 11:44:22,desktop,Paid Social,search
7025,568,2023-09-26 19:35:48,mobile,Direct,home
7026,1719,2023-08-25 07:22:41,mobile,Email,checkout
7027,1797,2021-08-30 21:22:27,mobile,Direct,checkout
7028,1274,2021-04-22 11:16:39,tablet,Ads,checkout
7029,808,2023-04-19 12:51:43,desktop,Paid Social,product
7030,647,2023-03-05 14:07:18,tablet,Direct,search
7031,711,2023-11-15 07:54:35,tablet,Ads,checkout
7032,590,2023-09-27 12:26:16,tablet,Ads,cart
7033,1760,2020-10-13 06:24:12,desktop,Push Notification,cart
7034,444,2024-03-30 18:55:22,desktop,Paid Social,checkout
7035,986,2024-04-02 01:14:52,tablet,Push Notification,cart
7036,567,2022-10-23 07:06:40,tablet,Push Notification,search
7037,174,2022-11-13 00:02:40,tablet,Push Notification,search
7038,1732,2023-11-13 14:21:56,tablet,Ads,home
7039,328,2024-03-05 19:17:53,desktop,Paid Social,product
7040,659,2021-01-18 10:17:15,tablet,Direct,search
7041,469,2022-11-01 22:07:22,tablet,Paid Social,home
7042,92,2023-09-25 16:16:11,desktop,Push Notification,home
7043,1568,2023-02-27 03:18:23,desktop,Paid Social,home
7044,969,2023-09-03 03:21:20,tablet,Paid Social,checkout
7045,612,2024-06-07 08:12:44,mobile,Paid Social,checkout
7046,1089,2022-12-17 20:58:45,tablet,Direct,home
7047,1533,2023-10-11 13:23:47,mobile,Direct,checkout
7048,1314,2023-07-09 16:48:03,tablet,Email,search
7049,538,2024-08-09 14:46:54,tablet,Email,checkout
7050,1478,2022-10-07 11:38:09,tablet,Email,checkout
7051,1901,2024-01-28 19:19:59,tablet,Push Notification,search
7052,219,2023-05-29 13:02:46,tablet,Organic Search,home
7053,1459,2023-11-24 23:24:53,mobile,Push Notification,cart
7054,1489,2024-10-14 02:02:14,tablet,Direct,search
7055,343,2024-01-14 18:41:27,tablet,Push Notification,cart
7056,118,2020-02-24 13:54:52,desktop,Email,product
7057,724,2023-01-29 14:31:27,mobile,Organic Search,home
7058,1204,2022-05-11 19:54:27,mobile,Email,cart
7059,1559,2021-08-23 07:39:05,tablet,Direct,checkout
7060,481,2024-09-30 04:02:03,desktop,Direct,cart
7061,1583,2021-01-12 20:35:29,mobile,Direct,cart
7062,574,2024-06-20 06:08:06,desktop,Email,home
7063,258,2024-04-04 17:33:01,mobile,Direct,cart
7064,1540,2023-10-30 18:23:08,tablet,Direct,cart
7065,943,2024-11-20 06:25:01,tablet,Ads,search
7066,1954,2023-12-13 21:27:30,desktop,Push Notification,search
7067,969,2024-08-20 01:20:30,tablet,Direct,home
7068,1537,2023-01-28 18:57:55,mobile,Push Notification,checkout
7069,1719,2024-10-30 05:08:53,tablet,Direct,home
7070,914,2020-01-06 04:02:37,mobile,Push Notification,cart
7071,1998,2023-01-26 14:56:36,desktop,Direct,checkout
7072,1901,2022-06-07 16:49:39,mobile,Ads,checkout
7073,1492,2024-10-22 08:35:56,mobile,Email,product
7074,1557,2021-05-07 17:02:21,desktop,Push Notification,product
7075,1476,2022-01-10 11:38:31,mobile,Paid Social,search
7076,1181,2020-03-30 07:16:17,mobile,Email,search
7077,1952,2022-11-20 20:14:33,desktop,Direct,search
7078,1514,2022-07-02 02:32:33,desktop,Ads,search
7079,1918,2024-09-27 14:56:36,mobile,Ads,search
7080,185,2022-07-15 20:50:09,tablet,Ads,checkout
7081,218,2021-10-16 21:57:26,mobile,Push Notification,checkout
7082,448,2023-01-21 00:54:16,mobile,Email,cart
7083,1689,2022-04-30 20:21:32,desktop,Direct,cart
7084,270,2022-08-11 12:24:57,tablet,Paid Social,search
7085,954,2021-12-20 19:07:45,mobile,Direct,cart
7086,579,2024-07-08 21:33:33,mobile,Ads,cart
7087,225,2022-02-04 17:02:43,desktop,Email,product
7088,1338,2023-12-25 13:15:07,desktop,Email,checkout
7089,1007,2021-12-19 03:55:48,desktop,Push Notification,checkout
7090,1166,2020-11-10 10:41:10,desktop,Direct,home
7091,346,2021-11-18 06:43:59,mobile,Paid Social,product
7092,1187,2024-07-27 20:17:58,tablet,Ads,product
7093,1694,2023-08-13 10:13:20,tablet,Push Notification,product
7094,1753,2024-11-16 20:49:49,tablet,Ads,checkout
7095,1517,2024-04-15 05:59:32,tablet,Ads,home
7096,1987,2020-05-13 02:57:51,tablet,Organic Search,product
7097,207,2023-07-31 08:50:59,mobile,Email,home
7098,1353,2024-02-07 16:34:51,desktop,Push Notification,home
7099,1211,2023-05-19 16:17:52,desktop,Email,cart
7100,1757,2023-11-16 16:04:22,mobile,Ads,home
7101,837,2024-12-25 20:30:32,desktop,Email,home
7102,671,2023-07-10 03:22:57,tablet,Direct,cart
7103,1618,2021-11-05 07:15:11,tablet,Ads,checkout
7104,326,2021-04-16 12:20:24,desktop,Push Notification,search
7105,1963,2024-01-21 18:59:29,desktop,Email,checkout
7106,935,2024-03-22 16:13:48,desktop,Direct,home
7107,1138,2023-02-27 15:09:48,tablet,Direct,cart
7108,1822,2024-04-20 01:18:33,mobile,Ads,home
7109,1918,2024-11-05 19:35:21,desktop,Ads,cart
7110,207,2020-10-06 08:37:50,mobile,Email,search
7111,30,2020-02-09 22:52:38,desktop,Ads,checkout
7112,1847,2023-11-06 06:55:29,tablet,Ads,cart
7113,1821,2022-11-24 03:19:25,tablet,Ads,home
7114,1276,2020-09-30 03:43:45,desktop,Organic Search,checkout
7115,1051,2024-05-30 19:42:15,tablet,Push Notification,checkout
7116,1708,2020-02-01 00:14:43,mobile,Ads,product
7117,804,2021-07-12 23:30:43,mobile,Organic Search,product
7118,1262,2021-08-26 09:39:46,desktop,Paid Social,product
7119,603,2024-08-06 17:33:06,mobile,Ads,product
7120,1741,2024-12-23 23:31:00,mobile,Email,cart
7121,571,2020-05-26 22:05:38,tablet,Direct,product
7122,466,2021-11-18 12:35:12,desktop,Push Notification,search
7123,1468,2023-11-30 00:25:52,tablet,Push Notification,product
7124,734,2022-01-08 20:54:55,mobile,Ads,search
7125,1943,2020-03-11 19:47:42,tablet,Ads,product
7126,1093,2020-10-05 04:34:11,tablet,Paid Social,home
7127,1356,2022-06-20 19:44:21,tablet,Direct,product
7128,1716,2022-11-30 12:03:17,desktop,Email,product
7129,1822,2023-04-25 08:23:16,tablet,Direct,checkout
7130,1674,2020-08-01 20:56:17,desktop,Email,cart
7131,1354,2024-10-16 11:38:55,mobile,Paid Social,search
7132,1241,2020-07-10 16:52:43,tablet,Direct,product
7133,972,2024-12-28 12:47:24,tablet,Push Notification,product
7134,19,2022-04-23 15:49:48,mobile,Paid Social,product
7135,1037,2020-05-18 22:35:37,desktop,Organic Search,search
7136,1004,2024-01-24 14:28:23,tablet,Push Notification,home
7137,1479,2021-01-15 19:08:23,tablet,Push Notification,checkout
7138,1940,2023-05-05 00:45:30,mobile,Organic Search,checkout
7139,1877,2022-07-30 12:21:18,tablet,Push Notification,checkout
7140,1811,2024-11-30 14:41:19,tablet,Push Notification,search
7141,1495,2024-08-11 19:55:58,tablet,Paid Social,checkout
7142,348,2024-07-25 08:51:26,mobile,Push Notification,search
7143,378,2023-11-07 05:37:54,tablet,Paid Social,checkout
7144,1103,2021-06-11 04:35:38,tablet,Ads,search
7145,1155,2021-03-22 15:57:49,mobile,Direct,home
7146,1777,2024-09-12 22:08:21,tablet,Organic Search,checkout
7147,1545,2023-09-20 02:33:26,desktop,Ads,product
7148,331,2021-10-17 18:30:05,tablet,Push Notification,product
7149,1999,2024-09-03 01:08:43,tablet,Email,home
7150,1874,2024-07-27 19:17:23,mobile,Organic Search,home
7151,1219,2020-10-29 17:56:37,mobile,Paid Social,cart
7152,125,2021-06-27 08:47:09,tablet,Ads,search
7153,1077,2022-10-23 16:09:50,tablet,Direct,cart
7154,639,2022-01-12 19:52:01,tablet,Organic Search,checkout
7155,761,2021-03-02 20:05:14,desktop,Email,product
7156,1667,2021-12-26 03:30:18,mobile,Push Notification,product
7157,1834,2022-09-23 20:10:18,mobile,Ads,home
7158,1075,2020-05-16 06:36:59,desktop,Email,home
7159,759,2021-03-16 09:41:34,desktop,Paid Social,search
7160,927,2024-08-29 18:11:16,tablet,Organic Search,product
7161,1741,2023-06-22 20:56:16,tablet,Organic Search,product
7162,1723,2022-02-21 16:01:46,tablet,Organic Search,search
7163,1540,2023-10-14 04:35:52,tablet,Direct,search
7164,1520,2024-02-23 02:46:45,desktop,Email,home
7165,50,2022-07-27 12:44:00,desktop,Paid Social,search
7166,1739,2021-01-27 00:03:17,mobile,Ads,home
7167,712,2021-01-20 00:49:46,mobile,Organic Search,search
7168,1822,2023-03-01 07:11:26,mobile,Organic Search,cart
7169,623,2022-09-02 13:19:54,tablet,Paid Social,search
7170,308,2022-03-11 03:45:24,desktop,Push Notification,home
7171,100,2024-04-10 22:18:54,tablet,Organic Search,checkout
7172,952,2022-02-06 12:57:08,mobile,Organic Search,product
7173,1219,2022-07-15 10:21:47,tablet,Organic Search,search
7174,1392,2021-03-28 01:25:13,mobile,Ads,cart
7175,463,2020-07-22 08:15:24,desktop,Organic Search,search
7176,1619,2022-06-15 16:23:48,tablet,Push Notification,cart
7177,358,2020-12-21 13:55:20,desktop,Push Notification,product
7178,382,2024-02-25 18:59:38,mobile,Push Notification,product
7179,1320,2020-10-01 15:08:39,desktop,Organic Search,home
7180,83,2023-11-27 00:58:51,tablet,Direct,home
7181,780,2022-06-28 22:36:46,mobile,Push Notification,home
7182,1269,2023-08-14 03:38:59,mobile,Direct,product
7183,161,2022-03-20 20:19:20,tablet,Paid Social,home
7184,1609,2024-04-21 16:08:49,mobile,Email,checkout
7185,46,2021-12-05 12:09:33,tablet,Direct,checkout
7186,1738,2024-03-01 09:58:11,tablet,Push Notification,checkout
7187,234,2022-01-06 16:46:18,mobile,Organic Search,checkout
7188,503,2020-10-16 23:31:39,desktop,Organic Search,product
7189,530,2020-02-01 15:28:15,desktop,Paid Social,cart
7190,732,2024-09-23 10:04:33,mobile,Email,checkout
7191,524,2020-03-30 03:36:17,mobile,Paid Social,checkout
7192,1936,2024-09-10 21:10:01,desktop,Paid Social,cart
7193,246,2020-01-18 22:34:41,desktop,Organic Search,checkout
7194,219,2021-03-17 05:17:05,mobile,Organic Search,search
7195,498,2024-12-08 19:34:36,mobile,Paid Social,search
7196,1155,2020-02-09 06:12:37,tablet,Email,home
7197,218,2023-10-14 22:36:36,desktop,Ads,cart
7198,285,2021-07-29 21:17:31,tablet,Organic Search,checkout
7199,862,2022-09-10 14:33:55,desktop,Direct,search
7200,1026,2023-09-10 05:18:24,tablet,Email,home
7201,1182,2020-12-21 20:58:34,tablet,Ads,search
7202,1375,2024-02-01 23:57:28,desktop,Paid Social,checkout
7203,285,2021-10-28 03:45:27,desktop,Organic Search,checkout
7204,1255,2024-06-20 20:34:10,tablet,Organic Search,product
7205,1542,2021-03-29 07:59:08,desktop,Email,product
7206,1483,2020-04-26 13:50:19,mobile,Ads,home
7207,1807,2022-09-24 15:48:30,tablet,Email,product
7208,1627,2023-10-24 04:58:32,desktop,Direct,home
7209,414,2023-11-25 20:44:08,mobile,Push Notification,home
7210,1823,2021-10-22 00:01:10,mobile,Email,checkout
7211,61,2022-04-03 05:50:24,desktop,Ads,search
7212,785,2020-07-12 03:08:23,mobile,Organic Search,checkout
7213,391,2023-04-21 23:16:43,mobile,Direct,checkout
7214,992,2022-11-04 19:16:39,mobile,Paid Social,product
7215,241,2023-07-26 06:12:08,mobile,Push Notification,cart
7216,168,2022-11-18 23:03:34,tablet,Push Notification,product
7217,406,2022-10-29 03:50:05,desktop,Direct,search
7218,1468,2024-04-18 14:14:13,desktop,Ads,product
7219,103,2022-09-24 02:46:57,desktop,Ads,search
7220,779,2022-09-26 15:52:59,tablet,Paid Social,home
7221,1012,2020-02-26 10:29:21,tablet,Push Notification,cart
7222,1394,2021-04-12 18:03:45,desktop,Paid Social,home
7223,998,2022-03-15 22:44:08,tablet,Push Notification,cart
7224,1151,2022-06-13 17:28:01,mobile,Organic Search,cart
7225,841,2024-12-30 16:40:18,desktop,Email,product
7226,1894,2020-01-14 16:02:32,tablet,Ads,checkout
7227,544,2021-05-12 11:08:29,mobile,Email,cart
7228,216,2022-05-08 21:21:20,tablet,Ads,search
7229,780,2024-05-19 18:14:04,mobile,Push Notification,product
7230,731,2024-01-22 13:21:54,mobile,Organic Search,home
7231,113,2023-04-06 02:19:33,desktop,Ads,search
7232,1005,2020-10-05 09:58:02,mobile,Direct,cart
7233,195,2022-11-04 18:02:33,tablet,Push Notification,product
7234,1875,2021-07-28 04:55:50,desktop,Paid Social,cart
7235,798,2024-10-12 04:17:19,mobile,Email,cart
7236,56,2022-03-17 20:46:36,mobile,Push Notification,search
7237,1441,2024-03-20 05:42:14,desktop,Direct,search
7238,1283,2024-03-06 02:48:09,tablet,Paid Social,search
7239,1719,2021-07-31 03:38:42,mobile,Paid Social,cart
7240,1327,2022-11-02 17:43:23,mobile,Direct,checkout
7241,1261,2021-03-06 20:32:32,mobile,Organic Search,cart
7242,677,2021-05-22 20:23:59,desktop,Direct,search
7243,1254,2021-04-26 18:38:24,tablet,Paid Social,cart
7244,911,2023-11-13 08:44:53,desktop,Ads,checkout
7245,1465,2023-06-29 10:18:41,tablet,Ads,search
7246,1863,2020-04-24 09:21:18,tablet,Email,checkout
7247,434,2024-01-02 21:21:54,tablet,Email,home
7248,1180,2021-01-04 10:06:42,tablet,Push Notification,home
7249,116,2022-06-11 04:58:45,desktop,Organic Search,cart
7250,526,2021-01-10 01:15:10,desktop,Push Notification,search
7251,1751,2024-12-07 20:38:44,desktop,Push Notification,search
7252,956,2024-12-28 23:16:36,mobile,Email,product
7253,983,2024-05-20 02:18:41,mobile,Email,search
7254,1674,2020-07-30 11:56:08,tablet,Organic Search,cart
7255,1658,2021-11-18 18:01:37,tablet,Paid Social,product
7256,1504,2024-07-15 03:39:40,desktop,Direct,cart
7257,1144,2024-04-30 03:17:46,desktop,Email,checkout
7258,1687,2021-11-23 02:44:42,tablet,Push Notification,search
7259,463,2020-07-08 11:11:49,mobile,Organic Search,cart
7260,1016,2020-02-26 07:19:41,tablet,Direct,search
7261,1044,2024-01-24 12:16:31,tablet,Email,checkout
7262,544,2022-12-01 19:05:42,desktop,Paid Social,product
7263,1499,2021-08-04 02:06:03,tablet,Direct,search
7264,137,2022-06-13 05:54:56,desktop,Email,search
7265,638,2024-09-26 09:45:50,tablet,Email,checkout
7266,173,2021-03-19 21:30:04,tablet,Email,cart
7267,115,2024-03-10 12:12:39,desktop,Paid Social,product
7268,521,2020-05-05 07:43:38,desktop,Ads,search
7269,1668,2023-04-04 06:16:35,desktop,Organic Search,search
7270,1237,2021-04-18 11:33:35,mobile,Direct,checkout
7271,420,2024-06-07 12:19:31,mobile,Direct,product
7272,1713,2024-11-27 20:34:40,desktop,Push Notification,checkout
7273,1245,2022-03-05 03:29:05,tablet,Direct,cart
7274,793,2020-01-16 10:52:00,desktop,Ads,product
7275,1454,2023-12-26 16:18:02,tablet,Email,home
7276,971,2020-02-08 05:55:42,mobile,Organic Search,checkout
7277,376,2020-07-21 04:01:42,desktop,Direct,cart
7278,348,2022-04-08 15:36:51,mobile,Ads,search
7279,1857,2020-05-13 22:36:41,mobile,Ads,product
7280,944,2021-03-13 12:14:33,tablet,Email,search
7281,185,2024-07-11 12:16:43,tablet,Ads,checkout
7282,513,2020-06-29 13:49:48,desktop,Push Notification,home
7283,468,2024-10-06 20:58:25,mobile,Organic Search,search
7284,1632,2022-05-07 00:46:31,mobile,Ads,search
7285,1198,2021-06-17 21:50:40,tablet,Direct,checkout
7286,572,2020-01-15 10:57:31,mobile,Ads,search
7287,773,2022-06-25 20:05:13,tablet,Organic Search,search
7288,150,2022-04-01 15:18:58,desktop,Organic Search,search
7289,733,2023-12-06 14:38:16,tablet,Direct,checkout
7290,1181,2021-03-08 18:39:24,tablet,Email,search
7291,785,2024-04-12 11:56:28,mobile,Ads,product
7292,113,2020-03-04 05:49:43,mobile,Ads,cart
7293,279,2022-04-20 04:07:51,tablet,Organic Search,search
7294,850,2023-01-14 23:52:42,tablet,Paid Social,checkout
7295,682,2021-05-05 04:36:39,mobile,Organic Search,home
7296,1978,2021-03-17 00:46:39,desktop,Direct,product
7297,614,2024-08-03 18:50:14,desktop,Direct,checkout
7298,1228,2020-11-24 21:10:05,tablet,Direct,checkout
7299,456,2022-01-17 05:28:04,desktop,Organic Search,search
7300,970,2024-04-05 10:53:37,mobile,Paid Social,cart
7301,284,2024-09-07 20:55:47,mobile,Paid Social,product
7302,447,2024-02-27 05:03:35,mobile,Push Notification,checkout
7303,1882,2021-07-14 16:48:34,desktop,Direct,search
7304,672,2020-10-22 00:12:35,mobile,Ads,checkout
7305,1889,2023-04-24 20:43:36,desktop,Organic Search,home
7306,379,2021-02-18 23:28:08,tablet,Organic Search,home
7307,1838,2024-10-26 00:03:19,desktop,Organic Search,home
7308,1450,2023-07-23 16:01:56,mobile,Direct,product
7309,1434,2022-08-14 15:09:53,desktop,Direct,cart
7310,677,2022-09-25 10:06:03,desktop,Organic Search,product
7311,562,2021-12-18 04:07:49,mobile,Paid Social,home
7312,1522,2023-05-13 06:37:35,desktop,Ads,search
7313,51,2023-10-25 17:12:30,tablet,Direct,cart
7314,905,2020-12-14 12:37:09,mobile,Paid Social,search
7315,1209,2020-06-04 18:48:29,tablet,Email,cart
7316,1401,2022-12-22 21:12:38,tablet,Email,checkout
7317,31,2024-12-24 14:52:16,tablet,Paid Social,cart
7318,97,2022-04-12 21:59:01,desktop,Direct,checkout
7319,1216,2024-08-10 00:24:36,tablet,Push Notification,search
7320,976,2021-10-11 09:23:29,tablet,Email,search
7321,480,2022-01-23 18:59:53,tablet,Ads,product
7322,1545,2023-06-22 22:09:12,desktop,Ads,cart
7323,363,2020-06-28 07:11:42,tablet,Direct,cart
7324,317,2022-07-11 03:33:32,mobile,Paid Social,product
7325,1974,2021-03-06 09:45:54,tablet,Ads,checkout
7326,1838,2021-06-07 06:01:02,mobile,Push Notification,search
7327,1714,2023-11-14 17:31:19,desktop,Ads,product
7328,1995,2020-10-30 21:00:23,desktop,Organic Search,search
7329,245,2021-07-31 14:56:37,desktop,Organic Search,cart
7330,1966,2021-08-02 02:14:51,tablet,Push Notification,cart
7331,1385,2023-02-05 11:40:58,mobile,Paid Social,checkout
7332,801,2022-02-11 17:01:32,tablet,Paid Social,cart
7333,1039,2020-12-30 01:32:59,mobile,Push Notification,home
7334,241,2024-01-28 16:39:18,mobile,Organic Search,product
7335,729,2021-03-27 13:28:04,desktop,Push Notification,cart
7336,947,2023-03-21 00:34:07,tablet,Push Notification,cart
7337,1828,2024-02-15 00:11:18,desktop,Push Notification,checkout
7338,1005,2021-01-26 22:17:36,mobile,Ads,checkout
7339,1101,2021-02-24 10:18:38,mobile,Organic Search,product
7340,321,2021-10-14 10:14:59,tablet,Push Notification,product
7341,1893,2023-10-19 17:08:57,mobile,Ads,product
7342,871,2022-03-05 16:23:22,desktop,Push Notification,search
7343,1766,2024-11-09 23:00:51,desktop,Organic Search,search
7344,1334,2022-09-20 08:35:28,tablet,Direct,checkout
7345,862,2023-06-29 01:02:09,desktop,Email,cart
7346,1589,2024-04-26 01:37:22,tablet,Email,home
7347,808,2024-03-17 00:11:28,desktop,Push Notification,search
7348,1441,2024-07-24 02:02:49,tablet,Direct,cart
7349,472,2024-11-16 01:02:50,tablet,Organic Search,checkout
7350,340,2024-08-24 14:52:33,tablet,Email,cart
7351,591,2024-05-16 07:16:27,tablet,Email,cart
7352,121,2024-05-31 15:34:20,desktop,Direct,checkout
7353,1660,2024-03-10 07:23:27,desktop,Ads,search
7354,1940,2020-07-29 02:54:14,desktop,Paid Social,product
7355,1747,2024-09-03 22:10:36,desktop,Email,home
7356,716,2022-03-01 04:49:24,desktop,Ads,product
7357,766,2023-05-09 03:09:50,tablet,Email,checkout
7358,1575,2022-06-09 21:41:57,desktop,Paid Social,checkout
7359,987,2023-03-01 02:48:50,tablet,Email,cart
7360,1776,2024-12-02 02:40:10,tablet,Organic Search,cart
7361,90,2024-01-16 06:07:14,tablet,Push Notification,cart
7362,1980,2020-08-19 08:30:44,tablet,Direct,cart
7363,1094,2023-08-27 19:55:46,tablet,Direct,product
7364,1746,2020-06-26 16:57:10,desktop,Paid Social,home
7365,1409,2023-12-01 07:40:09,desktop,Ads,product
7366,1852,2021-05-19 16:41:24,desktop,Push Notification,home
7367,919,2023-08-19 11:53:32,tablet,Direct,cart
7368,254,2021-10-20 01:39:05,tablet,Paid Social,checkout
7369,878,2023-04-29 05:10:59,tablet,Email,checkout
7370,1856,2021-10-18 23:44:33,mobile,Ads,home
7371,1586,2020-03-12 09:49:42,desktop,Paid Social,home
7372,1119,2023-03-15 11:07:32,mobile,Ads,home
7373,701,2022-10-06 20:12:35,desktop,Direct,product
7374,1273,2020-04-17 13:40:29,desktop,Push Notification,checkout
7375,939,2022-07-26 22:58:46,mobile,Direct,search
7376,1801,2020-02-25 02:04:29,tablet,Paid Social,cart
7377,1236,2024-12-19 02:58:27,mobile,Paid Social,product
7378,18,2020-04-29 13:45:56,desktop,Direct,home
7379,1537,2023-07-30 16:18:49,tablet,Organic Search,home
7380,385,2021-12-23 00:41:37,tablet,Push Notification,search
7381,625,2020-01-27 14:04:25,tablet,Ads,product
7382,547,2020-10-06 00:45:23,mobile,Direct,checkout
7383,512,2022-01-20 20:04:40,tablet,Ads,cart
7384,966,2024-02-18 17:12:51,tablet,Ads,search
7385,1093,2022-01-08 17:03:52,tablet,Ads,home
7386,1182,2024-08-05 01:27:18,mobile,Push Notification,home
7387,1265,2020-12-18 05:09:47,mobile,Push Notification,checkout
7388,565,2023-07-06 15:08:28,mobile,Organic Search,home
7389,121,2022-11-09 13:35:40,desktop,Push Notification,checkout
7390,551,2023-07-18 02:58:41,desktop,Organic Search,search
7391,780,2024-01-31 22:45:13,mobile,Push Notification,search
7392,826,2020-09-05 16:16:22,desktop,Paid Social,search
7393,886,2023-04-04 19:35:15,desktop,Push Notification,cart
7394,1640,2023-02-07 04:14:07,desktop,Organic Search,home
7395,560,2020-11-04 23:13:25,tablet,Ads,product
7396,962,2021-04-14 04:22:54,mobile,Ads,product
7397,923,2022-12-05 09:01:12,tablet,Email,search
7398,1627,2024-08-09 10:52:11,tablet,Push Notification,home
7399,1608,2024-11-07 01:03:10,desktop,Paid Social,search
7400,1406,2021-09-25 05:36:46,mobile,Email,home
7401,1245,2022-05-29 15:24:59,desktop,Organic Search,checkout
7402,694,2023-09-22 20:17:59,tablet,Ads,cart
7403,788,2021-01-03 23:29:30,mobile,Organic Search,cart
7404,1894,2021-06-04 13:09:55,mobile,Paid Social,checkout
7405,808,2023-01-12 02:00:51,mobile,Ads,cart
7406,1416,2022-10-15 22:25:41,mobile,Email,home
7407,973,2021-01-18 06:50:59,mobile,Email,cart
7408,660,2020-03-27 21:51:28,mobile,Direct,home
7409,1406,2020-12-09 00:10:42,mobile,Push Notification,checkout
7410,193,2023-09-24 00:38:56,desktop,Push Notification,checkout
7411,1171,2024-10-18 02:43:24,mobile,Ads,search
7412,506,2022-05-12 02:52:16,mobile,Organic Search,home
7413,1349,2020-07-22 01:13:34,desktop,Email,home
7414,1887,2024-01-29 18:17:57,desktop,Email,product
7415,1767,2021-02-09 11:12:14,tablet,Push Notification,home
7416,1995,2021-12-29 16:03:23,tablet,Email,product
7417,672,2021-07-28 21:24:06,desktop,Direct,search
7418,1857,2020-11-12 10:38:16,mobile,Direct,cart
7419,110,2020-03-02 18:27:42,tablet,Push Notification,home
7420,846,2020-12-26 20:21:57,tablet,Direct,product
7421,79,2024-04-04 01:25:02,desktop,Ads,search
7422,53,2022-08-20 05:00:30,desktop,Ads,checkout
7423,1615,2021-04-30 23:29:07,mobile,Email,product
7424,1711,2021-11-02 03:03:52,mobile,Push Notification,product
7425,586,2021-04-20 15:29:20,desktop,Push Notification,checkout
7426,914,2022-09-09 23:39:35,mobile,Paid Social,checkout
7427,1868,2024-09-19 21:58:50,mobile,Email,product
7428,1458,2022-10-05 04:48:13,tablet,Push Notification,product
7429,670,2020-03-23 09:30:18,tablet,Direct,checkout
7430,1998,2022-08-27 07:16:50,mobile,Direct,home
7431,1009,2022-06-09 23:08:13,tablet,Email,checkout
7432,466,2021-01-15 09:56:36,tablet,Direct,cart
7433,641,2024-11-18 03:03:22,desktop,Email,cart
7434,783,2022-11-22 16:32:51,tablet,Email,search
7435,800,2022-06-11 19:23:01,mobile,Push Notification,home
7436,1431,2024-10-13 19:17:13,tablet,Ads,checkout
7437,1108,2023-12-03 18:59:50,mobile,Direct,search
7438,55,2024-06-06 08:54:56,mobile,Direct,product
7439,687,2021-05-03 21:24:45,tablet,Ads,search
7440,918,2022-04-26 06:10:40,tablet,Email,home
7441,645,2024-10-09 14:44:08,mobile,Ads,search
7442,1896,2024-07-21 04:08:11,desktop,Paid Social,search
7443,855,2021-11-21 19:12:14,tablet,Ads,search
7444,1697,2021-07-18 19:13:23,desktop,Organic Search,home
7445,1231,2023-09-13 15:56:22,mobile,Ads,product
7446,1933,2023-06-23 01:24:27,desktop,Email,checkout
7447,752,2022-03-24 06:40:02,desktop,Organic Search,checkout
7448,1022,2020-08-26 23:18:27,desktop,Organic Search,product
7449,1411,2022-09-01 05:59:35,mobile,Direct,search
7450,285,2022-01-11 06:15:55,desktop,Email,home
7451,1667,2023-08-07 08:48:09,mobile,Push Notification,search
7452,201,2020-12-19 02:14:26,tablet,Direct,checkout
7453,959,2021-11-03 06:07:41,tablet,Organic Search,cart
7454,1045,2020-10-26 06:46:16,mobile,Organic Search,search
7455,1765,2021-04-13 05:26:37,tablet,Direct,search
7456,1054,2021-09-17 08:28:01,tablet,Direct,product
7457,906,2021-01-29 05:18:13,mobile,Ads,search
7458,1590,2024-08-14 11:23:40,tablet,Ads,search
7459,153,2024-03-31 15:23:45,tablet,Ads,home
7460,835,2021-11-26 03:00:48,tablet,Direct,checkout
7461,1286,2023-11-09 06:58:16,desktop,Push Notification,home
7462,1916,2021-12-03 01:05:30,tablet,Paid Social,home
7463,935,2021-03-19 02:23:47,desktop,Paid Social,cart
7464,1594,2024-03-05 06:58:22,tablet,Paid Social,home
7465,875,2020-09-12 18:47:35,mobile,Email,checkout
7466,599,2021-06-24 14:21:50,mobile,Paid Social,checkout
7467,1704,2020-03-23 03:22:03,mobile,Push Notification,cart
7468,651,2023-03-31 03:02:11,tablet,Direct,home
7469,51,2020-02-20 22:57:43,desktop,Direct,cart
7470,1872,2023-02-17 11:57:47,tablet,Ads,product
7471,340,2024-07-28 17:49:14,mobile,Direct,cart
7472,148,2023-05-21 16:48:19,desktop,Paid Social,checkout
7473,1399,2024-07-17 17:21:57,tablet,Email,cart
7474,1770,2023-11-09 03:48:34,mobile,Email,checkout
7475,1935,2021-01-24 23:27:04,mobile,Paid Social,checkout
7476,587,2022-06-02 01:14:27,tablet,Paid Social,cart
7477,106,2020-02-20 07:46:38,tablet,Organic Search,search
7478,784,2020-07-29 11:40:44,tablet,Organic Search,product
7479,1156,2024-10-25 01:39:38,mobile,Ads,product
7480,1589,2021-12-17 06:28:57,mobile,Ads,product
7481,579,2023-02-09 22:09:41,mobile,Direct,checkout
7482,204,2023-11-07 20:27:31,tablet,Email,product
7483,843,2024-01-29 16:22:18,tablet,Email,search
7484,90,2021-03-27 10:38:37,tablet,Ads,home
7485,1268,2020-04-08 19:33:11,mobile,Email,search
7486,373,2022-12-17 20:17:25,desktop,Organic Search,cart
7487,97,2022-02-01 00:02:13,desktop,Direct,checkout
7488,1511,2023-12-03 19:43:41,tablet,Paid Social,search
7489,498,2020-03-02 00:00:40,desktop,Direct,product
7490,1554,2023-05-28 09:27:13,desktop,Push Notification,search
7491,369,2023-08-23 23:40:10,desktop,Organic Search,product
7492,1247,2024-03-14 04:19:42,tablet,Email,cart
7493,1610,2020-11-24 18:01:31,desktop,Email,home
7494,1203,2023-10-28 03:39:45,desktop,Email,product
7495,1084,2024-04-25 07:32:52,desktop,Email,cart
7496,451,2021-06-05 20:23:28,mobile,Ads,cart
7497,722,2022-03-29 14:18:33,tablet,Email,cart
7498,122,2021-01-15 09:11:27,tablet,Direct,home
7499,76,2021-02-09 20:35:09,desktop,Direct,home
7500,160,2022-06-19 15:24:45,tablet,Email,checkout
7501,1691,2022-08-18 12:10:01,desktop,Email,product
7502,1185,2023-12-23 21:54:58,desktop,Direct,checkout
7503,1740,2022-12-05 03:00:29,desktop,Push Notification,search
7504,1006,2020-04-03 16:11:32,mobile,Organic Search,home
7505,1627,2020-09-22 23:37:47,mobile,Push Notification,product
7506,1469,2021-01-13 19:58:14,tablet,Direct,product
7507,1822,2020-10-01 14:33:34,mobile,Direct,search
7508,586,2024-06-26 19:49:41,tablet,Direct,product
7509,1691,2023-12-09 22:14:47,mobile,Ads,search
7510,1128,2023-09-22 06:19:37,desktop,Email,search
7511,1690,2023-01-11 12:15:33,desktop,Direct,checkout
7512,1944,2022-07-05 03:26:25,desktop,Push Notification,checkout
7513,870,2024-09-30 17:55:50,desktop,Organic Search,search
7514,1621,2021-01-18 09:55:21,tablet,Organic Search,search
7515,751,2021-05-27 05:38:50,desktop,Ads,checkout
7516,1200,2020-11-29 03:54:45,tablet,Paid Social,search
7517,1732,2023-08-19 10:55:03,tablet,Direct,search
7518,871,2023-08-23 13:52:44,mobile,Organic Search,cart
7519,439,2020-05-20 13:19:08,mobile,Email,product
7520,1360,2021-06-25 11:44:22,desktop,Email,search
7521,1096,2021-03-11 22:58:15,desktop,Direct,product
7522,977,2020-07-05 06:50:42,desktop,Organic Search,home
7523,1869,2020-10-05 08:21:27,desktop,Direct,home
7524,488,2024-11-23 18:47:59,desktop,Direct,checkout
7525,668,2020-08-26 14:02:09,mobile,Direct,cart
7526,205,2021-06-30 14:39:59,desktop,Push Notification,product
7527,94,2020-01-30 22:42:59,desktop,Direct,search
7528,1588,2024-05-12 10:18:54,tablet,Ads,cart
7529,1963,2020-01-10 16:45:39,mobile,Paid Social,home
7530,620,2021-07-09 06:09:06,tablet,Organic Search,cart
7531,811,2021-03-03 22:15:49,tablet,Direct,search
7532,743,2022-09-08 16:08:26,desktop,Direct,cart
7533,320,2024-03-21 17:29:13,tablet,Email,cart
7534,1569,2021-05-08 04:00:43,mobile,Paid Social,checkout
7535,1091,2021-03-27 22:03:00,mobile,Push Notification,cart
7536,739,2023-08-29 20:28:15,mobile,Ads,home
7537,99,2022-02-15 09:44:15,desktop,Organic Search,search
7538,1667,2024-09-27 04:57:28,tablet,Paid Social,product
7539,232,2024-03-06 00:13:43,desktop,Organic Search,product
7540,970,2022-10-07 16:24:13,mobile,Direct,product
7541,485,2020-12-08 15:36:54,tablet,Ads,cart
7542,1405,2021-04-22 09:12:30,mobile,Direct,product
7543,1461,2021-12-27 04:12:00,desktop,Organic Search,home
7544,989,2022-05-26 02:48:29,desktop,Organic Search,checkout
7545,424,2024-11-18 17:04:38,tablet,Ads,product
7546,1062,2020-08-28 19:04:03,mobile,Push Notification,product
7547,1938,2020-12-12 23:23:21,tablet,Ads,checkout
7548,774,2021-08-01 04:37:00,desktop,Push Notification,search
7549,1667,2022-05-03 14:15:51,mobile,Organic Search,search
7550,1579,2022-07-01 16:05:45,mobile,Direct,search
7551,1031,2021-08-10 03:05:41,tablet,Email,cart
7552,7,2024-01-07 21:26:19,desktop,Email,home
7553,1747,2024-08-30 23:10:56,tablet,Email,checkout
7554,1465,2022-08-06 06:40:12,tablet,Email,cart
7555,1977,2022-09-23 12:11:38,mobile,Email,cart
7556,1131,2024-10-09 19:39:35,tablet,Direct,checkout
7557,1403,2021-08-24 00:46:20,mobile,Paid Social,search
7558,1752,2023-03-19 11:06:34,tablet,Push Notification,product
7559,1756,2021-01-19 10:45:10,tablet,Ads,checkout
7560,212,2020-01-27 09:51:04,desktop,Direct,product
7561,1138,2024-07-09 21:25:38,desktop,Ads,product
7562,348,2024-09-03 04:11:55,tablet,Email,search
7563,1958,2024-04-07 06:41:46,tablet,Push Notification,search
7564,1443,2020-07-12 19:22:19,mobile,Direct,checkout
7565,1607,2021-10-24 01:03:11,mobile,Ads,checkout
7566,270,2023-01-03 14:17:04,mobile,Email,checkout
7567,782,2020-08-21 10:25:22,desktop,Email,cart
7568,662,2024-09-18 04:06:49,mobile,Paid Social,checkout
7569,501,2022-10-31 22:55:35,desktop,Push Notification,search
7570,165,2022-02-13 14:02:21,desktop,Direct,product
7571,911,2021-12-12 21:59:44,desktop,Direct,search
7572,836,2023-05-30 22:12:16,desktop,Ads,checkout
7573,988,2024-10-28 23:21:25,desktop,Ads,cart
7574,1263,2022-09-06 02:46:18,desktop,Push Notification,home
7575,1846,2020-01-01 19:33:55,mobile,Direct,search
7576,210,2023-08-01 12:57:35,tablet,Email,home
7577,1679,2023-06-24 04:40:15,mobile,Direct,product
7578,653,2021-11-15 21:51:14,tablet,Paid Social,product
7579,316,2023-03-24 15:25:58,desktop,Organic Search,checkout
7580,1439,2020-07-19 05:07:47,desktop,Direct,search
7581,706,2020-02-16 22:32:50,tablet,Organic Search,cart
7582,1888,2022-01-13 21:54:59,tablet,Direct,product
7583,1416,2024-07-07 20:45:16,desktop,Push Notification,product
7584,843,2022-05-30 13:15:49,desktop,Email,checkout
7585,486,2020-12-28 15:06:23,desktop,Ads,checkout
7586,422,2021-05-31 06:16:55,mobile,Push Notification,search
7587,844,2024-08-15 00:23:02,tablet,Organic Search,product
7588,1198,2021-07-16 17:28:50,tablet,Ads,search
7589,1084,2021-09-12 20:46:52,desktop,Direct,home
7590,727,2024-04-17 16:09:09,mobile,Paid Social,product
7591,479,2022-03-20 17:52:27,tablet,Organic Search,product
7592,1301,2024-07-27 05:46:33,mobile,Push Notification,cart
7593,1337,2023-11-17 10:31:56,tablet,Organic Search,search
7594,261,2023-02-02 22:31:10,desktop,Email,home
7595,123,2021-07-06 06:57:19,tablet,Ads,checkout
7596,635,2022-07-17 16:30:38,tablet,Direct,product
7597,1997,2020-04-22 10:17:57,desktop,Ads,search
7598,1305,2021-10-02 23:42:43,tablet,Paid Social,cart
7599,1777,2024-07-07 08:29:16,desktop,Push Notification,search
7600,322,2022-11-02 19:01:20,desktop,Email,cart
7601,5,2020-01-25 08:55:46,mobile,Ads,home
7602,1625,2022-04-08 04:30:59,tablet,Ads,product
7603,1638,2020-04-10 16:43:44,desktop,Ads,home
7604,1115,2024-03-12 04:34:06,tablet,Ads,search
7605,71,2024-02-12 19:58:01,desktop,Organic Search,cart
7606,1985,2022-05-09 14:10:50,tablet,Direct,product
7607,660,2024-10-29 16:37:14,tablet,Push Notification,product
7608,393,2022-09-07 20:43:20,mobile,Ads,checkout
7609,281,2021-10-09 21:55:50,mobile,Paid Social,cart
7610,248,2022-11-17 20:51:18,desktop,Ads,search
7611,260,2024-05-11 09:39:21,desktop,Paid Social,cart
7612,869,2023-02-03 13:06:21,tablet,Organic Search,home
7613,1361,2021-08-23 18:55:47,mobile,Direct,home
7614,522,2020-02-26 07:18:43,tablet,Paid Social,home
7615,239,2022-09-02 06:36:19,tablet,Organic Search,checkout
7616,818,2024-03-04 22:56:54,desktop,Paid Social,checkout
7617,178,2023-07-17 12:31:35,desktop,Push Notification,cart
7618,183,2024-10-13 06:40:47,desktop,Email,cart
7619,1893,2023-05-22 11:30:34,desktop,Push Notification,search
7620,172,2024-08-03 15:56:44,desktop,Organic Search,search
7621,154,2024-05-06 09:39:48,tablet,Push Notification,checkout
7622,731,2024-12-13 02:56:33,tablet,Email,cart
7623,1306,2020-08-15 20:55:18,mobile,Push Notification,product
7624,80,2022-10-24 04:32:02,desktop,Push Notification,search
7625,1388,2023-06-26 07:03:27,mobile,Direct,cart
7626,1930,2020-04-15 00:32:07,tablet,Organic Search,checkout
7627,379,2024-05-22 05:46:01,mobile,Organic Search,home
7628,86,2020-09-07 10:42:03,mobile,Direct,search
7629,1280,2022-01-23 06:43:27,mobile,Direct,cart
7630,1098,2024-01-20 04:12:22,tablet,Ads,cart
7631,963,2023-06-20 07:45:34,tablet,Paid Social,cart
7632,1725,2023-03-26 11:59:51,desktop,Organic Search,checkout
7633,581,2022-01-03 22:36:16,desktop,Organic Search,product
7634,981,2020-07-22 09:01:04,desktop,Paid Social,cart
7635,260,2021-09-28 09:06:00,mobile,Paid Social,product
7636,858,2022-12-21 17:09:24,desktop,Email,cart
7637,582,2020-04-26 23:58:46,mobile,Direct,product
7638,1359,2020-03-22 15:11:12,tablet,Push Notification,home
7639,1469,2022-02-07 21:05:12,tablet,Ads,product
7640,141,2020-01-14 18:55:05,mobile,Organic Search,search
7641,1650,2024-12-23 23:50:56,tablet,Organic Search,search
7642,126,2022-03-03 03:55:12,mobile,Paid Social,search
7643,1111,2024-01-19 23:00:18,mobile,Paid Social,search
7644,1895,2022-03-01 12:53:45,tablet,Paid Social,search
7645,1120,2024-07-18 15:58:01,mobile,Direct,cart
7646,1741,2020-07-08 16:07:50,tablet,Ads,search
7647,165,2020-08-02 16:44:04,desktop,Organic Search,cart
7648,521,2022-01-21 15:15:47,mobile,Push Notification,product
7649,494,2022-05-05 00:21:02,desktop,Paid Social,product
7650,1657,2023-11-14 22:44:47,mobile,Paid Social,product
7651,386,2021-10-30 05:13:01,tablet,Organic Search,checkout
7652,215,2024-12-10 16:41:48,desktop,Direct,home
7653,1716,2024-03-05 20:52:05,desktop,Email,search
7654,1924,2023-02-14 20:10:24,desktop,Organic Search,cart
7655,1143,2020-01-25 01:43:35,mobile,Email,cart
7656,105,2020-11-12 10:17:10,desktop,Email,home
7657,1192,2022-10-13 23:28:52,mobile,Ads,home
7658,1453,2020-06-21 19:36:25,mobile,Direct,search
7659,1179,2023-12-15 10:48:59,desktop,Email,checkout
7660,1621,2021-06-12 13:03:46,mobile,Email,home
7661,1383,2020-04-27 23:15:39,tablet,Direct,checkout
7662,758,2021-02-26 22:42:10,desktop,Email,search
7663,1662,2020-02-23 00:00:56,desktop,Paid Social,home
7664,547,2020-07-06 11:59:48,desktop,Paid Social,home
7665,733,2024-02-12 20:27:50,desktop,Paid Social,cart
7666,557,2021-01-07 07:18:04,desktop,Ads,checkout
7667,1188,2022-07-12 13:07:57,desktop,Ads,search
7668,1992,2021-03-20 23:23:43,desktop,Ads,checkout
7669,1000,2023-05-30 17:08:05,tablet,Ads,search
7670,1424,2024-02-23 04:20:15,mobile,Email,cart
7671,927,2020-10-05 03:39:47,mobile,Push Notification,checkout
7672,226,2023-11-26 12:06:33,mobile,Paid Social,search
7673,1352,2022-12-03 21:58:41,desktop,Ads,search
7674,976,2021-11-03 20:13:34,mobile,Paid Social,search
7675,1306,2023-06-16 06:23:38,mobile,Organic Search,home
7676,566,2024-06-18 09:33:56,tablet,Organic Search,home
7677,18,2024-12-02 14:22:10,mobile,Ads,product
7678,1600,2023-05-03 08:51:50,tablet,Paid Social,cart
7679,41,2020-11-24 21:05:26,desktop,Direct,checkout
7680,1189,2021-12-10 15:53:12,tablet,Organic Search,checkout
7681,37,2023-05-21 16:11:10,tablet,Push Notification,search
7682,1328,2021-09-09 11:22:24,desktop,Paid Social,product
7683,1697,2023-04-05 10:49:32,mobile,Push Notification,search
7684,1135,2024-11-07 19:13:13,mobile,Organic Search,checkout
7685,1831,2022-09-03 06:45:58,tablet,Direct,product
7686,1201,2023-06-12 03:23:03,desktop,Paid Social,checkout
7687,1565,2021-04-13 23:42:24,desktop,Ads,home
7688,521,2022-01-15 01:46:15,tablet,Ads,search
7689,1921,2024-03-16 00:47:04,mobile,Push Notification,search
7690,222,2023-11-10 15:16:18,mobile,Email,cart
7691,417,2024-11-12 14:37:01,mobile,Direct,search
7692,517,2024-06-17 05:38:36,mobile,Organic Search,product
7693,1962,2023-06-20 12:21:08,desktop,Ads,home
7694,729,2021-01-26 14:57:25,tablet,Paid Social,home
7695,241,2021-05-18 19:12:40,mobile,Paid Social,cart
7696,425,2022-05-15 14:14:37,mobile,Push Notification,search
7697,1371,2023-07-23 15:42:34,tablet,Email,cart
7698,998,2023-05-06 06:09:28,tablet,Ads,checkout
7699,320,2021-09-04 22:42:05,desktop,Paid Social,product
7700,240,2020-08-24 22:13:54,mobile,Paid Social,home
7701,1017,2022-01-03 01:55:18,mobile,Paid Social,product
7702,1654,2020-05-18 18:43:53,mobile,Direct,checkout
7703,994,2024-09-08 19:19:39,desktop,Organic Search,search
7704,1760,2020-03-18 13:44:51,desktop,Paid Social,checkout
7705,1280,2024-02-15 19:50:07,tablet,Paid Social,home
7706,301,2020-07-05 05:07:17,tablet,Email,product
7707,122,2023-11-18 17:07:13,mobile,Email,home
7708,1062,2023-02-18 11:48:21,tablet,Paid Social,product
7709,919,2021-11-30 16:23:10,desktop,Direct,home
7710,353,2020-08-05 17:20:55,tablet,Push Notification,search
7711,1468,2022-03-23 18:10:21,tablet,Email,product
7712,1662,2022-01-21 21:04:47,mobile,Direct,home
7713,392,2022-07-23 01:10:14,desktop,Paid Social,cart
7714,505,2022-10-06 19:13:59,mobile,Email,product
7715,1065,2022-10-19 09:21:35,tablet,Ads,cart
7716,1912,2021-07-06 03:14:42,desktop,Email,home
7717,1309,2024-01-24 17:53:15,mobile,Push Notification,product
7718,1596,2023-03-19 04:02:30,tablet,Push Notification,product
7719,1038,2020-03-20 09:38:16,mobile,Organic Search,checkout
7720,646,2020-10-23 02:01:34,tablet,Ads,cart
7721,1866,2021-08-04 03:40:29,mobile,Email,product
7722,1985,2022-07-23 06:06:15,tablet,Organic Search,product
7723,656,2021-07-21 08:37:23,tablet,Email,product
7724,312,2023-05-09 23:35:39,tablet,Direct,cart
7725,1401,2022-04-03 16:55:01,desktop,Email,search
7726,1992,2020-03-24 04:43:44,mobile,Email,home
7727,650,2022-02-05 23:23:10,mobile,Organic Search,checkout
7728,1656,2023-12-19 02:03:09,mobile,Paid Social,search
7729,1211,2020-11-27 18:59:21,desktop,Direct,search
7730,1345,2020-07-07 23:30:48,desktop,Push Notification,search
7731,810,2024-04-08 23:13:26,mobile,Ads,home
7732,653,2020-03-19 23:52:15,mobile,Organic Search,product
7733,479,2022-08-24 14:27:48,tablet,Ads,checkout
7734,1150,2020-01-06 13:50:22,mobile,Ads,search
7735,1096,2020-09-21 17:10:23,desktop,Push Notification,checkout
7736,1382,2023-12-08 04:15:12,desktop,Paid Social,search
7737,1643,2020-12-25 11:10:28,tablet,Paid Social,home
7738,125,2022-10-21 14:04:30,desktop,Email,product
7739,1538,2020-10-21 02:32:14,tablet,Organic Search,search
7740,1571,2023-02-17 22:27:05,mobile,Email,product
7741,1658,2024-09-19 23:25:21,desktop,Direct,checkout
7742,1955,2021-07-04 06:16:29,mobile,Email,checkout
7743,1471,2024-02-07 23:28:27,desktop,Email,product
7744,181,2024-06-27 04:35:31,mobile,Push Notification,home
7745,976,2023-03-01 06:15:21,desktop,Paid Social,checkout
7746,849,2021-06-21 16:09:32,mobile,Email,cart
7747,1333,2023-05-23 19:49:28,mobile,Direct,cart
7748,781,2024-12-27 10:19:50,tablet,Ads,product
7749,411,2021-03-30 21:33:17,tablet,Paid Social,product
7750,1908,2021-08-08 11:06:30,mobile,Email,search
7751,1826,2023-08-01 21:08:03,desktop,Email,search
7752,1789,2023-12-24 00:13:26,mobile,Direct,home
7753,1892,2024-04-12 04:21:27,desktop,Email,search
7754,184,2024-09-20 20:23:47,tablet,Ads,home
7755,1825,2020-06-14 11:26:34,tablet,Paid Social,search
7756,93,2022-07-13 08:13:36,mobile,Email,product
7757,173,2022-03-26 02:57:26,desktop,Ads,product
7758,481,2020-07-24 07:24:42,mobile,Paid Social,checkout
7759,708,2020-08-12 16:50:17,mobile,Organic Search,product
7760,977,2022-06-10 23:06:50,tablet,Organic Search,search
7761,253,2022-02-18 13:08:27,mobile,Organic Search,checkout
7762,1574,2021-01-03 04:27:12,desktop,Organic Search,product
7763,1378,2020-07-06 23:44:14,desktop,Direct,product
7764,1038,2021-12-02 05:45:20,desktop,Email,cart
7765,1222,2023-09-09 21:25:50,desktop,Ads,product
7766,151,2024-08-20 08:50:49,desktop,Push Notification,cart
7767,210,2022-01-11 07:37:55,tablet,Push Notification,cart
7768,909,2023-05-27 00:39:34,desktop,Email,product
7769,1453,2024-03-09 08:43:52,desktop,Organic Search,product
7770,1954,2022-04-12 13:44:04,mobile,Ads,search
7771,4,2020-11-08 04:23:24,desktop,Push Notification,cart
7772,470,2024-12-04 02:45:35,tablet,Paid Social,cart
7773,1823,2023-08-15 15:12:57,desktop,Email,product
7774,145,2024-03-26 14:59:51,tablet,Paid Social,home
7775,1959,2023-06-15 03:12:24,tablet,Direct,checkout
7776,66,2024-03-14 17:58:51,mobile,Paid Social,search
7777,80,2020-04-04 04:38:43,desktop,Organic Search,home
7778,1304,2022-09-06 21:33:33,desktop,Paid Social,search
7779,705,2023-01-13 06:07:26,tablet,Email,product
7780,514,2020-11-04 00:26:31,mobile,Paid Social,search
7781,1694,2020-04-21 13:30:56,mobile,Ads,home
7782,447,2024-11-03 10:01:46,desktop,Email,cart
7783,1580,2023-02-17 17:24:28,mobile,Direct,cart
7784,750,2022-06-14 17:27:02,mobile,Push Notification,cart
7785,831,2024-11-14 04:12:01,tablet,Paid Social,home
7786,1801,2021-11-06 09:36:38,tablet,Paid Social,checkout
7787,264,2023-10-17 00:47:07,tablet,Push Notification,search
7788,758,2024-10-28 06:03:11,mobile,Direct,cart
7789,197,2021-06-11 20:58:25,tablet,Paid Social,product
7790,600,2024-09-29 13:16:59,desktop,Direct,product
7791,566,2023-04-08 16:26:03,mobile,Organic Search,home
7792,855,2024-02-20 01:29:46,desktop,Organic Search,home
7793,1571,2023-11-29 21:10:58,tablet,Direct,cart
7794,264,2022-09-25 08:08:12,desktop,Paid Social,product
7795,283,2024-04-04 08:56:38,desktop,Email,home
7796,109,2023-03-14 13:12:57,mobile,Push Notification,home
7797,1762,2020-05-29 19:21:21,mobile,Push Notification,cart
7798,1888,2021-09-04 18:13:30,tablet,Push Notification,cart
7799,175,2021-05-08 06:40:14,mobile,Push Notification,checkout
7800,145,2022-11-07 05:16:16,desktop,Email,home
7801,1912,2023-03-21 05:50:33,tablet,Organic Search,product
7802,1559,2023-04-30 12:39:58,tablet,Email,search
7803,1084,2021-01-10 04:37:48,tablet,Push Notification,home
7804,958,2023-04-30 05:28:26,desktop,Push Notification,home
7805,59,2024-08-21 01:22:09,mobile,Ads,cart
7806,966,2024-11-22 12:49:26,mobile,Email,cart
7807,558,2024-12-05 09:18:51,desktop,Organic Search,checkout
7808,1430,2022-10-05 16:18:41,mobile,Ads,cart
7809,48,2024-06-28 00:01:16,mobile,Direct,search
7810,1607,2022-06-25 02:47:44,desktop,Push Notification,cart
7811,1357,2023-03-10 18:28:36,mobile,Direct,product
7812,842,2021-12-18 02:37:49,mobile,Direct,product
7813,1179,2022-03-11 10:10:26,mobile,Organic Search,checkout
7814,841,2020-10-25 01:49:19,mobile,Ads,home
7815,592,2023-09-25 13:20:24,desktop,Organic Search,home
7816,1623,2022-07-05 04:11:04,tablet,Direct,cart
7817,138,2024-03-11 15:40:21,mobile,Direct,checkout
7818,309,2023-11-08 10:42:28,tablet,Ads,product
7819,780,2024-08-06 09:05:15,mobile,Organic Search,product
7820,1966,2020-09-09 12:26:24,tablet,Email,checkout
7821,324,2020-12-11 14:07:13,mobile,Direct,search
7822,1609,2024-01-13 01:23:21,mobile,Email,cart
7823,920,2023-12-23 12:35:19,desktop,Paid Social,home
7824,1922,2021-02-28 11:38:48,desktop,Push Notification,product
7825,1379,2024-11-27 14:40:02,tablet,Email,checkout
7826,1791,2022-12-19 20:12:11,tablet,Ads,checkout
7827,866,2023-10-05 03:38:02,mobile,Email,checkout
7828,1857,2022-12-13 02:56:55,mobile,Direct,home
7829,87,2020-08-18 05:25:30,tablet,Organic Search,checkout
7830,1831,2021-10-30 16:45:24,desktop,Direct,home
7831,1760,2024-09-25 13:05:05,desktop,Paid Social,cart
7832,617,2023-01-12 05:40:55,tablet,Direct,search
7833,1562,2020-11-23 01:27:29,mobile,Direct,search
7834,373,2021-04-21 19:25:24,tablet,Paid Social,search
7835,1438,2024-12-23 18:23:41,mobile,Email,search
7836,1608,2021-11-16 23:14:46,tablet,Push Notification,checkout
7837,417,2020-05-20 08:54:40,mobile,Email,search
7838,389,2021-03-12 18:46:15,mobile,Organic Search,home
7839,677,2023-10-27 14:34:30,mobile,Organic Search,search
7840,484,2022-02-27 03:44:28,desktop,Organic Search,search
7841,502,2020-04-14 00:04:44,tablet,Ads,home
7842,1597,2020-04-21 06:12:03,tablet,Push Notification,home
7843,485,2023-12-02 19:24:55,desktop,Paid Social,product
7844,412,2022-11-14 05:48:24,desktop,Email,product
7845,1571,2022-10-08 07:01:03,tablet,Direct,cart
7846,1256,2021-02-16 14:55:22,mobile,Ads,product
7847,1279,2023-05-07 09:51:07,desktop,Paid Social,search
7848,1662,2020-12-18 16:50:49,desktop,Ads,search
7849,701,2022-07-12 05:38:24,mobile,Push Notification,home
7850,1575,2020-01-19 19:45:13,tablet,Paid Social,search
7851,1870,2024-01-04 04:01:50,mobile,Organic Search,home
7852,733,2021-06-11 13:44:10,mobile,Direct,checkout
7853,1054,2021-02-02 17:52:11,tablet,Paid Social,search
7854,1457,2022-11-08 20:14:08,desktop,Paid Social,search
7855,1154,2022-06-27 20:52:44,desktop,Email,cart
7856,949,2021-04-26 08:48:58,tablet,Email,checkout
7857,456,2024-10-02 01:09:56,tablet,Paid Social,checkout
7858,1184,2020-11-10 09:04:52,tablet,Direct,cart
7859,717,2022-04-18 04:19:50,mobile,Paid Social,search
7860,759,2023-12-16 05:32:10,mobile,Organic Search,search
7861,888,2023-11-07 03:13:59,desktop,Email,checkout
7862,741,2022-10-14 10:40:38,mobile,Organic Search,product
7863,1031,2020-03-27 11:58:49,mobile,Paid Social,search
7864,1676,2020-11-04 21:10:38,desktop,Direct,cart
7865,346,2022-06-08 08:03:10,desktop,Ads,home
7866,399,2021-10-25 01:23:11,desktop,Push Notification,checkout
7867,225,2024-08-07 20:09:27,desktop,Ads,search
7868,545,2022-03-04 10:56:56,desktop,Organic Search,cart
7869,384,2023-04-14 19:22:00,desktop,Paid Social,product
7870,889,2020-10-30 02:00:18,desktop,Direct,home
7871,295,2020-02-21 15:03:51,desktop,Paid Social,search
7872,431,2022-10-11 21:48:28,mobile,Push Notification,search
7873,756,2024-01-08 14:13:24,tablet,Email,home
7874,1239,2024-02-01 03:33:23,mobile,Email,cart
7875,900,2022-07-10 06:28:28,desktop,Direct,home
7876,1766,2021-08-06 12:32:07,mobile,Push Notification,checkout
7877,946,2021-12-01 17:56:03,tablet,Ads,home
7878,516,2022-03-07 08:10:55,mobile,Push Notification,checkout
7879,1401,2023-09-22 10:07:07,tablet,Email,search
7880,1216,2021-12-02 23:18:33,desktop,Push Notification,checkout
7881,1122,2022-01-02 17:45:49,desktop,Organic Search,search
7882,190,2024-02-27 02:08:48,desktop,Paid Social,cart
7883,603,2021-02-28 04:15:15,tablet,Email,cart
7884,465,2020-01-14 13:56:01,mobile,Paid Social,home
7885,482,2022-04-03 09:22:42,tablet,Push Notification,checkout
7886,864,2023-06-09 09:19:42,desktop,Push Notification,checkout
7887,1342,2021-10-19 10:56:44,mobile,Email,checkout
7888,704,2024-03-04 09:20:45,desktop,Ads,cart
7889,993,2020-03-31 10:57:04,desktop,Push Notification,home
7890,593,2023-05-05 04:38:03,tablet,Push Notification,cart
7891,1284,2023-03-08 07:27:13,mobile,Organic Search,cart
7892,1459,2024-06-17 15:08:02,mobile,Push Notification,checkout
7893,1168,2020-12-04 11:04:02,desktop,Push Notification,product
7894,1941,2020-06-14 08:36:26,tablet,Paid Social,checkout
7895,470,2021-12-12 23:53:32,tablet,Ads,search
7896,1567,2023-07-10 15:09:12,mobile,Paid Social,cart
7897,139,2021-10-06 16:31:38,tablet,Ads,product
7898,1431,2021-10-07 09:59:26,desktop,Push Notification,cart
7899,582,2022-08-12 09:54:20,mobile,Email,product
7900,909,2020-10-22 10:23:41,desktop,Ads,cart
7901,180,2024-09-06 12:03:27,mobile,Push Notification,product
7902,436,2020-12-28 03:17:06,mobile,Direct,cart
7903,1212,2022-04-06 07:00:25,desktop,Email,search
7904,28,2023-01-20 20:54:36,mobile,Direct,search
7905,1075,2023-09-08 08:12:04,mobile,Paid Social,search
7906,155,2021-03-08 23:13:50,tablet,Email,home
7907,351,2024-04-26 08:25:34,mobile,Paid Social,checkout
7908,1029,2020-06-11 13:01:21,tablet,Direct,cart
7909,1910,2024-02-19 06:34:31,desktop,Email,home
7910,134,2023-08-07 10:36:51,mobile,Email,product
7911,834,2020-09-12 04:17:51,tablet,Ads,cart
7912,1236,2022-12-29 23:25:11,tablet,Direct,product
7913,1982,2022-05-02 22:08:19,desktop,Ads,checkout
7914,482,2023-03-27 02:41:07,tablet,Push Notification,checkout
7915,1234,2020-09-15 10:17:08,mobile,Paid Social,home
7916,1044,2024-07-25 06:05:21,tablet,Organic Search,home
7917,674,2023-06-30 18:08:13,tablet,Organic Search,product
7918,1204,2020-08-16 06:48:12,desktop,Organic Search,cart
7919,201,2023-12-04 01:39:23,mobile,Push Notification,product
7920,1496,2020-05-13 20:41:52,desktop,Ads,checkout
7921,720,2021-06-22 10:46:52,mobile,Ads,cart
7922,1512,2023-10-13 19:02:41,desktop,Direct,search
7923,1590,2024-07-19 16:48:43,mobile,Push Notification,search
7924,1119,2022-10-07 22:50:07,mobile,Push Notification,cart
7925,470,2022-07-14 16:02:09,mobile,Direct,checkout
7926,39,2024-07-09 15:57:31,desktop,Ads,checkout
7927,1165,2023-07-10 08:49:45,desktop,Organic Search,search
7928,1539,2024-06-23 05:55:33,mobile,Paid Social,cart
7929,640,2021-08-21 14:24:46,mobile,Organic Search,search
7930,822,2021-04-21 07:53:57,mobile,Direct,home
7931,920,2020-03-23 13:36:26,tablet,Ads,cart
7932,1994,2020-07-02 11:59:04,tablet,Direct,cart
7933,1583,2023-02-28 13:59:49,tablet,Push Notification,checkout
7934,755,2024-06-04 07:11:18,tablet,Email,checkout
7935,121,2023-11-09 01:46:58,mobile,Direct,product
7936,84,2021-12-08 13:41:57,desktop,Organic Search,product
7937,954,2024-01-25 13:45:16,tablet,Push Notification,cart
7938,696,2023-03-27 19:26:37,tablet,Push Notification,product
7939,1358,2021-10-24 19:59:09,desktop,Organic Search,product
7940,254,2021-11-22 10:38:49,desktop,Push Notification,product
7941,3,2024-11-09 15:03:16,tablet,Push Notification,checkout
7942,1604,2024-07-02 12:13:56,tablet,Push Notification,home
7943,917,2021-12-13 19:33:33,desktop,Paid Social,home
7944,1070,2023-07-25 15:48:47,tablet,Email,product
7945,1861,2023-10-16 03:06:55,tablet,Email,product
7946,852,2024-12-11 14:23:10,tablet,Organic Search,home
7947,1313,2024-05-06 16:48:29,mobile,Push Notification,product
7948,1661,2024-06-06 04:54:52,desktop,Ads,cart
7949,171,2022-10-23 18:20:48,desktop,Push Notification,cart
7950,1973,2020-10-09 02:16:11,mobile,Push Notification,search
7951,855,2024-02-28 06:53:22,desktop,Organic Search,checkout
7952,446,2022-02-15 07:15:21,tablet,Ads,search
7953,1743,2024-08-02 20:48:47,tablet,Paid Social,cart
7954,1261,2021-07-08 16:34:16,desktop,Organic Search,search
7955,1819,2024-02-21 23:13:14,mobile,Paid Social,checkout
7956,1101,2022-07-05 03:51:10,desktop,Organic Search,product
7957,1201,2023-03-28 00:11:10,mobile,Email,home
7958,1640,2024-07-24 01:11:50,mobile,Email,product
7959,96,2020-10-24 17:28:16,desktop,Direct,checkout
7960,123,2023-01-16 07:41:46,mobile,Ads,product
7961,973,2024-01-12 00:12:30,desktop,Ads,cart
7962,1253,2024-05-30 11:02:52,mobile,Paid Social,cart
7963,1276,2024-12-12 02:46:49,desktop,Paid Social,search
7964,510,2024-01-02 18:13:25,tablet,Paid Social,product
7965,657,2024-08-29 02:25:42,tablet,Paid Social,product
7966,1475,2021-07-18 11:37:18,desktop,Direct,checkout
7967,1164,2022-02-09 04:32:37,tablet,Ads,cart
7968,1199,2021-03-18 09:44:14,desktop,Paid Social,home
7969,100,2023-08-28 13:51:26,desktop,Paid Social,search
7970,250,2023-01-08 18:36:27,desktop,Organic Search,checkout
7971,887,2023-12-18 01:31:11,desktop,Email,cart
7972,228,2022-05-21 16:59:00,tablet,Paid Social,checkout
7973,157,2020-08-12 13:36:44,desktop,Push Notification,home
7974,1483,2023-10-19 13:47:37,mobile,Email,search
7975,291,2023-10-04 15:46:46,mobile,Direct,home
7976,27,2024-01-10 06:20:44,desktop,Email,cart
7977,708,2024-11-10 04:52:41,tablet,Ads,home
7978,1932,2022-08-01 09:11:38,desktop,Ads,home
7979,1057,2021-10-23 10:13:54,tablet,Paid Social,cart
7980,1343,2021-01-14 14:37:25,mobile,Direct,home
7981,1625,2020-01-23 00:22:30,tablet,Ads,checkout
7982,648,2023-11-27 10:44:11,tablet,Organic Search,product
7983,773,2021-03-28 06:45:35,desktop,Paid Social,search
7984,138,2022-10-20 17:49:57,mobile,Organic Search,product
7985,1634,2024-07-15 14:16:03,mobile,Push Notification,home
7986,1691,2022-06-11 07:21:17,mobile,Organic Search,product
7987,924,2024-11-05 22:36:06,tablet,Direct,home
7988,339,2023-03-19 02:40:43,tablet,Paid Social,cart
7989,464,2020-05-18 15:51:18,desktop,Ads,product
7990,53,2022-05-24 14:50:06,tablet,Paid Social,product
7991,169,2022-06-27 02:32:05,tablet,Direct,search
7992,45,2024-04-26 23:26:32,desktop,Email,search
7993,684,2023-05-20 13:43:51,tablet,Email,checkout
7994,267,2021-02-25 22:19:52,mobile,Push Notification,search
7995,1312,2024-03-12 01:22:37,desktop,Paid Social,search
7996,1920,2022-07-02 00:17:02,tablet,Push Notification,search
7997,174,2020-05-28 12:37:02,mobile,Direct,home
7998,396,2021-08-04 22:32:09,desktop,Email,product
7999,570,2020-07-24 14:02:44,mobile,Organic Search,home
8000,790,2023-01-18 23:49:11,desktop,Push Notification,search
8001,541,2022-06-27 22:02:12,desktop,Organic Search,product
8002,802,2023-10-02 21:04:14,desktop,Organic Search,product
8003,922,2022-04-24 17:05:42,desktop,Direct,home
8004,1480,2024-02-28 14:57:50,desktop,Organic Search,cart
8005,1114,2020-12-02 19:32:02,tablet,Paid Social,checkout
8006,1441,2022-05-04 10:26:02,tablet,Organic Search,cart
8007,1362,2021-10-15 22:08:08,tablet,Direct,search
8008,1859,2020-06-22 23:51:38,desktop,Organic Search,product
8009,1590,2024-03-10 23:36:28,desktop,Push Notification,product
8010,1838,2022-02-23 22:12:37,tablet,Email,home
8011,216,2023-04-23 03:04:19,tablet,Paid Social,cart
8012,1502,2021-11-09 16:07:58,mobile,Email,search
8013,68,2021-07-02 04:14:19,desktop,Push Notification,product
8014,981,2022-09-30 03:28:49,desktop,Organic Search,search
8015,1013,2022-03-15 16:54:51,desktop,Organic Search,home
8016,1852,2023-03-22 03:30:24,desktop,Direct,cart
8017,1563,2024-01-09 18:46:16,tablet,Ads,product
8018,1459,2021-04-25 09:22:41,mobile,Email,cart
8019,1193,2024-09-17 02:10:04,desktop,Paid Social,home
8020,243,2023-05-03 21:29:48,mobile,Push Notification,home
8021,507,2020-06-29 14:32:45,mobile,Direct,cart
8022,439,2020-08-22 01:58:03,tablet,Email,checkout
8023,1507,2022-11-30 22:10:23,desktop,Email,cart
8024,1985,2023-01-10 14:31:59,tablet,Organic Search,home
8025,1400,2024-06-09 15:07:10,tablet,Push Notification,search
8026,1092,2021-02-17 16:42:35,tablet,Organic Search,product
8027,694,2023-04-08 16:53:24,mobile,Paid Social,cart
8028,231,2023-04-28 15:42:58,tablet,Paid Social,home
8029,1439,2020-06-09 03:35:07,tablet,Ads,checkout
8030,579,2021-01-30 23:47:46,mobile,Direct,checkout
8031,530,2023-08-19 08:57:45,mobile,Email,product
8032,1921,2020-04-28 20:35:11,desktop,Ads,search
8033,149,2023-03-25 06:53:50,desktop,Push Notification,home
8034,635,2020-07-27 05:40:44,tablet,Push Notification,checkout
8035,1700,2022-11-05 19:35:35,mobile,Email,cart
8036,1902,2024-12-27 09:11:16,tablet,Push Notification,product
8037,20,2022-04-15 23:29:24,tablet,Direct,checkout
8038,625,2024-09-14 17:54:15,mobile,Organic Search,product
8039,608,2023-09-07 21:20:11,mobile,Email,home
8040,924,2021-07-09 15:42:05,desktop,Ads,home
8041,925,2022-06-27 11:26:51,mobile,Organic Search,search
8042,516,2021-12-19 14:11:14,tablet,Organic Search,checkout
8043,1427,2021-09-20 20:48:28,mobile,Push Notification,product
8044,228,2022-11-09 05:47:43,desktop,Email,checkout
8045,787,2023-01-31 16:12:09,mobile,Email,product
8046,13,2024-03-31 17:59:52,tablet,Email,checkout
8047,1692,2024-03-17 18:23:13,tablet,Push Notification,search
8048,3,2023-02-13 20:52:59,desktop,Ads,product
8049,225,2024-10-02 01:57:27,desktop,Email,product
8050,1908,2020-03-23 17:32:46,mobile,Ads,cart
8051,812,2020-11-01 16:32:16,tablet,Organic Search,product
8052,795,2022-06-15 14:52:17,mobile,Ads,checkout
8053,95,2020-02-12 19:32:00,tablet,Ads,checkout
8054,1721,2022-02-10 16:47:50,desktop,Direct,search
8055,1841,2023-05-31 01:27:55,mobile,Ads,search
8056,547,2023-08-08 04:44:29,desktop,Paid Social,product
8057,60,2024-04-21 03:47:21,tablet,Organic Search,checkout
8058,1293,2020-11-08 21:21:15,mobile,Ads,search
8059,1898,2020-05-30 10:34:16,tablet,Push Notification,product
8060,1443,2020-08-24 09:14:55,tablet,Paid Social,product
8061,1666,2021-12-04 19:17:37,tablet,Email,home
8062,1690,2023-09-21 23:31:20,desktop,Email,home
8063,1232,2020-04-24 04:27:49,desktop,Direct,cart
8064,526,2024-03-26 20:29:54,tablet,Paid Social,checkout
8065,949,2023-12-06 14:25:19,mobile,Paid Social,product
8066,532,2022-03-16 05:14:20,tablet,Organic Search,checkout
8067,260,2020-05-31 22:05:32,mobile,Paid Social,product
8068,5,2021-09-14 22:43:51,desktop,Direct,search
8069,1451,2022-05-07 12:57:20,tablet,Ads,cart
8070,1286,2021-02-24 01:44:40,tablet,Organic Search,search
8071,609,2023-06-29 04:47:42,mobile,Organic Search,home
8072,727,2024-05-15 13:01:43,mobile,Paid Social,search
8073,1013,2021-11-25 04:14:34,desktop,Paid Social,cart
8074,602,2024-10-01 15:17:03,mobile,Ads,search
8075,1272,2022-05-18 20:06:08,mobile,Organic Search,product
8076,865,2022-02-23 11:18:57,desktop,Direct,home
8077,483,2021-05-09 11:09:03,desktop,Push Notification,product
8078,1792,2022-12-11 16:30:25,tablet,Ads,cart
8079,731,2020-10-22 10:14:53,tablet,Ads,product
8080,1176,2021-12-20 06:15:15,tablet,Email,product
8081,1597,2022-10-23 08:19:26,tablet,Direct,cart
8082,566,2020-05-16 10:42:01,mobile,Organic Search,cart
8083,1746,2021-07-11 03:25:28,mobile,Push Notification,checkout
8084,491,2020-12-19 18:03:00,mobile,Ads,checkout
8085,334,2020-07-19 22:05:08,mobile,Email,checkout
8086,177,2022-02-04 11:11:11,tablet,Ads,home
8087,279,2020-07-25 03:39:30,mobile,Organic Search,cart
8088,588,2022-07-17 15:25:45,mobile,Ads,cart
8089,522,2023-07-15 14:54:44,tablet,Push Notification,search
8090,1245,2021-11-05 19:09:15,mobile,Paid Social,home
8091,476,2021-10-09 16:35:24,tablet,Push Notification,checkout
8092,437,2020-12-05 01:35:37,desktop,Ads,search
8093,156,2022-09-09 14:30:57,mobile,Direct,cart
8094,1898,2024-02-13 06:21:32,tablet,Paid Social,home
8095,652,2021-09-25 19:25:17,mobile,Paid Social,home
8096,574,2022-04-22 19:49:58,tablet,Paid Social,cart
8097,1270,2022-06-28 17:01:00,mobile,Paid Social,search
8098,1149,2023-10-07 18:22:00,tablet,Ads,search
8099,937,2023-04-01 06:30:22,mobile,Organic Search,product
8100,82,2024-12-22 05:24:25,mobile,Paid Social,cart
8101,1345,2024-08-08 17:06:51,mobile,Email,home
8102,832,2023-10-06 23:25:19,mobile,Ads,search
8103,986,2024-04-29 19:17:19,mobile,Push Notification,cart
8104,1788,2020-12-21 17:14:08,tablet,Organic Search,checkout
8105,243,2023-09-20 16:09:13,mobile,Organic Search,product
8106,1804,2023-11-04 18:23:22,desktop,Email,search
8107,957,2023-03-07 18:27:23,desktop,Direct,checkout
8108,1338,2024-01-04 17:19:28,tablet,Email,home
8109,893,2021-05-03 23:34:00,tablet,Push Notification,cart
8110,391,2023-01-13 04:50:18,mobile,Email,cart
8111,47,2021-05-10 07:32:45,mobile,Paid Social,product
8112,1122,2021-06-29 06:54:48,mobile,Direct,home
8113,817,2022-05-31 21:07:15,desktop,Email,search
8114,596,2020-11-16 12:31:03,desktop,Paid Social,product
8115,920,2020-01-01 03:40:04,mobile,Direct,checkout
8116,257,2021-02-02 06:10:42,tablet,Ads,cart
8117,1888,2024-04-14 01:31:48,desktop,Organic Search,search
8118,851,2021-04-26 09:12:18,tablet,Ads,checkout
8119,816,2023-04-07 15:35:22,desktop,Paid Social,home
8120,114,2021-10-26 00:09:56,mobile,Direct,search
8121,322,2022-06-21 20:37:47,desktop,Direct,product
8122,759,2023-05-22 15:50:31,desktop,Organic Search,product
8123,1102,2021-03-03 16:13:53,tablet,Paid Social,cart
8124,585,2020-02-06 18:37:08,desktop,Push Notification,home
8125,1476,2021-07-25 03:48:17,desktop,Email,cart
8126,244,2022-02-07 05:11:08,mobile,Email,home
8127,423,2022-10-05 04:26:00,tablet,Email,search
8128,820,2022-06-09 19:57:00,tablet,Organic Search,cart
8129,1462,2020-03-24 07:00:53,tablet,Organic Search,search
8130,604,2023-08-07 18:02:59,tablet,Push Notification,checkout
8131,2,2024-06-14 01:10:06,tablet,Paid Social,checkout
8132,1186,2022-10-23 15:27:54,desktop,Email,home
8133,1478,2022-03-09 04:08:10,tablet,Organic Search,checkout
8134,1757,2023-05-07 13:31:22,desktop,Email,search
8135,577,2022-02-10 11:51:19,mobile,Ads,cart
8136,1708,2023-06-16 08:17:47,tablet,Email,search
8137,1950,2024-04-12 05:06:36,mobile,Direct,search
8138,1257,2023-12-30 19:21:45,mobile,Email,search
8139,1405,2023-08-25 02:30:06,mobile,Paid Social,search
8140,1100,2023-12-26 13:09:58,desktop,Paid Social,checkout
8141,798,2020-10-10 12:26:31,mobile,Ads,home
8142,1177,2020-02-08 18:23:22,mobile,Organic Search,home
8143,1286,2021-08-02 22:50:50,tablet,Organic Search,cart
8144,1314,2020-03-08 02:41:26,tablet,Email,search
8145,521,2020-03-08 00:50:47,desktop,Paid Social,home
8146,1400,2023-03-14 12:25:17,desktop,Email,search
8147,460,2023-08-02 01:35:09,mobile,Organic Search,cart
8148,1548,2023-11-04 17:15:40,mobile,Organic Search,search
8149,1686,2023-01-05 08:01:24,tablet,Organic Search,home
8150,226,2023-08-12 04:28:18,desktop,Ads,product
8151,1285,2023-10-05 12:45:23,desktop,Organic Search,cart
8152,693,2024-10-29 17:41:01,tablet,Direct,checkout
8153,177,2024-08-31 13:15:42,tablet,Push Notification,search
8154,1371,2024-04-02 06:07:37,desktop,Organic Search,home
8155,376,2022-11-11 02:26:32,mobile,Email,checkout
8156,268,2020-10-09 05:57:55,tablet,Paid Social,home
8157,158,2020-09-01 03:20:02,tablet,Push Notification,cart
8158,1724,2022-05-27 15:45:06,mobile,Push Notification,product
8159,595,2020-08-11 05:12:30,tablet,Direct,product
8160,985,2022-12-26 22:30:46,tablet,Paid Social,checkout
8161,1432,2022-02-10 02:08:01,mobile,Direct,home
8162,171,2022-08-24 08:11:19,mobile,Email,product
8163,233,2024-01-21 00:55:12,tablet,Push Notification,home
8164,1158,2021-12-18 08:29:50,mobile,Email,checkout
8165,1628,2022-02-28 03:35:34,mobile,Ads,product
8166,683,2020-11-28 22:44:36,tablet,Organic Search,cart
8167,1959,2020-08-13 05:20:14,tablet,Email,home
8168,1570,2022-03-07 07:33:12,desktop,Direct,home
8169,1359,2023-06-02 10:12:26,mobile,Push Notification,checkout
8170,1089,2021-12-31 22:01:05,tablet,Push Notification,search
8171,1340,2024-03-15 18:57:07,mobile,Paid Social,checkout
8172,1506,2021-06-28 02:33:37,desktop,Direct,home
8173,716,2020-07-19 02:43:41,desktop,Email,product
8174,430,2024-08-27 23:31:06,mobile,Email,cart
8175,407,2022-10-17 09:22:59,mobile,Email,checkout
8176,42,2021-03-08 16:26:40,desktop,Organic Search,search
8177,1352,2021-11-19 15:14:42,mobile,Organic Search,cart
8178,1876,2020-05-05 20:25:09,mobile,Paid Social,search
8179,1046,2023-07-29 07:07:31,desktop,Organic Search,product
8180,870,2020-04-17 23:56:01,desktop,Email,product
8181,8,2021-04-05 03:05:11,desktop,Ads,checkout
8182,203,2020-10-31 08:21:14,desktop,Organic Search,product
8183,496,2021-12-07 11:43:47,tablet,Organic Search,home
8184,1040,2021-07-26 01:26:49,desktop,Ads,product
8185,1406,2021-07-12 06:07:56,tablet,Paid Social,checkout
8186,539,2020-07-06 14:16:55,desktop,Direct,product
8187,1649,2023-08-06 22:23:19,mobile,Organic Search,product
8188,1707,2024-06-18 19:01:54,tablet,Organic Search,search
8189,1116,2022-08-12 02:04:19,mobile,Paid Social,home
8190,695,2021-05-08 12:35:02,mobile,Ads,cart
8191,122,2023-05-09 11:35:12,desktop,Paid Social,checkout
8192,1508,2022-08-27 11:25:57,tablet,Direct,cart
8193,899,2024-07-27 13:59:11,desktop,Organic Search,home
8194,629,2021-11-08 14:51:42,tablet,Email,home
8195,786,2021-08-10 16:30:25,desktop,Direct,product
8196,28,2022-12-22 23:47:53,mobile,Paid Social,search
8197,401,2021-09-19 10:36:11,mobile,Paid Social,home
8198,1029,2020-05-26 03:01:41,mobile,Push Notification,home
8199,285,2020-09-26 02:02:50,tablet,Push Notification,checkout
8200,1642,2021-06-25 23:27:02,mobile,Email,home
8201,1553,2021-04-03 06:31:02,desktop,Ads,search
8202,53,2022-07-25 05:02:56,desktop,Paid Social,search
8203,873,2020-05-20 05:06:22,tablet,Paid Social,cart
8204,1282,2023-05-17 13:09:39,tablet,Email,search
8205,1581,2021-01-01 22:34:52,desktop,Paid Social,product
8206,88,2022-08-21 21:41:40,desktop,Email,search
8207,488,2021-06-13 12:50:12,mobile,Push Notification,search
8208,1818,2024-04-10 15:56:48,desktop,Paid Social,search
8209,1660,2022-01-17 15:25:33,desktop,Organic Search,cart
8210,943,2023-11-04 02:45:36,desktop,Ads,checkout
8211,1903,2022-04-16 23:32:33,desktop,Direct,home
8212,143,2021-03-21 00:15:41,desktop,Email,product
8213,1500,2022-07-16 06:01:41,tablet,Ads,product
8214,1850,2021-06-13 10:57:58,mobile,Direct,checkout
8215,106,2024-10-21 12:37:59,tablet,Paid Social,product
8216,681,2020-11-23 04:24:46,tablet,Direct,product
8217,59,2021-10-06 09:22:09,tablet,Push Notification,product
8218,49,2023-03-03 01:27:36,desktop,Direct,home
8219,1408,2022-04-30 02:43:04,mobile,Ads,checkout
8220,1333,2020-08-20 22:40:15,desktop,Ads,home
8221,95,2020-05-01 07:29:41,tablet,Direct,search
8222,1620,2021-12-31 17:57:39,desktop,Email,product
8223,1424,2023-12-05 00:00:42,mobile,Push Notification,checkout
8224,1178,2024-10-13 08:08:04,mobile,Email,home
8225,836,2020-02-24 18:53:11,desktop,Organic Search,checkout
8226,900,2021-01-17 17:17:58,tablet,Direct,search
8227,219,2020-10-21 22:15:02,tablet,Push Notification,checkout
8228,1855,2020-01-31 13:44:02,desktop,Organic Search,search
8229,1035,2023-02-18 03:56:49,mobile,Ads,home
8230,835,2021-10-07 11:50:35,tablet,Email,checkout
8231,221,2023-06-20 11:15:26,mobile,Direct,checkout
8232,313,2020-02-09 01:25:16,tablet,Paid Social,home
8233,879,2023-08-13 05:53:54,tablet,Paid Social,home
8234,393,2023-05-17 06:12:43,tablet,Push Notification,cart
8235,1329,2023-07-02 04:53:18,desktop,Ads,checkout
8236,1610,2022-12-24 05:46:48,tablet,Ads,checkout
8237,250,2021-07-13 11:17:22,desktop,Paid Social,checkout
8238,801,2020-09-08 23:31:35,tablet,Paid Social,checkout
8239,1250,2024-12-08 06:02:27,tablet,Organic Search,checkout
8240,1816,2020-11-24 17:55:31,desktop,Direct,product
8241,85,2023-10-17 08:32:33,mobile,Organic Search,product
8242,390,2021-09-13 22:21:42,tablet,Direct,search
8243,1827,2021-04-01 18:08:00,mobile,Email,cart
8244,1800,2020-07-30 06:00:09,mobile,Direct,checkout
8245,301,2022-09-22 15:32:51,desktop,Email,search
8246,1734,2022-03-25 20:33:52,mobile,Push Notification,checkout
8247,359,2021-11-10 05:33:46,mobile,Organic Search,search
8248,1411,2021-10-03 15:45:32,tablet,Push Notification,checkout
8249,756,2021-12-17 15:37:02,desktop,Paid Social,home
8250,789,2023-11-05 13:22:29,tablet,Direct,product
8251,553,2021-04-01 05:52:50,tablet,Email,checkout
8252,1802,2022-06-21 10:41:24,mobile,Ads,home
8253,964,2024-10-27 06:07:42,mobile,Paid Social,product
8254,1217,2024-09-22 23:21:24,tablet,Ads,search
8255,1671,2024-03-09 13:58:54,mobile,Push Notification,product
8256,1556,2023-01-31 20:05:18,mobile,Direct,product
8257,1242,2020-10-10 00:28:56,mobile,Organic Search,cart
8258,573,2021-11-27 20:04:38,tablet,Direct,cart
8259,1248,2021-06-12 20:59:02,tablet,Paid Social,checkout
8260,1287,2023-07-15 12:43:24,tablet,Push Notification,checkout
8261,486,2022-06-04 02:42:01,tablet,Paid Social,home
8262,1738,2023-05-03 07:14:19,tablet,Organic Search,cart
8263,838,2023-07-13 11:56:57,mobile,Ads,checkout
8264,1741,2024-11-14 05:01:00,desktop,Organic Search,home
8265,1843,2023-05-20 00:51:28,tablet,Direct,product
8266,428,2024-08-15 09:14:49,mobile,Paid Social,cart
8267,85,2024-08-18 07:41:59,desktop,Paid Social,product
8268,1283,2021-08-08 05:32:59,desktop,Organic Search,product
8269,150,2020-11-08 05:52:21,mobile,Paid Social,checkout
8270,1867,2022-04-15 09:13:53,desktop,Organic Search,checkout
8271,1256,2022-05-12 11:23:35,mobile,Push Notification,home
8272,48,2023-10-13 20:14:02,mobile,Direct,home
8273,165,2022-08-27 13:24:52,desktop,Email,search
8274,1369,2021-09-23 21:28:00,tablet,Direct,search
8275,1675,2024-02-23 02:04:43,desktop,Push Notification,product
8276,935,2022-12-24 14:22:43,desktop,Direct,search
8277,1542,2020-01-28 12:40:13,mobile,Ads,home
8278,188,2021-12-13 11:24:05,tablet,Ads,cart
8279,565,2021-11-30 22:25:46,desktop,Email,checkout
8280,1072,2022-02-07 03:15:20,desktop,Push Notification,search
8281,46,2022-06-11 09:41:37,mobile,Direct,product
8282,1536,2024-09-29 12:41:47,mobile,Ads,home
8283,199,2022-01-24 20:09:45,tablet,Organic Search,cart
8284,804,2022-10-06 18:20:44,tablet,Ads,checkout
8285,1611,2020-05-15 14:56:12,desktop,Ads,home
8286,267,2023-04-18 02:28:55,mobile,Ads,home
8287,993,2020-09-19 18:15:45,desktop,Direct,search
8288,634,2020-04-26 19:45:10,mobile,Organic Search,checkout
8289,1018,2020-08-05 12:21:31,tablet,Direct,product
8290,219,2022-11-30 23:29:22,mobile,Direct,checkout
8291,265,2024-11-08 10:04:30,mobile,Ads,checkout
8292,180,2024-08-09 08:30:07,tablet,Organic Search,home
8293,640,2021-07-27 11:01:57,desktop,Direct,product
8294,522,2021-07-11 21:08:45,tablet,Paid Social,product
8295,1806,2022-01-31 18:39:38,tablet,Paid Social,search
8296,991,2020-12-08 19:13:28,mobile,Push Notification,home
8297,215,2020-01-27 13:16:56,mobile,Email,home
8298,1376,2024-05-10 09:33:23,mobile,Paid Social,checkout
8299,695,2022-02-22 15:13:32,mobile,Ads,product
8300,174,2022-06-14 19:14:01,tablet,Direct,cart
8301,898,2022-09-01 04:01:19,mobile,Organic Search,cart
8302,688,2022-05-24 04:26:51,mobile,Ads,search
8303,674,2023-05-13 06:07:46,tablet,Direct,search
8304,163,2021-06-19 20:35:12,desktop,Push Notification,product
8305,1624,2024-08-19 04:27:33,mobile,Paid Social,product
8306,1597,2023-07-13 17:00:09,tablet,Ads,home
8307,1322,2024-12-29 14:40:49,desktop,Push Notification,product
8308,552,2022-01-03 03:16:37,tablet,Direct,cart
8309,1815,2022-10-24 04:14:58,desktop,Paid Social,product
8310,1026,2021-01-22 20:30:56,tablet,Ads,cart
8311,1510,2022-09-17 02:42:44,mobile,Direct,home
8312,1498,2024-08-09 16:32:10,mobile,Push Notification,home
8313,951,2021-04-01 04:23:32,tablet,Paid Social,home
8314,1020,2020-02-28 04:15:08,mobile,Ads,search
8315,229,2023-10-11 20:35:56,tablet,Push Notification,search
8316,1058,2020-01-11 12:38:17,mobile,Ads,checkout
8317,754,2020-05-26 11:18:04,tablet,Organic Search,home
8318,974,2023-03-09 02:08:27,mobile,Organic Search,cart
8319,273,2020-04-03 09:57:45,desktop,Email,cart
8320,877,2021-01-07 06:58:47,desktop,Paid Social,search
8321,1308,2020-06-18 09:39:38,mobile,Ads,search
8322,32,2022-11-27 19:59:36,mobile,Organic Search,checkout
8323,870,2020-09-13 22:08:44,desktop,Email,checkout
8324,216,2024-05-16 06:34:49,mobile,Email,cart
8325,1629,2020-07-05 19:03:13,desktop,Paid Social,cart
8326,193,2020-07-19 10:35:33,desktop,Direct,search
8327,414,2023-03-21 07:17:19,tablet,Email,checkout
8328,272,2021-04-28 08:56:19,desktop,Paid Social,search
8329,886,2024-04-14 09:04:39,tablet,Email,search
8330,1518,2024-07-29 02:20:31,tablet,Organic Search,product
8331,268,2021-01-14 18:26:08,mobile,Push Notification,home
8332,1730,2024-10-14 01:10:59,tablet,Push Notification,home
8333,95,2023-07-19 22:53:37,mobile,Ads,search
8334,1493,2020-12-20 16:49:38,desktop,Ads,cart
8335,313,2022-08-16 11:14:07,desktop,Push Notification,cart
8336,491,2021-05-28 10:16:04,tablet,Email,checkout
8337,1639,2022-01-23 14:15:55,mobile,Direct,cart
8338,630,2021-09-18 01:58:17,mobile,Paid Social,search
8339,939,2022-10-21 17:44:45,mobile,Ads,home
8340,1692,2022-03-02 06:59:10,mobile,Email,home
8341,78,2024-12-10 05:53:25,tablet,Push Notification,product
8342,352,2021-02-14 22:14:18,tablet,Paid Social,home
8343,421,2022-09-04 09:40:19,desktop,Paid Social,product
8344,1455,2021-06-12 22:30:29,desktop,Ads,checkout
8345,1069,2021-01-03 08:34:53,mobile,Paid Social,cart
8346,1053,2024-11-10 01:50:04,desktop,Paid Social,search
8347,1507,2024-05-29 14:19:27,desktop,Organic Search,search
8348,1394,2022-03-03 01:19:10,desktop,Paid Social,search
8349,1149,2022-12-18 07:18:05,tablet,Paid Social,checkout
8350,737,2022-03-26 11:35:53,desktop,Organic Search,home
8351,1912,2024-11-24 15:19:52,mobile,Ads,checkout
8352,1839,2023-01-19 03:41:05,mobile,Organic Search,home
8353,535,2021-01-13 18:15:56,desktop,Direct,search
8354,410,2023-12-28 20:02:59,mobile,Direct,product
8355,397,2023-12-24 14:05:32,desktop,Organic Search,product
8356,141,2021-11-27 15:49:21,desktop,Ads,home
8357,1618,2022-11-21 18:06:32,tablet,Email,search
8358,1572,2022-07-16 04:33:02,tablet,Email,search
8359,1793,2024-04-14 02:43:16,desktop,Paid Social,checkout
8360,1950,2020-09-10 01:09:56,tablet,Organic Search,checkout
8361,457,2022-04-11 13:36:28,tablet,Ads,checkout
8362,1707,2020-05-29 01:50:48,mobile,Paid Social,home
8363,1558,2024-07-17 16:15:32,desktop,Paid Social,cart
8364,1293,2022-06-20 11:16:30,desktop,Push Notification,product
8365,713,2020-09-06 22:03:31,tablet,Direct,search
8366,1539,2024-09-11 23:51:03,mobile,Organic Search,home
8367,1614,2023-08-22 23:48:08,mobile,Organic Search,cart
8368,191,2023-08-02 17:02:58,tablet,Direct,home
8369,1794,2024-02-16 04:54:25,desktop,Paid Social,checkout
8370,1379,2021-01-08 13:37:17,desktop,Email,home
8371,1773,2024-04-19 05:36:08,desktop,Paid Social,cart
8372,148,2024-03-28 14:41:42,tablet,Paid Social,cart
8373,578,2023-06-21 13:48:46,desktop,Organic Search,product
8374,104,2024-02-05 00:42:09,mobile,Direct,cart
8375,673,2021-08-27 06:34:31,desktop,Push Notification,search
8376,1594,2020-10-15 00:10:14,desktop,Push Notification,search
8377,1346,2022-04-23 06:44:33,tablet,Paid Social,product
8378,414,2023-06-20 10:01:20,mobile,Paid Social,home
8379,1020,2022-07-26 21:26:53,desktop,Ads,home
8380,531,2020-12-21 19:31:58,mobile,Organic Search,cart
8381,257,2022-10-21 08:45:41,tablet,Email,search
8382,1251,2020-01-08 19:15:55,desktop,Ads,search
8383,31,2020-08-03 19:43:28,mobile,Ads,product
8384,159,2022-09-02 19:53:16,desktop,Paid Social,product
8385,272,2021-09-24 19:37:11,mobile,Ads,product
8386,805,2024-06-06 19:23:11,desktop,Email,home
8387,1392,2024-02-06 06:37:29,desktop,Ads,checkout
8388,1432,2023-06-16 11:00:08,mobile,Paid Social,cart
8389,463,2022-01-30 03:18:58,tablet,Paid Social,product
8390,237,2022-12-16 02:13:00,mobile,Email,search
8391,1218,2023-06-13 10:54:39,desktop,Email,checkout
8392,667,2023-06-11 04:33:20,desktop,Organic Search,checkout
8393,1965,2022-09-28 02:05:19,desktop,Paid Social,cart
8394,267,2024-06-06 04:39:09,mobile,Direct,product
8395,535,2024-11-22 10:11:03,mobile,Push Notification,checkout
8396,550,2024-09-11 07:52:15,desktop,Direct,search
8397,1733,2023-04-17 01:38:51,tablet,Paid Social,checkout
8398,225,2021-12-11 06:53:14,tablet,Paid Social,product
8399,88,2021-05-09 12:17:26,desktop,Ads,checkout
8400,1788,2024-04-02 02:27:52,desktop,Email,product
8401,66,2021-06-02 06:30:37,mobile,Direct,checkout
8402,127,2023-02-08 15:14:30,mobile,Push Notification,home
8403,1915,2024-07-03 15:58:54,desktop,Ads,home
8404,1470,2021-08-28 04:42:23,desktop,Email,cart
8405,887,2023-09-03 19:32:49,mobile,Organic Search,product
8406,1528,2021-08-12 16:22:15,tablet,Direct,product
8407,52,2021-02-03 12:24:07,desktop,Paid Social,checkout
8408,401,2022-08-05 21:37:58,tablet,Direct,checkout
8409,865,2024-08-30 01:03:37,desktop,Direct,product
8410,918,2022-07-09 10:01:19,desktop,Ads,search
8411,1912,2023-04-29 14:39:36,tablet,Ads,checkout
8412,888,2020-01-15 01:32:31,mobile,Ads,home
8413,626,2021-02-02 15:53:27,tablet,Push Notification,cart
8414,1183,2022-01-23 19:28:42,tablet,Email,home
8415,1935,2020-11-15 23:33:05,mobile,Direct,cart
8416,79,2021-06-27 14:38:13,mobile,Paid Social,cart
8417,703,2020-12-23 00:25:05,tablet,Ads,search
8418,837,2022-08-27 13:17:02,desktop,Direct,home
8419,1208,2024-12-09 03:49:37,desktop,Ads,search
8420,89,2023-03-11 01:31:52,tablet,Direct,cart
8421,439,2022-06-26 07:05:46,tablet,Ads,search
8422,1364,2024-08-21 15:05:04,mobile,Ads,home
8423,226,2021-03-04 08:56:36,tablet,Direct,checkout
8424,1465,2023-09-22 23:06:18,desktop,Push Notification,checkout
8425,1278,2024-01-17 19:16:31,tablet,Organic Search,home
8426,1942,2021-10-03 17:00:14,mobile,Organic Search,checkout
8427,1181,2020-03-07 09:59:33,tablet,Push Notification,search
8428,861,2022-09-02 12:55:04,tablet,Direct,home
8429,1513,2023-02-22 08:26:28,mobile,Email,home
8430,108,2024-04-20 16:47:26,desktop,Paid Social,checkout
8431,1739,2022-11-25 11:16:11,desktop,Ads,checkout
8432,300,2020-02-15 08:59:01,mobile,Direct,product
8433,332,2021-03-02 23:46:17,tablet,Paid Social,search
8434,1716,2023-12-29 05:37:22,mobile,Ads,product
8435,1108,2022-05-07 19:28:22,desktop,Direct,checkout
8436,544,2024-10-06 16:37:39,mobile,Push Notification,product
8437,645,2020-07-01 13:53:29,desktop,Paid Social,home
8438,599,2023-07-28 03:43:22,mobile,Organic Search,home
8439,1637,2020-01-02 06:07:18,desktop,Ads,cart
8440,1667,2020-05-08 09:56:25,desktop,Push Notification,home
8441,1067,2022-10-15 08:51:25,desktop,Direct,search
8442,24,2020-04-04 07:43:46,mobile,Email,cart
8443,1841,2020-01-27 02:31:41,tablet,Paid Social,cart
8444,769,2020-08-28 00:30:42,tablet,Push Notification,cart
8445,972,2021-10-13 11:24:11,desktop,Organic Search,search
8446,1649,2023-08-19 18:27:42,mobile,Ads,checkout
8447,151,2023-03-17 04:10:31,mobile,Paid Social,checkout
8448,1372,2020-10-08 02:31:06,tablet,Ads,cart
8449,144,2021-11-10 15:47:34,desktop,Organic Search,checkout
8450,1323,2023-10-25 11:08:23,tablet,Organic Search,checkout
8451,894,2022-05-06 13:45:14,mobile,Email,checkout
8452,981,2021-08-22 04:26:45,desktop,Ads,cart
8453,1784,2024-02-15 01:37:57,desktop,Email,home
8454,1977,2021-04-22 15:28:21,desktop,Email,search
8455,548,2024-11-06 08:11:45,desktop,Email,home
8456,914,2022-12-07 17:34:08,tablet,Paid Social,cart
8457,1614,2021-12-05 13:45:11,mobile,Direct,cart
8458,436,2024-08-23 02:45:36,tablet,Push Notification,home
8459,540,2020-02-27 06:38:19,desktop,Direct,home
8460,515,2020-12-30 09:39:09,desktop,Direct,checkout
8461,1513,2023-06-19 18:09:19,tablet,Direct,product
8462,607,2020-05-26 17:40:58,desktop,Email,cart
8463,1931,2024-07-31 12:11:03,desktop,Push Notification,product
8464,443,2023-08-06 15:15:21,mobile,Direct,checkout
8465,813,2022-01-13 13:42:01,desktop,Ads,product
8466,479,2023-11-18 12:36:13,desktop,Push Notification,search
8467,1131,2022-08-27 10:29:30,mobile,Paid Social,home
8468,1531,2023-10-04 06:56:10,desktop,Email,cart
8469,639,2020-08-22 20:54:55,desktop,Organic Search,home
8470,1389,2021-03-09 16:09:55,tablet,Direct,cart
8471,251,2020-04-08 03:46:49,tablet,Push Notification,checkout
8472,38,2020-04-17 20:12:29,mobile,Organic Search,home
8473,1535,2021-04-14 03:34:47,desktop,Paid Social,home
8474,1937,2024-04-25 10:46:39,mobile,Email,checkout
8475,1317,2021-04-11 04:18:09,desktop,Ads,cart
8476,309,2023-10-26 02:11:50,tablet,Push Notification,search
8477,1620,2020-06-19 12:32:30,mobile,Paid Social,cart
8478,1735,2021-10-20 08:53:30,desktop,Organic Search,home
8479,1314,2022-07-18 12:31:29,tablet,Ads,search
8480,1274,2022-04-16 12:45:56,tablet,Push Notification,cart
8481,1019,2024-03-28 09:02:05,mobile,Organic Search,search
8482,720,2024-01-10 09:30:34,tablet,Direct,search
8483,1913,2024-12-02 11:27:37,mobile,Email,checkout
8484,1872,2024-05-14 08:49:43,tablet,Email,search
8485,1537,2022-08-01 06:43:20,mobile,Email,home
8486,913,2023-10-06 07:23:36,tablet,Organic Search,product
8487,1687,2022-05-26 23:20:34,tablet,Direct,home
8488,1128,2022-11-29 03:40:20,mobile,Ads,checkout
8489,1731,2021-06-11 04:26:31,tablet,Ads,home
8490,704,2023-10-29 03:03:53,desktop,Direct,home
8491,1292,2024-08-10 19:52:27,desktop,Organic Search,checkout
8492,418,2024-04-28 03:34:04,desktop,Email,cart
8493,880,2022-03-06 01:18:34,mobile,Paid Social,home
8494,185,2021-01-24 22:31:02,tablet,Ads,checkout
8495,692,2022-10-31 06:59:56,mobile,Ads,product
8496,1885,2024-06-01 16:05:10,mobile,Ads,home
8497,883,2023-03-08 10:28:21,mobile,Paid Social,cart
8498,459,2021-08-15 04:13:11,tablet,Push Notification,product
8499,1078,2023-11-17 23:07:54,tablet,Email,product
8500,354,2023-08-18 09:45:18,mobile,Push Notification,home
8501,1107,2024-09-10 22:55:53,mobile,Ads,home
8502,1423,2024-06-08 19:32:14,tablet,Ads,checkout
8503,1747,2024-09-19 21:43:37,desktop,Organic Search,home
8504,729,2021-11-27 14:02:07,tablet,Paid Social,checkout
8505,1322,2022-10-16 18:58:15,desktop,Ads,cart
8506,381,2022-08-31 13:11:36,desktop,Email,checkout
8507,1688,2021-06-04 22:09:42,desktop,Ads,search
8508,282,2020-04-09 11:40:20,mobile,Direct,home
8509,90,2022-12-04 12:31:22,desktop,Direct,cart
8510,100,2024-02-14 18:01:28,mobile,Push Notification,product
8511,1660,2020-07-06 02:31:51,tablet,Ads,checkout
8512,865,2022-12-09 10:59:06,desktop,Email,product
8513,612,2023-12-04 22:38:26,mobile,Direct,home
8514,1525,2022-12-08 00:54:51,tablet,Direct,cart
8515,1733,2020-11-30 00:26:54,desktop,Direct,product
8516,851,2024-03-19 20:56:33,mobile,Organic Search,home
8517,749,2021-09-27 16:22:54,tablet,Direct,cart
8518,1902,2022-07-08 01:42:07,mobile,Push Notification,home
8519,1977,2022-12-19 18:24:43,desktop,Push Notification,product
8520,1442,2023-10-23 09:08:01,mobile,Push Notification,product
8521,489,2020-07-06 16:55:39,tablet,Paid Social,checkout
8522,101,2021-11-19 08:06:31,desktop,Push Notification,checkout
8523,1913,2023-02-03 04:54:24,mobile,Paid Social,checkout
8524,955,2023-05-07 03:00:52,desktop,Ads,cart
8525,1346,2022-02-22 18:48:00,desktop,Ads,checkout
8526,730,2023-12-23 00:46:43,mobile,Email,cart
8527,485,2020-06-13 06:21:36,tablet,Organic Search,home
8528,152,2021-02-24 18:19:56,tablet,Paid Social,product
8529,437,2021-12-09 15:29:59,mobile,Organic Search,product
8530,108,2021-05-25 20:08:40,mobile,Push Notification,product
8531,284,2024-12-28 10:02:27,mobile,Email,home
8532,707,2020-10-14 00:15:42,mobile,Ads,home
8533,916,2021-08-01 21:17:28,tablet,Paid Social,search
8534,169,2020-06-27 11:01:55,tablet,Push Notification,cart
8535,660,2022-04-16 16:58:46,mobile,Paid Social,home
8536,1789,2021-06-19 07:25:21,desktop,Organic Search,cart
8537,1817,2022-02-27 22:27:18,tablet,Ads,checkout
8538,1876,2022-11-26 09:58:48,mobile,Push Notification,home
8539,1421,2021-07-17 20:01:20,mobile,Paid Social,cart
8540,549,2020-03-16 23:02:57,mobile,Paid Social,checkout
8541,656,2020-10-16 11:15:00,mobile,Direct,home
8542,75,2021-11-28 08:47:26,desktop,Email,cart
8543,672,2020-07-08 03:03:47,tablet,Ads,checkout
8544,1102,2024-08-20 15:59:39,tablet,Email,cart
8545,1180,2021-11-17 00:36:08,desktop,Organic Search,home
8546,1696,2023-01-02 01:32:25,desktop,Push Notification,checkout
8547,214,2020-02-07 04:18:30,mobile,Paid Social,home
8548,1297,2022-04-14 09:05:05,desktop,Ads,home
8549,704,2021-07-06 04:39:37,desktop,Paid Social,product
8550,1613,2020-07-21 17:38:24,mobile,Organic Search,cart
8551,1997,2024-03-07 21:26:00,desktop,Ads,checkout
8552,294,2020-07-03 03:31:03,tablet,Paid Social,search
8553,1220,2024-12-12 07:57:37,mobile,Push Notification,product
8554,122,2022-08-01 10:34:47,tablet,Ads,product
8555,879,2022-04-09 10:04:50,desktop,Push Notification,search
8556,814,2024-03-12 15:53:40,mobile,Organic Search,product
8557,1411,2023-04-08 23:52:20,mobile,Direct,cart
8558,1771,2023-03-24 21:55:37,desktop,Organic Search,cart
8559,987,2020-09-29 01:02:09,mobile,Direct,home
8560,940,2020-05-01 14:44:12,mobile,Push Notification,search
8561,889,2021-10-24 14:34:47,mobile,Direct,cart
8562,383,2023-08-17 03:21:41,mobile,Ads,cart
8563,1410,2024-12-08 07:56:03,mobile,Email,search
8564,331,2022-11-12 00:50:24,desktop,Direct,checkout
8565,806,2021-09-22 04:19:58,tablet,Ads,search
8566,188,2021-12-02 19:58:23,tablet,Ads,product
8567,546,2021-03-13 20:22:35,mobile,Paid Social,checkout
8568,756,2023-04-23 23:50:08,mobile,Paid Social,product
8569,1468,2020-04-29 12:16:38,desktop,Push Notification,search
8570,365,2021-03-08 06:54:34,tablet,Email,search
8571,1635,2021-02-12 15:17:38,mobile,Ads,search
8572,1096,2023-11-15 19:53:33,desktop,Push Notification,checkout
8573,1114,2022-11-06 02:56:47,mobile,Push Notification,checkout
8574,171,2023-02-21 23:25:29,tablet,Email,checkout
8575,1987,2020-10-19 04:26:28,tablet,Organic Search,cart
8576,947,2020-10-04 04:06:30,desktop,Email,search
8577,554,2023-03-30 10:19:44,tablet,Push Notification,home
8578,13,2021-09-27 15:28:49,mobile,Direct,product
8579,162,2021-06-27 16:55:46,tablet,Ads,product
8580,92,2020-02-11 21:08:32,mobile,Ads,product
8581,1903,2024-08-25 22:02:04,tablet,Ads,search
8582,351,2023-01-30 07:47:19,desktop,Organic Search,cart
8583,1183,2020-06-03 23:36:23,mobile,Organic Search,home
8584,826,2022-07-20 00:06:42,mobile,Email,cart
8585,1831,2023-07-10 03:34:52,mobile,Push Notification,home
8586,1585,2023-11-06 21:04:24,mobile,Direct,search
8587,1365,2020-02-11 09:00:50,tablet,Organic Search,search
8588,875,2024-02-11 13:48:28,mobile,Organic Search,cart
8589,682,2024-08-03 06:09:37,tablet,Ads,cart
8590,1374,2023-01-29 08:25:24,desktop,Direct,search
8591,558,2022-06-26 04:42:49,mobile,Ads,product
8592,1105,2023-09-15 04:40:59,mobile,Push Notification,home
8593,718,2023-05-25 01:19:39,mobile,Ads,cart
8594,816,2022-03-12 17:34:23,tablet,Paid Social,search
8595,1202,2022-02-10 03:22:42,tablet,Email,checkout
8596,1862,2022-02-13 20:49:42,mobile,Paid Social,home
8597,1634,2022-02-24 08:08:10,mobile,Ads,product
8598,477,2022-12-23 21:25:44,desktop,Organic Search,product
8599,1940,2020-10-08 18:13:04,desktop,Paid Social,home
8600,1935,2024-12-13 02:57:43,desktop,Email,cart
8601,1550,2024-02-06 14:53:49,tablet,Paid Social,product
8602,799,2024-08-28 18:14:21,tablet,Direct,checkout
8603,1134,2022-08-30 03:24:55,mobile,Paid Social,product
8604,282,2022-03-14 17:47:46,desktop,Organic Search,cart
8605,1201,2022-11-21 01:37:59,tablet,Direct,product
8606,634,2021-11-21 23:08:55,tablet,Push Notification,search
8607,255,2024-03-13 07:16:07,tablet,Paid Social,product
8608,1021,2023-12-29 12:08:50,tablet,Organic Search,home
8609,802,2020-11-10 16:47:54,mobile,Push Notification,home
8610,1033,2024-05-20 19:48:07,desktop,Email,checkout
8611,386,2020-01-01 06:49:32,mobile,Push Notification,search
8612,881,2023-12-06 11:01:33,desktop,Push Notification,search
8613,13,2020-04-29 06:21:31,mobile,Organic Search,home
8614,318,2022-10-22 20:20:58,desktop,Ads,checkout
8615,1651,2020-08-24 04:37:44,tablet,Paid Social,home
8616,1565,2023-12-01 10:05:05,mobile,Ads,checkout
8617,31,2023-08-10 16:36:49,desktop,Ads,search
8618,180,2023-10-29 22:22:43,desktop,Ads,checkout
8619,488,2021-05-09 02:26:56,mobile,Ads,search
8620,1283,2022-05-11 16:04:32,desktop,Push Notification,checkout
8621,1849,2021-01-01 08:24:46,tablet,Organic Search,product
8622,788,2021-04-04 10:01:19,mobile,Direct,product
8623,1684,2024-03-16 12:51:18,desktop,Paid Social,home
8624,800,2023-10-03 02:16:36,desktop,Direct,product
8625,1540,2023-10-19 08:29:11,mobile,Direct,product
8626,1022,2023-08-04 01:15:09,tablet,Email,product
8627,1068,2023-11-20 11:30:22,tablet,Push Notification,checkout
8628,1118,2022-01-27 15:42:49,tablet,Direct,cart
8629,11,2024-03-04 15:54:31,mobile,Email,checkout
8630,1290,2022-10-12 09:32:48,tablet,Direct,cart
8631,1103,2022-03-15 04:53:35,mobile,Organic Search,checkout
8632,1109,2022-05-27 17:40:13,tablet,Paid Social,search
8633,1552,2023-09-10 12:07:18,desktop,Push Notification,checkout
8634,1848,2021-06-27 23:32:00,tablet,Email,checkout
8635,217,2023-02-25 08:10:17,tablet,Paid Social,cart
8636,1714,2024-08-02 17:21:07,desktop,Organic Search,search
8637,1843,2024-10-02 21:57:49,tablet,Direct,cart
8638,1800,2023-08-24 06:24:06,desktop,Ads,search
8639,1875,2023-03-27 23:15:53,mobile,Direct,checkout
8640,1843,2024-12-30 23:40:36,desktop,Push Notification,cart
8641,1335,2023-02-13 12:12:46,desktop,Ads,cart
8642,202,2024-10-25 08:58:01,mobile,Push Notification,search
8643,800,2020-02-12 23:10:45,desktop,Organic Search,home
8644,1880,2024-12-16 17:58:26,tablet,Paid Social,cart
8645,188,2023-07-02 21:07:31,desktop,Push Notification,product
8646,1598,2023-05-26 07:36:15,mobile,Push Notification,checkout
8647,1210,2024-08-12 09:09:53,desktop,Ads,checkout
8648,1874,2020-04-04 22:58:05,desktop,Ads,home
8649,1135,2020-05-27 05:58:17,desktop,Push Notification,cart
8650,1226,2022-12-02 07:03:33,tablet,Push Notification,home
8651,1340,2021-04-24 22:22:18,tablet,Push Notification,home
8652,1074,2024-05-24 11:11:31,desktop,Organic Search,product
8653,981,2023-11-06 09:37:28,mobile,Ads,checkout
8654,1499,2020-06-25 00:56:50,mobile,Organic Search,product
8655,1628,2024-06-13 19:13:15,mobile,Direct,cart
8656,1034,2024-03-27 13:09:27,mobile,Email,search
8657,1869,2020-07-13 22:13:36,mobile,Ads,cart
8658,829,2023-01-07 06:34:02,desktop,Organic Search,checkout
8659,1032,2023-05-14 06:49:01,desktop,Paid Social,checkout
8660,1365,2024-07-31 12:43:44,mobile,Email,search
8661,18,2021-01-27 15:17:20,tablet,Direct,search
8662,1284,2022-10-09 06:03:00,desktop,Push Notification,home
8663,1106,2021-03-02 17:03:41,tablet,Email,product
8664,1179,2022-10-11 15:47:25,tablet,Ads,search
8665,613,2021-10-21 23:06:33,desktop,Paid Social,search
8666,1388,2023-11-23 10:58:13,desktop,Paid Social,cart
8667,357,2024-01-07 20:44:54,tablet,Organic Search,search
8668,294,2020-08-10 09:28:09,mobile,Ads,home
8669,810,2021-06-10 20:32:36,desktop,Ads,home
8670,1926,2021-03-30 09:47:57,desktop,Push Notification,checkout
8671,560,2022-09-22 03:13:47,tablet,Organic Search,search
8672,1603,2022-10-04 11:03:49,tablet,Push Notification,search
8673,808,2022-01-24 05:31:48,mobile,Ads,home
8674,487,2021-04-15 11:30:14,desktop,Email,checkout
8675,461,2023-08-13 13:12:57,tablet,Direct,product
8676,1318,2020-07-08 12:21:17,mobile,Push Notification,product
8677,1468,2020-10-29 15:33:24,mobile,Paid Social,product
8678,1849,2020-10-21 09:43:19,mobile,Paid Social,product
8679,353,2021-04-03 15:56:59,desktop,Organic Search,home
8680,1182,2021-05-02 18:13:13,desktop,Ads,search
8681,1809,2022-01-02 10:48:44,mobile,Organic Search,search
8682,1223,2020-01-12 12:33:28,tablet,Email,product
8683,1027,2022-01-19 14:26:30,desktop,Paid Social,search
8684,1826,2021-08-19 12:21:20,mobile,Paid Social,cart
8685,1014,2023-04-05 17:27:57,mobile,Direct,search
8686,1063,2020-08-18 17:48:15,mobile,Paid Social,search
8687,439,2022-06-07 20:26:10,tablet,Organic Search,product
8688,1903,2020-01-24 13:14:39,tablet,Direct,home
8689,660,2023-04-06 10:05:05,tablet,Direct,search
8690,1487,2020-08-26 04:19:02,tablet,Direct,search
8691,1515,2021-12-13 14:39:32,desktop,Direct,checkout
8692,1805,2021-06-08 07:17:25,desktop,Paid Social,checkout
8693,928,2021-10-03 21:45:27,mobile,Email,cart
8694,1010,2022-11-23 17:29:34,tablet,Email,search
8695,1870,2020-04-16 12:51:01,mobile,Organic Search,cart
8696,628,2020-01-25 14:10:34,mobile,Push Notification,cart
8697,637,2020-07-27 14:24:30,mobile,Ads,product
8698,947,2024-11-03 17:22:02,tablet,Push Notification,cart
8699,1880,2024-09-22 21:28:32,desktop,Paid Social,search
8700,1525,2020-03-19 21:27:08,mobile,Paid Social,product
8701,1708,2021-03-12 21:06:23,desktop,Push Notification,search
8702,1698,2024-04-06 08:44:17,desktop,Push Notification,home
8703,1946,2022-05-22 20:29:41,desktop,Direct,checkout
8704,1814,2024-08-10 01:13:18,mobile,Paid Social,home
8705,1221,2023-02-23 08:22:33,tablet,Push Notification,home
8706,1296,2022-03-26 11:01:54,mobile,Organic Search,home
8707,636,2022-12-14 01:45:47,desktop,Email,cart
8708,1242,2022-02-24 14:29:18,desktop,Paid Social,checkout
8709,265,2023-10-20 02:49:39,desktop,Organic Search,product
8710,889,2023-03-18 10:11:00,desktop,Direct,checkout
8711,1123,2020-12-02 05:50:05,mobile,Push Notification,checkout
8712,1860,2022-07-14 11:25:32,mobile,Push Notification,search
8713,1696,2021-01-20 19:17:45,tablet,Direct,search
8714,1682,2022-01-14 12:47:52,mobile,Paid Social,home
8715,3,2021-09-05 13:07:36,desktop,Ads,home
8716,763,2024-06-21 14:13:51,desktop,Ads,search
8717,1137,2021-09-13 01:44:05,desktop,Ads,home
8718,1307,2020-05-27 10:24:11,tablet,Direct,search
8719,1702,2022-08-23 14:46:42,mobile,Direct,checkout
8720,1838,2020-12-11 10:00:29,mobile,Paid Social,product
8721,489,2020-01-21 17:29:27,mobile,Organic Search,search
8722,1361,2022-11-05 12:53:43,desktop,Organic Search,search
8723,1356,2023-04-04 11:31:58,mobile,Organic Search,home
8724,486,2021-06-21 04:33:23,mobile,Direct,search
8725,537,2021-12-01 04:19:01,mobile,Push Notification,search
8726,908,2021-10-09 12:07:47,desktop,Paid Social,search
8727,596,2024-02-25 15:27:20,tablet,Ads,home
8728,1629,2021-04-15 22:10:58,tablet,Direct,cart
8729,781,2020-02-15 19:18:29,desktop,Paid Social,product
8730,1810,2022-06-29 23:37:23,mobile,Ads,product
8731,1515,2023-10-20 06:03:30,mobile,Paid Social,cart
8732,552,2020-02-21 16:30:24,mobile,Push Notification,cart
8733,433,2024-04-21 01:45:11,desktop,Ads,search
8734,271,2022-03-21 07:14:25,tablet,Direct,product
8735,700,2020-04-25 19:47:09,mobile,Email,cart
8736,612,2024-08-06 21:31:15,mobile,Paid Social,home
8737,517,2022-10-05 18:16:05,desktop,Paid Social,product
8738,1609,2023-06-11 01:23:47,desktop,Direct,home
8739,1471,2023-11-09 14:00:24,desktop,Paid Social,checkout
8740,749,2021-10-05 09:39:54,desktop,Organic Search,cart
8741,4,2020-05-20 16:09:43,desktop,Ads,checkout
8742,1352,2023-01-10 02:14:41,desktop,Push Notification,cart
8743,1618,2022-01-22 01:14:16,desktop,Organic Search,product
8744,1403,2022-11-17 12:43:31,tablet,Direct,home
8745,1054,2020-09-11 00:42:18,tablet,Ads,home
8746,621,2022-10-20 16:41:38,desktop,Ads,cart
8747,693,2022-10-22 04:13:17,desktop,Organic Search,search
8748,757,2020-02-27 08:28:22,mobile,Push Notification,cart
8749,766,2022-01-04 21:24:35,mobile,Paid Social,cart
8750,1359,2020-02-13 09:17:12,mobile,Organic Search,search
8751,1359,2024-05-27 08:41:37,tablet,Direct,cart
8752,1660,2024-03-15 02:14:01,mobile,Push Notification,search
8753,195,2024-11-08 07:37:21,mobile,Push Notification,cart
8754,721,2020-10-14 18:59:03,mobile,Push Notification,checkout
8755,1181,2022-06-06 17:21:04,mobile,Push Notification,product
8756,812,2023-07-12 18:27:10,tablet,Direct,search
8757,1675,2020-11-14 12:13:37,mobile,Ads,home
8758,1772,2022-06-29 20:09:18,tablet,Paid Social,search
8759,1517,2022-10-28 14:34:34,tablet,Direct,product
8760,1495,2020-05-09 03:19:36,tablet,Organic Search,cart
8761,1620,2022-08-24 07:51:05,desktop,Direct,product
8762,167,2020-06-17 04:00:37,tablet,Push Notification,cart
8763,1616,2023-06-16 03:49:29,mobile,Email,product
8764,997,2020-11-17 14:31:27,tablet,Organic Search,cart
8765,1100,2021-06-25 11:20:04,tablet,Email,checkout
8766,1630,2023-04-14 22:56:05,desktop,Push Notification,product
8767,290,2024-03-29 08:20:23,tablet,Ads,cart
8768,306,2021-01-06 16:58:29,tablet,Ads,product
8769,777,2021-05-03 18:43:00,desktop,Direct,search
8770,1849,2020-08-26 08:41:37,desktop,Push Notification,cart
8771,91,2021-02-08 11:53:23,tablet,Push Notification,product
8772,1263,2021-12-18 10:24:30,tablet,Organic Search,cart
8773,610,2020-09-13 08:46:30,tablet,Email,search
8774,1811,2024-07-16 02:28:10,mobile,Ads,checkout
8775,1603,2023-05-10 20:01:26,desktop,Email,cart
8776,1547,2021-09-06 21:11:17,tablet,Paid Social,search
8777,551,2021-12-30 02:15:35,desktop,Push Notification,cart
8778,1452,2023-01-24 23:45:35,tablet,Ads,cart
8779,819,2022-07-27 03:38:39,mobile,Push Notification,home
8780,1412,2021-07-22 07:14:47,mobile,Organic Search,cart
8781,996,2022-01-18 09:48:14,tablet,Push Notification,cart
8782,1543,2020-03-20 06:37:47,tablet,Organic Search,home
8783,1284,2024-01-13 00:27:00,desktop,Email,search
8784,1901,2024-12-21 12:04:02,desktop,Push Notification,product
8785,587,2023-08-30 06:28:05,mobile,Organic Search,search
8786,1586,2024-05-15 15:53:16,desktop,Push Notification,home
8787,107,2021-04-12 17:20:26,desktop,Email,cart
8788,30,2021-07-08 19:54:37,tablet,Direct,search
8789,577,2020-10-17 08:22:31,tablet,Direct,product
8790,875,2021-06-04 18:04:29,desktop,Ads,search
8791,1534,2024-04-05 21:36:20,desktop,Email,product
8792,1205,2020-03-10 10:58:16,mobile,Direct,search
8793,531,2023-05-27 02:41:20,desktop,Direct,search
8794,339,2023-11-18 23:37:20,tablet,Push Notification,checkout
8795,1538,2024-11-05 20:09:43,desktop,Organic Search,home
8796,893,2023-09-20 22:20:16,desktop,Direct,checkout
8797,776,2023-05-12 02:23:22,tablet,Push Notification,cart
8798,1973,2022-07-30 03:36:41,mobile,Ads,product
8799,1552,2024-09-27 11:51:43,desktop,Ads,home
8800,140,2020-01-21 05:31:07,desktop,Direct,home
8801,1309,2021-11-23 06:47:12,tablet,Email,product
8802,1662,2024-06-30 10:43:12,desktop,Ads,checkout
8803,437,2023-09-28 03:47:40,desktop,Organic Search,search
8804,1780,2023-03-25 03:35:19,mobile,Push Notification,home
8805,1663,2020-03-19 16:11:37,mobile,Paid Social,product
8806,1187,2022-02-13 00:19:46,desktop,Organic Search,home
8807,1626,2021-02-20 22:13:25,mobile,Email,cart
8808,240,2023-07-07 22:04:22,desktop,Direct,search
8809,717,2023-10-04 10:35:43,mobile,Direct,checkout
8810,1113,2020-08-04 15:08:37,tablet,Push Notification,cart
8811,1838,2022-09-07 13:20:30,mobile,Email,search
8812,957,2022-10-22 04:29:04,tablet,Ads,checkout
8813,1528,2024-04-09 08:05:52,desktop,Organic Search,checkout
8814,571,2023-12-26 05:25:37,desktop,Organic Search,search
8815,1751,2023-09-21 15:20:44,tablet,Push Notification,product
8816,1857,2022-03-16 02:13:20,desktop,Ads,home
8817,1313,2024-07-19 02:44:09,tablet,Organic Search,checkout
8818,261,2023-01-14 00:58:27,desktop,Paid Social,product
8819,607,2024-05-06 08:04:31,mobile,Ads,product
8820,1735,2021-12-30 13:46:24,tablet,Direct,search
8821,912,2024-12-16 06:37:35,tablet,Direct,product
8822,1057,2020-05-15 10:01:15,mobile,Direct,checkout
8823,467,2023-01-30 07:54:58,desktop,Push Notification,checkout
8824,196,2022-04-02 22:06:02,desktop,Paid Social,product
8825,1035,2020-11-02 16:26:00,desktop,Direct,cart
8826,1192,2020-09-27 03:00:40,mobile,Direct,product
8827,23,2022-08-30 16:55:24,tablet,Ads,checkout
8828,700,2022-02-27 04:29:52,tablet,Organic Search,search
8829,684,2022-09-10 20:02:57,tablet,Ads,cart
8830,491,2023-01-18 05:26:56,mobile,Ads,checkout
8831,1082,2021-05-01 14:33:23,desktop,Ads,search
8832,924,2020-06-01 16:01:51,desktop,Organic Search,home
8833,630,2022-07-14 05:51:28,tablet,Organic Search,cart
8834,30,2024-02-07 19:05:10,desktop,Organic Search,search
8835,866,2024-08-04 10:23:29,desktop,Push Notification,product
8836,195,2023-12-03 17:46:41,desktop,Ads,checkout
8837,945,2020-09-30 05:21:01,tablet,Organic Search,checkout
8838,1671,2020-12-04 02:11:51,mobile,Organic Search,product
8839,321,2020-08-25 07:37:33,mobile,Direct,cart
8840,1973,2023-11-03 10:19:09,desktop,Ads,checkout
8841,1352,2021-02-04 21:19:16,mobile,Paid Social,home
8842,1253,2022-03-29 18:57:42,mobile,Push Notification,search
8843,1003,2022-12-13 21:48:02,tablet,Paid Social,cart
8844,1159,2022-03-22 01:11:38,mobile,Paid Social,search
8845,694,2023-05-04 06:28:56,tablet,Organic Search,cart
8846,901,2024-11-16 15:54:04,desktop,Push Notification,home
8847,1748,2024-02-13 20:37:18,mobile,Paid Social,search
8848,1122,2022-02-21 20:08:06,mobile,Paid Social,cart
8849,1647,2021-03-17 22:38:04,desktop,Organic Search,cart
8850,579,2023-11-28 23:37:28,desktop,Push Notification,cart
8851,382,2023-09-08 16:06:08,mobile,Organic Search,checkout
8852,48,2020-11-03 15:27:55,mobile,Direct,product
8853,28,2023-11-25 18:21:40,mobile,Push Notification,cart
8854,1504,2023-07-11 09:29:05,desktop,Organic Search,checkout
8855,1743,2020-06-07 02:54:16,tablet,Organic Search,checkout
8856,1476,2022-03-17 07:58:52,mobile,Direct,home
8857,1525,2021-03-18 18:22:29,tablet,Push Notification,checkout
8858,1334,2021-07-10 18:39:45,mobile,Ads,search
8859,491,2022-10-20 16:59:24,desktop,Push Notification,cart
8860,752,2023-03-19 13:19:48,mobile,Organic Search,search
8861,111,2022-03-16 23:36:40,mobile,Ads,product
8862,1530,2022-05-02 00:31:46,tablet,Ads,cart
8863,1767,2021-05-25 16:34:15,tablet,Ads,checkout
8864,330,2023-12-16 22:35:37,mobile,Push Notification,product
8865,1952,2022-11-05 10:04:12,desktop,Organic Search,checkout
8866,195,2020-04-26 03:23:38,mobile,Paid Social,checkout
8867,615,2020-02-12 00:38:42,mobile,Paid Social,product
8868,1441,2024-03-06 09:43:38,tablet,Direct,checkout
8869,137,2022-10-30 22:00:03,tablet,Paid Social,cart
8870,334,2020-11-23 22:52:53,desktop,Organic Search,product
8871,446,2022-12-13 02:56:18,mobile,Direct,product
8872,315,2024-04-01 06:57:36,desktop,Direct,cart
8873,350,2021-06-10 10:34:45,tablet,Email,home
8874,138,2023-07-28 21:13:00,mobile,Direct,product
8875,1957,2020-10-20 01:00:36,desktop,Paid Social,home
8876,1004,2024-05-18 15:31:40,tablet,Push Notification,home
8877,578,2021-10-04 20:06:03,mobile,Organic Search,search
8878,867,2021-06-29 23:16:27,mobile,Direct,search
8879,496,2021-06-14 21:29:15,tablet,Push Notification,home
8880,1696,2023-12-24 15:36:55,desktop,Direct,product
8881,522,2021-02-11 04:13:30,mobile,Email,search
8882,1432,2020-09-15 21:20:12,tablet,Paid Social,cart
8883,1522,2021-07-19 15:48:18,desktop,Email,checkout
8884,1188,2023-02-27 17:32:47,tablet,Paid Social,product
8885,1830,2022-06-03 11:27:07,tablet,Push Notification,product
8886,163,2022-10-28 02:38:11,desktop,Direct,home
8887,993,2020-02-03 17:52:10,mobile,Direct,home
8888,1065,2022-05-19 02:38:30,mobile,Organic Search,product
8889,25,2020-06-26 14:56:33,mobile,Email,search
8890,240,2020-07-01 16:54:12,tablet,Push Notification,cart
8891,1803,2020-08-12 16:56:26,tablet,Ads,search
8892,1536,2022-01-31 07:26:26,tablet,Ads,checkout
8893,12,2020-10-28 06:28:06,mobile,Ads,product
8894,1917,2021-09-14 19:49:20,mobile,Ads,product
8895,634,2024-09-05 20:48:49,tablet,Ads,home
8896,1854,2020-04-30 07:15:05,desktop,Paid Social,home
8897,1744,2021-02-27 06:34:45,desktop,Organic Search,search
8898,1561,2020-07-25 17:11:36,mobile,Email,checkout
8899,1027,2021-04-26 15:43:40,tablet,Organic Search,product
8900,1232,2022-02-24 09:16:42,mobile,Organic Search,product
8901,709,2020-03-26 23:57:55,tablet,Paid Social,search
8902,1155,2020-11-14 14:54:17,tablet,Direct,cart
8903,135,2023-01-28 14:50:52,mobile,Email,home
8904,136,2024-04-12 14:55:25,tablet,Push Notification,search
8905,1162,2023-09-15 19:58:17,desktop,Direct,cart
8906,1949,2022-06-22 06:29:34,mobile,Direct,checkout
8907,335,2020-06-15 20:43:06,desktop,Push Notification,checkout
8908,1195,2024-11-20 07:11:32,mobile,Paid Social,product
8909,107,2020-05-17 19:06:18,tablet,Ads,search
8910,190,2022-06-03 20:33:35,mobile,Paid Social,checkout
8911,644,2022-03-20 21:03:22,mobile,Ads,cart
8912,841,2024-02-29 19:17:04,mobile,Direct,product
8913,423,2022-06-02 00:14:17,tablet,Direct,product
8914,1689,2024-07-29 06:48:12,tablet,Paid Social,home
8915,1800,2024-06-10 17:00:00,tablet,Ads,search
8916,509,2023-10-08 09:42:37,desktop,Organic Search,home
8917,307,2020-09-21 12:15:29,tablet,Organic Search,cart
8918,1347,2020-06-30 21:40:00,tablet,Organic Search,product
8919,839,2024-04-13 19:20:39,desktop,Ads,cart
8920,735,2024-02-11 14:20:55,desktop,Ads,cart
8921,1784,2024-07-01 12:02:34,tablet,Email,checkout
8922,1329,2024-07-15 23:43:01,tablet,Organic Search,search
8923,674,2022-10-05 17:50:31,desktop,Email,cart
8924,795,2021-09-17 11:12:16,desktop,Email,search
8925,811,2021-07-27 02:05:48,desktop,Organic Search,product
8926,1494,2023-10-16 05:36:20,tablet,Email,product
8927,314,2024-09-23 01:55:46,tablet,Direct,cart
8928,688,2023-08-08 09:14:13,desktop,Push Notification,cart
8929,1569,2022-07-21 00:47:18,desktop,Paid Social,checkout
8930,1208,2023-01-05 22:19:49,mobile,Direct,cart
8931,913,2020-08-11 20:44:59,tablet,Direct,product
8932,821,2024-06-08 17:35:05,desktop,Email,cart
8933,146,2021-10-07 20:11:34,mobile,Email,checkout
8934,1515,2023-07-26 18:08:06,desktop,Organic Search,home
8935,360,2023-04-06 00:18:23,tablet,Push Notification,product
8936,1316,2022-08-20 08:05:45,mobile,Email,checkout
8937,175,2022-11-03 19:20:28,tablet,Paid Social,search
8938,1514,2024-06-06 06:41:16,desktop,Ads,checkout
8939,1444,2021-01-18 00:41:32,desktop,Ads,search
8940,1492,2020-09-10 22:41:03,tablet,Direct,checkout
8941,1217,2020-08-29 01:55:36,tablet,Email,home
8942,992,2021-11-25 03:16:19,tablet,Direct,cart
8943,1986,2024-06-12 05:48:25,mobile,Direct,checkout
8944,74,2022-12-24 01:39:32,mobile,Direct,cart
8945,1613,2020-05-21 01:36:39,tablet,Paid Social,search
8946,1190,2021-02-25 21:03:07,mobile,Paid Social,checkout
8947,1525,2020-01-15 09:18:44,desktop,Push Notification,checkout
8948,1610,2022-06-17 08:30:27,desktop,Paid Social,search
8949,906,2023-12-08 00:42:43,tablet,Organic Search,cart
8950,1379,2023-02-04 02:55:51,mobile,Push Notification,home
8951,806,2020-04-19 12:16:17,tablet,Email,product
8952,1766,2020-11-15 05:48:37,mobile,Organic Search,cart
8953,1176,2020-04-13 00:32:21,tablet,Ads,checkout
8954,1219,2024-07-20 10:26:14,mobile,Ads,search
8955,1043,2021-12-14 11:09:48,desktop,Push Notification,home
8956,108,2020-09-12 13:15:27,desktop,Direct,product
8957,702,2023-02-15 04:14:31,tablet,Paid Social,search
8958,1416,2022-07-07 08:59:37,desktop,Push Notification,product
8959,406,2024-09-03 23:20:57,tablet,Paid Social,product
8960,492,2021-10-16 16:48:24,tablet,Organic Search,product
8961,765,2020-04-15 23:29:20,desktop,Push Notification,home
8962,363,2021-06-07 20:22:41,desktop,Email,product
8963,413,2021-04-19 06:06:42,desktop,Ads,cart
8964,1901,2020-04-13 23:54:29,mobile,Organic Search,home
8965,1692,2022-01-22 09:46:31,tablet,Organic Search,cart
8966,495,2020-09-01 04:42:50,tablet,Push Notification,search
8967,311,2021-10-23 20:34:33,mobile,Paid Social,checkout
8968,1162,2021-11-05 10:17:04,tablet,Paid Social,checkout
8969,1934,2023-01-07 09:12:59,desktop,Organic Search,home
8970,1568,2021-02-05 10:03:03,desktop,Direct,checkout
8971,988,2020-07-14 16:38:30,mobile,Paid Social,home
8972,1640,2024-02-15 07:36:23,mobile,Ads,home
8973,1903,2022-10-21 03:43:22,desktop,Ads,search
8974,1360,2022-01-14 20:11:12,tablet,Paid Social,checkout
8975,1613,2021-10-31 19:59:21,desktop,Push Notification,checkout
8976,162,2021-11-24 08:12:33,mobile,Direct,cart
8977,882,2022-01-16 16:02:06,mobile,Direct,product
8978,1765,2021-04-10 09:07:41,tablet,Ads,cart
8979,1951,2020-11-08 06:54:59,mobile,Push Notification,search
8980,1083,2023-05-25 00:17:33,mobile,Organic Search,product
8981,1398,2021-07-09 18:54:01,tablet,Email,cart
8982,129,2020-01-10 20:59:18,desktop,Email,product
8983,943,2024-03-27 19:07:14,tablet,Email,checkout
8984,1516,2021-04-20 15:54:18,desktop,Organic Search,home
8985,280,2021-08-16 02:38:47,tablet,Ads,product
8986,1980,2020-03-17 07:53:35,desktop,Organic Search,search
8987,764,2020-12-16 17:52:11,mobile,Email,checkout
8988,415,2020-03-18 23:28:00,tablet,Paid Social,search
8989,857,2022-01-27 16:40:31,desktop,Direct,home
8990,1146,2023-06-07 16:40:45,tablet,Organic Search,product
8991,1961,2020-07-24 02:08:17,mobile,Organic Search,cart
8992,538,2021-02-13 15:49:13,mobile,Email,cart
8993,743,2022-12-27 02:24:15,desktop,Direct,search
8994,1570,2022-10-29 19:09:06,desktop,Paid Social,cart
8995,875,2023-06-25 16:18:34,tablet,Paid Social,search
8996,1601,2023-04-05 13:05:15,desktop,Organic Search,checkout
8997,725,2022-07-07 15:46:40,desktop,Paid Social,checkout
8998,1884,2020-06-03 13:00:33,desktop,Ads,product
8999,919,2022-08-09 06:02:17,mobile,Paid Social,home
9000,369,2020-06-26 23:47:34,tablet,Organic Search,product
9001,1635,2020-10-06 23:22:07,mobile,Direct,product
9002,962,2022-01-27 20:24:56,desktop,Ads,cart
9003,1889,2024-11-23 23:00:57,desktop,Ads,home
9004,1205,2024-07-04 23:05:48,desktop,Organic Search,search
9005,116,2024-11-19 19:42:26,desktop,Organic Search,home
9006,1888,2024-10-03 07:08:29,mobile,Ads,product
9007,970,2020-08-03 19:56:43,tablet,Email,home
9008,1009,2022-10-05 16:30:29,desktop,Direct,cart
9009,212,2022-08-09 21:48:34,tablet,Direct,product
9010,1753,2022-02-22 00:57:23,tablet,Push Notification,checkout
9011,1458,2023-05-10 13:25:39,mobile,Ads,cart
9012,697,2021-07-05 23:12:21,mobile,Direct,product
9013,1067,2022-06-20 23:42:24,tablet,Ads,checkout
9014,1694,2024-09-13 19:45:04,mobile,Organic Search,checkout
9015,1988,2020-06-17 17:35:14,desktop,Organic Search,home
9016,397,2022-06-28 03:55:35,tablet,Direct,search
9017,60,2021-08-21 14:41:58,mobile,Ads,home
9018,1442,2023-10-31 14:00:05,tablet,Organic Search,home
9019,1979,2024-03-13 15:20:51,tablet,Email,product
9020,63,2021-02-06 04:17:57,mobile,Organic Search,product
9021,1822,2023-04-07 19:15:09,desktop,Direct,home
9022,875,2020-08-17 21:46:12,mobile,Organic Search,checkout
9023,400,2022-02-21 19:43:09,desktop,Direct,checkout
9024,1880,2021-09-26 03:02:34,desktop,Direct,home
9025,394,2024-07-14 04:05:29,desktop,Paid Social,search
9026,1818,2024-01-18 23:19:51,mobile,Organic Search,search
9027,391,2023-09-06 10:54:47,mobile,Email,search
9028,1415,2021-01-18 03:47:53,desktop,Paid Social,home
9029,625,2021-01-03 09:47:19,desktop,Ads,checkout
9030,1011,2021-12-08 22:48:34,desktop,Email,home
9031,881,2021-05-26 02:30:41,tablet,Ads,cart
9032,1098,2024-08-26 12:13:27,desktop,Organic Search,cart
9033,352,2023-06-08 09:40:37,desktop,Paid Social,checkout
9034,262,2022-09-28 08:50:23,tablet,Paid Social,product
9035,228,2023-07-01 09:37:21,desktop,Email,cart
9036,1088,2021-04-21 04:20:09,mobile,Organic Search,cart
9037,1826,2024-10-17 15:04:18,tablet,Organic Search,home
9038,1768,2020-06-10 08:13:07,desktop,Email,checkout
9039,1636,2020-09-26 14:55:13,mobile,Organic Search,checkout
9040,1291,2021-07-11 09:19:03,tablet,Email,checkout
9041,182,2021-07-20 23:36:26,tablet,Direct,cart
9042,194,2023-02-18 21:24:12,tablet,Organic Search,cart
9043,1088,2022-05-11 11:46:42,mobile,Push Notification,search
9044,813,2021-10-26 02:28:01,desktop,Push Notification,home
9045,1509,2024-09-03 10:20:52,tablet,Direct,product
9046,93,2022-08-04 08:35:18,mobile,Paid Social,checkout
9047,1444,2021-06-16 08:48:34,desktop,Direct,home
9048,1647,2024-05-08 21:47:44,tablet,Paid Social,cart
9049,941,2022-11-11 04:30:32,mobile,Ads,home
9050,479,2022-10-25 14:43:03,desktop,Email,cart
9051,1653,2021-02-02 14:48:18,tablet,Paid Social,home
9052,788,2020-07-07 10:02:54,desktop,Ads,search
9053,1548,2020-09-27 23:50:25,desktop,Direct,product
9054,75,2023-07-03 22:32:53,tablet,Organic Search,home
9055,196,2020-09-27 00:34:10,mobile,Email,product
9056,1851,2022-02-08 14:44:54,desktop,Email,cart
9057,1930,2024-08-12 20:14:05,tablet,Push Notification,checkout
9058,1618,2024-10-12 18:38:08,mobile,Direct,cart
9059,1865,2022-02-04 09:32:38,desktop,Paid Social,home
9060,1423,2021-02-14 16:33:20,tablet,Push Notification,product
9061,480,2021-09-11 18:07:05,mobile,Email,home
9062,813,2023-08-16 11:26:59,tablet,Email,home
9063,1456,2023-01-10 01:11:47,mobile,Email,checkout
9064,791,2023-02-23 13:02:52,tablet,Email,home
9065,1624,2021-11-22 05:58:20,mobile,Organic Search,checkout
9066,842,2024-09-06 23:45:55,tablet,Email,home
9067,1762,2022-03-15 16:02:21,tablet,Organic Search,home
9068,1711,2022-05-01 02:18:41,tablet,Push Notification,home
9069,757,2021-01-10 21:39:22,mobile,Direct,home
9070,1460,2024-12-27 19:49:52,mobile,Email,checkout
9071,658,2023-02-23 07:53:38,mobile,Organic Search,cart
9072,1075,2023-08-31 15:33:11,desktop,Push Notification,cart
9073,149,2024-01-15 22:09:10,desktop,Organic Search,home
9074,1598,2021-03-06 14:24:54,tablet,Direct,product
9075,740,2023-08-15 06:13:25,mobile,Paid Social,home
9076,1729,2023-10-06 04:14:05,desktop,Ads,search
9077,974,2024-01-03 10:14:14,tablet,Ads,product
9078,633,2021-04-13 23:38:30,tablet,Ads,search
9079,1662,2024-11-25 16:15:44,tablet,Push Notification,product
9080,1231,2021-05-04 20:52:53,desktop,Organic Search,cart
9081,1458,2022-08-13 03:37:31,tablet,Email,checkout
9082,543,2022-05-16 06:13:12,tablet,Push Notification,cart
9083,1606,2024-05-22 20:39:16,desktop,Email,search
9084,288,2020-12-12 15:13:26,mobile,Email,search
9085,1494,2024-06-19 04:25:31,desktop,Organic Search,product
9086,1959,2020-10-18 06:05:33,tablet,Organic Search,search
9087,544,2021-05-17 07:46:54,tablet,Direct,cart
9088,244,2020-09-04 20:57:53,mobile,Email,product
9089,414,2022-08-12 04:31:58,tablet,Paid Social,cart
9090,1339,2023-12-21 03:10:35,mobile,Organic Search,checkout
9091,1059,2020-08-17 23:34:31,tablet,Ads,search
9092,30,2022-06-07 06:35:59,mobile,Push Notification,home
9093,274,2022-10-10 03:11:47,desktop,Ads,search
9094,1715,2023-11-26 01:08:56,mobile,Email,cart
9095,300,2020-03-17 17:31:22,tablet,Push Notification,home
9096,396,2022-09-02 20:32:56,desktop,Organic Search,home
9097,1484,2020-02-14 11:34:36,mobile,Organic Search,home
9098,1776,2021-04-29 13:28:11,tablet,Email,cart
9099,1607,2022-02-02 13:48:32,desktop,Email,cart
9100,160,2021-08-18 20:18:21,tablet,Direct,search
9101,1791,2021-06-22 14:36:37,tablet,Direct,home
9102,848,2023-08-08 01:11:52,mobile,Organic Search,checkout
9103,1610,2020-11-09 05:43:55,desktop,Organic Search,checkout
9104,1204,2021-11-28 03:57:39,tablet,Paid Social,home
9105,1951,2021-12-23 16:31:50,desktop,Ads,checkout
9106,118,2024-07-17 13:15:28,desktop,Push Notification,home
9107,874,2024-07-21 07:50:44,tablet,Direct,cart
9108,1168,2023-04-17 06:47:18,desktop,Direct,cart
9109,1041,2024-03-31 00:32:53,tablet,Direct,home
9110,1855,2024-06-25 09:19:46,tablet,Paid Social,home
9111,1175,2022-06-27 09:21:00,mobile,Push Notification,checkout
9112,1344,2024-09-04 04:42:35,desktop,Ads,checkout
9113,716,2021-07-21 03:06:41,mobile,Direct,product
9114,760,2023-10-30 13:02:04,desktop,Push Notification,home
9115,1689,2020-11-23 14:44:16,tablet,Push Notification,cart
9116,1474,2021-07-17 15:44:13,tablet,Email,product
9117,1009,2023-07-26 19:15:10,mobile,Paid Social,checkout
9118,239,2021-05-03 16:54:00,desktop,Paid Social,checkout
9119,306,2021-11-23 07:43:44,mobile,Organic Search,product
9120,1621,2023-01-14 19:59:13,mobile,Organic Search,cart
9121,711,2025-01-01 18:18:36,desktop,Paid Social,home
9122,982,2021-05-18 11:14:39,mobile,Paid Social,checkout
9123,163,2020-03-14 07:29:42,desktop,Direct,product
9124,1301,2022-12-24 00:04:32,mobile,Direct,checkout
9125,962,2022-08-11 20:02:32,desktop,Organic Search,cart
9126,195,2024-07-18 03:40:52,tablet,Push Notification,home
9127,1424,2024-12-07 19:40:37,tablet,Direct,product
9128,614,2020-10-28 06:04:49,mobile,Email,search
9129,88,2020-03-14 02:12:21,mobile,Paid Social,search
9130,1142,2024-06-18 22:36:05,mobile,Push Notification,search
9131,942,2022-09-29 01:38:34,tablet,Email,cart
9132,595,2022-04-18 04:12:43,mobile,Paid Social,product
9133,1268,2023-07-30 08:03:20,mobile,Paid Social,search
9134,434,2022-05-07 18:46:20,mobile,Ads,checkout
9135,242,2021-04-23 02:50:08,desktop,Direct,search
9136,1290,2024-08-25 16:13:48,tablet,Organic Search,checkout
9137,458,2023-12-13 08:22:39,tablet,Paid Social,checkout
9138,579,2022-11-14 13:42:27,desktop,Email,checkout
9139,367,2024-06-12 19:31:33,desktop,Email,home
9140,436,2024-10-24 15:26:33,desktop,Direct,search
9141,135,2024-09-09 20:33:17,tablet,Ads,home
9142,220,2020-11-07 04:52:56,tablet,Paid Social,search
9143,1249,2021-08-20 01:46:00,tablet,Ads,cart
9144,424,2020-06-20 11:50:11,tablet,Ads,cart
9145,1762,2020-09-22 14:44:56,tablet,Ads,home
9146,878,2021-04-25 05:52:40,mobile,Push Notification,product
9147,1159,2021-06-04 15:47:08,desktop,Organic Search,product
9148,456,2022-05-22 10:15:33,desktop,Paid Social,search
9149,687,2021-01-11 03:09:54,desktop,Email,home
9150,25,2024-03-08 22:31:11,tablet,Ads,product
9151,477,2020-06-17 13:55:23,tablet,Email,cart
9152,1301,2021-10-20 05:21:00,mobile,Email,home
9153,1290,2022-04-09 04:14:33,mobile,Push Notification,search
9154,1370,2020-11-30 12:32:59,mobile,Ads,cart
9155,10,2024-11-14 22:24:59,mobile,Direct,product
9156,1045,2024-08-15 05:11:59,desktop,Ads,search
9157,1404,2024-06-08 17:50:33,desktop,Direct,home
9158,786,2020-08-31 12:57:56,tablet,Email,cart
9159,1724,2020-08-06 13:23:16,desktop,Direct,home
9160,209,2022-12-25 02:07:25,mobile,Paid Social,cart
9161,236,2024-08-28 21:39:14,mobile,Organic Search,search
9162,474,2020-02-21 04:16:49,tablet,Organic Search,search
9163,1690,2023-12-16 05:20:13,desktop,Push Notification,search
9164,1372,2024-06-19 17:42:22,mobile,Email,product
9165,32,2023-04-05 22:18:20,mobile,Ads,cart
9166,612,2023-01-27 13:04:38,mobile,Paid Social,product
9167,1765,2023-01-02 02:32:26,tablet,Email,cart
9168,1580,2021-02-18 08:01:59,tablet,Organic Search,cart
9169,1319,2024-07-19 17:45:01,tablet,Push Notification,checkout
9170,945,2021-10-19 20:30:26,tablet,Direct,search
9171,76,2021-02-08 09:07:41,tablet,Push Notification,product
9172,1337,2020-08-27 19:35:06,mobile,Organic Search,cart
9173,390,2021-04-26 13:49:49,mobile,Organic Search,product
9174,1727,2024-02-04 22:43:32,tablet,Organic Search,home
9175,1571,2024-03-01 00:11:20,desktop,Email,checkout
9176,1182,2023-09-19 22:19:10,desktop,Organic Search,home
9177,1254,2024-01-28 04:44:02,mobile,Organic Search,checkout
9178,1154,2021-04-16 15:46:04,desktop,Ads,checkout
9179,1734,2021-07-10 11:55:47,desktop,Direct,checkout
9180,80,2022-08-12 08:42:57,desktop,Direct,checkout
9181,1110,2024-11-27 20:27:01,mobile,Organic Search,product
9182,890,2024-12-28 09:04:38,tablet,Ads,cart
9183,1470,2024-04-07 12:23:58,tablet,Email,cart
9184,1622,2024-04-26 09:51:41,tablet,Paid Social,checkout
9185,1697,2021-07-13 05:15:01,desktop,Paid Social,checkout
9186,1489,2021-04-24 20:30:28,desktop,Organic Search,cart
9187,223,2023-06-30 17:20:23,desktop,Direct,home
9188,46,2021-05-25 02:44:06,mobile,Email,cart
9189,1878,2021-11-30 13:34:24,mobile,Direct,cart
9190,966,2024-04-14 00:48:17,mobile,Paid Social,checkout
9191,943,2021-09-15 21:41:08,desktop,Organic Search,product
9192,838,2023-09-22 09:28:38,desktop,Direct,home
9193,767,2023-10-05 03:30:31,mobile,Direct,home
9194,1319,2022-02-09 01:48:50,tablet,Ads,checkout
9195,384,2023-07-09 19:11:12,tablet,Paid Social,product
9196,858,2021-08-06 11:03:48,desktop,Direct,home
9197,1158,2023-07-17 10:35:08,mobile,Paid Social,home
9198,1774,2024-02-27 17:51:35,mobile,Email,cart
9199,1934,2021-10-28 21:05:35,tablet,Email,cart
9200,618,2020-08-03 02:49:16,desktop,Organic Search,search
9201,1392,2023-06-03 23:38:18,mobile,Organic Search,home
9202,1740,2024-04-01 07:37:26,desktop,Email,checkout
9203,629,2020-05-04 23:44:53,mobile,Organic Search,product
9204,1450,2023-08-29 21:18:29,mobile,Paid Social,product
9205,1427,2022-01-19 13:05:50,tablet,Push Notification,checkout
9206,1530,2023-10-09 15:15:36,mobile,Email,product
9207,752,2023-11-29 16:23:46,desktop,Paid Social,home
9208,1840,2024-08-23 21:31:19,tablet,Paid Social,search
9209,892,2024-01-27 23:27:13,mobile,Email,home
9210,1823,2020-09-30 02:21:13,tablet,Paid Social,product
9211,127,2021-08-26 18:52:26,desktop,Direct,cart
9212,400,2024-03-09 16:03:31,tablet,Email,search
9213,237,2022-12-07 03:36:14,desktop,Direct,checkout
9214,396,2024-12-16 04:00:06,mobile,Paid Social,checkout
9215,1762,2021-12-10 23:12:11,desktop,Email,home
9216,1779,2021-09-04 20:07:00,tablet,Push Notification,checkout
9217,452,2023-09-28 03:07:55,tablet,Paid Social,cart
9218,250,2024-08-23 15:54:18,desktop,Organic Search,home
9219,1560,2024-07-31 05:35:33,tablet,Ads,home
9220,526,2024-10-06 19:55:06,mobile,Ads,cart
9221,1755,2020-11-04 21:31:21,tablet,Direct,product
9222,1602,2022-08-07 16:04:15,desktop,Organic Search,home
9223,132,2024-09-22 00:52:09,desktop,Ads,home
9224,1883,2022-07-10 19:06:56,desktop,Push Notification,cart
9225,1332,2021-10-28 22:12:09,desktop,Paid Social,cart
9226,1405,2023-11-02 13:36:41,desktop,Direct,product
9227,184,2021-05-26 03:59:06,tablet,Ads,product
9228,1358,2020-10-11 01:14:23,mobile,Push Notification,checkout
9229,789,2020-05-19 16:18:59,tablet,Paid Social,checkout
9230,196,2023-01-09 20:26:10,mobile,Direct,cart
9231,928,2023-07-18 02:23:11,mobile,Ads,product
9232,587,2021-01-07 04:56:43,desktop,Organic Search,home
9233,1240,2024-08-25 05:08:41,tablet,Organic Search,home
9234,56,2022-04-10 17:40:41,tablet,Paid Social,product
9235,1952,2023-08-14 12:28:09,tablet,Email,checkout
9236,10,2020-02-17 12:29:31,mobile,Email,product
9237,446,2020-03-15 12:17:41,mobile,Email,product
9238,217,2023-07-27 17:13:01,tablet,Organic Search,checkout
9239,1585,2023-07-21 03:08:52,mobile,Direct,search
9240,1384,2023-01-13 13:11:36,desktop,Organic Search,search
9241,181,2023-07-14 03:43:02,mobile,Ads,home
9242,750,2022-08-06 19:40:51,desktop,Direct,checkout
9243,238,2023-12-17 21:36:33,tablet,Paid Social,search
9244,1886,2023-03-29 12:53:55,desktop,Ads,cart
9245,1784,2022-04-14 08:52:48,desktop,Paid Social,search
9246,397,2024-11-18 21:21:25,tablet,Email,home
9247,745,2023-02-16 16:42:50,desktop,Ads,search
9248,497,2021-07-17 12:10:23,tablet,Direct,search
9249,1989,2023-02-05 08:10:41,desktop,Push Notification,search
9250,1147,2021-08-14 04:22:26,tablet,Organic Search,home
9251,942,2020-08-01 13:43:47,mobile,Organic Search,checkout
9252,987,2024-06-22 04:44:50,mobile,Organic Search,checkout
9253,1609,2023-06-27 04:37:39,tablet,Push Notification,home
9254,1143,2021-04-13 23:31:50,mobile,Paid Social,cart
9255,484,2021-03-28 15:48:49,tablet,Direct,cart
9256,563,2022-12-05 13:54:56,desktop,Paid Social,cart
9257,1504,2024-09-04 20:28:45,desktop,Paid Social,home
9258,1427,2022-03-04 14:47:18,desktop,Paid Social,home
9259,1924,2022-04-19 21:51:32,tablet,Direct,checkout
9260,11,2020-07-13 15:09:11,mobile,Email,home
9261,156,2022-08-03 05:18:54,tablet,Push Notification,cart
9262,711,2023-11-06 00:26:54,desktop,Ads,search
9263,273,2021-06-04 02:25:47,mobile,Push Notification,home
9264,934,2021-02-27 13:10:53,desktop,Organic Search,cart
9265,1857,2023-03-20 00:11:48,desktop,Paid Social,cart
9266,685,2022-09-06 15:04:54,mobile,Direct,checkout
9267,1083,2021-08-07 04:44:28,desktop,Email,checkout
9268,579,2021-12-08 23:01:52,desktop,Email,cart
9269,1780,2023-07-15 02:05:29,desktop,Push Notification,product
9270,845,2020-09-16 06:09:54,tablet,Paid Social,product
9271,711,2023-04-23 17:48:07,desktop,Push Notification,search
9272,1923,2024-08-07 12:02:00,desktop,Ads,home
9273,1637,2020-02-20 02:07:22,desktop,Email,cart
9274,664,2023-11-29 17:32:45,mobile,Organic Search,search
9275,1607,2022-08-23 19:40:49,desktop,Email,checkout
9276,818,2021-12-25 05:58:47,desktop,Ads,checkout
9277,1194,2023-04-16 22:07:31,desktop,Organic Search,search
9278,60,2024-10-13 08:43:48,tablet,Ads,cart
9279,334,2023-08-13 11:17:48,tablet,Direct,cart
9280,1910,2021-06-22 09:04:32,tablet,Paid Social,search
9281,1698,2024-06-03 05:01:11,mobile,Paid Social,cart
9282,746,2023-11-06 18:31:23,mobile,Ads,cart
9283,841,2024-10-29 03:52:35,mobile,Push Notification,checkout
9284,858,2024-02-12 13:06:25,tablet,Email,checkout
9285,1680,2024-02-16 02:13:31,desktop,Organic Search,checkout
9286,662,2020-10-31 19:45:49,mobile,Paid Social,home
9287,1016,2020-01-10 13:24:52,tablet,Organic Search,cart
9288,1048,2023-05-03 19:48:35,mobile,Paid Social,cart
9289,1862,2022-11-12 22:56:30,mobile,Push Notification,cart
9290,550,2021-10-31 14:47:58,mobile,Organic Search,search
9291,1685,2022-11-10 18:10:31,desktop,Paid Social,search
9292,755,2024-09-07 11:04:20,desktop,Ads,home
9293,1450,2022-02-28 17:55:39,desktop,Push Notification,cart
9294,709,2021-12-16 09:50:42,mobile,Email,cart
9295,670,2022-02-14 17:02:24,mobile,Direct,home
9296,1349,2023-02-13 21:40:22,mobile,Paid Social,home
9297,923,2020-06-16 23:47:14,tablet,Push Notification,product
9298,963,2021-05-29 18:16:41,mobile,Direct,search
9299,1727,2021-06-07 16:13:11,mobile,Organic Search,checkout
9300,1681,2023-07-23 10:52:57,tablet,Organic Search,home
9301,841,2024-03-26 06:45:39,mobile,Push Notification,cart
9302,1520,2022-02-13 11:04:52,desktop,Organic Search,product
9303,1999,2024-03-15 13:22:12,desktop,Paid Social,product
9304,1757,2020-09-24 16:48:09,mobile,Paid Social,cart
9305,108,2020-12-02 19:18:42,desktop,Paid Social,checkout
9306,1100,2020-02-11 17:45:50,desktop,Email,product
9307,305,2022-05-02 16:41:49,mobile,Email,home
9308,1440,2020-04-09 05:32:05,tablet,Ads,product
9309,69,2021-12-15 05:55:49,desktop,Organic Search,checkout
9310,1428,2024-04-25 06:38:33,tablet,Ads,home
9311,1938,2021-05-17 23:20:58,desktop,Paid Social,cart
9312,300,2024-10-13 01:19:46,mobile,Email,home
9313,1407,2023-03-25 08:54:19,tablet,Organic Search,product
9314,15,2021-10-11 23:23:43,mobile,Direct,cart
9315,941,2024-04-07 09:44:40,tablet,Ads,product
9316,15,2021-06-11 19:41:56,desktop,Ads,search
9317,1546,2020-09-29 22:50:23,tablet,Push Notification,cart
9318,1041,2020-11-12 19:04:38,mobile,Organic Search,search
9319,1240,2023-03-10 07:18:10,mobile,Paid Social,search
9320,1380,2024-05-28 05:21:28,mobile,Ads,home
9321,117,2021-10-31 18:20:21,desktop,Organic Search,cart
9322,539,2021-04-30 12:02:30,tablet,Push Notification,search
9323,1112,2022-07-21 12:27:48,mobile,Organic Search,checkout
9324,1750,2022-11-04 15:14:45,mobile,Organic Search,search
9325,1167,2021-03-26 05:56:04,mobile,Push Notification,home
9326,1002,2023-03-01 22:29:44,desktop,Organic Search,home
9327,1033,2021-07-05 05:03:52,tablet,Email,product
9328,1572,2021-10-03 19:18:58,mobile,Paid Social,product
9329,584,2023-04-01 18:08:02,mobile,Ads,search
9330,1238,2023-06-08 14:59:44,tablet,Email,search
9331,1457,2024-01-24 04:21:28,desktop,Organic Search,checkout
9332,995,2023-06-01 13:15:41,mobile,Paid Social,product
9333,670,2020-09-18 18:59:35,mobile,Organic Search,search
9334,1286,2022-04-26 05:17:19,desktop,Organic Search,home
9335,1747,2024-01-18 04:31:22,tablet,Push Notification,checkout
9336,335,2021-05-10 04:16:37,mobile,Push Notification,checkout
9337,451,2021-08-10 18:50:25,desktop,Email,cart
9338,646,2021-04-03 07:29:13,desktop,Push Notification,checkout
9339,1892,2024-11-07 23:48:03,desktop,Direct,product
9340,126,2020-02-18 17:05:39,tablet,Direct,search
9341,1478,2021-05-13 12:44:44,mobile,Ads,checkout
9342,485,2023-03-20 08:49:28,tablet,Ads,checkout
9343,566,2023-02-18 12:50:34,tablet,Organic Search,cart
9344,314,2020-03-19 08:18:44,tablet,Direct,product
9345,611,2024-08-21 21:24:46,tablet,Ads,search
9346,218,2021-02-08 08:19:51,tablet,Push Notification,checkout
9347,1558,2021-12-24 14:17:48,mobile,Ads,search
9348,1890,2022-04-27 18:28:45,desktop,Direct,cart
9349,1081,2022-07-31 06:02:49,desktop,Ads,home
9350,1440,2020-11-17 15:00:32,mobile,Ads,search
9351,994,2022-04-06 08:16:06,mobile,Email,cart
9352,812,2022-05-14 08:42:01,desktop,Email,cart
9353,719,2023-08-10 03:35:52,mobile,Push Notification,product
9354,18,2021-05-20 16:44:28,tablet,Push Notification,product
9355,519,2024-03-01 11:12:08,tablet,Ads,product
9356,526,2021-11-13 16:01:58,tablet,Organic Search,checkout
9357,1981,2020-10-11 14:21:51,desktop,Organic Search,checkout
9358,1171,2021-10-14 00:13:45,desktop,Organic Search,product
9359,1445,2020-07-26 02:47:52,mobile,Direct,home
9360,619,2021-08-29 19:45:25,mobile,Paid Social,checkout
9361,1146,2024-02-23 06:41:18,desktop,Direct,checkout
9362,842,2020-08-11 14:00:34,tablet,Ads,home
9363,1825,2022-01-03 00:36:51,mobile,Email,checkout
9364,349,2024-03-01 11:40:45,tablet,Ads,home
9365,60,2024-02-23 15:01:57,tablet,Organic Search,home
9366,611,2020-04-17 09:59:06,desktop,Direct,search
9367,1443,2020-12-28 09:16:16,desktop,Email,checkout
9368,463,2023-10-09 14:36:25,tablet,Direct,search
9369,1605,2020-05-01 05:45:18,desktop,Paid Social,checkout
9370,117,2024-10-09 12:06:31,desktop,Paid Social,home
9371,1967,2021-12-20 16:22:25,desktop,Organic Search,cart
9372,355,2024-08-29 03:30:50,tablet,Email,cart
9373,881,2023-02-22 21:13:00,desktop,Push Notification,checkout
9374,1478,2020-12-20 17:31:59,mobile,Push Notification,search
9375,89,2024-07-24 12:01:18,tablet,Push Notification,checkout
9376,1298,2023-03-03 14:41:33,mobile,Paid Social,product
9377,1045,2021-08-13 20:16:48,desktop,Paid Social,search
9378,1257,2024-05-15 10:12:49,tablet,Ads,checkout
9379,916,2023-07-03 12:09:24,tablet,Email,checkout
9380,430,2023-08-23 12:17:17,tablet,Paid Social,search
9381,811,2020-07-24 03:42:05,desktop,Organic Search,cart
9382,1728,2020-05-15 16:25:27,desktop,Email,search
9383,403,2021-10-13 01:05:22,tablet,Organic Search,product
9384,103,2022-02-24 03:48:31,tablet,Email,checkout
9385,1480,2022-05-10 11:12:22,tablet,Push Notification,checkout
9386,1918,2023-05-11 15:28:57,desktop,Push Notification,search
9387,717,2020-12-27 13:12:40,desktop,Push Notification,checkout
9388,1367,2020-11-22 11:00:44,tablet,Direct,cart
9389,952,2022-04-05 04:58:12,tablet,Direct,home
9390,1103,2024-10-18 05:59:03,mobile,Push Notification,home
9391,1249,2021-08-20 05:52:12,mobile,Push Notification,product
9392,1771,2020-02-25 19:17:53,mobile,Organic Search,home
9393,1504,2021-08-09 18:13:30,desktop,Organic Search,checkout
9394,1303,2024-03-30 01:03:30,desktop,Ads,product
9395,75,2021-02-20 12:27:23,mobile,Direct,checkout
9396,1633,2023-02-15 10:13:52,mobile,Organic Search,checkout
9397,1532,2023-08-03 12:40:27,desktop,Direct,search
9398,1376,2021-06-10 05:08:06,tablet,Paid Social,search
9399,682,2024-09-11 18:59:26,tablet,Email,search
9400,1841,2022-03-31 03:45:04,tablet,Paid Social,home
9401,230,2022-01-23 02:26:16,desktop,Direct,search
9402,489,2023-08-30 00:01:27,desktop,Ads,product
9403,1677,2022-11-08 11:30:36,tablet,Push Notification,product
9404,1171,2024-05-01 16:07:31,mobile,Ads,home
9405,748,2021-11-17 10:04:53,tablet,Paid Social,search
9406,1776,2020-08-31 14:33:13,desktop,Organic Search,product
9407,126,2021-10-04 18:59:00,desktop,Direct,cart
9408,295,2021-02-11 08:58:34,desktop,Paid Social,cart
9409,682,2023-10-11 09:52:33,tablet,Paid Social,cart
9410,1115,2021-10-07 15:41:48,desktop,Paid Social,product
9411,120,2024-12-14 01:36:52,mobile,Direct,checkout
9412,1625,2020-04-23 07:13:19,tablet,Ads,cart
9413,67,2021-12-22 22:39:40,desktop,Direct,home
9414,1639,2022-08-26 01:14:23,tablet,Email,cart
9415,1788,2024-11-12 16:00:08,tablet,Paid Social,home
9416,194,2020-11-19 20:31:30,mobile,Ads,cart
9417,1364,2022-08-07 11:48:26,tablet,Paid Social,product
9418,1897,2021-12-27 19:16:56,mobile,Paid Social,cart
9419,1492,2022-04-10 03:38:10,mobile,Email,search
9420,717,2023-02-15 06:43:04,mobile,Organic Search,home
9421,695,2022-08-17 14:50:42,mobile,Organic Search,product
9422,508,2021-06-24 01:12:42,mobile,Push Notification,checkout
9423,1091,2022-10-15 22:58:22,desktop,Direct,checkout
9424,1871,2024-09-20 18:46:51,mobile,Organic Search,checkout
9425,609,2023-04-27 09:37:46,tablet,Organic Search,cart
9426,1123,2022-02-27 15:35:07,tablet,Email,cart
9427,123,2023-02-02 02:55:47,desktop,Email,cart
9428,441,2021-01-28 14:50:02,tablet,Direct,cart
9429,1299,2020-06-03 17:52:52,desktop,Direct,cart
9430,403,2023-04-26 03:12:46,mobile,Paid Social,product
9431,852,2020-06-10 01:12:00,desktop,Direct,checkout
9432,748,2023-02-03 03:32:25,mobile,Push Notification,home
9433,1590,2021-02-04 16:41:44,mobile,Ads,home
9434,1041,2024-04-30 17:44:44,mobile,Push Notification,checkout
9435,1713,2022-09-24 12:31:03,tablet,Direct,cart
9436,1308,2022-02-11 14:12:14,tablet,Paid Social,product
9437,391,2024-05-14 14:22:03,mobile,Direct,cart
9438,1676,2021-10-07 00:40:46,desktop,Push Notification,home
9439,166,2022-09-04 06:40:06,tablet,Push Notification,home
9440,1816,2020-07-21 22:46:34,mobile,Push Notification,search
9441,1183,2024-03-30 21:28:39,desktop,Email,cart
9442,770,2020-03-09 08:02:01,mobile,Organic Search,checkout
9443,1852,2024-01-31 03:16:01,tablet,Push Notification,product
9444,454,2024-11-29 23:16:17,tablet,Organic Search,checkout
9445,805,2024-12-01 19:43:24,desktop,Organic Search,home
9446,417,2024-11-25 02:14:17,desktop,Email,product
9447,460,2023-10-02 02:18:51,tablet,Paid Social,checkout
9448,157,2023-12-11 12:51:51,mobile,Ads,cart
9449,142,2022-08-08 16:56:20,mobile,Email,home
9450,1005,2022-03-17 23:59:26,tablet,Push Notification,checkout
9451,1209,2022-12-15 08:24:24,desktop,Push Notification,cart
9452,1983,2023-06-08 14:44:30,desktop,Paid Social,search
9453,1090,2021-03-07 10:23:12,tablet,Push Notification,home
9454,1060,2020-04-03 08:32:11,mobile,Push Notification,product
9455,1331,2024-02-09 13:14:26,mobile,Ads,search
9456,1569,2024-12-28 03:54:01,mobile,Paid Social,product
9457,170,2024-11-24 01:28:21,desktop,Paid Social,home
9458,1603,2023-06-10 14:18:40,mobile,Paid Social,home
9459,978,2024-11-03 23:01:35,desktop,Paid Social,home
9460,201,2020-04-24 10:46:25,mobile,Ads,search
9461,777,2021-08-29 12:54:59,desktop,Organic Search,cart
9462,1776,2024-06-14 01:24:34,desktop,Email,cart
9463,317,2020-01-20 23:53:27,mobile,Email,cart
9464,1512,2023-09-29 12:09:41,mobile,Ads,search
9465,944,2023-03-13 11:43:45,desktop,Paid Social,product
9466,307,2021-01-01 14:25:34,desktop,Direct,product
9467,300,2024-05-10 08:54:08,desktop,Organic Search,search
9468,1690,2021-12-06 03:52:53,tablet,Paid Social,product
9469,238,2023-03-31 12:32:32,desktop,Email,home
9470,1092,2023-03-28 13:50:45,desktop,Push Notification,product
9471,1820,2022-10-07 05:43:20,desktop,Paid Social,product
9472,1728,2022-06-26 01:12:04,desktop,Email,home
9473,396,2023-01-04 14:57:40,mobile,Direct,checkout
9474,736,2022-02-02 12:25:17,tablet,Organic Search,checkout
9475,1653,2024-02-05 23:35:56,desktop,Ads,cart
9476,868,2021-01-22 13:24:33,desktop,Email,checkout
9477,1930,2021-05-12 13:56:12,tablet,Email,search
9478,1654,2022-08-19 12:03:48,desktop,Email,product
9479,1042,2020-12-20 20:19:05,desktop,Ads,cart
9480,472,2022-04-13 23:53:16,mobile,Push Notification,checkout
9481,629,2024-09-30 05:51:10,tablet,Paid Social,checkout
9482,1556,2021-04-19 05:43:50,mobile,Direct,checkout
9483,866,2023-02-19 00:03:30,tablet,Push Notification,cart
9484,682,2021-06-14 13:29:07,tablet,Ads,product
9485,130,2020-12-10 13:19:48,mobile,Organic Search,cart
9486,1185,2024-02-21 08:59:23,desktop,Paid Social,cart
9487,1583,2024-07-13 18:55:20,desktop,Paid Social,home
9488,1137,2024-01-07 01:11:56,desktop,Direct,checkout
9489,1364,2023-03-28 14:50:08,desktop,Push Notification,search
9490,773,2020-10-01 22:10:05,desktop,Push Notification,cart
9491,1703,2024-07-23 19:43:15,desktop,Direct,search
9492,1393,2020-04-01 06:02:42,desktop,Email,search
9493,644,2021-07-09 07:09:00,mobile,Push Notification,product
9494,365,2024-08-26 23:35:58,mobile,Ads,product
9495,140,2022-06-07 03:37:09,tablet,Ads,search
9496,705,2022-06-03 19:34:02,mobile,Organic Search,product
9497,1372,2020-02-03 00:17:38,desktop,Push Notification,cart
9498,1632,2021-03-14 08:48:54,tablet,Email,home
9499,953,2021-12-22 10:06:31,tablet,Email,home
9500,173,2023-02-26 03:36:45,tablet,Paid Social,checkout
9501,805,2022-02-18 16:23:33,tablet,Ads,checkout
9502,1409,2023-11-22 08:44:50,tablet,Ads,search
9503,1651,2020-08-12 21:07:56,mobile,Organic Search,checkout
9504,605,2023-10-27 02:27:59,desktop,Ads,checkout
9505,995,2022-06-22 07:07:27,desktop,Push Notification,product
9506,1870,2020-01-20 22:15:54,mobile,Paid Social,home
9507,40,2024-08-27 13:45:34,desktop,Push Notification,search
9508,377,2021-01-05 15:44:37,mobile,Direct,search
9509,1226,2020-06-16 03:04:56,desktop,Paid Social,product
9510,1745,2021-05-21 01:42:59,tablet,Push Notification,product
9511,1368,2024-08-19 07:03:10,desktop,Ads,product
9512,1994,2024-09-01 18:29:36,mobile,Direct,search
9513,817,2020-04-10 01:27:26,mobile,Paid Social,home
9514,531,2024-09-11 10:41:30,tablet,Direct,product
9515,890,2022-04-01 01:17:23,tablet,Organic Search,home
9516,1689,2020-10-19 03:39:03,mobile,Direct,checkout
9517,63,2021-05-23 22:43:29,mobile,Organic Search,search
9518,1052,2020-03-04 17:28:04,tablet,Push Notification,product
9519,833,2020-03-13 06:12:08,desktop,Email,home
9520,244,2020-06-24 22:31:40,tablet,Ads,search
9521,1269,2020-06-27 09:15:56,tablet,Organic Search,search
9522,1476,2022-06-25 14:52:57,desktop,Organic Search,checkout
9523,1708,2023-12-08 08:27:15,mobile,Email,search
9524,1654,2023-09-07 18:18:15,tablet,Paid Social,cart
9525,1392,2020-08-03 21:31:25,desktop,Email,cart
9526,1152,2020-01-31 21:19:19,desktop,Push Notification,search
9527,675,2021-12-07 12:52:17,mobile,Paid Social,checkout
9528,317,2020-07-23 10:29:32,desktop,Organic Search,search
9529,133,2020-07-02 11:04:33,mobile,Email,checkout
9530,505,2021-04-30 23:25:54,mobile,Direct,home
9531,90,2022-07-09 01:21:37,tablet,Organic Search,home
9532,1939,2023-11-15 20:20:48,mobile,Organic Search,checkout
9533,494,2024-04-20 20:34:33,tablet,Push Notification,home
9534,1644,2022-05-31 10:08:25,mobile,Push Notification,product
9535,677,2022-12-19 14:20:00,mobile,Email,product
9536,1889,2024-12-05 20:01:14,tablet,Email,product
9537,1735,2024-07-11 22:40:26,mobile,Paid Social,search
9538,1953,2023-03-14 20:34:09,tablet,Email,cart
9539,449,2024-10-07 21:51:17,tablet,Direct,checkout
9540,363,2020-02-23 00:47:17,desktop,Direct,home
9541,757,2021-11-24 16:46:03,mobile,Push Notification,product
9542,397,2022-08-03 13:09:19,mobile,Ads,checkout
9543,1739,2023-04-27 21:35:06,mobile,Direct,search
9544,1620,2022-03-17 02:23:42,mobile,Direct,checkout
9545,502,2021-08-24 11:31:02,desktop,Push Notification,search
9546,1742,2022-07-23 09:04:14,mobile,Direct,cart
9547,1430,2020-10-04 14:45:41,tablet,Ads,home
9548,566,2024-08-21 06:32:07,desktop,Push Notification,cart
9549,782,2022-07-18 15:44:27,tablet,Organic Search,cart
9550,1709,2020-10-03 11:06:05,mobile,Ads,checkout
9551,1764,2024-07-08 08:53:11,tablet,Organic Search,cart
9552,33,2023-11-19 03:40:44,tablet,Paid Social,search
9553,1313,2021-09-04 23:38:02,tablet,Organic Search,home
9554,1075,2024-06-14 12:05:27,desktop,Email,home
9555,1268,2023-10-18 04:27:04,mobile,Paid Social,search
9556,1244,2023-07-08 04:25:11,mobile,Direct,product
9557,553,2023-12-27 06:20:28,tablet,Ads,checkout
9558,1942,2021-11-17 10:22:53,tablet,Direct,cart
9559,322,2020-04-16 22:33:33,desktop,Paid Social,cart
9560,898,2020-08-28 02:23:26,desktop,Direct,cart
9561,588,2020-06-30 02:30:31,desktop,Email,checkout
9562,1050,2021-04-28 17:00:07,tablet,Push Notification,search
9563,1239,2022-07-08 11:30:17,tablet,Paid Social,search
9564,1796,2023-03-06 08:14:15,mobile,Direct,search
9565,1114,2023-12-23 18:55:28,tablet,Email,checkout
9566,1325,2023-10-28 02:25:34,tablet,Organic Search,product
9567,1404,2023-03-05 13:41:36,desktop,Ads,cart
9568,1378,2024-10-07 10:25:42,desktop,Organic Search,search
9569,757,2022-10-22 09:26:13,desktop,Paid Social,product
9570,1588,2022-12-24 17:51:06,desktop,Ads,search
9571,1773,2023-12-08 15:28:35,mobile,Organic Search,search
9572,1146,2023-11-04 05:34:59,mobile,Email,cart
9573,666,2022-01-14 10:49:37,mobile,Direct,cart
9574,197,2021-06-30 13:27:06,desktop,Organic Search,checkout
9575,634,2023-05-17 22:50:38,tablet,Email,checkout
9576,1486,2022-07-14 08:14:07,desktop,Ads,checkout
9577,731,2020-04-26 04:34:27,mobile,Organic Search,product
9578,161,2020-04-10 16:20:20,desktop,Paid Social,cart
9579,1407,2024-06-03 22:50:54,tablet,Ads,cart
9580,982,2020-06-17 22:58:11,tablet,Push Notification,checkout
9581,645,2020-09-12 04:13:16,tablet,Ads,product
9582,185,2020-04-08 16:52:46,desktop,Direct,search
9583,1509,2024-12-06 06:32:54,desktop,Direct,home
9584,274,2021-12-19 22:11:59,desktop,Paid Social,cart
9585,765,2020-04-03 12:04:55,mobile,Direct,cart
9586,1639,2020-04-01 13:20:28,tablet,Ads,checkout
9587,1282,2023-04-26 03:41:37,desktop,Direct,checkout
9588,45,2022-03-23 16:11:35,mobile,Ads,product
9589,122,2021-08-29 16:44:41,mobile,Email,home
9590,1082,2023-05-27 20:31:58,tablet,Email,cart
9591,542,2024-09-29 00:06:15,desktop,Email,product
9592,1513,2024-02-10 13:30:38,tablet,Organic Search,product
9593,1828,2023-01-06 16:18:16,desktop,Organic Search,cart
9594,261,2023-01-21 10:49:22,mobile,Ads,search
9595,1633,2024-05-19 20:03:10,desktop,Ads,home
9596,1283,2023-03-08 01:13:52,mobile,Direct,cart
9597,950,2020-10-24 04:15:20,desktop,Paid Social,product
9598,1831,2020-11-06 18:18:40,tablet,Push Notification,search
9599,672,2023-02-17 16:14:01,tablet,Push Notification,search
9600,1213,2021-10-03 15:07:15,desktop,Paid Social,home
9601,978,2021-09-04 02:52:22,tablet,Push Notification,product
9602,249,2023-10-24 05:15:34,mobile,Organic Search,cart
9603,573,2024-08-14 09:58:20,mobile,Paid Social,product
9604,946,2022-12-19 08:09:04,tablet,Email,checkout
9605,211,2023-03-27 17:37:14,desktop,Ads,home
9606,1559,2022-06-14 04:17:59,desktop,Paid Social,home
9607,895,2022-11-01 14:27:55,tablet,Push Notification,cart
9608,463,2024-02-05 20:30:51,tablet,Organic Search,product
9609,507,2020-08-10 11:44:15,desktop,Paid Social,home
9610,671,2024-10-06 17:42:51,desktop,Ads,search
9611,291,2021-03-08 18:39:47,mobile,Email,product
9612,552,2021-11-07 11:30:27,mobile,Email,product
9613,1760,2020-09-19 06:36:48,desktop,Paid Social,search
9614,448,2020-10-27 01:52:56,desktop,Organic Search,home
9615,847,2023-03-07 13:51:57,tablet,Ads,product
9616,265,2023-10-15 12:34:22,mobile,Push Notification,search
9617,1653,2021-02-11 15:53:54,tablet,Organic Search,home
9618,622,2023-12-06 09:00:24,desktop,Paid Social,cart
9619,1309,2021-11-17 03:29:04,tablet,Paid Social,cart
9620,1757,2023-01-15 22:59:11,mobile,Organic Search,home
9621,1669,2024-07-04 19:50:49,mobile,Direct,product
9622,288,2020-07-18 03:18:27,mobile,Organic Search,home
9623,1975,2022-04-18 00:35:59,desktop,Organic Search,cart
9624,814,2021-11-14 16:52:27,tablet,Organic Search,cart
9625,1462,2024-10-14 16:39:49,mobile,Paid Social,checkout
9626,1827,2022-11-08 00:00:07,tablet,Organic Search,cart
9627,1032,2020-11-16 08:14:46,tablet,Direct,home
9628,1940,2022-11-14 11:19:31,desktop,Ads,search
9629,842,2024-01-22 00:01:34,mobile,Email,cart
9630,1545,2021-12-30 16:17:59,mobile,Direct,product
9631,1191,2024-05-02 16:51:28,desktop,Direct,cart
9632,608,2021-10-25 15:08:30,mobile,Ads,product
9633,1816,2021-11-11 22:13:08,desktop,Paid Social,home
9634,18,2023-01-17 05:39:24,tablet,Paid Social,search
9635,1391,2021-04-21 10:00:34,tablet,Email,product
9636,1725,2024-12-08 19:41:56,desktop,Direct,checkout
9637,469,2021-10-24 20:33:01,mobile,Direct,checkout
9638,1409,2024-02-16 22:02:58,mobile,Paid Social,product
9639,575,2022-09-15 23:29:45,desktop,Paid Social,checkout
9640,651,2023-09-11 03:10:39,desktop,Ads,product
9641,1946,2023-04-29 22:57:33,mobile,Direct,search
9642,1371,2020-06-19 07:21:42,desktop,Ads,product
9643,1565,2022-11-23 01:49:12,desktop,Organic Search,search
9644,1815,2021-06-17 10:22:00,mobile,Ads,checkout
9645,1370,2020-01-08 12:51:41,mobile,Push Notification,home
9646,1144,2021-09-30 02:25:53,desktop,Paid Social,product
9647,234,2024-04-10 21:14:39,desktop,Paid Social,home
9648,1869,2024-01-03 12:30:26,tablet,Direct,home
9649,631,2021-05-05 07:29:19,mobile,Paid Social,product
9650,1091,2020-06-15 17:02:57,tablet,Ads,checkout
9651,295,2024-04-05 11:21:01,mobile,Push Notification,home
9652,1256,2020-09-19 00:57:52,mobile,Ads,checkout
9653,178,2023-12-10 20:46:19,mobile,Ads,product
9654,162,2020-02-04 09:23:59,tablet,Paid Social,product
9655,358,2021-07-20 00:20:17,tablet,Ads,checkout
9656,165,2023-11-18 06:58:22,mobile,Organic Search,product
9657,457,2023-09-01 23:36:23,mobile,Paid Social,cart
9658,1485,2024-06-03 12:10:36,tablet,Push Notification,search
9659,1721,2023-07-25 09:05:49,mobile,Ads,cart
9660,1767,2022-05-22 00:54:00,desktop,Paid Social,cart
9661,1695,2023-12-29 08:34:53,tablet,Ads,cart
9662,630,2022-10-24 15:01:28,mobile,Email,checkout
9663,305,2020-03-10 04:03:23,mobile,Push Notification,home
9664,1287,2022-10-05 04:31:01,mobile,Email,cart
9665,1688,2022-04-02 13:49:29,tablet,Push Notification,search
9666,922,2022-05-30 12:31:39,desktop,Push Notification,cart
9667,718,2023-03-15 04:46:28,mobile,Email,product
9668,470,2023-06-29 20:47:54,mobile,Paid Social,search
9669,33,2023-12-09 01:32:36,tablet,Ads,home
9670,1151,2020-04-15 17:33:01,desktop,Direct,product
9671,1057,2021-03-11 19:48:02,tablet,Direct,checkout
9672,787,2023-06-25 02:48:04,tablet,Push Notification,cart
9673,552,2022-10-29 22:24:31,mobile,Organic Search,checkout
9674,1298,2020-10-28 15:35:36,tablet,Email,cart
9675,1848,2024-12-03 08:58:36,desktop,Ads,checkout
9676,1490,2024-07-03 17:19:25,mobile,Ads,product
9677,298,2023-06-18 23:10:37,tablet,Paid Social,checkout
9678,1511,2020-10-04 23:57:53,desktop,Ads,home
9679,1954,2020-08-06 04:43:49,mobile,Push Notification,home
9680,103,2024-06-02 00:38:54,desktop,Email,search
9681,478,2023-12-25 13:24:20,mobile,Direct,search
9682,1547,2020-07-09 07:18:56,desktop,Ads,product
9683,1259,2024-11-13 17:24:40,desktop,Organic Search,cart
9684,462,2020-01-13 07:57:00,desktop,Direct,home
9685,387,2021-10-18 06:45:43,desktop,Direct,search
9686,1544,2023-01-29 00:03:42,tablet,Paid Social,search
9687,1237,2024-07-09 17:59:44,tablet,Ads,home
9688,399,2023-08-19 00:44:21,mobile,Organic Search,checkout
9689,1378,2023-09-28 19:44:52,tablet,Email,search
9690,587,2023-05-22 14:12:30,tablet,Email,cart
9691,1231,2020-07-12 02:59:22,desktop,Paid Social,home
9692,1355,2020-11-25 09:30:06,mobile,Paid Social,search
9693,1951,2020-01-10 01:28:57,mobile,Push Notification,product
9694,1982,2024-10-03 22:57:21,tablet,Push Notification,checkout
9695,549,2024-10-30 04:19:21,desktop,Paid Social,product
9696,589,2022-12-26 04:29:39,mobile,Ads,checkout
9697,1952,2022-01-19 20:28:37,desktop,Paid Social,search
9698,1793,2021-07-05 11:49:34,mobile,Ads,product
9699,761,2023-12-16 22:10:15,mobile,Organic Search,search
9700,714,2021-01-08 06:05:08,desktop,Email,search
9701,449,2021-12-05 03:22:00,mobile,Push Notification,home
9702,911,2022-11-18 11:07:28,tablet,Organic Search,product
9703,1847,2022-06-26 08:12:55,tablet,Push Notification,search
9704,490,2024-06-14 15:45:51,tablet,Direct,checkout
9705,1647,2020-11-14 01:19:49,tablet,Organic Search,checkout
9706,1339,2021-10-29 10:57:44,mobile,Organic Search,search
9707,786,2021-10-22 16:38:39,tablet,Ads,checkout
9708,1916,2023-11-18 11:01:56,tablet,Email,home
9709,1806,2023-10-09 15:27:53,tablet,Organic Search,search
9710,383,2021-02-05 08:39:49,desktop,Organic Search,product
9711,1121,2024-09-23 22:56:14,tablet,Paid Social,cart
9712,1811,2024-02-01 17:55:05,desktop,Ads,home
9713,1804,2023-07-10 01:35:43,mobile,Direct,home
9714,276,2022-01-12 09:40:37,tablet,Ads,home
9715,1556,2024-05-10 15:19:24,desktop,Paid Social,home
9716,940,2021-08-22 06:31:23,mobile,Ads,home
9717,1403,2022-07-13 00:06:03,desktop,Direct,product
9718,41,2023-06-20 19:24:53,tablet,Email,home
9719,1067,2022-07-03 02:01:27,tablet,Organic Search,home
9720,144,2023-06-28 19:05:46,desktop,Paid Social,product
9721,1893,2020-07-16 09:07:06,tablet,Push Notification,cart
9722,932,2020-03-11 17:26:44,desktop,Paid Social,home
9723,166,2023-07-30 22:38:08,tablet,Direct,cart
9724,341,2023-10-30 19:30:37,tablet,Organic Search,product
9725,1146,2022-04-22 13:25:43,tablet,Paid Social,search
9726,1543,2021-03-27 14:05:46,tablet,Organic Search,search
9727,1056,2020-02-15 09:11:59,desktop,Push Notification,checkout
9728,850,2024-04-13 19:41:47,desktop,Organic Search,home
9729,610,2020-07-19 00:31:57,desktop,Paid Social,search
9730,40,2023-10-30 08:34:50,tablet,Direct,home
9731,385,2021-12-21 16:29:20,mobile,Direct,checkout
9732,337,2021-10-02 11:06:00,desktop,Ads,checkout
9733,1871,2020-09-09 15:11:10,desktop,Push Notification,cart
9734,1166,2021-08-29 06:35:46,desktop,Push Notification,search
9735,1346,2021-10-25 01:14:52,tablet,Ads,product
9736,567,2023-09-26 09:28:41,tablet,Direct,search
9737,344,2021-04-21 14:39:09,desktop,Ads,cart
9738,1561,2020-07-02 01:44:48,desktop,Ads,search
9739,1666,2020-04-24 00:19:16,tablet,Push Notification,product
9740,690,2021-05-20 17:02:15,tablet,Ads,cart
9741,526,2024-12-05 10:09:52,desktop,Push Notification,home
9742,1631,2020-07-15 08:10:48,tablet,Direct,checkout
9743,805,2022-08-22 18:59:38,tablet,Direct,cart
9744,165,2024-04-27 22:18:40,tablet,Email,cart
9745,1019,2020-10-07 14:26:15,tablet,Paid Social,home
9746,573,2020-11-24 17:08:38,desktop,Organic Search,product
9747,832,2020-11-14 09:13:11,tablet,Push Notification,home
9748,1349,2024-04-13 23:17:57,desktop,Ads,home
9749,1731,2023-12-16 14:14:39,desktop,Ads,cart
9750,108,2024-02-04 14:01:22,mobile,Ads,cart
9751,1699,2021-04-05 16:45:15,mobile,Direct,cart
9752,905,2023-06-11 03:23:14,tablet,Organic Search,checkout
9753,359,2020-05-20 14:01:30,tablet,Email,search
9754,235,2024-02-05 15:33:22,tablet,Paid Social,checkout
9755,1043,2023-10-23 02:33:54,tablet,Ads,product
9756,1705,2023-12-01 03:19:57,tablet,Organic Search,cart
9757,768,2022-01-14 20:14:16,mobile,Ads,checkout
9758,731,2024-04-27 04:38:20,desktop,Ads,checkout
9759,1252,2021-01-13 20:44:08,mobile,Ads,search
9760,374,2023-08-12 05:24:42,desktop,Email,product
9761,1168,2022-09-04 07:35:47,tablet,Organic Search,cart
9762,850,2024-01-30 18:08:49,tablet,Ads,home
9763,591,2023-08-20 17:45:14,desktop,Organic Search,checkout
9764,1745,2020-11-06 04:58:53,desktop,Direct,checkout
9765,435,2024-05-20 13:19:43,tablet,Direct,checkout
9766,909,2020-11-21 12:10:25,mobile,Ads,cart
9767,728,2024-04-29 06:30:51,desktop,Email,search
9768,374,2024-08-14 19:57:53,tablet,Paid Social,checkout
9769,1855,2021-04-10 02:43:33,mobile,Ads,product
9770,283,2023-12-03 14:09:28,desktop,Direct,product
9771,922,2021-12-07 07:55:56,mobile,Email,product
9772,1722,2023-07-05 21:51:47,desktop,Direct,checkout
9773,1075,2020-08-25 15:11:02,tablet,Ads,search
9774,1029,2020-12-28 18:07:57,tablet,Direct,home
9775,349,2022-11-20 22:32:16,tablet,Organic Search,product
9776,475,2020-07-19 14:51:41,mobile,Push Notification,cart
9777,998,2023-03-06 01:37:23,mobile,Direct,product
9778,658,2023-04-21 08:52:16,desktop,Ads,product
9779,1866,2023-07-24 19:45:08,mobile,Email,checkout
9780,1265,2024-02-29 15:10:24,tablet,Paid Social,product
9781,889,2020-04-21 04:22:35,tablet,Direct,product
9782,453,2023-06-23 11:05:18,tablet,Paid Social,product
9783,710,2021-05-25 01:14:21,mobile,Email,cart
9784,795,2021-07-30 20:06:28,tablet,Email,checkout
9785,1250,2021-08-06 06:51:28,desktop,Organic Search,search
9786,1949,2021-07-12 03:59:51,tablet,Ads,home
9787,621,2024-02-24 19:05:38,mobile,Organic Search,checkout
9788,611,2024-11-03 12:45:36,mobile,Organic Search,cart
9789,1188,2022-09-13 19:37:46,tablet,Paid Social,product
9790,1667,2024-04-17 03:09:35,tablet,Paid Social,search
9791,1463,2021-08-31 22:15:15,mobile,Email,home
9792,1748,2020-11-24 07:34:16,mobile,Paid Social,checkout
9793,30,2020-11-10 23:29:48,desktop,Push Notification,product
9794,874,2021-09-28 20:25:41,mobile,Push Notification,cart
9795,425,2023-09-12 10:03:27,desktop,Push Notification,home
9796,1926,2022-09-14 03:51:34,tablet,Paid Social,cart
9797,1941,2024-09-23 11:48:03,desktop,Organic Search,checkout
9798,653,2022-02-16 09:51:59,tablet,Direct,search
9799,1979,2020-05-04 04:41:57,tablet,Organic Search,checkout
9800,1415,2024-02-12 12:26:15,tablet,Organic Search,product
9801,1601,2021-02-13 22:14:48,tablet,Direct,checkout
9802,1034,2024-03-06 14:54:37,desktop,Direct,product
9803,713,2021-09-07 22:46:22,mobile,Direct,product
9804,1476,2022-06-09 17:14:28,desktop,Paid Social,product
9805,1960,2024-12-03 17:01:06,desktop,Push Notification,cart
9806,668,2020-11-28 00:09:56,desktop,Direct,product
9807,1432,2023-03-27 17:17:46,mobile,Email,home
9808,43,2022-11-19 04:39:42,mobile,Ads,product
9809,968,2021-04-12 22:23:31,tablet,Direct,product
9810,317,2024-04-09 15:56:39,tablet,Email,checkout
9811,498,2022-05-26 13:51:01,tablet,Push Notification,product
9812,668,2022-09-01 14:28:03,desktop,Email,search
9813,841,2022-07-29 01:20:48,tablet,Ads,product
9814,741,2020-08-07 12:49:44,mobile,Ads,cart
9815,624,2021-03-19 15:49:06,desktop,Organic Search,product
9816,69,2022-06-18 12:36:59,desktop,Push Notification,checkout
9817,880,2024-11-14 09:20:57,mobile,Paid Social,product
9818,1205,2021-11-05 02:46:57,desktop,Paid Social,checkout
9819,1254,2024-05-05 23:18:52,tablet,Organic Search,product
9820,1920,2024-11-16 13:36:55,mobile,Email,checkout
9821,1580,2021-07-24 21:21:55,tablet,Direct,home
9822,1810,2023-11-09 01:06:02,mobile,Organic Search,home
9823,1533,2023-03-03 05:40:38,desktop,Paid Social,product
9824,1794,2024-08-18 16:12:20,mobile,Email,product
9825,1791,2022-09-14 20:01:35,desktop,Email,cart
9826,780,2023-01-08 09:26:53,mobile,Paid Social,search
9827,534,2022-10-24 11:17:30,mobile,Organic Search,checkout
9828,393,2021-03-29 05:03:32,tablet,Email,home
9829,1312,2022-05-22 22:10:32,tablet,Ads,checkout
9830,696,2023-06-06 03:23:41,mobile,Paid Social,product
9831,492,2020-05-29 08:58:07,tablet,Paid Social,search
9832,1952,2022-11-19 23:52:54,tablet,Email,search
9833,889,2023-08-31 19:40:56,mobile,Push Notification,product
9834,784,2023-09-03 21:27:13,desktop,Ads,home
9835,1196,2023-09-27 05:26:37,tablet,Email,home
9836,262,2022-11-29 11:52:32,tablet,Email,product
9837,1797,2020-10-09 03:45:59,mobile,Ads,checkout
9838,643,2024-11-21 15:02:16,desktop,Push Notification,home
9839,1196,2023-08-08 08:27:27,mobile,Organic Search,search
9840,1750,2022-12-29 22:39:51,desktop,Ads,search
9841,1645,2022-03-16 20:45:46,tablet,Push Notification,product
9842,251,2022-04-04 18:54:16,desktop,Organic Search,search
9843,1864,2020-09-04 21:49:37,mobile,Paid Social,home
9844,1037,2022-10-16 05:37:54,desktop,Organic Search,product
9845,194,2023-06-05 00:57:39,mobile,Direct,cart
9846,207,2021-04-22 18:30:45,mobile,Email,home
9847,361,2022-11-07 05:05:25,desktop,Push Notification,checkout
9848,610,2020-12-08 23:08:02,desktop,Organic Search,product
9849,1700,2023-09-15 18:22:46,tablet,Organic Search,home
9850,934,2023-04-10 02:26:26,desktop,Organic Search,checkout
9851,1526,2020-04-15 08:28:51,mobile,Direct,search
9852,221,2024-06-19 17:32:50,desktop,Ads,product
9853,168,2024-04-06 01:33:09,desktop,Push Notification,checkout
9854,1553,2023-09-11 01:52:11,desktop,Paid Social,checkout
9855,190,2021-05-31 10:49:12,tablet,Organic Search,cart
9856,935,2023-11-21 04:48:23,desktop,Email,product
9857,1305,2024-12-13 16:41:29,tablet,Email,checkout
9858,1608,2024-04-02 20:43:52,desktop,Ads,product
9859,529,2023-10-31 21:46:04,tablet,Email,product
9860,128,2024-11-10 00:14:22,tablet,Email,cart
9861,1252,2023-09-04 20:21:36,desktop,Paid Social,cart
9862,637,2020-08-14 04:58:50,desktop,Organic Search,cart
9863,96,2022-12-03 17:51:29,desktop,Organic Search,checkout
9864,1036,2020-04-12 01:19:06,desktop,Direct,cart
9865,1431,2020-02-16 13:52:51,tablet,Direct,product
9866,496,2020-09-21 16:39:31,desktop,Push Notification,cart
9867,680,2024-05-26 20:51:50,desktop,Email,cart
9868,2,2020-04-05 05:23:20,mobile,Email,cart
9869,814,2021-12-03 17:38:27,mobile,Direct,cart
9870,1829,2022-05-04 19:40:06,mobile,Ads,home
9871,1333,2020-01-01 19:18:01,tablet,Ads,home
9872,945,2021-10-30 19:01:35,desktop,Push Notification,checkout
9873,347,2020-04-13 15:06:44,desktop,Ads,checkout
9874,1791,2023-10-26 21:25:30,desktop,Push Notification,cart
9875,216,2021-08-04 20:46:53,desktop,Email,home
9876,1940,2023-05-26 08:22:31,tablet,Paid Social,checkout
9877,741,2021-05-06 19:46:54,tablet,Direct,cart
9878,484,2023-04-04 17:08:08,tablet,Ads,cart
9879,910,2020-11-15 20:42:43,desktop,Ads,cart
9880,1602,2020-07-03 02:53:26,mobile,Email,home
9881,848,2024-02-07 10:25:37,desktop,Organic Search,product
9882,1065,2022-02-19 08:28:08,tablet,Organic Search,product
9883,1273,2020-08-02 03:59:29,mobile,Paid Social,checkout
9884,470,2022-06-09 22:47:32,tablet,Paid Social,search
9885,1993,2020-08-16 17:45:06,mobile,Push Notification,product
9886,1726,2023-03-20 18:04:38,mobile,Ads,home
9887,1208,2020-10-20 19:38:01,desktop,Email,search
9888,1669,2024-05-25 16:56:03,mobile,Direct,checkout
9889,1510,2023-09-27 03:16:57,tablet,Paid Social,cart
9890,1164,2023-09-24 08:02:50,desktop,Ads,search
9891,947,2021-10-27 19:12:08,desktop,Direct,search
9892,1783,2023-12-31 13:04:57,desktop,Ads,product
9893,319,2020-06-27 21:57:56,tablet,Push Notification,cart
9894,270,2022-12-13 23:43:12,tablet,Direct,search
9895,125,2023-02-06 23:05:40,tablet,Email,home
9896,1688,2024-07-30 09:38:17,mobile,Paid Social,checkout
9897,1165,2024-03-15 00:06:21,mobile,Direct,checkout
9898,475,2020-08-23 03:48:20,mobile,Email,product
9899,257,2020-11-11 16:43:23,desktop,Push Notification,home
9900,863,2021-01-08 16:05:50,mobile,Ads,home
9901,190,2022-11-18 21:40:37,tablet,Direct,checkout
9902,1147,2021-04-15 05:17:46,desktop,Paid Social,home
9903,1373,2023-10-22 10:59:21,desktop,Push Notification,home
9904,1296,2021-10-12 01:07:27,mobile,Organic Search,checkout
9905,1602,2021-04-26 12:10:43,mobile,Push Notification,checkout
9906,172,2020-05-18 15:21:33,desktop,Ads,product
9907,1636,2024-07-15 21:43:36,mobile,Paid Social,home
9908,1796,2021-05-18 09:18:13,desktop,Email,product
9909,1964,2020-10-21 08:20:51,tablet,Ads,home
9910,1389,2023-02-10 12:51:17,desktop,Email,cart
9911,1963,2022-05-15 12:39:56,tablet,Ads,search
9912,342,2023-01-13 02:25:49,mobile,Email,search
9913,1194,2021-02-12 19:31:32,tablet,Direct,home
9914,235,2020-10-12 20:49:27,tablet,Push Notification,product
9915,1528,2023-02-03 05:02:49,tablet,Push Notification,product
9916,1473,2024-08-22 16:31:05,mobile,Direct,home
9917,747,2023-07-30 03:11:18,mobile,Paid Social,cart
9918,761,2024-08-13 04:34:23,desktop,Email,cart
9919,575,2020-04-13 05:34:36,tablet,Email,cart
9920,731,2020-03-31 06:51:41,desktop,Direct,home
9921,1428,2021-09-22 03:30:31,desktop,Paid Social,search
9922,1360,2020-09-16 20:47:13,tablet,Paid Social,product
9923,1419,2024-06-21 18:05:04,mobile,Ads,cart
9924,1762,2020-03-12 07:02:40,mobile,Push Notification,search
9925,880,2022-06-24 12:05:39,tablet,Direct,product
9926,524,2021-09-03 10:00:20,tablet,Email,cart
9927,1103,2024-02-15 11:13:10,desktop,Email,search
9928,1600,2020-04-13 03:12:26,desktop,Organic Search,search
9929,1376,2020-10-16 05:24:27,tablet,Organic Search,cart
9930,121,2021-11-13 19:44:49,tablet,Direct,cart
9931,250,2022-08-06 21:03:45,tablet,Email,cart
9932,1790,2023-05-09 04:28:48,mobile,Direct,product
9933,1537,2023-05-21 02:14:58,mobile,Paid Social,search
9934,1391,2020-11-30 12:35:53,tablet,Organic Search,home
9935,635,2021-12-22 13:34:05,mobile,Direct,home
9936,194,2020-09-27 16:56:27,tablet,Paid Social,cart
9937,790,2020-01-10 21:42:01,tablet,Organic Search,search
9938,1127,2022-01-13 06:16:32,desktop,Ads,product
9939,1794,2022-10-11 18:59:38,mobile,Push Notification,cart
9940,343,2020-11-16 00:40:12,mobile,Direct,cart
9941,330,2021-02-10 09:54:28,desktop,Ads,search
9942,1415,2022-11-29 06:23:30,desktop,Push Notification,checkout
9943,707,2024-04-17 10:19:31,desktop,Push Notification,home
9944,1793,2020-03-15 02:51:40,desktop,Email,search
9945,1156,2023-10-02 20:06:52,tablet,Ads,search
9946,593,2021-06-01 15:52:37,tablet,Organic Search,cart
9947,1558,2020-08-10 18:17:35,tablet,Push Notification,cart
9948,141,2021-06-27 16:31:42,mobile,Email,checkout
9949,1606,2024-09-27 07:06:54,mobile,Organic Search,search
9950,1053,2021-02-14 10:41:20,mobile,Email,cart
9951,1146,2021-08-23 21:30:10,tablet,Paid Social,search
9952,1250,2022-07-05 06:08:23,tablet,Push Notification,search
9953,1500,2020-05-23 21:37:02,desktop,Push Notification,product
9954,1002,2022-08-10 15:57:54,tablet,Paid Social,cart
9955,759,2023-03-27 07:04:24,tablet,Email,home
9956,462,2024-12-16 13:29:22,desktop,Ads,search
9957,561,2022-05-21 00:56:13,desktop,Push Notification,home
9958,1632,2023-04-16 14:22:25,desktop,Organic Search,checkout
9959,605,2020-03-11 16:14:45,mobile,Paid Social,product
9960,1792,2020-06-03 21:11:57,mobile,Ads,cart
9961,1749,2023-08-29 02:25:01,tablet,Organic Search,checkout
9962,1490,2022-11-14 17:25:47,tablet,Direct,home
9963,1670,2022-10-23 19:37:06,mobile,Push Notification,checkout
9964,884,2021-08-28 16:21:21,desktop,Ads,checkout
9965,193,2020-10-19 05:02:28,mobile,Push Notification,checkout
9966,870,2022-06-25 17:44:30,tablet,Paid Social,product
9967,1089,2024-03-11 21:55:15,tablet,Ads,search
9968,1965,2022-08-10 23:51:39,tablet,Organic Search,home
9969,194,2020-03-18 17:42:30,tablet,Ads,home
9970,1661,2020-05-12 12:44:53,tablet,Direct,product
9971,330,2021-05-30 23:21:10,desktop,Ads,checkout
9972,913,2020-09-02 01:50:35,mobile,Organic Search,cart
9973,877,2021-10-07 05:00:40,desktop,Paid Social,product
9974,443,2024-09-05 03:15:50,tablet,Paid Social,cart
9975,1378,2023-05-18 11:39:35,tablet,Email,checkout
9976,48,2021-07-10 19:17:37,mobile,Organic Search,search
9977,171,2024-07-01 07:13:28,tablet,Direct,search
9978,206,2022-04-19 09:56:35,tablet,Direct,search
9979,1912,2021-01-16 09:28:31,mobile,Direct,home
9980,452,2021-12-13 06:59:15,tablet,Organic Search,cart
9981,1676,2023-09-02 20:12:27,desktop,Push Notification,cart
9982,812,2023-12-20 14:01:37,mobile,Ads,product
9983,1147,2020-05-09 08:43:01,tablet,Direct,cart
9984,266,2020-09-02 23:58:25,tablet,Ads,home
9985,1030,2020-09-10 21:16:53,desktop,Email,cart
9986,1955,2022-07-09 05:52:39,desktop,Email,product
9987,1577,2020-08-14 13:06:57,tablet,Email,search
9988,1942,2020-02-13 01:26:38,mobile,Email,product
9989,1787,2021-04-28 06:35:50,desktop,Ads,search
9990,1671,2020-07-14 08:14:33,mobile,Ads,product
9991,1090,2024-07-21 14:33:57,desktop,Email,home
9992,89,2020-10-03 16:17:09,tablet,Direct,home
9993,1487,2022-03-21 07:47:45,desktop,Paid Social,cart
9994,1412,2020-08-08 11:25:03,tablet,Ads,search
9995,1299,2020-03-12 00:58:08,desktop,Email,cart
9996,1323,2022-09-20 16:48:33,tablet,Paid Social,cart
9997,1522,2022-03-17 17:13:10,mobile,Organic Search,search
9998,1286,2023-03-18 21:36:14,tablet,Email,search
9999,1803,2021-05-01 12:20:20,mobile,Paid Social,home
10000,554,2021-04-11 03:45:47,mobile,Ads,product
10001,787,2020-05-22 04:59:44,desktop,Email,search
10002,1271,2020-04-03 07:23:08,tablet,Ads,home
10003,1110,2020-09-12 13:22:27,desktop,Organic Search,checkout
10004,74,2023-10-07 01:30:30,desktop,Paid Social,checkout
10005,834,2020-11-13 10:34:39,mobile,Direct,search
10006,1168,2023-11-18 09:48:39,tablet,Organic Search,checkout
10007,271,2021-08-29 12:36:52,desktop,Push Notification,checkout
10008,833,2021-11-01 00:29:58,tablet,Push Notification,cart
10009,654,2020-09-25 19:28:14,desktop,Direct,checkout
10010,165,2021-09-26 16:58:44,mobile,Ads,cart
10011,1391,2021-03-08 22:46:21,tablet,Organic Search,checkout
10012,340,2021-12-13 08:07:00,desktop,Ads,home
10013,1228,2020-01-19 04:31:51,desktop,Direct,product
10014,258,2023-11-16 01:47:25,tablet,Organic Search,cart
10015,1582,2023-06-05 23:28:47,desktop,Organic Search,search
10016,1777,2024-12-05 09:55:37,mobile,Organic Search,search
10017,1350,2024-01-11 10:40:19,mobile,Direct,search
10018,1449,2021-06-16 22:37:51,desktop,Organic Search,home
10019,840,2022-09-30 01:55:51,desktop,Push Notification,home
10020,664,2021-10-19 19:52:41,desktop,Push Notification,search
10021,1535,2024-05-12 17:12:36,tablet,Email,cart
10022,1959,2023-02-15 21:11:15,desktop,Ads,home
10023,1693,2024-05-15 18:01:57,desktop,Organic Search,cart
10024,762,2023-09-14 18:48:52,desktop,Direct,search
10025,1014,2020-11-05 10:08:33,mobile,Ads,search
10026,1527,2021-01-04 13:39:18,desktop,Direct,search
10027,486,2022-05-02 06:59:46,tablet,Direct,home
10028,847,2022-09-11 21:14:03,mobile,Ads,search
10029,1448,2021-09-11 04:35:02,mobile,Email,checkout
10030,194,2023-06-10 19:52:52,tablet,Ads,search
10031,1450,2024-09-17 23:59:22,mobile,Push Notification,search
10032,1501,2023-01-30 01:27:42,mobile,Email,home
10033,1641,2020-07-28 16:29:05,mobile,Direct,home
10034,1904,2024-01-28 08:28:05,tablet,Organic Search,cart
10035,1245,2020-08-01 06:15:07,desktop,Direct,checkout
10036,833,2020-02-26 11:43:38,tablet,Organic Search,checkout
10037,438,2021-02-20 23:08:00,tablet,Push Notification,product
10038,1275,2024-07-03 17:11:20,tablet,Push Notification,cart
10039,1528,2020-03-03 07:27:32,mobile,Organic Search,product
10040,1411,2021-01-08 21:02:21,desktop,Paid Social,checkout
10041,186,2021-03-20 09:32:27,desktop,Ads,search
10042,1541,2022-04-17 01:36:45,tablet,Paid Social,search
10043,1029,2020-10-09 17:53:47,tablet,Push Notification,cart
10044,168,2021-10-15 19:29:50,tablet,Paid Social,product
10045,1769,2024-11-26 22:48:38,mobile,Organic Search,checkout
10046,1340,2022-06-10 12:30:27,desktop,Organic Search,product
10047,1764,2021-12-03 12:45:28,desktop,Push Notification,product
10048,1068,2021-12-30 22:35:17,tablet,Email,checkout
10049,1472,2022-10-13 02:00:39,tablet,Push Notification,home
10050,1689,2022-01-03 04:54:40,desktop,Ads,cart
10051,532,2022-04-18 06:49:30,tablet,Paid Social,checkout
10052,1236,2023-09-09 23:45:32,tablet,Paid Social,cart
10053,398,2024-07-20 13:14:13,desktop,Email,search
10054,446,2024-02-07 20:43:13,tablet,Direct,cart
10055,1396,2023-10-25 13:50:48,mobile,Paid Social,product
10056,748,2020-08-29 02:09:51,mobile,Ads,checkout
10057,520,2021-05-20 12:01:41,desktop,Organic Search,checkout
10058,264,2022-04-11 04:29:52,tablet,Email,product
10059,1968,2021-11-01 09:00:13,desktop,Paid Social,home
10060,1520,2024-01-23 20:17:47,desktop,Push Notification,cart
10061,682,2021-04-02 02:53:47,tablet,Direct,checkout
10062,316,2021-12-29 20:56:17,desktop,Push Notification,cart
10063,203,2020-11-29 10:47:44,tablet,Ads,checkout
10064,548,2020-03-29 14:22:01,desktop,Ads,search
10065,1767,2022-05-29 22:30:25,desktop,Email,home
10066,1602,2023-06-15 18:37:50,mobile,Push Notification,cart
10067,1697,2024-10-06 03:59:48,tablet,Ads,search
10068,409,2024-07-22 19:23:56,desktop,Ads,cart
10069,149,2024-05-23 02:17:25,tablet,Paid Social,checkout
10070,524,2020-10-18 05:51:37,tablet,Paid Social,product
10071,331,2020-06-23 08:07:29,tablet,Ads,home
10072,298,2021-03-22 05:58:51,mobile,Ads,cart
10073,1162,2021-10-06 12:26:44,mobile,Push Notification,home
10074,570,2021-01-01 10:43:35,desktop,Ads,search
10075,1900,2023-12-28 05:23:47,mobile,Push Notification,checkout
10076,402,2022-11-24 10:01:00,mobile,Paid Social,product
10077,941,2022-09-05 16:05:43,mobile,Push Notification,search
10078,913,2024-01-29 20:36:20,mobile,Paid Social,product
10079,728,2024-10-05 08:48:39,tablet,Direct,checkout
10080,106,2024-10-18 17:15:50,desktop,Direct,home
10081,717,2024-12-31 12:59:46,desktop,Paid Social,search
10082,875,2020-09-10 07:40:40,tablet,Direct,cart
10083,253,2023-09-07 17:46:12,mobile,Organic Search,search
10084,823,2024-04-28 09:59:47,mobile,Organic Search,cart
10085,896,2020-10-31 15:06:10,tablet,Email,product
10086,542,2020-07-05 23:41:21,desktop,Email,product
10087,418,2020-05-28 19:16:56,desktop,Email,checkout
10088,1979,2024-03-08 22:19:30,tablet,Organic Search,home
10089,1872,2022-11-13 09:04:18,tablet,Paid Social,product
10090,1744,2024-04-28 15:59:49,desktop,Direct,search
10091,857,2021-07-04 06:08:29,desktop,Organic Search,search
10092,98,2020-03-28 20:12:46,mobile,Push Notification,product
10093,1843,2023-08-09 12:22:33,mobile,Ads,cart
10094,926,2024-09-06 19:38:32,desktop,Direct,home
10095,225,2020-05-17 13:44:47,mobile,Paid Social,product
10096,1485,2023-04-19 20:23:47,desktop,Push Notification,product
10097,238,2021-06-20 03:00:32,desktop,Direct,cart
10098,1473,2022-07-25 09:29:58,mobile,Organic Search,cart
10099,1928,2021-04-29 03:22:46,mobile,Paid Social,product
10100,1504,2024-07-01 13:39:44,mobile,Direct,cart
10101,684,2024-09-29 10:09:38,tablet,Direct,cart
10102,1701,2021-09-12 13:01:02,tablet,Organic Search,product
10103,1715,2023-09-16 19:50:26,desktop,Direct,product
10104,292,2023-01-19 08:21:25,tablet,Direct,cart
10105,1553,2023-08-12 17:57:08,tablet,Ads,cart
10106,933,2020-09-13 17:49:52,tablet,Direct,search
10107,1286,2021-09-05 12:11:59,mobile,Direct,checkout
10108,1001,2023-05-17 16:33:04,desktop,Email,product
10109,642,2020-10-13 16:05:07,mobile,Push Notification,cart
10110,1174,2023-06-19 04:24:17,desktop,Paid Social,cart
10111,1118,2023-04-14 15:58:27,mobile,Email,checkout
10112,500,2020-09-03 04:03:38,mobile,Paid Social,cart
10113,41,2020-12-19 07:21:57,mobile,Organic Search,cart
10114,867,2022-08-25 00:14:06,mobile,Email,product
10115,1676,2021-02-24 14:26:27,desktop,Ads,product
10116,1107,2023-11-02 19:54:07,desktop,Direct,cart
10117,700,2020-06-01 15:19:11,desktop,Push Notification,checkout
10118,1898,2022-04-28 06:22:40,mobile,Push Notification,cart
10119,1867,2023-01-08 13:31:06,desktop,Organic Search,search
10120,1961,2022-09-23 02:52:59,tablet,Direct,search
10121,1658,2021-03-15 23:28:02,tablet,Email,search
10122,163,2021-08-25 16:45:01,mobile,Push Notification,home
10123,1386,2020-03-22 23:20:27,tablet,Ads,checkout
10124,718,2021-07-01 12:25:32,mobile,Email,search
10125,231,2022-10-03 19:10:37,desktop,Organic Search,checkout
10126,755,2024-07-21 12:14:10,desktop,Email,product
10127,1008,2020-07-16 14:47:36,mobile,Email,cart
10128,530,2022-07-19 17:10:52,mobile,Direct,cart
10129,1428,2020-06-13 07:54:50,tablet,Ads,search
10130,1645,2023-11-07 08:48:18,desktop,Email,home
10131,1149,2024-06-02 02:27:17,desktop,Ads,product
10132,659,2020-04-10 18:05:06,desktop,Push Notification,home
10133,990,2024-10-04 08:31:47,mobile,Email,home
10134,1251,2024-08-04 05:36:09,mobile,Direct,search
10135,1848,2020-09-03 09:20:03,tablet,Organic Search,product
10136,629,2021-04-16 09:13:39,mobile,Email,cart
10137,1632,2023-06-07 15:28:27,mobile,Ads,home
10138,1457,2021-05-16 14:01:28,desktop,Push Notification,checkout
10139,310,2021-01-04 05:19:59,mobile,Email,product
10140,1871,2021-08-23 17:40:07,tablet,Ads,cart
10141,581,2020-10-19 23:26:41,mobile,Direct,product
10142,807,2020-09-24 14:36:42,mobile,Email,search
10143,169,2024-12-03 19:36:57,desktop,Ads,search
10144,1188,2021-11-24 17:44:22,desktop,Paid Social,search
10145,1188,2024-11-30 23:29:00,mobile,Email,product
10146,1733,2020-02-18 23:18:21,mobile,Organic Search,product
10147,1377,2020-02-24 03:24:28,mobile,Paid Social,cart
10148,342,2021-07-14 23:13:52,mobile,Push Notification,cart
10149,339,2021-04-07 09:59:56,desktop,Email,product
10150,1822,2020-05-17 02:52:17,desktop,Direct,checkout
10151,913,2023-08-07 13:00:50,tablet,Ads,product
10152,995,2023-05-19 19:04:00,tablet,Ads,cart
10153,71,2021-07-02 22:33:40,tablet,Paid Social,home
10154,903,2022-03-24 18:23:08,tablet,Organic Search,checkout
10155,1218,2021-11-03 08:04:12,tablet,Paid Social,cart
10156,776,2020-01-02 23:38:47,desktop,Direct,search
10157,343,2024-10-30 13:10:15,desktop,Email,home
10158,1301,2022-11-05 15:52:10,mobile,Push Notification,checkout
10159,1628,2020-04-13 12:36:28,tablet,Organic Search,home
10160,487,2023-08-09 03:06:42,desktop,Organic Search,cart
10161,678,2024-05-26 03:05:35,tablet,Ads,checkout
10162,1687,2024-08-05 15:39:14,desktop,Push Notification,checkout
10163,218,2022-12-22 03:30:57,tablet,Direct,search
10164,651,2020-11-26 04:30:54,mobile,Direct,search
10165,813,2021-01-09 09:54:39,desktop,Ads,checkout
10166,1591,2022-04-15 20:55:36,mobile,Paid Social,search
10167,1192,2021-03-01 05:11:58,mobile,Organic Search,product
10168,35,2022-09-24 04:21:23,tablet,Organic Search,home
10169,1504,2024-01-24 22:32:22,desktop,Push Notification,cart
10170,804,2023-03-04 18:50:38,desktop,Paid Social,search
10171,167,2023-04-16 22:45:09,desktop,Organic Search,checkout
10172,1127,2023-12-01 14:43:13,mobile,Organic Search,home
10173,319,2022-04-28 01:42:03,mobile,Ads,home
10174,63,2024-09-05 20:30:21,desktop,Organic Search,product
10175,1755,2023-08-03 18:48:28,tablet,Push Notification,checkout
10176,327,2020-01-13 23:06:09,desktop,Push Notification,home
10177,929,2023-05-02 16:38:01,tablet,Direct,search
10178,226,2022-02-05 22:36:14,tablet,Paid Social,product
10179,886,2024-08-24 00:49:44,desktop,Ads,checkout
10180,198,2022-05-09 20:39:02,desktop,Push Notification,search
10181,399,2024-01-16 03:15:58,mobile,Push Notification,checkout
10182,1275,2020-04-05 03:31:46,mobile,Ads,checkout
10183,727,2021-05-12 22:34:46,mobile,Push Notification,cart
10184,332,2023-04-28 07:49:15,mobile,Organic Search,product
10185,1626,2020-08-30 06:04:34,mobile,Organic Search,home
10186,386,2022-07-04 13:55:14,mobile,Organic Search,product
10187,941,2024-04-26 08:16:48,mobile,Direct,checkout
10188,243,2020-05-05 17:59:30,tablet,Push Notification,search
10189,1466,2022-08-02 16:23:32,mobile,Push Notification,product
10190,1042,2022-04-25 01:43:45,mobile,Paid Social,product
10191,1567,2022-04-07 19:13:54,tablet,Push Notification,product
10192,154,2023-08-01 14:09:12,tablet,Direct,home
10193,1356,2023-06-25 15:08:53,mobile,Email,cart
10194,1391,2024-04-24 08:51:38,desktop,Email,product
10195,1503,2021-12-05 15:49:43,mobile,Push Notification,product
10196,518,2024-01-21 16:38:12,desktop,Push Notification,search
10197,1132,2023-05-17 23:18:12,desktop,Email,cart
10198,758,2022-01-03 04:50:45,desktop,Ads,home
10199,750,2023-07-09 04:31:44,mobile,Direct,search
10200,100,2024-05-15 06:58:22,tablet,Organic Search,cart
10201,1324,2021-06-22 08:15:11,desktop,Email,cart
10202,584,2024-06-09 10:56:21,mobile,Push Notification,home
10203,1330,2022-02-05 14:51:07,tablet,Paid Social,cart
10204,1376,2023-07-05 05:05:27,mobile,Push Notification,checkout
10205,1333,2024-03-06 12:52:02,tablet,Organic Search,home
10206,410,2022-04-14 01:24:07,desktop,Ads,checkout
10207,1953,2024-06-26 22:51:46,mobile,Ads,product
10208,1586,2020-02-18 03:35:49,tablet,Email,search
10209,323,2020-10-24 13:08:43,tablet,Email,cart
10210,1743,2020-09-23 07:24:27,tablet,Direct,checkout
10211,1933,2022-09-29 08:27:51,mobile,Email,checkout
10212,1782,2024-07-04 16:47:36,desktop,Paid Social,home
10213,995,2022-12-11 17:50:11,mobile,Push Notification,product
10214,472,2020-05-08 12:17:43,tablet,Ads,home
10215,436,2024-11-30 17:59:02,mobile,Organic Search,product
10216,1292,2023-02-11 12:12:03,tablet,Direct,search
10217,1848,2021-06-20 00:50:48,mobile,Push Notification,product
10218,1553,2021-01-31 07:49:48,tablet,Ads,checkout
10219,336,2020-10-04 05:11:47,mobile,Paid Social,home
10220,73,2023-02-03 03:58:16,mobile,Direct,checkout
10221,1143,2021-10-17 11:26:55,mobile,Organic Search,search
10222,1432,2020-09-16 02:39:22,desktop,Direct,search
10223,1920,2022-10-29 17:49:57,mobile,Direct,search
10224,1635,2024-04-29 18:06:32,desktop,Email,home
10225,1954,2024-09-14 03:35:48,mobile,Push Notification,cart
10226,1299,2020-12-27 08:16:31,mobile,Direct,product
10227,694,2020-02-06 06:16:40,mobile,Ads,search
10228,1220,2024-03-28 16:28:27,desktop,Paid Social,search
10229,1454,2020-05-18 20:07:29,mobile,Direct,checkout
10230,1442,2024-12-31 20:48:34,desktop,Push Notification,home
10231,432,2023-11-10 03:46:10,tablet,Push Notification,home
10232,1784,2022-10-08 09:02:16,desktop,Ads,search
10233,517,2023-03-01 04:10:17,desktop,Direct,cart
10234,1119,2022-01-10 22:12:29,mobile,Organic Search,home
10235,1709,2024-06-07 05:16:22,tablet,Ads,product
10236,1046,2020-03-05 02:41:01,desktop,Push Notification,cart
10237,79,2024-03-17 07:15:15,tablet,Ads,product
10238,1513,2024-04-12 09:15:31,tablet,Email,checkout
10239,1381,2023-02-14 17:48:12,tablet,Direct,cart
10240,1808,2024-05-08 15:30:55,desktop,Email,product
10241,1989,2020-08-27 23:01:45,mobile,Direct,cart
10242,1310,2023-07-22 01:22:28,desktop,Email,checkout
10243,153,2022-11-02 01:06:50,tablet,Paid Social,checkout
10244,586,2021-07-26 06:40:18,desktop,Push Notification,home
10245,523,2023-02-21 09:23:51,mobile,Organic Search,search
10246,344,2022-02-25 22:15:45,desktop,Paid Social,home
10247,1281,2020-09-05 03:44:05,desktop,Push Notification,cart
10248,243,2024-08-23 18:48:04,tablet,Push Notification,home
10249,949,2021-05-03 20:54:46,desktop,Paid Social,search
10250,1511,2023-10-20 20:14:24,desktop,Ads,home
10251,1706,2021-08-09 20:08:40,desktop,Ads,checkout
10252,593,2023-03-02 06:22:11,desktop,Push Notification,cart
10253,1278,2023-05-02 05:57:10,desktop,Push Notification,cart
10254,750,2022-07-10 19:18:20,tablet,Push Notification,cart
10255,1282,2023-11-06 04:51:39,tablet,Organic Search,search
10256,581,2023-11-10 04:52:06,mobile,Email,cart
10257,1380,2021-12-26 06:31:52,desktop,Paid Social,cart
10258,520,2022-10-26 08:55:14,desktop,Paid Social,cart
10259,154,2021-09-12 03:02:58,mobile,Push Notification,product
10260,119,2024-03-15 04:30:09,mobile,Ads,search
10261,750,2023-01-18 13:36:16,tablet,Ads,checkout
10262,1546,2020-09-04 03:02:54,desktop,Direct,checkout
10263,1610,2023-09-15 16:52:10,desktop,Ads,search
10264,1011,2022-09-28 18:07:26,desktop,Push Notification,search
10265,1578,2022-05-09 00:28:16,tablet,Ads,checkout
10266,1803,2021-08-18 10:15:45,tablet,Organic Search,cart
10267,418,2023-06-25 01:46:02,desktop,Paid Social,cart
10268,626,2021-05-10 06:41:29,tablet,Ads,search
10269,1548,2023-05-09 19:30:39,tablet,Ads,checkout
10270,761,2024-12-18 00:36:33,mobile,Push Notification,home
10271,1140,2024-08-03 00:59:06,mobile,Email,home
10272,1711,2021-02-11 15:00:22,desktop,Email,home
10273,1220,2022-07-18 11:25:56,mobile,Direct,checkout
10274,1789,2020-09-27 02:29:33,mobile,Push Notification,cart
10275,310,2024-02-11 15:09:36,mobile,Organic Search,checkout
10276,928,2023-05-29 10:32:13,mobile,Push Notification,cart
10277,1424,2023-04-19 21:27:41,mobile,Organic Search,cart
10278,268,2020-03-12 08:03:26,tablet,Ads,cart
10279,1757,2023-11-19 09:57:28,tablet,Email,cart
10280,991,2024-04-29 12:45:06,mobile,Ads,product
10281,393,2024-02-08 22:27:50,tablet,Ads,search
10282,1184,2023-02-03 11:18:43,desktop,Direct,search
10283,1636,2022-02-04 19:10:54,tablet,Paid Social,cart
10284,1074,2021-10-18 22:50:43,mobile,Ads,checkout
10285,1028,2024-05-05 10:30:50,mobile,Email,home
10286,348,2022-06-06 08:24:16,tablet,Direct,product
10287,534,2024-03-13 13:51:41,mobile,Email,home
10288,1126,2020-05-05 08:26:57,tablet,Email,home
10289,1975,2023-06-22 19:32:10,tablet,Paid Social,home
10290,1463,2023-12-25 18:49:57,tablet,Ads,home
10291,1611,2020-12-26 08:38:42,desktop,Push Notification,product
10292,1342,2023-11-03 18:04:51,tablet,Paid Social,search
10293,1639,2021-09-28 15:19:22,tablet,Email,checkout
10294,1274,2022-06-20 20:21:13,mobile,Direct,cart
10295,1739,2023-09-09 17:22:28,desktop,Paid Social,search
10296,1260,2021-11-07 14:05:21,mobile,Push Notification,checkout
10297,1866,2021-06-26 13:34:36,mobile,Organic Search,cart
10298,1726,2020-01-28 02:36:42,desktop,Email,cart
10299,843,2021-02-18 04:17:46,mobile,Push Notification,checkout
10300,790,2020-12-31 21:39:59,mobile,Paid Social,product
10301,911,2020-04-07 00:21:51,desktop,Organic Search,product
10302,1497,2020-09-27 16:42:20,desktop,Organic Search,cart
10303,610,2021-05-31 21:55:56,tablet,Organic Search,home
10304,52,2023-03-26 12:47:45,tablet,Direct,cart
10305,279,2024-11-18 02:50:34,mobile,Direct,home
10306,383,2020-04-03 18:17:04,mobile,Push Notification,home
10307,658,2023-09-18 16:27:11,desktop,Organic Search,home
10308,1736,2021-12-07 11:28:23,desktop,Email,product
10309,347,2024-01-29 08:33:44,tablet,Push Notification,product
10310,536,2023-09-10 15:43:08,desktop,Organic Search,product
10311,96,2022-08-02 23:45:32,desktop,Paid Social,cart
10312,1185,2020-11-02 09:38:36,tablet,Email,product
10313,90,2023-01-22 08:31:34,tablet,Paid Social,checkout
10314,253,2023-04-30 11:23:24,desktop,Email,checkout
10315,990,2022-04-16 11:11:34,desktop,Paid Social,checkout
10316,1382,2022-07-13 10:33:18,tablet,Paid Social,cart
10317,1750,2021-04-14 09:02:16,mobile,Direct,product
10318,1297,2023-12-29 14:12:56,desktop,Organic Search,product
10319,417,2020-06-06 10:16:34,mobile,Direct,cart
10320,1612,2021-08-24 08:01:45,mobile,Organic Search,checkout
10321,507,2023-12-10 13:30:31,tablet,Ads,product
10322,966,2024-03-17 07:28:50,desktop,Direct,product
10323,1495,2023-09-21 04:13:17,mobile,Direct,checkout
10324,568,2022-03-02 01:26:01,tablet,Email,product
10325,1488,2020-10-20 21:36:31,tablet,Email,home
10326,1301,2020-11-13 08:43:39,mobile,Organic Search,product
10327,1881,2024-09-16 22:56:47,desktop,Email,cart
10328,1660,2020-04-20 14:35:40,tablet,Push Notification,product
10329,535,2024-05-23 21:28:38,mobile,Direct,checkout
10330,1895,2021-10-10 14:13:18,tablet,Ads,home
10331,953,2024-08-21 09:03:55,desktop,Push Notification,product
10332,506,2022-01-09 08:36:13,tablet,Direct,home
10333,507,2023-01-09 21:09:27,desktop,Paid Social,home
10334,385,2024-08-14 03:12:12,desktop,Ads,product
10335,40,2022-07-12 21:40:01,tablet,Ads,product
10336,101,2024-11-17 07:21:52,tablet,Push Notification,home
10337,1436,2024-12-08 07:55:34,mobile,Paid Social,search
10338,1628,2022-11-21 05:04:46,mobile,Organic Search,search
10339,1611,2020-12-10 23:49:34,mobile,Paid Social,cart
10340,1570,2022-10-12 06:09:31,mobile,Ads,cart
10341,372,2021-08-13 17:11:46,desktop,Push Notification,home
10342,1541,2023-10-23 13:43:16,mobile,Direct,home
10343,1904,2023-01-01 06:19:02,desktop,Email,product
10344,25,2023-12-06 19:00:21,mobile,Direct,cart
10345,107,2024-08-15 10:42:30,tablet,Ads,checkout
10346,843,2022-04-20 14:39:46,tablet,Paid Social,checkout
10347,1217,2020-05-20 16:49:16,tablet,Ads,cart
10348,364,2022-09-07 15:44:12,tablet,Organic Search,cart
10349,596,2021-03-19 07:56:05,desktop,Direct,search
10350,1615,2021-10-09 19:53:03,tablet,Direct,home
10351,514,2024-09-04 02:51:35,desktop,Ads,search
10352,1062,2021-09-02 21:56:06,desktop,Paid Social,search
10353,384,2023-01-07 15:56:01,desktop,Organic Search,search
10354,1537,2024-10-12 21:41:07,desktop,Paid Social,checkout
10355,540,2022-03-05 04:47:48,mobile,Organic Search,product
10356,510,2024-08-18 15:11:35,mobile,Email,product
10357,1590,2024-05-16 09:10:19,mobile,Organic Search,product
10358,766,2021-01-26 20:12:43,desktop,Organic Search,checkout
10359,1419,2024-10-17 13:11:40,mobile,Organic Search,search
10360,1244,2022-12-01 06:39:18,desktop,Paid Social,home
10361,1896,2024-05-22 00:00:15,mobile,Email,search
10362,406,2022-09-13 14:45:35,desktop,Ads,home
10363,1596,2024-05-13 08:51:23,tablet,Direct,product
10364,1734,2022-05-09 00:27:40,desktop,Direct,search
10365,1272,2023-03-08 17:11:28,tablet,Push Notification,search
10366,543,2021-10-11 01:01:07,desktop,Push Notification,search
10367,89,2020-06-17 12:00:51,tablet,Direct,cart
10368,1888,2022-11-10 11:14:08,desktop,Organic Search,product
10369,1196,2024-02-22 10:36:39,mobile,Organic Search,product
10370,1138,2021-10-14 20:19:16,tablet,Push Notification,search
10371,1819,2024-08-28 23:32:51,mobile,Ads,cart
10372,1410,2021-10-17 21:29:53,mobile,Email,search
10373,1042,2023-01-25 10:44:10,tablet,Email,product
10374,1793,2022-06-20 11:00:18,desktop,Paid Social,checkout
10375,1765,2023-04-09 20:45:04,tablet,Paid Social,checkout
10376,1374,2024-01-27 20:49:19,mobile,Direct,cart
10377,210,2023-11-08 15:38:22,desktop,Ads,cart
10378,970,2022-10-01 12:48:18,desktop,Paid Social,home
10379,822,2022-10-23 15:04:08,mobile,Direct,checkout
10380,1535,2022-03-19 15:57:41,desktop,Direct,product
10381,1270,2021-11-16 17:13:30,mobile,Push Notification,home
10382,108,2020-06-04 09:56:33,tablet,Paid Social,home
10383,1422,2023-03-07 09:04:20,desktop,Email,home
10384,1916,2020-07-26 19:10:29,desktop,Ads,checkout
10385,1604,2023-05-19 10:24:21,mobile,Direct,cart
10386,1383,2024-07-04 23:11:12,tablet,Email,home
10387,186,2021-04-06 21:20:55,desktop,Organic Search,checkout
10388,1584,2024-01-23 05:47:00,mobile,Direct,product
10389,636,2021-10-16 08:34:01,tablet,Paid Social,search
10390,1458,2021-09-25 23:12:03,tablet,Direct,search
10391,248,2024-04-25 16:11:15,desktop,Ads,home
10392,1713,2021-02-06 10:58:32,desktop,Paid Social,checkout
10393,1406,2023-07-19 08:24:57,desktop,Ads,search
10394,1797,2021-11-18 04:49:29,tablet,Organic Search,cart
10395,1547,2022-01-02 21:35:29,desktop,Push Notification,product
10396,1039,2021-09-27 01:29:01,tablet,Push Notification,checkout
10397,396,2022-09-28 03:51:36,tablet,Direct,search
10398,1139,2020-03-28 03:13:32,mobile,Email,product
10399,518,2023-10-01 04:22:05,tablet,Push Notification,home
10400,1886,2021-08-24 12:35:00,desktop,Paid Social,checkout
10401,1417,2022-05-11 15:08:36,mobile,Ads,cart
10402,1993,2023-02-26 12:08:37,tablet,Ads,product
10403,48,2024-12-29 02:43:18,mobile,Direct,product
10404,116,2022-07-08 14:15:25,desktop,Organic Search,search
10405,1282,2023-06-02 06:38:33,tablet,Ads,cart
10406,1696,2021-02-06 21:41:41,desktop,Organic Search,cart
10407,846,2022-08-15 01:36:24,mobile,Ads,product
10408,1019,2021-02-26 01:35:07,desktop,Email,search
10409,694,2023-01-31 21:53:58,desktop,Organic Search,product
10410,1557,2020-09-23 22:41:28,desktop,Paid Social,checkout
10411,576,2021-01-29 00:32:56,tablet,Push Notification,product
10412,868,2024-03-15 12:43:57,tablet,Paid Social,cart
10413,1471,2024-01-03 10:46:59,desktop,Ads,product
10414,800,2020-02-14 11:57:24,mobile,Email,home
10415,411,2020-07-31 19:52:38,desktop,Ads,cart
10416,7,2021-06-22 14:43:18,desktop,Ads,cart
10417,677,2021-06-20 22:53:26,mobile,Ads,home
10418,320,2021-01-20 09:50:42,desktop,Organic Search,search
10419,1633,2021-02-06 16:46:42,mobile,Email,home
10420,1289,2020-05-30 17:27:17,tablet,Organic Search,home
10421,1203,2020-03-05 00:00:56,desktop,Direct,checkout
10422,1364,2022-09-14 11:40:15,tablet,Direct,search
10423,128,2022-05-17 17:18:22,desktop,Ads,cart
10424,771,2024-03-09 04:53:14,tablet,Paid Social,checkout
10425,1689,2023-04-23 03:50:29,desktop,Ads,home
10426,1711,2022-08-15 02:51:43,mobile,Direct,cart
10427,768,2023-07-26 01:00:02,mobile,Direct,product
10428,1065,2021-11-14 11:35:54,desktop,Paid Social,cart
10429,1282,2023-08-12 00:23:57,mobile,Organic Search,search
10430,1950,2022-01-09 03:29:48,mobile,Push Notification,home
10431,376,2023-09-01 20:10:30,mobile,Direct,checkout
10432,1316,2024-01-11 08:35:18,desktop,Push Notification,cart
10433,771,2023-12-18 19:19:29,mobile,Push Notification,cart
10434,1544,2023-04-29 20:52:11,mobile,Organic Search,product
10435,1382,2021-01-22 13:14:42,desktop,Ads,checkout
10436,1272,2024-10-03 07:37:04,mobile,Organic Search,product
10437,1684,2020-02-14 08:12:43,desktop,Email,checkout
10438,1152,2021-08-21 17:33:32,desktop,Push Notification,search
10439,1256,2021-10-07 01:24:48,mobile,Ads,search
10440,1928,2024-04-17 18:26:22,tablet,Email,cart
10441,1452,2024-09-17 15:51:39,desktop,Push Notification,cart
10442,551,2020-11-05 12:30:01,desktop,Ads,cart
10443,1688,2023-09-29 20:13:40,desktop,Paid Social,search
10444,413,2023-06-03 17:14:48,tablet,Direct,product
10445,301,2020-10-30 19:56:27,tablet,Email,product
10446,630,2020-07-09 03:40:12,mobile,Push Notification,search
10447,1627,2022-06-26 15:25:07,tablet,Paid Social,search
10448,385,2023-02-04 04:54:53,tablet,Paid Social,checkout
10449,43,2023-09-30 02:41:22,tablet,Push Notification,product
10450,938,2021-07-25 13:44:40,mobile,Organic Search,cart
10451,777,2020-02-09 07:04:49,tablet,Organic Search,checkout
10452,135,2024-03-27 03:40:03,desktop,Direct,cart
10453,1926,2024-09-03 03:08:47,mobile,Ads,search
10454,1245,2020-03-19 12:11:28,mobile,Organic Search,search
10455,195,2021-08-21 14:26:00,tablet,Push Notification,home
10456,1701,2020-09-16 09:55:00,tablet,Direct,home
10457,836,2024-06-15 17:28:54,tablet,Direct,search
10458,574,2024-05-06 15:33:30,tablet,Organic Search,checkout
10459,1415,2023-08-05 13:29:13,desktop,Push Notification,cart
10460,1168,2023-12-17 07:48:00,desktop,Organic Search,product
10461,219,2023-11-05 15:39:37,mobile,Direct,cart
10462,1498,2024-05-10 02:18:08,tablet,Ads,checkout
10463,286,2023-01-11 00:01:49,tablet,Organic Search,search
10464,1176,2022-02-05 15:45:12,mobile,Organic Search,search
10465,345,2021-10-08 10:42:04,desktop,Paid Social,cart
10466,328,2024-12-23 13:47:55,tablet,Ads,search
10467,510,2024-09-08 02:09:54,tablet,Push Notification,search
10468,288,2023-05-05 15:37:17,tablet,Direct,search
10469,190,2020-05-09 08:13:48,desktop,Ads,checkout
10470,1500,2021-10-29 03:51:31,mobile,Organic Search,cart
10471,1431,2020-02-12 09:19:30,mobile,Direct,search
10472,1517,2024-07-15 21:54:39,desktop,Organic Search,checkout
10473,1373,2023-09-14 12:54:37,tablet,Direct,checkout
10474,828,2020-08-04 01:53:22,desktop,Organic Search,checkout
10475,1483,2024-12-31 02:34:52,desktop,Push Notification,cart
10476,996,2024-02-05 16:30:50,tablet,Organic Search,home
10477,191,2024-01-28 19:08:31,tablet,Email,cart
10478,792,2020-12-13 00:03:30,desktop,Ads,home
10479,458,2020-01-31 17:35:02,desktop,Paid Social,product
10480,1202,2022-12-02 17:49:23,mobile,Direct,cart
10481,879,2021-09-04 14:18:33,mobile,Direct,home
10482,86,2022-09-05 15:19:30,desktop,Organic Search,home
10483,1052,2022-11-17 04:29:25,desktop,Organic Search,search
10484,1659,2020-06-13 21:38:20,tablet,Ads,product
10485,160,2024-04-29 12:37:15,mobile,Paid Social,checkout
10486,775,2024-08-27 08:44:39,mobile,Push Notification,home
10487,782,2022-01-26 07:14:46,desktop,Push Notification,home
10488,1021,2021-12-19 22:16:41,desktop,Email,checkout
10489,1658,2021-10-19 08:23:28,desktop,Push Notification,cart
10490,1234,2021-12-09 03:24:55,mobile,Ads,search
10491,1824,2020-05-29 12:59:32,tablet,Ads,home
10492,217,2024-11-13 07:51:43,mobile,Ads,product
10493,628,2021-06-19 20:43:59,tablet,Push Notification,home
10494,1806,2024-05-06 20:22:55,desktop,Ads,home
10495,208,2020-03-29 19:29:00,desktop,Direct,cart
10496,1893,2022-07-28 04:29:48,desktop,Ads,home
10497,309,2023-03-24 09:25:06,mobile,Ads,checkout
10498,1200,2023-05-08 09:35:48,tablet,Organic Search,checkout
10499,583,2021-05-03 06:08:09,desktop,Organic Search,cart
10500,1307,2024-12-19 23:45:09,tablet,Organic Search,checkout
10501,1964,2020-03-09 03:08:29,mobile,Direct,product
10502,1037,2020-04-16 23:08:40,tablet,Email,cart
10503,90,2020-08-16 18:17:19,desktop,Email,search
10504,23,2021-05-08 21:16:06,mobile,Paid Social,product
10505,1831,2020-05-12 02:58:30,mobile,Email,cart
10506,700,2021-12-08 03:35:34,desktop,Ads,search
10507,1544,2024-11-12 05:15:56,tablet,Paid Social,checkout
10508,1624,2020-05-12 22:03:18,tablet,Ads,cart
10509,1130,2023-09-08 15:02:55,tablet,Paid Social,checkout
10510,826,2024-12-13 05:30:33,mobile,Ads,checkout
10511,873,2021-12-18 17:40:48,tablet,Ads,home
10512,924,2021-07-29 21:26:57,tablet,Email,product
10513,1718,2020-06-21 05:09:17,mobile,Paid Social,search
10514,1587,2022-09-02 02:44:20,tablet,Organic Search,home
10515,1314,2020-01-21 05:23:33,mobile,Direct,cart
10516,602,2024-07-19 21:26:13,desktop,Direct,product
10517,215,2023-02-06 22:55:20,mobile,Ads,cart
10518,1755,2023-07-24 09:03:42,desktop,Push Notification,checkout
10519,1097,2020-06-15 20:35:06,tablet,Paid Social,search
10520,1571,2022-12-07 12:35:40,desktop,Ads,search
10521,754,2024-04-12 12:18:38,tablet,Direct,search
10522,1171,2023-11-30 20:31:36,desktop,Direct,product
10523,695,2023-05-16 21:42:45,tablet,Email,cart
10524,1343,2021-02-21 17:13:40,tablet,Direct,cart
10525,1709,2022-08-21 13:55:55,desktop,Ads,search
10526,999,2021-01-19 05:16:19,mobile,Paid Social,checkout
10527,764,2021-09-22 22:31:17,mobile,Push Notification,home
10528,1973,2023-08-19 11:52:29,desktop,Ads,home
10529,666,2023-04-27 11:13:13,tablet,Paid Social,checkout
10530,926,2023-07-31 14:51:29,tablet,Paid Social,checkout
10531,950,2020-05-05 02:33:32,tablet,Paid Social,checkout
10532,659,2021-11-23 16:19:10,tablet,Paid Social,product
10533,1048,2024-09-16 10:28:34,desktop,Direct,product
10534,1592,2021-10-27 16:55:17,desktop,Push Notification,search
10535,55,2021-01-14 07:10:13,mobile,Ads,home
10536,1332,2022-05-10 13:01:36,desktop,Ads,search
10537,608,2021-04-01 09:48:47,mobile,Direct,product
10538,176,2021-04-07 15:57:32,desktop,Ads,search
10539,844,2024-04-15 14:40:29,mobile,Email,cart
10540,1407,2023-09-17 03:16:19,mobile,Email,checkout
10541,181,2024-03-04 18:52:09,tablet,Direct,home
10542,965,2023-01-20 07:44:42,mobile,Organic Search,cart
10543,636,2021-08-11 22:58:26,mobile,Paid Social,cart
10544,756,2023-01-13 02:56:37,mobile,Email,cart
10545,692,2021-11-09 23:22:28,desktop,Ads,cart
10546,1241,2024-03-31 05:11:49,mobile,Ads,product
10547,133,2022-07-17 20:06:22,mobile,Ads,product
10548,769,2022-01-25 01:35:03,tablet,Organic Search,product
10549,1845,2022-05-23 20:21:28,tablet,Ads,cart
10550,1112,2022-05-27 03:16:53,desktop,Email,product
10551,686,2023-07-16 13:53:28,mobile,Direct,product
10552,879,2024-04-14 11:59:52,tablet,Organic Search,cart
10553,321,2024-04-16 12:41:24,tablet,Push Notification,product
10554,1751,2022-09-23 01:36:27,tablet,Organic Search,checkout
10555,1629,2020-01-19 08:08:19,desktop,Organic Search,search
10556,1837,2020-06-10 23:23:09,mobile,Ads,home
10557,110,2021-03-16 12:15:17,desktop,Push Notification,checkout
10558,1835,2021-06-21 01:59:14,tablet,Email,product
10559,527,2022-04-10 06:46:53,mobile,Paid Social,product
10560,453,2023-06-11 08:49:58,mobile,Email,search
10561,105,2020-05-01 04:59:47,mobile,Email,home
10562,1044,2020-01-30 01:36:57,tablet,Push Notification,search
10563,822,2021-06-14 16:38:12,mobile,Paid Social,cart
10564,1211,2022-11-29 08:48:55,desktop,Email,product
10565,1925,2023-11-14 06:22:30,mobile,Direct,home
10566,1884,2024-09-21 19:44:28,tablet,Direct,product
10567,452,2023-10-21 11:48:35,desktop,Organic Search,checkout
10568,1518,2020-08-22 09:17:19,mobile,Email,home
10569,1622,2024-03-07 00:58:51,desktop,Email,home
10570,194,2020-08-20 15:44:47,desktop,Push Notification,home
10571,1445,2021-07-15 00:09:08,tablet,Direct,cart
10572,492,2021-04-24 02:27:46,tablet,Ads,cart
10573,520,2024-12-03 13:34:57,tablet,Ads,checkout
10574,513,2024-11-18 02:19:44,mobile,Direct,home
10575,1827,2021-10-09 11:47:24,mobile,Paid Social,checkout
10576,585,2023-05-23 12:18:26,mobile,Push Notification,product
10577,390,2023-03-29 12:45:06,mobile,Ads,product
10578,799,2021-06-13 16:54:34,desktop,Ads,home
10579,1389,2023-01-21 19:46:46,tablet,Direct,checkout
10580,1155,2023-01-03 04:25:23,desktop,Ads,cart
10581,573,2024-02-07 18:50:03,desktop,Email,cart
10582,1678,2024-08-09 15:44:37,mobile,Email,product
10583,511,2022-09-14 01:57:06,mobile,Email,home
10584,1003,2024-10-28 07:14:37,mobile,Paid Social,checkout
10585,441,2024-02-17 09:49:36,tablet,Paid Social,home
10586,70,2024-06-26 04:43:14,mobile,Paid Social,home
10587,1677,2020-02-24 18:15:05,mobile,Push Notification,search
10588,583,2024-02-11 03:45:16,mobile,Direct,home
10589,1309,2023-03-23 03:25:45,tablet,Organic Search,product
10590,296,2021-08-13 09:56:01,mobile,Direct,cart
10591,1708,2024-03-14 10:10:38,tablet,Push Notification,home
10592,64,2020-05-04 12:19:31,tablet,Paid Social,cart
10593,1139,2023-11-04 09:05:24,mobile,Organic Search,cart
10594,922,2021-08-09 08:06:16,mobile,Organic Search,home
10595,1272,2020-09-29 14:33:55,desktop,Organic Search,checkout
10596,1113,2024-06-06 15:09:15,tablet,Ads,home
10597,910,2023-11-18 08:12:43,mobile,Organic Search,home
10598,767,2021-01-03 02:48:11,desktop,Organic Search,cart
10599,222,2022-11-14 00:19:17,mobile,Paid Social,product
10600,1326,2021-12-19 17:10:58,mobile,Paid Social,cart
10601,1050,2023-08-05 07:22:34,mobile,Email,checkout
10602,43,2021-09-28 12:40:06,desktop,Ads,checkout
10603,63,2021-02-20 11:04:38,desktop,Organic Search,home
10604,552,2022-06-14 02:41:13,desktop,Push Notification,cart
10605,1875,2022-05-06 20:45:01,mobile,Ads,home
10606,1274,2022-10-08 23:30:39,mobile,Paid Social,search
10607,1605,2020-10-05 10:23:01,tablet,Email,search
10608,1756,2024-02-03 15:51:05,desktop,Paid Social,home
10609,1836,2023-12-02 06:40:17,desktop,Direct,search
10610,324,2021-06-24 22:36:24,desktop,Direct,cart
10611,1195,2021-08-18 11:33:25,mobile,Push Notification,checkout
10612,1926,2024-02-28 14:49:29,desktop,Paid Social,home
10613,1409,2023-10-17 15:56:32,tablet,Push Notification,product
10614,1098,2022-05-26 19:19:33,mobile,Paid Social,search
10615,221,2022-03-09 18:20:05,tablet,Organic Search,search
10616,883,2022-08-13 18:48:22,mobile,Push Notification,checkout
10617,178,2024-03-10 07:20:07,tablet,Paid Social,cart
10618,1716,2022-10-23 01:07:41,mobile,Paid Social,cart
10619,29,2021-01-19 10:10:05,desktop,Direct,cart
10620,387,2023-06-24 17:15:46,desktop,Organic Search,cart
10621,579,2024-01-10 16:57:01,mobile,Push Notification,product
10622,1489,2020-09-30 19:33:30,desktop,Organic Search,home
10623,712,2022-03-31 02:00:37,mobile,Push Notification,home
10624,1213,2021-11-18 23:44:20,mobile,Email,cart
10625,743,2024-05-08 05:51:38,desktop,Direct,checkout
10626,883,2020-08-05 19:57:46,tablet,Organic Search,product
10627,709,2020-06-03 17:17:31,tablet,Paid Social,cart
10628,1648,2024-09-20 02:29:46,tablet,Email,product
10629,1255,2020-10-12 15:17:38,tablet,Direct,cart
10630,984,2022-10-06 06:55:15,tablet,Email,home
10631,538,2023-08-02 09:35:44,mobile,Paid Social,cart
10632,1377,2023-06-10 16:26:31,desktop,Ads,home
10633,134,2024-10-02 08:00:11,tablet,Paid Social,home
10634,450,2023-12-17 05:24:43,desktop,Direct,home
10635,870,2020-09-10 00:23:11,mobile,Organic Search,checkout
10636,1588,2021-01-20 05:13:57,desktop,Paid Social,home
10637,1735,2022-11-14 16:36:48,desktop,Direct,home
10638,1983,2020-09-04 09:55:20,desktop,Organic Search,search
10639,1632,2023-02-21 06:47:03,desktop,Email,search
10640,233,2021-05-29 10:30:09,tablet,Ads,checkout
10641,628,2024-10-21 22:03:16,mobile,Paid Social,cart
10642,1239,2021-08-18 06:35:23,tablet,Ads,cart
10643,1084,2024-06-22 02:03:15,desktop,Paid Social,search
10644,1653,2020-01-10 21:05:50,tablet,Organic Search,checkout
10645,131,2023-04-29 06:31:20,tablet,Paid Social,product
10646,1998,2022-01-05 16:19:15,mobile,Push Notification,search
10647,1736,2020-09-10 13:55:28,tablet,Ads,product
10648,1750,2022-01-16 16:05:37,tablet,Ads,checkout
10649,773,2020-07-20 13:39:50,mobile,Paid Social,product
10650,600,2024-08-29 20:52:40,mobile,Ads,checkout
10651,437,2024-04-23 06:42:46,mobile,Direct,search
10652,1814,2023-07-12 17:53:29,mobile,Push Notification,cart
10653,1867,2020-03-15 16:09:30,tablet,Organic Search,checkout
10654,218,2022-02-23 17:55:36,mobile,Ads,search
10655,144,2020-08-18 12:54:24,tablet,Paid Social,search
10656,1091,2020-04-09 19:13:17,tablet,Direct,cart
10657,171,2020-08-24 03:08:15,tablet,Paid Social,cart
10658,1675,2021-04-02 19:11:02,mobile,Direct,search
10659,1525,2024-03-05 15:59:07,desktop,Organic Search,home
10660,1744,2024-08-24 18:16:05,mobile,Organic Search,search
10661,55,2023-01-16 01:50:53,mobile,Organic Search,search
10662,908,2020-04-23 10:28:22,desktop,Paid Social,checkout
10663,874,2021-07-16 22:30:59,mobile,Direct,cart
10664,484,2020-11-15 07:24:27,desktop,Direct,product
10665,675,2020-10-26 03:05:15,desktop,Push Notification,home
10666,1712,2023-08-04 17:09:56,desktop,Paid Social,search
10667,1848,2022-10-28 07:50:18,tablet,Organic Search,checkout
10668,485,2023-10-20 01:51:34,desktop,Paid Social,product
10669,1239,2022-12-23 14:00:41,mobile,Email,product
10670,1107,2021-02-03 12:16:04,mobile,Email,search
10671,638,2024-11-27 06:31:09,tablet,Organic Search,checkout
10672,409,2023-01-07 10:21:19,tablet,Paid Social,home
10673,1283,2022-09-25 20:00:37,mobile,Organic Search,search
10674,1202,2021-06-22 13:53:23,mobile,Paid Social,home
10675,1118,2020-02-23 01:22:19,mobile,Organic Search,cart
10676,1899,2021-11-23 22:56:51,mobile,Ads,product
10677,1266,2024-11-22 10:08:58,tablet,Organic Search,checkout
10678,494,2020-04-17 06:51:32,mobile,Paid Social,checkout
10679,602,2021-01-29 19:50:52,desktop,Organic Search,checkout
10680,1160,2021-08-16 22:01:27,tablet,Paid Social,home
10681,1460,2021-11-30 03:06:13,desktop,Email,checkout
10682,670,2020-01-25 22:22:20,desktop,Direct,search
10683,595,2021-01-09 13:07:15,mobile,Email,product
10684,1938,2020-09-30 04:47:05,mobile,Email,search
10685,928,2020-12-15 01:22:41,desktop,Paid Social,cart
10686,1667,2022-05-11 04:21:09,tablet,Paid Social,cart
10687,303,2020-07-14 17:40:24,mobile,Push Notification,checkout
10688,200,2023-07-18 16:25:01,mobile,Ads,cart
10689,1391,2024-07-16 18:17:18,mobile,Email,home
10690,432,2020-11-22 11:43:29,desktop,Email,search
10691,688,2020-07-22 07:22:24,desktop,Organic Search,product
10692,1448,2020-03-20 18:41:35,tablet,Direct,product
10693,1848,2024-01-04 17:21:23,mobile,Paid Social,product
10694,1931,2023-03-09 07:50:03,desktop,Email,home
10695,1238,2021-05-20 22:06:10,tablet,Paid Social,checkout
10696,851,2022-06-03 10:31:08,tablet,Organic Search,home
10697,362,2020-09-26 18:54:42,tablet,Paid Social,cart
10698,1772,2020-08-03 01:38:15,desktop,Email,product
10699,629,2020-06-07 01:56:54,desktop,Ads,product
10700,219,2021-06-19 17:25:53,desktop,Push Notification,cart
10701,1346,2021-05-09 03:30:02,mobile,Ads,search
10702,969,2021-05-10 07:49:05,mobile,Ads,product
10703,310,2023-01-14 13:42:36,mobile,Push Notification,home
10704,1138,2022-01-30 00:10:21,desktop,Email,checkout
10705,425,2024-06-11 03:27:22,tablet,Ads,cart
10706,1636,2022-11-04 10:58:27,mobile,Push Notification,product
10707,1938,2022-07-23 00:51:01,mobile,Email,search
10708,367,2024-08-23 11:27:53,desktop,Direct,home
10709,700,2020-11-26 07:09:17,desktop,Direct,product
10710,543,2024-12-26 14:47:39,tablet,Push Notification,cart
10711,451,2024-05-04 16:00:11,tablet,Paid Social,cart
10712,1267,2023-12-24 12:23:09,desktop,Ads,cart
10713,391,2023-01-22 20:08:44,tablet,Email,cart
10714,1508,2020-03-27 05:24:54,tablet,Direct,product
10715,115,2021-02-27 01:24:04,tablet,Paid Social,cart
10716,479,2020-01-26 13:00:59,tablet,Direct,search
10717,657,2021-03-20 15:31:38,desktop,Ads,product
10718,1259,2020-02-17 20:48:23,tablet,Paid Social,product
10719,1442,2023-11-23 20:34:20,tablet,Push Notification,search
10720,1918,2022-06-19 19:27:43,tablet,Ads,cart
10721,800,2020-06-08 03:57:46,tablet,Push Notification,product
10722,1826,2021-02-09 17:24:40,mobile,Organic Search,checkout
10723,1347,2021-03-19 12:11:09,tablet,Organic Search,product
10724,1067,2022-02-20 04:14:15,mobile,Direct,search
10725,1602,2022-02-28 15:25:26,mobile,Push Notification,checkout
10726,1508,2022-10-14 18:57:49,tablet,Direct,cart
10727,529,2022-01-25 22:23:39,tablet,Paid Social,home
10728,720,2022-03-11 04:38:10,tablet,Push Notification,checkout
10729,752,2022-07-25 20:36:23,desktop,Ads,cart
10730,1800,2020-02-04 00:49:37,mobile,Direct,checkout
10731,195,2021-06-04 11:40:46,mobile,Paid Social,search
10732,1500,2024-06-29 03:12:35,mobile,Paid Social,cart
10733,1617,2021-03-10 19:05:12,desktop,Paid Social,home
10734,1919,2020-02-11 20:07:22,desktop,Direct,product
10735,1149,2020-04-10 20:34:46,desktop,Push Notification,checkout
10736,1567,2020-04-22 08:11:45,desktop,Email,checkout
10737,587,2022-03-24 23:52:36,mobile,Ads,checkout
10738,309,2020-05-16 23:16:01,desktop,Organic Search,product
10739,799,2021-12-05 00:32:47,desktop,Push Notification,checkout
10740,1992,2022-02-26 08:17:07,tablet,Paid Social,product
10741,769,2020-06-12 11:06:03,mobile,Push Notification,cart
10742,1015,2021-04-01 05:29:23,desktop,Ads,product
10743,1035,2023-11-25 10:28:56,desktop,Organic Search,search
10744,1343,2020-04-18 18:20:47,tablet,Email,home
10745,1121,2021-12-02 16:10:17,tablet,Email,home
10746,1683,2020-12-27 11:31:06,desktop,Organic Search,cart
10747,465,2022-06-10 19:15:09,desktop,Paid Social,cart
10748,752,2023-08-13 01:58:45,tablet,Paid Social,checkout
10749,1623,2023-06-04 12:58:46,desktop,Paid Social,product
10750,130,2022-04-30 14:51:50,desktop,Direct,home
10751,90,2021-04-03 01:14:37,mobile,Push Notification,home
10752,786,2022-06-10 12:29:32,tablet,Direct,search
10753,221,2024-09-29 16:01:42,tablet,Direct,search
10754,1883,2022-04-14 10:46:25,mobile,Ads,home
10755,184,2020-08-22 01:39:55,tablet,Organic Search,home
10756,432,2020-11-05 18:29:39,tablet,Email,home
10757,17,2024-04-11 10:53:58,tablet,Email,home
10758,1134,2021-06-10 10:12:17,desktop,Ads,checkout
10759,1204,2020-09-04 16:21:04,mobile,Push Notification,product
10760,1521,2020-12-14 18:16:06,tablet,Organic Search,cart
10761,896,2021-03-14 13:44:53,mobile,Push Notification,cart
10762,253,2024-02-02 08:06:05,tablet,Paid Social,cart
10763,398,2021-03-31 14:08:38,mobile,Paid Social,product
10764,552,2020-12-23 14:04:16,tablet,Email,cart
10765,430,2023-05-12 06:03:47,tablet,Direct,checkout
10766,1757,2021-07-22 12:11:10,mobile,Paid Social,checkout
10767,1251,2024-05-22 14:32:26,desktop,Push Notification,home
10768,197,2023-05-23 22:56:35,tablet,Ads,product
10769,830,2023-04-05 05:28:12,desktop,Email,search
10770,1697,2020-10-10 17:01:32,tablet,Organic Search,search
10771,862,2021-09-07 12:50:01,mobile,Email,search
10772,1142,2022-09-08 23:48:04,mobile,Email,product
10773,135,2024-11-29 09:19:36,tablet,Ads,home
10774,1271,2024-05-26 06:53:39,tablet,Push Notification,checkout
10775,454,2022-01-04 03:25:07,mobile,Organic Search,search
10776,832,2020-11-15 13:59:37,desktop,Push Notification,home
10777,1790,2022-08-30 19:49:57,tablet,Email,search
10778,1456,2024-08-04 23:43:00,mobile,Push Notification,checkout
10779,966,2020-02-17 05:08:03,desktop,Paid Social,search
10780,235,2023-01-19 05:31:03,desktop,Organic Search,checkout
10781,792,2024-04-03 14:09:11,tablet,Ads,home
10782,246,2020-08-11 20:53:54,mobile,Paid Social,cart
10783,1184,2020-07-28 07:44:56,desktop,Push Notification,cart
10784,1016,2023-10-11 05:49:50,desktop,Organic Search,product
10785,1704,2024-01-29 09:25:48,mobile,Push Notification,product
10786,609,2020-07-10 06:10:24,tablet,Direct,home
10787,909,2021-01-06 17:54:20,desktop,Direct,cart
10788,1710,2021-12-17 08:58:26,tablet,Email,checkout
10789,1258,2023-11-15 13:09:07,tablet,Ads,checkout
10790,333,2022-12-16 07:45:12,tablet,Ads,home
10791,1890,2023-05-22 05:54:39,tablet,Ads,cart
10792,85,2024-03-13 07:38:45,desktop,Organic Search,home
10793,315,2023-03-08 08:48:14,tablet,Push Notification,checkout
10794,459,2024-04-14 23:50:26,mobile,Ads,home
10795,265,2023-06-10 14:59:15,desktop,Direct,cart
10796,437,2024-01-12 21:20:28,desktop,Push Notification,product
10797,550,2023-08-07 19:00:12,mobile,Push Notification,checkout
10798,1169,2024-11-11 01:42:15,desktop,Direct,product
10799,1636,2020-05-12 00:51:43,tablet,Push Notification,cart
10800,1843,2021-11-05 12:40:24,tablet,Organic Search,cart
10801,675,2020-03-14 01:38:29,tablet,Ads,checkout
10802,1284,2023-09-25 21:31:29,desktop,Paid Social,search
10803,1794,2020-10-30 23:57:57,tablet,Ads,home
10804,1260,2020-11-12 07:07:00,desktop,Ads,home
10805,582,2021-12-04 15:42:21,mobile,Push Notification,home
10806,1717,2023-04-02 20:34:28,tablet,Ads,home
10807,931,2023-07-24 10:43:13,tablet,Organic Search,checkout
10808,1052,2020-01-15 03:50:32,tablet,Ads,checkout
10809,1399,2023-12-03 22:22:03,desktop,Paid Social,checkout
10810,300,2023-05-02 14:40:01,mobile,Paid Social,cart
10811,1086,2024-04-12 22:52:30,mobile,Paid Social,product
10812,916,2022-05-01 20:24:50,tablet,Organic Search,checkout
10813,206,2023-10-14 15:44:27,mobile,Organic Search,home
10814,885,2023-12-18 02:28:16,desktop,Push Notification,home
10815,1209,2022-07-11 05:13:28,desktop,Paid Social,cart
10816,1170,2021-12-12 16:18:19,tablet,Direct,product
10817,1793,2021-10-08 02:47:48,mobile,Organic Search,checkout
10818,1528,2024-09-05 16:11:39,desktop,Direct,home
10819,412,2020-10-26 19:09:17,desktop,Organic Search,home
10820,518,2023-03-15 01:55:37,desktop,Push Notification,product
10821,68,2024-03-13 00:38:41,desktop,Email,product
10822,1942,2024-02-11 15:57:06,tablet,Direct,search
10823,488,2024-08-21 09:47:09,mobile,Email,checkout
10824,1344,2020-08-26 02:04:23,mobile,Paid Social,home
10825,987,2023-12-11 20:07:03,mobile,Ads,cart
10826,1255,2022-07-08 18:03:54,desktop,Organic Search,cart
10827,1198,2021-01-05 18:26:26,tablet,Email,cart
10828,1567,2023-08-13 01:15:24,tablet,Organic Search,checkout
10829,268,2020-05-29 05:14:41,tablet,Organic Search,product
10830,957,2021-03-24 15:33:37,desktop,Push Notification,home
10831,1136,2020-09-30 21:08:48,tablet,Paid Social,product
10832,470,2023-04-12 19:55:51,mobile,Push Notification,checkout
10833,628,2020-11-16 03:53:06,desktop,Direct,checkout
10834,915,2021-06-03 04:32:01,mobile,Paid Social,home
10835,339,2021-01-23 05:35:13,mobile,Email,product
10836,843,2023-12-21 07:14:34,tablet,Direct,cart
10837,1403,2022-08-18 01:23:16,mobile,Ads,search
10838,775,2022-12-31 17:47:05,tablet,Paid Social,search
10839,1128,2024-12-21 01:21:35,mobile,Ads,product
10840,1606,2020-05-26 21:02:15,desktop,Organic Search,search
10841,1149,2024-11-04 04:22:17,desktop,Paid Social,cart
10842,1393,2020-06-13 10:03:26,tablet,Push Notification,search
10843,738,2022-08-09 18:52:36,mobile,Ads,cart
10844,1106,2020-07-24 14:09:37,mobile,Ads,cart
10845,692,2023-06-01 19:31:31,tablet,Email,product
10846,332,2024-03-06 16:55:58,tablet,Ads,home
10847,450,2021-12-22 08:56:12,tablet,Direct,home
10848,1069,2021-10-03 19:21:47,tablet,Organic Search,cart
10849,1262,2021-11-13 07:07:16,mobile,Email,search
10850,200,2022-07-15 07:29:22,mobile,Ads,product
10851,501,2020-10-19 19:47:49,tablet,Email,checkout
10852,1489,2020-05-22 14:23:02,desktop,Paid Social,checkout
10853,304,2022-11-03 23:04:19,tablet,Ads,cart
10854,308,2024-08-01 14:52:32,tablet,Email,checkout
10855,526,2021-04-11 13:37:40,desktop,Ads,search
10856,1599,2024-07-25 14:23:48,desktop,Paid Social,product
10857,929,2021-09-16 09:23:34,mobile,Organic Search,product
10858,1675,2021-06-06 13:30:56,tablet,Organic Search,search
10859,1874,2020-11-08 04:39:30,tablet,Paid Social,checkout
10860,839,2024-08-19 03:02:22,desktop,Email,home
10861,331,2021-01-03 15:02:52,tablet,Push Notification,search
10862,1477,2022-10-17 15:45:54,desktop,Push Notification,search
10863,1006,2022-10-28 20:54:19,mobile,Ads,home
10864,709,2024-08-13 03:26:26,desktop,Organic Search,home
10865,1760,2021-04-20 06:21:07,mobile,Email,checkout
10866,895,2022-03-18 13:54:31,tablet,Email,search
10867,84,2023-05-18 01:40:39,mobile,Ads,product
10868,401,2021-12-10 22:16:29,tablet,Paid Social,cart
10869,1578,2022-09-16 20:54:57,tablet,Email,checkout
10870,470,2023-03-15 09:55:35,desktop,Push Notification,cart
10871,918,2020-09-27 13:14:15,mobile,Push Notification,search
10872,1471,2024-07-13 12:59:52,tablet,Direct,home
10873,452,2023-01-15 23:29:42,mobile,Direct,home
10874,1470,2021-10-16 15:04:47,mobile,Email,cart
10875,498,2021-08-15 15:35:58,desktop,Direct,cart
10876,564,2022-02-02 11:47:14,mobile,Ads,cart
10877,222,2021-11-30 15:54:32,desktop,Ads,checkout
10878,1073,2020-09-14 12:10:23,tablet,Direct,checkout
10879,1251,2021-09-23 16:52:06,mobile,Direct,search
10880,1976,2021-06-23 00:03:10,desktop,Direct,checkout
10881,162,2024-09-07 10:44:43,tablet,Organic Search,home
10882,1529,2023-03-18 06:36:14,tablet,Organic Search,home
10883,1784,2023-11-06 13:37:06,desktop,Paid Social,cart
10884,319,2021-05-22 23:57:37,tablet,Direct,product
10885,1470,2021-11-13 03:57:56,desktop,Direct,checkout
10886,368,2021-04-03 05:33:41,mobile,Ads,home
10887,1141,2020-06-06 06:50:55,tablet,Push Notification,checkout
10888,1585,2024-12-18 20:46:08,tablet,Push Notification,checkout
10889,953,2022-03-01 18:32:24,mobile,Organic Search,home
10890,1923,2021-10-06 19:04:50,tablet,Paid Social,home
10891,465,2020-02-08 16:37:00,tablet,Paid Social,cart
10892,1584,2020-05-11 02:32:25,desktop,Ads,checkout
10893,1778,2022-08-14 18:35:20,mobile,Paid Social,cart
10894,1879,2024-07-11 02:59:35,mobile,Email,home
10895,1288,2024-04-21 05:53:47,desktop,Push Notification,cart
10896,1587,2024-06-24 08:10:01,tablet,Organic Search,checkout
10897,421,2020-04-22 06:27:47,tablet,Paid Social,product
10898,130,2022-09-19 07:11:27,desktop,Organic Search,search
10899,192,2024-09-15 15:12:32,tablet,Push Notification,home
10900,591,2024-05-29 16:21:20,mobile,Paid Social,cart
10901,283,2020-06-26 16:58:09,mobile,Email,checkout
10902,1762,2022-06-04 11:48:40,desktop,Email,search
10903,1454,2023-06-23 21:52:33,mobile,Ads,home
10904,1961,2022-05-15 03:00:18,tablet,Direct,checkout
10905,477,2020-11-02 03:02:54,tablet,Direct,cart
10906,116,2021-12-23 07:57:19,desktop,Organic Search,home
10907,1266,2022-05-09 23:48:16,mobile,Organic Search,home
10908,6,2020-04-23 13:57:55,tablet,Organic Search,search
10909,1020,2024-03-14 16:48:31,tablet,Direct,checkout
10910,448,2021-10-10 08:31:30,mobile,Email,checkout
10911,1780,2024-02-26 21:47:40,desktop,Push Notification,checkout
10912,875,2021-03-24 18:42:15,mobile,Ads,search
10913,577,2024-10-19 22:29:10,desktop,Paid Social,checkout
10914,1242,2020-11-16 23:18:41,mobile,Paid Social,product
10915,301,2021-04-21 22:39:29,desktop,Organic Search,search
10916,176,2024-01-06 17:37:39,mobile,Paid Social,product
10917,1576,2022-06-17 17:28:04,mobile,Direct,cart
10918,1132,2022-10-21 07:16:25,desktop,Email,checkout
10919,1940,2024-01-14 01:39:14,desktop,Ads,checkout
10920,265,2024-08-11 13:10:36,tablet,Direct,home
10921,1244,2021-07-15 06:44:16,mobile,Paid Social,checkout
10922,85,2023-11-23 04:16:24,tablet,Email,checkout
10923,1620,2020-07-23 04:11:43,mobile,Paid Social,home
10924,1137,2021-02-11 22:23:19,desktop,Ads,home
10925,275,2024-02-17 17:42:44,tablet,Paid Social,cart
10926,1901,2024-06-05 02:43:37,tablet,Ads,home
10927,741,2022-03-19 02:58:41,desktop,Ads,checkout
10928,1819,2023-01-13 09:51:27,tablet,Paid Social,product
10929,58,2025-01-01 17:56:03,mobile,Ads,search
10930,212,2022-12-28 06:57:22,tablet,Push Notification,cart
10931,236,2020-10-07 21:10:44,desktop,Email,cart
10932,1073,2023-07-12 20:19:56,tablet,Organic Search,checkout
10933,1117,2020-05-29 06:48:12,tablet,Ads,search
10934,493,2024-03-18 13:14:52,desktop,Email,search
10935,1241,2024-08-16 00:56:00,desktop,Paid Social,checkout
10936,726,2022-11-07 14:41:05,mobile,Direct,product
10937,570,2021-06-16 04:25:26,mobile,Paid Social,checkout
10938,1119,2023-03-25 14:09:55,mobile,Ads,cart
10939,1611,2023-07-27 02:57:07,tablet,Email,search
10940,1427,2021-11-03 02:59:39,desktop,Organic Search,product
10941,952,2024-07-29 06:22:56,tablet,Direct,cart
10942,292,2021-09-14 04:41:51,tablet,Push Notification,checkout
10943,1916,2020-03-26 18:03:31,mobile,Email,home
10944,626,2021-12-09 21:21:56,tablet,Paid Social,search
10945,1383,2024-04-29 18:11:08,tablet,Ads,home
10946,92,2024-07-02 07:42:00,desktop,Organic Search,home
10947,587,2022-06-22 13:14:45,desktop,Push Notification,home
10948,1728,2020-03-05 01:44:56,tablet,Direct,search
10949,1127,2024-12-22 04:33:58,tablet,Direct,cart
10950,1627,2023-08-09 20:50:08,desktop,Organic Search,product
10951,1643,2024-01-14 17:43:35,mobile,Direct,cart
10952,933,2024-08-09 17:43:18,tablet,Direct,product
10953,1090,2020-12-20 10:56:36,tablet,Paid Social,product
10954,153,2020-07-15 21:17:58,mobile,Push Notification,product
10955,1322,2021-01-31 16:47:42,desktop,Email,product
10956,786,2022-05-19 12:26:19,desktop,Organic Search,checkout
10957,782,2020-02-21 05:55:15,tablet,Push Notification,home
10958,729,2021-11-06 12:59:14,mobile,Email,search
10959,1184,2021-08-29 21:38:54,mobile,Ads,home
10960,924,2023-08-12 10:56:34,desktop,Direct,home
10961,838,2023-02-23 19:03:08,desktop,Paid Social,home
10962,430,2022-01-19 10:19:11,desktop,Push Notification,checkout
10963,496,2021-11-20 01:26:06,desktop,Organic Search,cart
10964,1660,2023-07-01 06:54:14,mobile,Push Notification,cart
10965,142,2022-08-12 17:37:00,mobile,Ads,home
10966,305,2020-03-20 19:40:24,tablet,Paid Social,product
10967,533,2022-01-21 19:55:57,desktop,Email,checkout
10968,879,2024-01-22 16:47:38,desktop,Direct,home
10969,1474,2022-03-03 10:51:12,tablet,Ads,search
10970,964,2024-04-29 02:38:09,tablet,Push Notification,search
10971,1720,2022-11-12 22:10:23,mobile,Ads,product
10972,1495,2022-11-07 18:46:00,tablet,Organic Search,home
10973,461,2020-02-22 18:18:13,desktop,Paid Social,cart
10974,1736,2020-08-14 17:24:53,mobile,Email,home
10975,381,2023-07-05 06:13:36,tablet,Direct,cart
10976,280,2023-09-03 14:56:08,mobile,Paid Social,home
10977,1375,2023-10-15 09:13:42,desktop,Direct,cart
10978,1697,2024-12-07 10:12:37,desktop,Organic Search,cart
10979,592,2023-06-22 20:00:42,mobile,Email,cart
10980,528,2024-08-22 06:11:11,mobile,Organic Search,checkout
10981,477,2021-11-21 04:11:35,mobile,Organic Search,product
10982,270,2022-12-22 00:54:00,tablet,Push Notification,search
10983,682,2023-02-20 00:44:48,mobile,Push Notification,search
10984,1421,2023-11-15 02:56:43,mobile,Email,search
10985,578,2021-05-29 04:34:16,desktop,Push Notification,home
10986,1621,2022-09-20 04:41:24,desktop,Ads,product
10987,951,2021-05-17 09:03:21,desktop,Email,product
10988,1209,2023-01-08 11:51:27,mobile,Push Notification,product
10989,422,2023-06-11 20:55:11,mobile,Ads,checkout
10990,745,2022-11-03 02:14:39,mobile,Ads,cart
10991,727,2022-05-15 18:45:31,tablet,Direct,home
10992,1123,2024-11-09 16:14:34,mobile,Paid Social,cart
10993,886,2024-10-29 03:21:14,tablet,Email,checkout
10994,980,2022-05-09 08:21:55,desktop,Paid Social,product
10995,421,2022-02-15 01:58:22,tablet,Ads,home
10996,499,2024-03-11 12:21:59,tablet,Ads,search
10997,228,2024-06-16 16:33:50,tablet,Direct,home
10998,1619,2024-03-15 13:04:02,tablet,Organic Search,search
10999,534,2024-12-29 11:19:40,tablet,Organic Search,search
11000,1736,2020-09-01 22:34:23,desktop,Paid Social,checkout
11001,846,2024-10-10 01:26:14,tablet,Push Notification,product
11002,647,2020-04-11 20:14:50,mobile,Email,home
11003,758,2021-10-01 18:37:37,tablet,Organic Search,home
11004,62,2023-09-11 06:12:44,mobile,Paid Social,cart
11005,1052,2022-08-29 13:47:24,desktop,Direct,cart
11006,809,2021-09-15 12:15:11,mobile,Email,home
11007,747,2023-06-13 14:41:47,tablet,Email,product
11008,870,2024-07-18 09:19:28,tablet,Paid Social,search
11009,390,2021-06-10 09:59:33,mobile,Push Notification,cart
11010,1980,2022-06-27 06:43:28,desktop,Direct,home
11011,1392,2020-02-28 08:28:29,mobile,Ads,home
11012,652,2023-04-04 08:29:27,tablet,Direct,checkout
11013,29,2020-04-15 06:18:36,mobile,Ads,home
11014,1649,2020-03-08 04:24:45,mobile,Paid Social,home
11015,1699,2023-11-24 23:19:15,tablet,Push Notification,checkout
11016,1523,2020-06-24 23:15:09,desktop,Push Notification,cart
11017,417,2020-11-07 12:01:42,desktop,Organic Search,home
11018,1749,2022-03-02 12:25:54,desktop,Paid Social,home
11019,1971,2020-02-05 01:25:14,tablet,Direct,cart
11020,335,2021-06-19 05:25:04,desktop,Ads,cart
11021,1515,2024-05-01 20:09:53,mobile,Organic Search,cart
11022,682,2021-01-04 02:27:56,tablet,Paid Social,home
11023,1646,2020-09-10 15:05:30,desktop,Ads,search
11024,1479,2022-06-25 09:32:13,desktop,Organic Search,product
11025,1192,2021-11-06 07:30:55,tablet,Organic Search,product
11026,1023,2022-07-08 04:33:26,mobile,Organic Search,product
11027,1296,2022-07-09 01:20:01,desktop,Email,cart
11028,1697,2021-03-02 04:44:33,mobile,Ads,search
11029,310,2020-03-09 11:03:58,desktop,Organic Search,checkout
11030,557,2020-09-16 04:45:25,desktop,Ads,checkout
11031,368,2021-03-10 01:43:40,desktop,Paid Social,home
11032,1820,2021-12-27 00:44:38,mobile,Ads,product
11033,347,2021-07-25 04:36:05,tablet,Organic Search,cart
11034,141,2024-03-08 01:42:50,mobile,Direct,cart
11035,1388,2020-12-05 23:29:22,mobile,Direct,product
11036,1412,2020-06-20 20:50:55,desktop,Ads,cart
11037,1180,2023-10-24 15:53:54,tablet,Ads,product
11038,836,2021-10-03 13:34:51,mobile,Organic Search,cart
11039,1184,2020-05-14 15:25:51,mobile,Direct,product
11040,1421,2020-05-11 17:14:35,desktop,Paid Social,cart
11041,669,2023-04-09 12:13:31,desktop,Email,cart
11042,58,2021-05-22 14:04:54,desktop,Direct,home
11043,587,2020-04-07 08:17:58,desktop,Paid Social,search
11044,1134,2022-03-21 12:34:26,mobile,Email,home
11045,666,2021-12-29 09:04:33,desktop,Email,home
11046,1531,2020-06-03 13:01:03,mobile,Email,home
11047,1526,2020-02-23 13:47:56,mobile,Ads,product
11048,583,2021-10-10 20:41:58,mobile,Ads,home
11049,1386,2022-10-27 13:44:45,mobile,Paid Social,checkout
11050,1913,2022-04-17 07:52:01,tablet,Organic Search,product
11051,1899,2022-02-08 13:29:36,desktop,Direct,search
11052,5,2022-11-08 14:25:22,tablet,Direct,product
11053,1482,2022-09-28 09:12:32,desktop,Push Notification,search
11054,809,2021-01-31 19:25:03,desktop,Organic Search,home
11055,1904,2022-03-31 10:03:56,tablet,Ads,search
11056,1969,2021-07-27 02:01:48,tablet,Email,cart
11057,676,2020-01-30 06:06:33,tablet,Email,home
11058,1714,2022-03-09 11:05:20,mobile,Organic Search,search
11059,2,2024-02-14 20:49:54,mobile,Ads,home
11060,108,2020-11-24 11:23:37,desktop,Direct,home
11061,687,2022-01-04 16:35:12,desktop,Paid Social,product
11062,1240,2024-02-02 05:08:30,desktop,Email,search
11063,1651,2024-05-14 07:35:12,mobile,Push Notification,search
11064,780,2023-07-11 20:19:16,tablet,Ads,home
11065,875,2022-04-02 02:56:29,desktop,Paid Social,cart
11066,1767,2020-02-13 16:42:48,desktop,Organic Search,cart
11067,916,2021-08-28 04:06:20,tablet,Organic Search,checkout
11068,258,2024-12-01 05:50:14,mobile,Organic Search,cart
11069,924,2023-03-03 01:00:03,desktop,Ads,home
11070,781,2023-03-19 04:58:28,tablet,Push Notification,product
11071,942,2022-05-02 15:03:23,tablet,Email,product
11072,434,2020-05-11 20:32:57,mobile,Organic Search,product
11073,1323,2024-03-30 14:57:03,mobile,Email,product
11074,1559,2021-11-21 14:16:59,mobile,Direct,home
11075,1254,2022-10-28 04:36:45,mobile,Ads,home
11076,8,2020-11-22 14:51:56,tablet,Paid Social,checkout
11077,1772,2021-04-21 21:13:53,desktop,Direct,cart
11078,1456,2021-03-16 20:31:49,mobile,Push Notification,search
11079,1641,2021-05-27 20:05:48,tablet,Direct,checkout
11080,1223,2020-03-17 22:44:10,tablet,Push Notification,product
11081,873,2024-09-27 16:53:24,desktop,Ads,product
11082,85,2020-03-19 16:33:20,tablet,Push Notification,home
11083,222,2022-01-02 23:13:59,tablet,Email,product
11084,1060,2021-12-05 16:27:28,desktop,Organic Search,checkout
11085,304,2022-11-08 13:22:53,tablet,Email,search
11086,1703,2020-10-17 10:00:15,tablet,Organic Search,product
11087,1745,2022-07-19 01:11:54,mobile,Direct,cart
11088,1962,2022-05-01 07:35:04,mobile,Direct,cart
11089,1308,2020-09-10 06:14:10,tablet,Organic Search,product
11090,1055,2020-05-15 09:04:34,tablet,Email,home
11091,233,2023-11-18 13:56:01,desktop,Push Notification,cart
11092,1689,2022-12-13 10:05:22,tablet,Paid Social,product
11093,1812,2021-08-09 04:51:31,tablet,Push Notification,checkout
11094,1196,2023-04-13 04:41:37,desktop,Organic Search,cart
11095,433,2021-01-03 13:26:11,desktop,Paid Social,cart
11096,1759,2022-03-19 01:04:57,desktop,Paid Social,cart
11097,1684,2024-11-10 23:42:45,desktop,Ads,product
11098,1400,2023-06-25 14:53:22,mobile,Push Notification,home
11099,521,2022-10-13 20:06:59,tablet,Ads,checkout
11100,1932,2024-11-11 00:12:34,tablet,Organic Search,checkout
11101,1658,2024-07-16 23:31:20,tablet,Push Notification,home
11102,702,2022-10-18 15:30:26,mobile,Organic Search,product
11103,700,2020-10-18 17:15:46,tablet,Direct,home
11104,1124,2020-03-29 18:05:04,tablet,Email,home
11105,97,2023-04-06 22:59:55,tablet,Direct,checkout
11106,1327,2020-06-12 05:02:10,desktop,Direct,home
11107,806,2022-07-25 22:08:49,desktop,Email,home
11108,555,2020-11-05 22:44:15,tablet,Email,cart
11109,656,2024-10-26 09:43:00,tablet,Organic Search,search
11110,700,2021-11-15 13:08:40,desktop,Paid Social,search
11111,240,2023-08-25 02:10:08,tablet,Paid Social,home
11112,886,2020-06-09 08:36:34,mobile,Push Notification,checkout
11113,572,2022-08-15 20:29:25,tablet,Push Notification,product
11114,577,2022-09-02 07:40:01,tablet,Paid Social,checkout
11115,419,2022-03-18 06:00:45,tablet,Paid Social,checkout
11116,325,2022-06-08 01:14:45,mobile,Paid Social,home
11117,826,2022-02-27 09:20:00,mobile,Direct,search
11118,1500,2022-06-22 22:17:16,mobile,Email,cart
11119,178,2022-10-22 08:30:22,desktop,Paid Social,cart
11120,1908,2024-07-06 10:14:31,mobile,Paid Social,cart
11121,958,2022-07-30 12:05:04,desktop,Email,home
11122,1009,2024-06-12 05:33:49,mobile,Direct,cart
11123,1317,2022-03-20 21:02:25,desktop,Email,home
11124,1530,2022-07-31 06:07:36,tablet,Email,home
11125,591,2023-07-31 17:41:17,mobile,Email,search
11126,1564,2022-04-01 14:26:41,desktop,Ads,checkout
11127,1601,2022-11-03 07:15:45,desktop,Paid Social,checkout
11128,1677,2021-08-12 17:30:03,mobile,Push Notification,product
11129,133,2022-03-30 03:59:55,mobile,Paid Social,checkout
11130,1143,2024-01-01 00:25:23,mobile,Paid Social,product
11131,497,2020-02-07 03:14:37,tablet,Email,product
11132,660,2021-12-01 08:17:01,desktop,Paid Social,search
11133,954,2024-06-06 03:32:30,mobile,Organic Search,cart
11134,1401,2022-07-09 06:08:26,tablet,Paid Social,checkout
11135,764,2020-10-22 10:41:35,mobile,Direct,home
11136,223,2022-10-11 07:46:21,mobile,Paid Social,product
11137,691,2021-06-29 05:00:13,mobile,Paid Social,search
11138,1257,2022-08-01 10:45:01,desktop,Direct,cart
11139,541,2024-09-27 05:51:04,desktop,Paid Social,home
11140,438,2020-01-08 17:02:43,desktop,Email,checkout
11141,387,2021-07-01 05:48:46,desktop,Ads,cart
11142,1821,2021-09-07 06:37:17,mobile,Direct,checkout
11143,678,2023-03-22 15:03:29,desktop,Push Notification,checkout
11144,749,2022-03-23 09:24:07,tablet,Email,checkout
11145,1477,2023-09-11 21:32:16,desktop,Push Notification,checkout
11146,1845,2022-03-23 18:02:40,tablet,Email,cart
11147,1370,2022-04-19 03:11:00,tablet,Ads,product
11148,809,2022-12-04 20:46:59,mobile,Ads,home
11149,459,2024-07-13 21:34:29,desktop,Organic Search,checkout
11150,1869,2024-08-21 23:20:35,tablet,Organic Search,checkout
11151,820,2022-11-02 08:38:06,mobile,Push Notification,product
11152,1380,2021-02-25 18:19:48,mobile,Email,product
11153,1687,2023-03-23 21:21:34,tablet,Organic Search,search
11154,794,2021-07-18 22:31:36,mobile,Email,product
11155,267,2022-09-20 15:18:28,mobile,Email,cart
11156,1727,2021-11-17 06:08:30,tablet,Direct,search
11157,1095,2022-11-18 21:53:53,desktop,Direct,cart
11158,218,2023-04-26 04:56:10,desktop,Push Notification,checkout
11159,572,2022-07-09 14:17:11,tablet,Organic Search,search
11160,1647,2023-09-22 19:28:56,tablet,Organic Search,cart
11161,1239,2024-10-15 12:21:57,desktop,Organic Search,checkout
11162,664,2022-07-16 00:28:47,desktop,Push Notification,product
11163,1881,2022-10-31 11:04:14,tablet,Push Notification,home
11164,828,2021-01-06 13:13:40,desktop,Ads,cart
11165,247,2022-04-15 23:15:58,mobile,Email,checkout
11166,454,2021-12-13 08:07:16,tablet,Paid Social,cart
11167,635,2023-06-17 01:01:37,mobile,Ads,checkout
11168,1973,2024-12-21 16:27:52,mobile,Organic Search,checkout
11169,82,2020-02-06 03:29:57,mobile,Direct,cart
11170,1034,2020-12-23 19:47:29,desktop,Ads,search
11171,975,2023-12-06 02:49:36,mobile,Email,checkout
11172,898,2021-12-14 09:25:26,mobile,Email,cart
11173,381,2022-04-08 02:10:59,desktop,Push Notification,product
11174,1707,2023-09-14 12:45:39,tablet,Ads,search
11175,962,2023-07-25 15:34:14,desktop,Ads,checkout
11176,281,2022-05-13 21:37:25,tablet,Organic Search,home
11177,1368,2023-07-09 06:55:44,desktop,Email,product
11178,1023,2023-07-10 05:26:35,tablet,Email,cart
11179,1545,2021-08-24 02:12:16,desktop,Email,product
11180,1716,2021-03-25 18:36:21,mobile,Organic Search,home
11181,1933,2022-03-28 18:26:24,desktop,Direct,cart
11182,719,2020-05-05 06:34:57,tablet,Organic Search,home
11183,334,2020-04-19 09:20:35,mobile,Ads,cart
11184,1253,2022-12-22 00:34:31,tablet,Paid Social,checkout
11185,695,2020-11-20 08:11:01,mobile,Paid Social,home
11186,167,2022-09-01 08:00:07,mobile,Direct,product
11187,931,2021-04-19 07:19:22,mobile,Organic Search,cart
11188,223,2021-07-22 10:46:34,tablet,Organic Search,home
11189,1996,2022-08-06 21:11:05,tablet,Direct,cart
11190,173,2020-05-22 02:34:18,desktop,Ads,home
11191,1692,2023-12-14 08:58:25,tablet,Ads,search
11192,146,2021-03-04 08:35:54,desktop,Paid Social,home
11193,1023,2024-06-09 18:04:53,mobile,Paid Social,product
11194,343,2022-12-22 18:19:11,mobile,Direct,checkout
11195,396,2024-08-20 19:04:51,desktop,Direct,checkout
11196,1623,2024-07-01 23:26:30,tablet,Direct,cart
11197,1904,2022-02-27 12:51:53,desktop,Organic Search,checkout
11198,299,2020-03-12 12:35:03,mobile,Email,cart
11199,1909,2022-10-02 17:46:53,desktop,Email,home
11200,1547,2024-06-26 15:12:30,desktop,Email,search
11201,1169,2023-05-24 13:43:03,desktop,Paid Social,search
11202,1172,2020-12-18 09:07:13,desktop,Ads,product
11203,274,2023-06-17 09:10:28,desktop,Direct,search
11204,1883,2024-04-25 22:09:40,desktop,Ads,product
11205,244,2021-01-13 10:49:22,tablet,Organic Search,cart
11206,1240,2022-12-27 05:47:28,mobile,Organic Search,search
11207,1408,2020-04-03 20:55:18,tablet,Direct,checkout
11208,1475,2022-10-06 00:47:58,tablet,Push Notification,home
11209,496,2020-12-14 20:10:12,mobile,Organic Search,checkout
11210,157,2022-07-29 21:06:15,tablet,Email,home
11211,647,2020-09-04 11:34:26,mobile,Ads,product
11212,1143,2024-05-22 00:43:07,tablet,Ads,search
11213,1032,2023-03-20 19:14:01,tablet,Ads,product
11214,409,2021-09-23 13:28:48,desktop,Email,product
11215,544,2020-12-27 10:33:22,desktop,Paid Social,product
11216,801,2022-05-09 13:27:05,tablet,Ads,checkout
11217,1054,2023-11-16 21:19:33,desktop,Organic Search,home
11218,1136,2021-10-01 17:15:34,tablet,Ads,search
11219,222,2022-01-03 22:35:46,desktop,Direct,search
11220,161,2020-05-03 23:08:15,tablet,Direct,home
11221,386,2024-11-02 17:56:15,desktop,Email,product
11222,1295,2023-06-03 16:04:23,desktop,Ads,product
11223,280,2024-04-25 06:17:04,desktop,Push Notification,cart
11224,1204,2024-01-28 09:51:29,mobile,Direct,cart
11225,93,2022-03-03 18:52:16,mobile,Push Notification,cart
11226,509,2022-12-23 19:06:51,desktop,Ads,search
11227,845,2022-06-11 06:47:05,mobile,Direct,home
11228,1336,2023-12-24 11:31:20,mobile,Paid Social,product
11229,1340,2023-01-03 15:50:56,mobile,Email,cart
11230,375,2022-11-10 19:08:47,mobile,Email,checkout
11231,1721,2024-09-20 10:47:10,desktop,Push Notification,checkout
11232,1271,2021-08-09 06:48:03,mobile,Organic Search,search
11233,1125,2020-06-03 13:15:37,mobile,Organic Search,product
11234,477,2020-08-27 15:24:53,desktop,Paid Social,checkout
11235,1724,2022-03-27 07:16:17,tablet,Email,search
11236,1261,2023-02-26 08:01:53,tablet,Ads,search
11237,1564,2020-12-14 10:00:39,mobile,Paid Social,checkout
11238,924,2020-07-26 08:46:46,mobile,Ads,cart
11239,914,2024-12-08 03:51:05,desktop,Direct,home
11240,1872,2021-06-26 23:18:11,mobile,Email,search
11241,1131,2023-03-09 03:30:27,tablet,Ads,product
11242,550,2021-10-01 08:21:38,desktop,Direct,home
11243,764,2020-11-13 20:26:26,tablet,Paid Social,checkout
11244,1343,2022-01-28 20:43:44,tablet,Push Notification,search
11245,434,2020-04-27 10:00:01,tablet,Organic Search,home
11246,1062,2021-11-24 04:17:32,tablet,Direct,search
11247,1378,2024-04-17 06:49:15,mobile,Paid Social,product
11248,181,2021-03-20 05:58:15,desktop,Ads,cart
11249,720,2021-10-18 07:20:55,desktop,Email,checkout
11250,1996,2021-01-18 08:06:39,tablet,Direct,cart
11251,385,2020-09-18 17:18:46,desktop,Email,product
11252,325,2021-02-07 06:42:26,desktop,Email,search
11253,983,2024-08-09 03:46:23,tablet,Email,search
11254,545,2021-03-12 00:20:46,desktop,Ads,cart
11255,802,2021-01-13 10:13:22,tablet,Paid Social,checkout
11256,1711,2022-04-25 15:43:21,mobile,Email,search
11257,1328,2021-12-22 11:24:11,mobile,Push Notification,cart
11258,1363,2022-06-09 12:06:37,desktop,Paid Social,cart
11259,1724,2021-01-15 16:16:37,tablet,Organic Search,home
11260,1871,2020-05-05 12:18:09,mobile,Organic Search,home
11261,299,2023-02-11 07:18:52,desktop,Direct,search
11262,1934,2023-01-02 13:17:24,tablet,Ads,home
11263,773,2022-10-13 14:52:30,mobile,Ads,checkout
11264,983,2020-02-26 03:04:21,tablet,Direct,product
11265,901,2023-09-01 09:39:04,mobile,Paid Social,home
11266,1738,2022-05-31 20:51:54,desktop,Push Notification,checkout
11267,1077,2022-02-23 11:54:01,mobile,Organic Search,cart
11268,1381,2020-05-02 05:35:59,mobile,Paid Social,product
11269,1031,2021-11-26 20:02:43,desktop,Paid Social,cart
11270,1829,2020-03-06 15:03:49,tablet,Direct,cart
11271,331,2024-09-25 05:56:05,desktop,Paid Social,search
11272,716,2023-01-23 22:57:40,desktop,Direct,search
11273,989,2020-02-27 07:39:44,mobile,Push Notification,home
11274,819,2022-11-05 08:07:37,desktop,Paid Social,cart
11275,1128,2020-08-27 03:20:40,desktop,Paid Social,product
11276,1024,2021-11-01 04:30:19,mobile,Paid Social,cart
11277,5,2021-08-21 08:59:29,desktop,Email,search
11278,1837,2020-10-03 02:20:23,tablet,Paid Social,product
11279,511,2024-04-12 10:39:35,desktop,Organic Search,search
11280,1916,2024-01-10 05:47:15,desktop,Organic Search,search
11281,1662,2023-03-22 06:39:45,tablet,Email,checkout
11282,520,2021-10-07 18:48:13,tablet,Direct,home
11283,680,2022-04-29 15:27:10,tablet,Organic Search,search
11284,1100,2022-10-31 17:29:46,tablet,Ads,search
11285,1443,2024-08-14 02:55:04,mobile,Email,cart
11286,1886,2021-03-27 18:02:44,mobile,Paid Social,cart
11287,1889,2020-04-08 07:23:37,tablet,Push Notification,search
11288,340,2020-05-14 16:00:54,desktop,Paid Social,cart
11289,1078,2023-02-27 21:37:47,mobile,Paid Social,search
11290,163,2022-03-21 13:15:04,desktop,Direct,search
11291,1487,2020-08-27 11:02:00,mobile,Ads,checkout
11292,818,2024-12-15 04:23:44,mobile,Paid Social,checkout
11293,913,2024-12-12 17:56:59,desktop,Ads,home
11294,1344,2020-06-14 07:50:34,tablet,Direct,home
11295,132,2024-11-12 05:45:45,tablet,Ads,product
11296,320,2022-07-22 10:45:18,desktop,Direct,search
11297,1457,2024-05-01 20:37:46,tablet,Push Notification,search
11298,1114,2023-03-05 02:46:49,tablet,Paid Social,checkout
11299,1308,2022-02-18 14:14:04,desktop,Direct,product
11300,121,2021-05-17 09:50:13,tablet,Push Notification,checkout
11301,404,2024-02-03 13:01:57,desktop,Ads,home
11302,1293,2024-01-17 07:09:40,desktop,Push Notification,search
11303,809,2024-07-18 00:49:32,desktop,Ads,cart
11304,157,2024-08-16 19:46:38,desktop,Paid Social,cart
11305,517,2022-03-15 20:49:03,desktop,Ads,checkout
11306,1127,2022-01-29 19:22:15,desktop,Direct,search
11307,269,2024-07-27 02:23:29,tablet,Push Notification,checkout
11308,330,2024-10-06 08:05:05,mobile,Ads,checkout
11309,208,2020-03-23 02:12:40,mobile,Direct,cart
11310,123,2024-09-07 11:41:08,desktop,Ads,home
11311,1533,2020-09-25 03:04:32,desktop,Organic Search,product
11312,1026,2022-08-29 02:32:35,tablet,Push Notification,cart
11313,1592,2021-11-28 10:55:41,mobile,Ads,product
11314,763,2020-09-25 02:17:44,mobile,Ads,checkout
11315,1019,2020-01-03 09:06:41,mobile,Email,product
11316,1821,2020-07-24 12:45:15,mobile,Email,product
11317,1793,2022-04-27 13:59:28,desktop,Ads,checkout
11318,1617,2021-08-28 23:11:17,mobile,Paid Social,product
11319,1908,2023-11-16 11:49:40,desktop,Direct,search
11320,1505,2020-09-25 17:30:17,tablet,Push Notification,checkout
11321,853,2021-07-20 06:04:40,desktop,Push Notification,checkout
11322,1587,2022-07-20 10:15:14,tablet,Paid Social,product
11323,1067,2021-10-17 06:38:27,tablet,Email,home
11324,1541,2020-10-08 19:35:26,desktop,Organic Search,product
11325,1058,2020-08-16 06:05:20,tablet,Ads,checkout
11326,875,2022-12-28 14:27:59,mobile,Direct,checkout
11327,194,2020-01-28 00:44:13,mobile,Email,product
11328,1948,2022-05-24 14:11:20,tablet,Push Notification,search
11329,620,2022-10-09 14:30:57,tablet,Ads,product
11330,1998,2023-02-11 05:57:50,desktop,Direct,checkout
11331,145,2023-12-02 07:40:05,mobile,Organic Search,checkout
11332,1880,2022-07-28 23:47:45,tablet,Ads,search
11333,164,2020-05-16 01:32:14,tablet,Email,search
11334,1120,2020-02-23 18:12:54,desktop,Ads,home
11335,1742,2020-12-09 16:46:39,tablet,Paid Social,search
11336,1404,2021-02-15 19:56:00,tablet,Direct,home
11337,1408,2021-03-24 11:25:33,mobile,Push Notification,home
11338,1790,2023-02-05 19:59:16,tablet,Paid Social,search
11339,709,2023-12-14 12:04:08,tablet,Organic Search,cart
11340,1895,2024-11-12 17:55:32,mobile,Direct,cart
11341,49,2023-07-08 05:46:16,tablet,Paid Social,product
11342,1913,2021-04-05 05:36:22,tablet,Ads,home
11343,1930,2022-03-16 16:59:44,tablet,Organic Search,cart
11344,215,2024-03-13 04:56:40,tablet,Ads,checkout
11345,967,2021-07-05 21:09:38,mobile,Email,product
11346,338,2020-08-26 18:28:28,mobile,Organic Search,home
11347,213,2021-08-21 08:32:26,tablet,Direct,cart
11348,1090,2020-04-15 09:14:46,tablet,Paid Social,home
11349,624,2023-02-05 10:49:26,desktop,Paid Social,search
11350,1743,2020-10-30 15:56:52,tablet,Push Notification,product
11351,694,2022-07-03 03:34:39,tablet,Email,product
11352,439,2020-07-21 06:12:42,tablet,Email,cart
11353,1781,2024-08-20 22:24:11,tablet,Paid Social,home
11354,1926,2022-04-26 23:10:08,desktop,Direct,cart
11355,362,2020-10-18 07:20:51,tablet,Direct,product
11356,432,2020-12-31 21:19:23,desktop,Direct,checkout
11357,1815,2024-08-27 23:47:04,tablet,Ads,checkout
11358,294,2023-06-10 16:23:43,tablet,Ads,product
11359,760,2020-01-22 00:51:44,tablet,Paid Social,product
11360,504,2022-02-08 05:55:51,tablet,Direct,home
11361,1889,2023-10-29 11:35:32,tablet,Paid Social,home
11362,1644,2020-11-10 17:26:04,tablet,Push Notification,search
11363,1972,2024-12-14 15:04:01,mobile,Email,cart
11364,894,2024-06-06 09:52:49,mobile,Organic Search,search
11365,13,2024-11-25 09:42:12,tablet,Direct,cart
11366,1768,2022-05-07 01:32:48,mobile,Push Notification,search
11367,642,2023-04-19 18:37:36,tablet,Direct,cart
11368,1211,2020-01-31 12:55:13,mobile,Push Notification,search
11369,1008,2021-01-16 11:57:45,tablet,Paid Social,checkout
11370,931,2023-06-01 07:29:43,mobile,Direct,cart
11371,567,2020-05-29 22:22:30,mobile,Ads,cart
11372,682,2022-04-04 19:46:28,mobile,Direct,search
11373,1880,2022-02-09 00:16:25,mobile,Paid Social,checkout
11374,367,2020-02-20 19:45:16,mobile,Paid Social,checkout
11375,786,2020-09-27 14:54:24,desktop,Direct,product
11376,1121,2023-05-02 04:59:31,desktop,Ads,checkout
11377,1564,2021-02-01 22:11:58,tablet,Organic Search,cart
11378,215,2020-07-06 05:26:54,desktop,Ads,home
11379,1187,2021-11-29 11:22:41,tablet,Organic Search,home
11380,1879,2023-12-14 06:10:19,mobile,Email,checkout
11381,444,2021-04-08 01:45:14,tablet,Ads,cart
11382,843,2022-09-14 14:26:58,tablet,Direct,search
11383,1964,2022-02-26 01:18:11,desktop,Paid Social,cart
11384,739,2024-03-05 03:47:07,desktop,Push Notification,product
11385,327,2024-01-25 09:21:19,tablet,Paid Social,product
11386,176,2021-08-23 10:38:47,tablet,Direct,home
11387,1712,2021-08-28 13:58:44,tablet,Push Notification,cart
11388,1986,2023-08-06 05:07:46,mobile,Push Notification,search
11389,296,2024-10-09 07:11:43,tablet,Ads,cart
11390,741,2020-10-24 08:35:44,desktop,Email,cart
11391,584,2024-06-22 17:47:00,mobile,Push Notification,cart
11392,1423,2020-02-14 10:17:36,desktop,Push Notification,cart
11393,828,2023-04-30 23:08:15,mobile,Direct,search
11394,1378,2024-04-13 03:01:29,tablet,Organic Search,search
11395,634,2021-11-04 23:58:26,desktop,Ads,search
11396,1543,2024-05-18 18:09:48,mobile,Paid Social,checkout
11397,411,2022-06-28 04:02:45,tablet,Paid Social,search
11398,550,2021-07-05 16:30:52,mobile,Push Notification,home
11399,156,2023-01-17 12:17:02,mobile,Email,cart
11400,1182,2024-12-26 14:29:13,tablet,Push Notification,home
11401,793,2020-01-24 07:49:14,mobile,Organic Search,cart
11402,1453,2020-08-11 13:26:21,mobile,Email,product
11403,1471,2021-01-31 00:12:00,mobile,Organic Search,checkout
11404,511,2021-09-14 04:29:21,mobile,Email,product
11405,63,2023-02-13 08:09:43,mobile,Organic Search,search
11406,1132,2024-11-24 13:05:47,mobile,Paid Social,checkout
11407,1516,2020-12-03 12:14:42,mobile,Paid Social,search
11408,1980,2021-04-11 15:24:08,mobile,Organic Search,checkout
11409,127,2023-06-14 20:31:42,mobile,Paid Social,cart
11410,437,2023-10-02 17:37:34,tablet,Organic Search,cart
11411,904,2021-06-23 12:37:13,tablet,Direct,cart
11412,1687,2020-10-30 17:34:48,tablet,Email,search
11413,1246,2022-01-06 02:18:54,mobile,Push Notification,checkout
11414,1325,2022-06-30 06:17:12,tablet,Organic Search,product
11415,1952,2022-05-17 12:48:39,desktop,Paid Social,search
11416,642,2024-12-09 08:19:12,mobile,Ads,search
11417,816,2021-10-22 11:35:29,mobile,Organic Search,product
11418,615,2023-10-06 01:37:14,mobile,Organic Search,cart
11419,1941,2021-05-21 20:50:20,desktop,Ads,home
11420,554,2021-10-13 07:36:21,desktop,Organic Search,checkout
11421,278,2020-04-05 00:46:41,mobile,Paid Social,product
11422,800,2020-10-15 09:58:58,tablet,Email,checkout
11423,1128,2022-08-21 06:16:43,tablet,Organic Search,product
11424,131,2024-10-26 12:04:21,desktop,Organic Search,cart
11425,1502,2024-08-25 20:58:09,mobile,Push Notification,cart
11426,1390,2023-09-27 18:06:58,tablet,Push Notification,product
11427,675,2022-10-07 18:30:25,mobile,Email,cart
11428,1932,2023-10-22 18:34:24,tablet,Email,search
11429,344,2023-06-24 11:36:09,tablet,Direct,home
11430,471,2023-02-01 07:59:35,tablet,Direct,cart
11431,700,2021-09-17 03:28:17,tablet,Push Notification,product
11432,399,2024-06-13 07:16:46,mobile,Organic Search,checkout
11433,132,2024-08-12 20:34:01,tablet,Push Notification,cart
11434,1318,2021-08-27 08:19:31,desktop,Ads,product
11435,492,2022-05-16 16:07:49,desktop,Paid Social,checkout
11436,1989,2021-09-21 10:39:40,desktop,Organic Search,cart
11437,665,2024-07-14 08:14:09,tablet,Ads,product
11438,954,2022-06-28 09:36:49,tablet,Ads,home
11439,461,2021-01-29 03:33:06,mobile,Push Notification,product
11440,120,2024-01-18 03:22:54,desktop,Ads,search
11441,348,2023-12-24 11:25:31,tablet,Push Notification,checkout
11442,855,2022-02-19 09:02:11,tablet,Ads,home
11443,183,2023-07-14 10:09:37,desktop,Push Notification,product
11444,1150,2021-06-21 03:17:58,mobile,Push Notification,home
11445,1927,2021-02-07 23:50:01,tablet,Organic Search,checkout
11446,727,2022-11-10 06:15:10,tablet,Push Notification,cart
11447,449,2022-09-15 11:05:25,desktop,Email,search
11448,1714,2024-08-18 15:26:17,mobile,Push Notification,home
11449,895,2020-01-03 12:47:47,desktop,Ads,checkout
11450,215,2020-05-16 09:02:05,tablet,Ads,cart
11451,131,2022-07-15 13:00:53,mobile,Paid Social,product
11452,930,2023-07-04 04:49:05,tablet,Organic Search,search
11453,29,2023-05-24 08:31:27,desktop,Organic Search,checkout
11454,849,2023-11-29 02:11:09,desktop,Email,cart
11455,1957,2023-11-21 11:37:10,tablet,Paid Social,cart
11456,1424,2023-02-06 03:58:22,tablet,Paid Social,checkout
11457,895,2023-11-08 05:42:55,tablet,Direct,home
11458,231,2024-08-12 15:32:42,tablet,Ads,product
11459,64,2022-12-21 06:29:46,desktop,Paid Social,cart
11460,1204,2024-12-29 20:03:31,tablet,Ads,product
11461,918,2020-02-13 12:50:32,tablet,Push Notification,product
11462,708,2021-01-06 14:10:32,tablet,Ads,search
11463,1458,2022-05-27 20:36:07,mobile,Push Notification,cart
11464,187,2024-08-26 22:38:53,tablet,Paid Social,product
11465,1067,2022-03-26 07:36:21,mobile,Direct,search
11466,1028,2021-09-04 16:56:01,mobile,Direct,cart
11467,1242,2023-07-31 09:30:23,tablet,Ads,cart
11468,17,2020-12-16 07:09:20,mobile,Push Notification,search
11469,866,2020-07-10 01:20:06,mobile,Email,checkout
11470,1167,2022-05-25 20:54:22,tablet,Email,product
11471,226,2022-11-10 19:06:30,mobile,Paid Social,home
11472,677,2024-08-18 17:25:00,tablet,Organic Search,search
11473,435,2020-10-04 07:44:16,mobile,Ads,product
11474,1238,2020-12-31 06:54:02,mobile,Organic Search,product
11475,552,2023-07-22 07:09:16,mobile,Email,cart
11476,1988,2021-10-31 19:45:10,tablet,Organic Search,cart
11477,1207,2023-05-25 16:02:41,tablet,Email,product
11478,1707,2021-07-13 16:51:34,tablet,Direct,product
11479,12,2022-04-09 10:24:33,tablet,Organic Search,search
11480,42,2021-06-25 18:54:22,mobile,Organic Search,product
11481,1933,2024-09-05 21:26:38,tablet,Organic Search,search
11482,1121,2024-02-06 05:13:18,tablet,Organic Search,checkout
11483,1142,2020-05-15 08:58:23,mobile,Email,checkout
11484,435,2020-08-15 04:16:45,desktop,Ads,home
11485,1182,2020-12-05 00:30:45,tablet,Paid Social,search
11486,863,2024-03-29 20:02:38,tablet,Push Notification,cart
11487,100,2021-10-25 15:33:36,desktop,Push Notification,cart
11488,857,2023-07-06 19:02:24,desktop,Paid Social,product
11489,1827,2021-07-16 14:11:15,mobile,Ads,checkout
11490,1974,2020-12-16 14:30:37,desktop,Direct,checkout
11491,1794,2023-08-13 21:09:58,desktop,Ads,product
11492,1460,2022-11-08 16:48:37,tablet,Email,checkout
11493,1289,2020-12-17 18:31:29,mobile,Ads,product
11494,1330,2021-05-27 09:54:13,mobile,Push Notification,home
11495,1958,2020-11-06 02:15:14,tablet,Ads,search
11496,537,2021-03-29 01:47:46,mobile,Push Notification,product
11497,222,2023-12-28 21:52:49,tablet,Email,search
11498,1572,2022-11-08 18:54:48,desktop,Push Notification,checkout
11499,1484,2021-11-06 14:18:58,tablet,Push Notification,cart
11500,444,2023-03-09 03:59:20,tablet,Direct,home
11501,905,2022-12-04 08:50:48,desktop,Email,cart
11502,1946,2022-02-26 04:34:18,tablet,Push Notification,checkout
11503,1287,2021-05-19 00:52:30,tablet,Organic Search,search
11504,1087,2024-05-10 19:09:23,mobile,Push Notification,checkout
11505,1116,2023-08-04 09:36:16,tablet,Ads,product
11506,448,2024-07-26 21:44:10,tablet,Organic Search,cart
11507,1955,2023-02-26 20:23:22,desktop,Paid Social,search
11508,967,2022-10-20 06:07:45,mobile,Organic Search,cart
11509,1757,2023-01-20 00:23:25,mobile,Ads,product
11510,873,2021-03-20 23:11:25,mobile,Organic Search,home
11511,6,2023-01-29 09:39:30,mobile,Direct,product
11512,1188,2021-08-20 13:41:01,mobile,Email,checkout
11513,1032,2020-11-16 22:57:41,desktop,Email,checkout
11514,1210,2023-04-10 12:12:42,desktop,Paid Social,checkout
11515,565,2022-09-18 18:14:45,mobile,Email,search
11516,340,2021-11-23 19:58:55,desktop,Paid Social,cart
11517,1862,2021-02-02 07:02:22,desktop,Push Notification,home
11518,1361,2020-03-21 17:54:29,desktop,Ads,search
11519,1532,2023-03-10 06:47:28,tablet,Ads,home
11520,317,2024-09-12 06:08:16,desktop,Ads,home
11521,1638,2022-04-29 03:29:04,tablet,Direct,cart
11522,1701,2022-02-23 19:31:55,mobile,Push Notification,checkout
11523,1777,2022-08-26 09:16:23,desktop,Direct,search
11524,1467,2020-11-10 17:03:10,tablet,Email,product
11525,732,2022-11-13 08:21:56,mobile,Organic Search,home
11526,860,2020-01-28 20:00:38,desktop,Ads,home
11527,516,2021-02-10 20:32:20,mobile,Paid Social,search
11528,1592,2023-12-14 22:55:27,desktop,Ads,search
11529,1580,2024-06-20 14:01:58,tablet,Push Notification,cart
11530,1290,2020-05-09 18:56:16,mobile,Paid Social,home
11531,1871,2020-05-20 08:49:21,desktop,Push Notification,product
11532,119,2023-11-29 22:06:43,desktop,Ads,product
11533,1454,2021-03-14 16:39:01,desktop,Organic Search,cart
11534,1447,2023-10-10 06:12:44,tablet,Ads,checkout
11535,1889,2020-03-07 13:49:21,tablet,Ads,search
11536,616,2023-05-19 17:15:32,mobile,Push Notification,checkout
11537,1655,2020-03-23 00:27:12,tablet,Paid Social,search
11538,1613,2022-03-30 22:00:35,mobile,Organic Search,product
11539,523,2022-02-26 03:38:44,desktop,Ads,search
11540,1301,2024-08-23 04:11:57,tablet,Direct,cart
11541,954,2020-08-24 13:29:05,desktop,Push Notification,home
11542,1532,2023-11-11 00:36:45,tablet,Paid Social,search
11543,733,2024-08-19 02:12:04,desktop,Direct,product
11544,1769,2022-07-08 01:08:30,desktop,Email,home
11545,1095,2024-03-03 11:34:32,mobile,Ads,search
11546,1341,2021-06-08 08:04:28,tablet,Push Notification,product
11547,1608,2020-01-22 19:44:43,desktop,Push Notification,cart
11548,394,2023-01-09 00:46:18,tablet,Push Notification,cart
11549,1946,2023-03-27 11:12:54,desktop,Push Notification,home
11550,1272,2021-03-24 18:15:31,mobile,Direct,checkout
11551,874,2023-09-23 22:12:47,mobile,Ads,home
11552,1057,2024-10-02 07:27:57,tablet,Email,home
11553,1807,2023-08-07 17:42:09,mobile,Push Notification,product
11554,1478,2022-03-29 12:41:59,tablet,Push Notification,home
11555,473,2024-04-09 14:58:19,tablet,Email,checkout
11556,178,2023-07-05 03:30:19,tablet,Direct,product
11557,764,2025-01-01 14:32:08,desktop,Paid Social,home
11558,1944,2022-01-15 06:29:08,desktop,Paid Social,search
11559,559,2022-12-15 18:33:21,tablet,Ads,product
11560,1988,2021-07-22 19:52:53,mobile,Paid Social,checkout
11561,370,2021-12-10 04:19:26,mobile,Email,checkout
11562,711,2022-02-09 04:20:32,mobile,Paid Social,home
11563,282,2024-05-12 03:22:24,mobile,Direct,checkout
11564,292,2023-04-14 09:31:50,tablet,Email,product
11565,1754,2021-07-08 04:58:14,tablet,Organic Search,checkout
11566,1944,2023-01-30 19:14:45,mobile,Push Notification,checkout
11567,1301,2021-08-03 05:05:14,desktop,Push Notification,product
11568,726,2021-07-12 10:59:24,tablet,Email,checkout
11569,1868,2024-08-19 09:20:38,desktop,Ads,checkout
11570,229,2020-05-14 21:23:41,tablet,Organic Search,cart
11571,1286,2021-06-19 13:50:08,desktop,Paid Social,cart
11572,928,2022-11-14 11:50:42,mobile,Organic Search,home
11573,538,2021-02-17 23:03:06,desktop,Push Notification,product
11574,806,2023-09-07 00:43:23,mobile,Direct,search
11575,397,2023-12-27 09:10:09,mobile,Paid Social,cart
11576,771,2021-12-19 15:52:00,desktop,Paid Social,search
11577,1428,2020-06-28 02:35:06,desktop,Push Notification,cart
11578,1796,2024-06-13 14:42:44,mobile,Direct,checkout
11579,417,2023-07-27 04:41:31,desktop,Direct,cart
11580,671,2020-10-17 00:23:40,mobile,Email,cart
11581,1553,2020-09-24 23:14:05,tablet,Organic Search,cart
11582,699,2021-03-05 20:29:52,desktop,Email,product
11583,472,2022-06-27 08:41:09,desktop,Organic Search,checkout
11584,539,2020-01-11 05:28:51,desktop,Paid Social,product
11585,1479,2021-09-03 05:43:29,desktop,Email,search
11586,247,2023-05-04 06:46:56,desktop,Ads,cart
11587,1084,2022-07-14 20:43:50,desktop,Direct,checkout
11588,444,2022-04-24 03:21:01,mobile,Organic Search,home
11589,663,2023-08-25 14:51:04,tablet,Direct,product
11590,1888,2022-06-24 17:25:58,desktop,Push Notification,home
11591,11,2022-05-28 18:28:23,tablet,Paid Social,checkout
11592,952,2024-01-26 09:23:59,desktop,Push Notification,cart
11593,4,2022-11-20 09:51:23,mobile,Email,cart
11594,1374,2022-10-03 02:37:25,desktop,Paid Social,product
11595,1291,2024-12-22 23:52:36,tablet,Direct,cart
11596,1466,2020-11-09 14:18:01,mobile,Ads,checkout
11597,1516,2023-06-15 00:44:15,mobile,Ads,checkout
11598,923,2023-01-25 03:11:39,desktop,Organic Search,search
11599,99,2020-07-21 22:15:04,tablet,Direct,product
11600,294,2020-03-25 17:45:36,desktop,Ads,checkout
11601,1122,2023-07-22 15:04:03,mobile,Direct,cart
11602,247,2021-07-07 00:04:46,desktop,Paid Social,cart
11603,467,2022-11-04 05:06:00,mobile,Organic Search,checkout
11604,1711,2021-02-23 04:31:42,tablet,Ads,product
11605,1418,2021-02-28 12:40:16,tablet,Organic Search,home
11606,1234,2020-11-14 04:15:36,mobile,Direct,search
11607,693,2022-09-29 14:44:47,tablet,Organic Search,search
11608,644,2023-06-06 13:47:01,desktop,Push Notification,product
11609,1205,2024-11-03 18:29:59,tablet,Push Notification,cart
11610,282,2020-07-22 21:29:35,desktop,Ads,search
11611,12,2020-12-02 14:52:12,desktop,Direct,cart
11612,687,2022-06-29 02:52:27,tablet,Direct,cart
11613,1476,2021-08-30 05:14:43,mobile,Organic Search,search
11614,1495,2024-12-19 14:45:23,tablet,Direct,product
11615,790,2020-12-18 04:50:20,tablet,Direct,home
11616,118,2022-08-23 02:18:55,mobile,Push Notification,cart
11617,1378,2023-05-27 18:57:00,tablet,Paid Social,search
11618,1895,2023-02-19 05:48:47,tablet,Push Notification,checkout
11619,476,2021-10-29 21:37:38,mobile,Paid Social,product
11620,888,2024-05-03 12:18:10,desktop,Ads,cart
11621,1073,2021-11-20 10:38:17,tablet,Direct,cart
11622,795,2023-01-26 02:11:46,mobile,Direct,home
11623,1413,2022-12-09 02:59:59,tablet,Organic Search,product
11624,529,2024-01-09 04:36:54,mobile,Direct,product
11625,342,2020-01-09 10:45:18,desktop,Organic Search,product
11626,889,2024-01-19 22:16:29,tablet,Push Notification,search
11627,1180,2020-02-28 20:40:43,mobile,Ads,home
11628,1763,2021-12-18 17:10:38,tablet,Push Notification,checkout
11629,900,2021-06-17 06:37:44,desktop,Email,checkout
11630,742,2021-04-13 12:40:58,mobile,Direct,product
11631,820,2021-08-24 21:20:02,desktop,Push Notification,cart
11632,1497,2024-05-25 22:32:25,mobile,Ads,product
11633,778,2020-08-11 02:51:15,tablet,Push Notification,product
11634,240,2022-02-28 20:28:20,desktop,Direct,cart
11635,1605,2021-07-09 15:17:30,tablet,Ads,product
11636,302,2022-01-22 00:05:05,mobile,Push Notification,product
11637,1080,2022-09-15 20:20:04,tablet,Push Notification,cart
11638,1043,2021-08-03 09:08:02,mobile,Organic Search,cart
11639,1680,2020-07-22 23:09:13,tablet,Direct,cart
11640,154,2021-09-18 10:44:08,mobile,Direct,home
11641,631,2024-12-12 01:14:28,tablet,Direct,search
11642,1626,2022-06-19 00:53:20,mobile,Email,home
11643,706,2022-12-20 15:02:03,desktop,Ads,checkout
11644,406,2020-02-25 00:23:22,desktop,Email,cart
11645,1949,2022-03-18 23:59:39,tablet,Organic Search,search
11646,1044,2020-05-18 07:27:48,mobile,Push Notification,product
11647,1081,2022-07-27 23:24:45,tablet,Organic Search,home
11648,899,2021-01-28 03:21:11,tablet,Direct,product
11649,535,2023-07-02 05:04:28,desktop,Push Notification,cart
11650,1813,2023-05-23 13:22:36,mobile,Email,checkout
11651,1752,2020-09-14 16:58:22,desktop,Email,product
11652,1534,2020-07-25 05:19:54,mobile,Direct,cart
11653,1582,2020-01-13 12:52:30,mobile,Direct,checkout
11654,876,2023-08-02 14:57:52,tablet,Email,cart
11655,1247,2020-08-14 18:48:01,mobile,Organic Search,cart
11656,226,2020-04-01 02:38:42,mobile,Paid Social,search
11657,1373,2023-06-30 19:34:55,tablet,Direct,cart
11658,549,2021-07-07 12:10:38,mobile,Email,checkout
11659,652,2022-03-22 22:51:50,desktop,Direct,cart
11660,1992,2023-07-27 05:00:49,tablet,Paid Social,product
11661,1758,2023-02-26 21:21:57,tablet,Direct,checkout
11662,1523,2023-10-09 23:28:37,tablet,Ads,checkout
11663,1216,2020-11-12 18:59:44,mobile,Direct,checkout
11664,434,2022-05-14 12:44:01,desktop,Organic Search,product
11665,1746,2020-01-19 19:02:39,mobile,Ads,product
11666,597,2024-11-26 12:13:39,tablet,Paid Social,search
11667,398,2021-09-27 09:04:19,desktop,Organic Search,home
11668,1335,2022-04-17 10:10:45,tablet,Push Notification,cart
11669,194,2023-03-31 07:28:18,desktop,Direct,search
11670,1219,2020-05-07 08:45:38,tablet,Direct,product
11671,1812,2022-11-05 20:14:26,desktop,Direct,home
11672,1371,2024-12-11 11:14:44,desktop,Paid Social,product
11673,1546,2020-09-12 16:57:38,mobile,Direct,search
11674,1544,2021-12-29 23:26:12,tablet,Organic Search,product
11675,1796,2022-06-17 14:43:14,mobile,Ads,product
11676,1395,2020-12-23 16:11:23,mobile,Email,product
11677,1088,2020-11-12 03:39:39,desktop,Paid Social,checkout
11678,1714,2023-11-14 23:34:31,mobile,Ads,home
11679,985,2024-07-29 04:13:32,desktop,Organic Search,search
11680,1006,2021-11-28 17:27:22,desktop,Organic Search,checkout
11681,435,2020-08-27 13:32:04,tablet,Organic Search,checkout
11682,1678,2020-04-29 11:12:16,mobile,Paid Social,product
11683,465,2024-08-15 17:27:59,tablet,Ads,home
11684,1398,2024-09-22 04:23:57,tablet,Organic Search,home
11685,460,2024-08-25 06:51:36,mobile,Direct,home
11686,802,2020-03-28 01:37:52,tablet,Ads,home
11687,1503,2020-12-27 22:22:05,mobile,Ads,product
11688,1451,2024-05-21 18:09:11,desktop,Organic Search,product
11689,822,2024-10-02 05:43:50,desktop,Organic Search,cart
11690,1690,2021-01-04 17:47:46,mobile,Ads,search
11691,1069,2022-06-27 16:35:47,mobile,Email,search
11692,1220,2024-01-31 11:07:35,mobile,Push Notification,product
11693,1278,2022-11-29 06:17:15,desktop,Push Notification,product
11694,760,2020-10-03 17:46:20,desktop,Organic Search,cart
11695,1408,2022-04-12 16:45:01,desktop,Paid Social,checkout
11696,270,2020-10-12 22:53:37,tablet,Paid Social,search
11697,129,2022-11-19 19:31:38,desktop,Push Notification,product
11698,1048,2022-05-07 04:48:26,desktop,Organic Search,checkout
11699,265,2022-10-06 15:27:44,mobile,Push Notification,home
11700,307,2021-04-13 19:54:35,desktop,Paid Social,search
11701,211,2020-12-11 21:45:24,tablet,Direct,checkout
11702,778,2021-03-29 17:33:18,tablet,Organic Search,home
11703,1336,2021-09-18 22:33:13,mobile,Ads,home
11704,573,2022-10-25 03:04:47,desktop,Email,product
11705,1690,2022-04-05 10:12:35,tablet,Paid Social,product
11706,766,2024-07-17 00:38:48,mobile,Paid Social,cart
11707,72,2020-04-20 17:02:10,desktop,Organic Search,cart
11708,1626,2021-01-01 09:42:37,desktop,Email,home
11709,1726,2022-03-24 22:18:14,desktop,Ads,checkout
11710,614,2023-09-16 22:06:05,tablet,Organic Search,product
11711,398,2020-05-30 01:13:58,desktop,Email,home
11712,1546,2024-10-07 15:49:03,desktop,Organic Search,search
11713,1438,2022-03-27 07:55:00,mobile,Organic Search,checkout
11714,717,2024-06-20 23:23:22,tablet,Organic Search,checkout
11715,1833,2020-11-02 02:54:38,tablet,Paid Social,checkout
11716,866,2023-07-04 00:54:03,tablet,Email,checkout
11717,1632,2020-12-16 01:35:38,desktop,Ads,cart
11718,448,2021-03-30 10:40:33,tablet,Paid Social,cart
11719,785,2023-03-14 02:40:36,tablet,Push Notification,search
11720,1744,2020-12-29 08:17:21,tablet,Email,search
11721,1409,2024-03-17 11:05:25,desktop,Push Notification,product
11722,1377,2024-03-05 06:23:07,desktop,Email,home
11723,653,2020-02-19 17:59:00,tablet,Organic Search,search
11724,173,2020-06-11 00:10:22,mobile,Ads,checkout
11725,996,2020-01-07 20:09:53,tablet,Organic Search,cart
11726,1857,2022-09-08 02:15:10,tablet,Push Notification,home
11727,993,2023-01-13 12:02:43,desktop,Organic Search,product
11728,1751,2023-06-12 07:43:30,tablet,Direct,product
11729,1980,2024-01-22 13:45:37,desktop,Organic Search,cart
11730,33,2024-01-04 22:54:42,mobile,Paid Social,cart
11731,1936,2022-04-19 05:30:54,desktop,Push Notification,home
11732,898,2021-11-29 20:46:16,mobile,Paid Social,checkout
11733,430,2022-01-22 15:58:48,tablet,Organic Search,home
11734,1240,2021-03-05 19:17:54,mobile,Paid Social,search
11735,310,2021-11-13 13:25:49,tablet,Direct,search
11736,1988,2024-10-30 02:20:21,tablet,Push Notification,product
11737,23,2023-07-10 12:45:56,mobile,Organic Search,checkout
11738,541,2024-11-04 22:14:39,mobile,Direct,product
11739,1225,2021-03-23 05:49:40,mobile,Paid Social,checkout
11740,60,2020-06-22 18:23:27,mobile,Direct,home
11741,1356,2023-12-04 22:52:44,tablet,Organic Search,cart
11742,104,2023-05-07 15:14:05,mobile,Push Notification,checkout
11743,2,2024-11-01 06:45:57,mobile,Paid Social,home
11744,412,2023-12-08 22:51:13,tablet,Push Notification,home
11745,858,2021-07-26 05:15:18,mobile,Direct,product
11746,1414,2022-12-14 03:54:56,mobile,Email,cart
11747,36,2022-01-28 21:53:13,tablet,Organic Search,checkout
11748,263,2021-12-04 19:37:07,mobile,Paid Social,search
11749,1347,2020-10-11 17:08:11,desktop,Paid Social,search
11750,1765,2020-10-13 08:16:57,tablet,Organic Search,checkout
11751,1247,2023-09-15 23:11:08,mobile,Email,search
11752,1941,2020-02-20 18:59:31,desktop,Email,home
11753,192,2020-07-05 16:45:46,desktop,Organic Search,cart
11754,1579,2021-12-10 06:10:26,desktop,Organic Search,cart
11755,620,2021-09-16 05:35:46,desktop,Ads,cart
11756,1510,2020-12-17 16:50:51,tablet,Paid Social,home
11757,1599,2021-01-22 19:39:45,tablet,Direct,search
11758,301,2022-09-15 13:35:10,mobile,Ads,checkout
11759,1982,2022-04-07 23:40:21,tablet,Push Notification,cart
11760,1449,2021-07-13 10:51:29,tablet,Organic Search,product
11761,1406,2020-09-17 18:51:28,tablet,Direct,product
11762,1362,2024-08-18 13:24:45,mobile,Ads,product
11763,1454,2020-02-05 02:31:27,mobile,Ads,home
11764,1419,2020-05-01 18:15:30,desktop,Ads,cart
11765,832,2021-05-11 19:06:05,mobile,Paid Social,cart
11766,421,2023-07-28 14:52:00,desktop,Ads,search
11767,574,2023-04-05 05:49:53,mobile,Email,checkout
11768,717,2020-05-11 18:45:44,desktop,Ads,home
11769,1979,2021-05-05 22:12:52,desktop,Paid Social,home
11770,1896,2020-08-25 02:09:42,tablet,Ads,home
11771,1913,2021-10-05 13:58:32,tablet,Paid Social,checkout
11772,1462,2020-06-06 12:42:56,desktop,Organic Search,checkout
11773,406,2022-02-12 19:08:22,mobile,Paid Social,product
11774,417,2020-12-01 06:10:02,mobile,Ads,home
11775,1247,2020-09-21 14:33:52,tablet,Push Notification,search
11776,355,2022-03-25 15:18:32,tablet,Ads,checkout
11777,1905,2021-05-13 17:58:26,desktop,Direct,cart
11778,690,2020-01-03 08:58:08,tablet,Push Notification,product
11779,9,2023-01-12 20:05:17,tablet,Ads,home
11780,770,2021-04-26 04:24:22,tablet,Ads,checkout
11781,1858,2024-08-26 06:24:10,mobile,Paid Social,search
11782,247,2023-01-25 07:36:33,mobile,Ads,search
11783,1133,2022-12-20 09:34:03,mobile,Paid Social,home
11784,654,2020-10-24 06:08:27,desktop,Email,cart
11785,9,2022-04-23 01:55:00,mobile,Paid Social,cart
11786,375,2020-08-27 22:55:01,desktop,Push Notification,checkout
11787,287,2021-11-21 10:08:54,desktop,Paid Social,checkout
11788,982,2020-11-30 10:32:17,tablet,Email,product
11789,996,2022-08-19 09:21:31,mobile,Direct,cart
11790,1847,2022-01-31 15:26:28,tablet,Ads,product
11791,1774,2020-09-08 22:47:59,tablet,Direct,search
11792,939,2020-11-04 12:43:03,desktop,Ads,home
11793,959,2023-12-21 01:14:13,desktop,Organic Search,home
11794,317,2021-04-16 00:40:54,desktop,Push Notification,search
11795,345,2022-11-07 08:52:52,mobile,Ads,cart
11796,1436,2020-09-09 12:11:48,mobile,Paid Social,search
11797,222,2022-02-02 04:32:22,desktop,Direct,search
11798,123,2023-03-23 23:45:55,desktop,Email,product
11799,1438,2023-05-14 10:53:00,desktop,Paid Social,cart
11800,1368,2022-04-01 23:07:46,desktop,Email,search
11801,754,2021-07-14 06:33:28,desktop,Paid Social,home
11802,163,2022-07-21 13:03:52,tablet,Push Notification,product
11803,1217,2023-05-15 19:46:55,mobile,Email,cart
11804,1989,2022-03-31 19:37:43,tablet,Organic Search,product
11805,1665,2022-08-17 22:00:32,tablet,Organic Search,checkout
11806,314,2020-08-03 07:51:50,tablet,Paid Social,cart
11807,424,2022-11-20 23:35:09,mobile,Push Notification,cart
11808,438,2021-05-30 04:18:44,desktop,Organic Search,search
11809,5,2023-07-27 00:22:25,desktop,Ads,checkout
11810,1049,2021-06-18 11:27:29,mobile,Ads,cart
11811,1073,2022-06-16 08:59:17,tablet,Direct,home
11812,1759,2020-03-11 02:57:25,desktop,Ads,home
11813,627,2022-05-23 09:44:22,tablet,Paid Social,product
11814,1600,2022-04-03 05:15:23,desktop,Organic Search,checkout
11815,487,2021-10-05 01:55:11,tablet,Ads,home
11816,529,2023-02-26 02:20:40,mobile,Ads,checkout
11817,1719,2020-08-08 08:25:19,mobile,Email,checkout
11818,1018,2020-09-22 00:13:39,desktop,Push Notification,cart
11819,1729,2020-03-18 17:12:38,mobile,Paid Social,home
11820,157,2023-10-30 14:57:03,mobile,Email,cart
11821,1232,2020-07-28 09:18:47,tablet,Direct,product
11822,1658,2024-07-12 01:51:49,tablet,Push Notification,home
11823,1184,2023-11-04 02:10:57,tablet,Paid Social,search
11824,512,2024-10-22 07:42:52,tablet,Organic Search,product
11825,118,2024-11-13 03:24:47,tablet,Push Notification,product
11826,1201,2023-02-04 00:40:52,tablet,Paid Social,checkout
11827,592,2023-08-27 18:32:48,desktop,Email,search
11828,1648,2021-08-09 09:53:59,tablet,Paid Social,home
11829,639,2020-04-17 02:08:44,mobile,Direct,home
11830,1062,2020-03-27 09:28:45,tablet,Organic Search,search
11831,412,2020-02-09 12:53:54,mobile,Direct,cart
11832,1958,2024-02-08 10:28:10,mobile,Ads,cart
11833,908,2024-04-19 04:22:04,desktop,Direct,checkout
11834,1582,2021-07-04 17:05:07,mobile,Paid Social,search
11835,176,2023-06-06 04:07:50,mobile,Ads,home
11836,1777,2020-12-05 14:25:18,desktop,Paid Social,search
11837,1870,2024-01-16 15:07:34,tablet,Ads,home
11838,900,2020-01-16 05:15:53,desktop,Email,search
11839,1264,2024-05-25 08:14:01,desktop,Push Notification,product
11840,690,2023-04-25 19:02:49,mobile,Ads,checkout
11841,1528,2020-06-03 05:56:09,desktop,Organic Search,cart
11842,1454,2020-04-09 12:51:04,desktop,Organic Search,cart
11843,886,2022-01-19 02:16:59,desktop,Paid Social,home
11844,1400,2021-11-14 00:05:15,tablet,Push Notification,home
11845,1480,2023-01-15 22:02:16,desktop,Email,product
11846,1795,2023-07-13 03:05:23,desktop,Push Notification,product
11847,1134,2020-11-11 05:04:06,mobile,Ads,cart
11848,291,2020-09-21 15:55:21,mobile,Email,home
11849,1175,2024-03-21 07:47:32,mobile,Ads,checkout
11850,990,2024-04-14 02:58:30,mobile,Paid Social,product
11851,1454,2022-01-12 00:08:37,mobile,Email,product
11852,970,2020-05-13 01:16:41,mobile,Organic Search,product
11853,1256,2023-10-23 09:09:43,mobile,Email,cart
11854,914,2021-12-04 02:03:16,tablet,Email,search
11855,1961,2023-05-15 05:28:50,mobile,Push Notification,cart
11856,30,2021-09-02 05:09:48,desktop,Paid Social,cart
11857,1158,2020-08-27 20:03:47,desktop,Ads,product
11858,38,2024-05-25 23:11:13,tablet,Push Notification,checkout
11859,575,2021-08-29 13:00:42,desktop,Email,checkout
11860,360,2022-06-07 11:21:19,tablet,Organic Search,search
11861,367,2023-04-27 01:31:56,desktop,Ads,cart
11862,449,2021-07-22 11:05:22,mobile,Ads,search
11863,568,2024-03-16 13:21:04,tablet,Direct,search
11864,1775,2020-09-30 11:13:33,mobile,Paid Social,cart
11865,723,2021-09-12 18:32:32,mobile,Email,cart
11866,1089,2022-10-28 03:33:16,mobile,Email,checkout
11867,736,2024-02-12 21:50:51,desktop,Email,search
11868,2,2021-06-17 16:08:54,desktop,Organic Search,checkout
11869,1342,2023-08-02 04:00:51,tablet,Email,product
11870,1273,2021-09-21 13:24:21,tablet,Paid Social,cart
11871,91,2021-09-15 11:06:20,desktop,Direct,cart
11872,1324,2020-06-11 11:25:11,tablet,Organic Search,checkout
11873,1525,2024-07-23 11:01:36,mobile,Push Notification,product
11874,1674,2022-06-20 09:11:05,tablet,Paid Social,search
11875,907,2020-06-01 08:31:45,desktop,Organic Search,search
11876,1879,2024-07-15 19:41:50,desktop,Direct,home
11877,562,2023-11-12 02:33:59,tablet,Direct,search
11878,1702,2023-08-28 08:41:37,mobile,Push Notification,home
11879,1439,2021-05-22 19:03:26,tablet,Ads,cart
11880,543,2021-06-23 08:02:58,tablet,Organic Search,cart
11881,966,2024-12-15 17:02:47,desktop,Organic Search,cart
11882,887,2022-04-28 23:27:21,tablet,Push Notification,cart
11883,1947,2023-08-07 22:22:37,desktop,Organic Search,cart
11884,356,2022-11-24 09:22:33,desktop,Email,search
11885,1221,2023-03-24 01:14:17,mobile,Paid Social,search
11886,439,2022-11-04 10:33:28,mobile,Ads,product
11887,896,2021-03-08 14:15:42,tablet,Email,home
11888,1744,2024-11-22 22:20:15,tablet,Direct,checkout
11889,1985,2022-07-07 01:51:24,tablet,Email,checkout
11890,1123,2020-09-29 12:42:01,desktop,Organic Search,search
11891,1675,2020-09-03 16:12:00,desktop,Direct,cart
11892,109,2024-01-29 05:28:33,mobile,Direct,product
11893,1960,2021-07-07 22:51:09,tablet,Ads,cart
11894,1570,2024-05-29 00:03:58,mobile,Ads,search
11895,1183,2022-05-26 06:11:45,desktop,Organic Search,search
11896,798,2023-04-20 01:56:21,tablet,Email,cart
11897,221,2024-11-13 04:22:32,tablet,Direct,cart
11898,1128,2021-03-29 21:26:31,desktop,Push Notification,search
11899,1133,2022-01-18 21:28:34,mobile,Ads,cart
11900,1130,2022-07-13 11:34:20,mobile,Push Notification,cart
11901,1820,2024-09-20 16:54:03,mobile,Direct,search
11902,994,2022-08-06 20:42:17,mobile,Email,cart
11903,1401,2022-08-18 06:03:36,desktop,Direct,checkout
11904,234,2023-01-28 12:39:16,desktop,Organic Search,home
11905,1750,2022-07-31 20:24:40,tablet,Push Notification,home
11906,169,2022-08-07 06:42:45,tablet,Email,home
11907,778,2020-04-12 09:27:44,desktop,Organic Search,search
11908,1886,2024-06-06 16:32:14,mobile,Organic Search,checkout
11909,498,2020-02-04 05:15:36,desktop,Direct,checkout
11910,1676,2023-12-10 09:55:19,tablet,Paid Social,checkout
11911,1760,2024-03-23 21:45:07,tablet,Direct,cart
11912,1858,2022-08-18 14:05:03,desktop,Direct,product
11913,693,2024-08-04 10:36:41,desktop,Push Notification,search
11914,860,2020-11-08 01:45:58,mobile,Direct,cart
11915,1139,2022-02-13 09:34:50,tablet,Organic Search,cart
11916,1916,2023-07-30 22:56:51,tablet,Organic Search,product
11917,1744,2024-12-26 19:45:48,desktop,Push Notification,home
11918,1312,2022-09-17 22:27:23,tablet,Ads,checkout
11919,910,2022-12-07 10:58:54,desktop,Push Notification,product
11920,1995,2021-03-16 16:07:12,tablet,Email,search
11921,813,2023-06-09 15:29:36,desktop,Email,checkout
11922,1088,2022-08-01 18:57:39,mobile,Email,home
11923,479,2021-11-02 17:57:28,desktop,Direct,search
11924,1451,2021-11-05 20:56:17,mobile,Email,home
11925,983,2024-04-13 04:49:37,tablet,Email,search
11926,1658,2021-08-12 16:10:04,desktop,Direct,home
11927,745,2020-06-07 20:21:41,mobile,Paid Social,product
11928,1869,2022-12-28 20:24:06,mobile,Organic Search,cart
11929,1493,2022-06-12 05:51:56,tablet,Paid Social,product
11930,262,2024-12-19 23:00:29,desktop,Email,cart
11931,1102,2022-10-07 11:16:06,mobile,Email,checkout
11932,609,2024-09-13 17:29:53,mobile,Email,home
11933,1092,2022-10-28 10:14:30,desktop,Paid Social,cart
11934,861,2021-04-23 21:39:39,mobile,Organic Search,home
11935,82,2022-08-29 10:28:44,mobile,Direct,search
11936,1280,2023-04-26 06:21:21,tablet,Direct,search
11937,1794,2022-03-26 03:58:42,mobile,Paid Social,checkout
11938,892,2020-09-07 18:50:32,tablet,Organic Search,home
11939,1288,2021-02-16 22:48:14,tablet,Organic Search,home
11940,686,2021-03-08 00:14:31,tablet,Direct,search
11941,476,2024-12-20 12:23:05,tablet,Direct,search
11942,172,2024-01-14 18:08:56,desktop,Direct,cart
11943,1877,2020-04-27 04:39:44,tablet,Push Notification,cart
11944,1918,2021-05-09 06:18:03,tablet,Paid Social,product
11945,583,2024-12-12 20:37:04,mobile,Email,search
11946,1165,2021-09-24 04:45:12,mobile,Organic Search,checkout
11947,799,2023-02-11 20:17:46,tablet,Paid Social,cart
11948,324,2021-01-27 08:42:05,desktop,Push Notification,checkout
11949,643,2024-07-29 16:56:20,desktop,Direct,home
11950,238,2020-03-10 00:57:31,desktop,Email,search
11951,1084,2020-04-21 22:00:45,tablet,Ads,product
11952,418,2020-11-02 04:50:41,tablet,Paid Social,checkout
11953,1941,2023-03-23 16:27:03,desktop,Push Notification,product
11954,960,2023-07-05 00:08:30,mobile,Direct,checkout
11955,1767,2023-06-21 10:57:44,desktop,Email,checkout
11956,274,2020-06-15 19:15:54,desktop,Direct,cart
11957,1655,2022-07-29 12:19:54,mobile,Direct,search
11958,281,2023-11-10 14:25:05,mobile,Direct,checkout
11959,1774,2021-04-05 17:37:59,tablet,Ads,cart
11960,1568,2024-10-11 13:00:33,desktop,Email,home
11961,1408,2021-01-17 19:58:19,tablet,Push Notification,cart
11962,1081,2024-03-05 13:48:11,tablet,Email,product
11963,918,2020-10-31 23:29:03,desktop,Email,search
11964,658,2022-12-06 10:21:38,desktop,Direct,home
11965,734,2021-11-04 15:20:54,mobile,Push Notification,search
11966,876,2021-04-16 21:46:49,desktop,Organic Search,search
11967,262,2024-06-18 10:02:53,tablet,Ads,product
11968,710,2020-01-29 16:00:06,desktop,Paid Social,cart
11969,1382,2021-08-11 01:14:58,mobile,Direct,search
11970,830,2023-08-13 19:52:27,tablet,Organic Search,search
11971,1229,2020-01-29 03:01:25,tablet,Email,product
11972,1601,2024-05-13 06:12:13,tablet,Direct,home
11973,92,2021-05-12 11:39:17,tablet,Paid Social,home
11974,1823,2023-04-18 15:24:33,mobile,Organic Search,product
11975,1619,2024-07-30 16:24:18,tablet,Push Notification,home
11976,1544,2023-04-17 00:50:33,tablet,Ads,product
11977,34,2022-01-26 05:36:04,mobile,Push Notification,checkout
11978,766,2022-12-19 01:55:59,desktop,Organic Search,checkout
11979,155,2020-07-15 16:14:32,tablet,Paid Social,cart
11980,1372,2021-07-25 20:15:59,mobile,Email,home
11981,1025,2020-08-26 13:30:49,tablet,Paid Social,cart
11982,579,2024-10-13 07:17:51,tablet,Paid Social,checkout
11983,1187,2022-06-17 17:07:16,tablet,Email,home
11984,36,2023-09-19 09:31:37,mobile,Paid Social,cart
11985,419,2021-10-24 11:28:50,tablet,Ads,product
11986,1215,2020-12-14 02:43:33,desktop,Email,cart
11987,437,2020-07-23 17:32:45,desktop,Email,home
11988,375,2024-03-09 21:54:08,tablet,Push Notification,product
11989,67,2022-12-25 13:05:39,desktop,Push Notification,home
11990,658,2021-03-28 03:58:10,mobile,Paid Social,home
11991,1237,2023-04-30 15:29:59,desktop,Email,home
11992,129,2021-05-19 21:12:21,desktop,Organic Search,checkout
11993,42,2023-11-18 08:01:38,tablet,Email,product
11994,1866,2023-07-23 02:34:13,mobile,Email,product
11995,513,2020-07-16 08:46:15,tablet,Direct,home
11996,1325,2020-05-22 11:27:13,desktop,Organic Search,home
11997,1601,2024-04-04 04:01:27,mobile,Direct,home
11998,56,2022-06-16 02:14:57,tablet,Organic Search,checkout
11999,1767,2024-10-12 15:27:24,mobile,Email,checkout
12000,27,2020-09-12 11:08:12,tablet,Push Notification,home
12001,296,2022-03-13 22:29:44,tablet,Organic Search,home
12002,1577,2020-09-28 10:40:30,desktop,Push Notification,checkout
12003,1213,2022-03-09 11:51:50,mobile,Email,cart
12004,1601,2022-08-10 13:15:38,mobile,Paid Social,cart
12005,958,2023-06-09 11:09:09,desktop,Paid Social,checkout
12006,1409,2023-08-21 18:47:10,mobile,Email,product
12007,351,2023-08-06 22:46:52,tablet,Email,cart
12008,1348,2024-08-25 23:23:46,mobile,Paid Social,search
12009,1507,2022-01-19 15:34:02,desktop,Push Notification,checkout
12010,114,2021-12-12 20:10:04,mobile,Push Notification,search
12011,1642,2024-06-25 22:38:49,mobile,Ads,product
12012,123,2024-07-23 19:46:24,tablet,Direct,search
12013,909,2022-07-31 12:18:13,mobile,Paid Social,checkout
12014,336,2024-12-21 20:10:35,desktop,Ads,home
12015,790,2024-03-05 22:27:18,tablet,Email,home
12016,1111,2022-09-08 08:41:20,mobile,Ads,checkout
12017,1962,2023-08-01 20:31:19,desktop,Push Notification,cart
12018,762,2022-09-06 12:29:44,tablet,Ads,product
12019,164,2024-10-12 01:09:37,mobile,Ads,cart
12020,1547,2024-05-14 14:24:00,desktop,Direct,product
12021,1098,2024-11-10 14:27:49,mobile,Ads,home
12022,1400,2022-04-06 19:24:50,desktop,Direct,cart
12023,1939,2024-07-23 02:10:39,desktop,Direct,product
12024,158,2020-01-24 23:33:14,desktop,Organic Search,search
12025,700,2020-01-12 07:22:23,desktop,Paid Social,checkout
12026,522,2021-09-14 20:28:59,desktop,Email,search
12027,1789,2020-12-22 09:47:13,mobile,Direct,product
12028,1204,2021-04-02 13:51:06,desktop,Email,product
12029,1714,2023-02-04 04:13:49,desktop,Ads,home
12030,1685,2020-12-01 17:06:04,tablet,Direct,checkout
12031,1477,2023-09-11 05:08:12,desktop,Paid Social,product
12032,570,2022-02-14 03:28:52,mobile,Direct,product
12033,1838,2020-05-12 02:52:29,tablet,Ads,product
12034,142,2024-12-21 02:40:55,desktop,Direct,product
12035,1697,2022-03-03 16:09:48,desktop,Direct,checkout
12036,1084,2021-10-09 18:58:09,mobile,Organic Search,home
12037,655,2021-04-25 20:09:05,desktop,Direct,checkout
12038,1314,2024-11-28 22:53:16,desktop,Push Notification,home
12039,535,2021-01-09 03:48:58,mobile,Organic Search,search
12040,979,2021-02-21 11:36:14,desktop,Ads,home
12041,439,2024-09-29 16:52:02,tablet,Paid Social,cart
12042,1598,2022-05-12 13:21:10,tablet,Direct,search
12043,53,2024-05-14 07:26:49,mobile,Direct,search
12044,773,2022-11-16 11:46:48,desktop,Push Notification,cart
12045,1094,2022-12-15 05:09:34,desktop,Push Notification,product
12046,1309,2022-06-06 13:03:31,desktop,Direct,product
12047,136,2022-03-29 05:51:44,tablet,Direct,home
12048,992,2020-01-10 18:54:55,mobile,Direct,home
12049,414,2021-08-02 10:22:38,mobile,Paid Social,search
12050,857,2021-07-27 06:16:49,desktop,Push Notification,product
12051,26,2020-04-19 10:58:55,mobile,Direct,cart
12052,304,2023-10-20 20:11:58,tablet,Ads,cart
12053,673,2021-02-28 13:15:14,tablet,Ads,cart
12054,1801,2023-12-06 05:07:27,tablet,Push Notification,checkout
12055,1795,2022-06-15 10:46:14,mobile,Paid Social,search
12056,1762,2023-02-07 17:45:39,mobile,Paid Social,checkout
12057,70,2024-03-20 17:02:39,mobile,Email,checkout
12058,888,2024-08-20 13:46:24,tablet,Organic Search,home
12059,1164,2024-03-01 15:57:00,desktop,Push Notification,checkout
12060,1038,2023-08-20 02:03:02,desktop,Direct,home
12061,336,2020-03-20 16:20:07,desktop,Email,search
12062,1332,2024-10-24 00:22:13,desktop,Paid Social,home
12063,487,2023-10-16 02:38:50,desktop,Ads,checkout
12064,363,2022-05-02 22:30:56,desktop,Direct,product
12065,524,2024-11-15 11:58:06,tablet,Paid Social,product
12066,217,2021-12-24 17:40:27,desktop,Paid Social,home
12067,870,2021-04-13 11:21:19,tablet,Paid Social,search
12068,589,2020-01-05 08:49:01,desktop,Direct,cart
12069,1677,2022-04-01 01:02:15,desktop,Ads,product
12070,1884,2023-06-21 21:38:10,mobile,Ads,product
12071,726,2022-09-07 14:47:25,mobile,Ads,product
12072,269,2023-07-28 01:37:40,desktop,Email,product
12073,475,2024-06-21 03:41:56,tablet,Ads,search
12074,1340,2020-07-10 21:07:44,desktop,Ads,checkout
12075,1977,2024-03-26 01:19:36,desktop,Ads,checkout
12076,1332,2022-04-17 12:55:06,mobile,Paid Social,product
12077,628,2022-07-05 04:29:24,mobile,Direct,checkout
12078,587,2024-03-21 03:11:27,mobile,Organic Search,checkout
12079,499,2020-01-19 14:56:52,desktop,Organic Search,product
12080,1071,2022-07-22 16:02:31,desktop,Email,product
12081,235,2021-09-10 01:24:38,tablet,Paid Social,checkout
12082,412,2020-10-12 05:33:07,tablet,Email,product
12083,1008,2021-09-25 01:23:35,desktop,Paid Social,cart
12084,326,2024-08-10 15:54:05,desktop,Direct,home
12085,553,2024-02-12 16:27:41,mobile,Organic Search,cart
12086,1722,2020-11-16 19:43:15,desktop,Ads,product
12087,152,2023-11-07 06:59:21,mobile,Email,home
12088,1366,2023-10-29 15:17:00,mobile,Direct,home
12089,195,2020-04-17 18:16:52,mobile,Organic Search,cart
12090,263,2024-11-16 08:29:10,desktop,Direct,cart
12091,78,2021-07-01 12:55:49,tablet,Direct,checkout
12092,1011,2024-01-24 15:30:54,mobile,Direct,product
12093,823,2021-02-10 03:41:57,mobile,Email,cart
12094,1064,2024-09-28 20:18:38,tablet,Push Notification,product
12095,1130,2020-09-16 21:29:53,desktop,Direct,checkout
12096,505,2021-09-20 20:04:30,desktop,Organic Search,checkout
12097,823,2022-09-23 19:45:29,tablet,Push Notification,search
12098,1095,2023-06-11 08:28:04,mobile,Direct,home
12099,1595,2023-11-30 19:06:48,tablet,Email,search
12100,1526,2022-01-21 15:16:18,mobile,Direct,checkout
12101,593,2024-07-09 01:33:50,desktop,Ads,home
12102,1322,2023-05-01 18:11:24,mobile,Push Notification,checkout
12103,119,2021-09-25 21:00:34,mobile,Push Notification,search
12104,332,2023-08-02 19:01:35,mobile,Direct,home
12105,1694,2024-03-19 12:15:25,tablet,Email,home
12106,606,2022-08-24 08:44:10,mobile,Paid Social,search
12107,1099,2020-08-13 18:52:21,desktop,Ads,checkout
12108,1339,2023-04-01 06:36:44,desktop,Email,home
12109,1128,2023-01-22 13:39:03,tablet,Direct,product
12110,1289,2020-01-27 11:26:07,mobile,Push Notification,home
12111,1040,2020-05-20 14:55:15,mobile,Paid Social,search
12112,553,2020-02-16 16:03:04,mobile,Paid Social,search
12113,1416,2024-01-14 14:47:04,mobile,Ads,cart
12114,1271,2020-03-13 23:17:13,desktop,Push Notification,cart
12115,1602,2024-12-14 02:41:25,tablet,Organic Search,home
12116,1604,2021-05-07 13:17:46,tablet,Organic Search,cart
12117,1507,2021-01-27 19:01:21,tablet,Push Notification,cart
12118,1204,2024-03-10 00:13:20,desktop,Paid Social,cart
12119,1587,2023-08-13 08:15:56,desktop,Direct,checkout
12120,688,2022-02-26 10:35:23,tablet,Direct,cart
12121,1811,2024-03-07 23:18:54,desktop,Email,search
12122,1909,2020-06-10 21:20:34,mobile,Paid Social,cart
12123,1990,2023-04-21 13:14:25,mobile,Paid Social,cart
12124,873,2020-10-28 19:46:25,desktop,Paid Social,product
12125,1469,2024-10-17 12:55:49,tablet,Paid Social,search
12126,113,2023-05-02 20:08:40,desktop,Paid Social,search
12127,710,2024-12-30 19:03:25,tablet,Ads,home
12128,136,2021-06-09 00:12:09,mobile,Organic Search,checkout
12129,1793,2021-03-22 01:26:50,mobile,Direct,checkout
12130,1965,2021-06-20 07:54:50,desktop,Paid Social,checkout
12131,326,2020-04-22 16:57:43,tablet,Push Notification,search
12132,1748,2024-04-25 07:41:35,mobile,Push Notification,cart
12133,1600,2021-04-11 16:55:07,desktop,Email,home
12134,464,2024-07-24 15:32:13,mobile,Organic Search,checkout
12135,1194,2021-10-23 06:27:56,mobile,Email,product
12136,1720,2021-09-20 10:34:47,desktop,Direct,cart
12137,1986,2024-10-06 16:28:44,desktop,Email,product
12138,1384,2022-04-10 01:35:52,desktop,Paid Social,search
12139,1620,2021-04-25 18:57:17,mobile,Paid Social,checkout
12140,1144,2024-11-05 17:10:33,tablet,Paid Social,search
12141,1679,2021-07-06 06:21:59,desktop,Push Notification,checkout
12142,376,2021-10-04 21:39:43,tablet,Push Notification,product
12143,1936,2023-07-05 02:43:10,desktop,Direct,cart
12144,1947,2024-12-31 00:58:59,desktop,Push Notification,checkout
12145,386,2024-02-07 11:30:36,desktop,Push Notification,checkout
12146,617,2023-10-07 17:07:56,tablet,Ads,checkout
12147,116,2020-03-18 08:58:10,tablet,Email,checkout
12148,1046,2022-09-12 05:41:03,tablet,Paid Social,home
12149,1467,2023-04-01 02:16:19,tablet,Email,checkout
12150,1122,2020-06-15 03:43:09,mobile,Push Notification,cart
12151,562,2024-12-18 03:19:46,tablet,Paid Social,search
12152,50,2024-09-15 07:15:57,mobile,Organic Search,cart
12153,234,2022-01-20 17:25:31,tablet,Direct,cart
12154,987,2023-09-06 16:53:49,desktop,Direct,cart
12155,1677,2022-01-05 07:25:44,desktop,Organic Search,product
12156,1158,2021-05-11 16:04:29,tablet,Ads,cart
12157,1870,2020-09-08 16:08:27,mobile,Organic Search,checkout
12158,146,2020-02-25 13:39:56,tablet,Organic Search,home
12159,720,2020-10-25 10:50:45,desktop,Direct,checkout
12160,858,2020-09-12 01:14:02,desktop,Push Notification,cart
12161,1972,2020-12-20 08:51:18,tablet,Direct,checkout
12162,450,2023-05-28 00:21:29,mobile,Paid Social,search
12163,809,2022-10-17 03:44:18,desktop,Organic Search,cart
12164,1654,2022-07-27 20:35:06,tablet,Organic Search,home
12165,1522,2024-04-25 05:56:49,mobile,Push Notification,checkout
12166,808,2023-02-10 15:59:24,mobile,Paid Social,cart
12167,107,2021-06-01 03:03:11,tablet,Email,product
12168,333,2024-09-09 01:54:51,mobile,Push Notification,product
12169,398,2024-11-14 11:10:00,desktop,Push Notification,home
12170,1984,2022-12-25 06:31:39,mobile,Organic Search,checkout
12171,939,2020-08-29 05:15:20,mobile,Email,product
12172,1180,2020-03-25 16:27:09,mobile,Push Notification,cart
12173,140,2022-03-30 13:31:44,tablet,Paid Social,product
12174,271,2021-06-05 22:17:44,desktop,Organic Search,checkout
12175,1375,2021-12-03 14:51:32,tablet,Email,search
12176,1047,2021-06-14 09:48:38,mobile,Direct,cart
12177,1935,2023-12-01 08:11:44,tablet,Email,search
12178,158,2021-02-25 20:16:10,tablet,Paid Social,product
12179,1549,2023-03-27 23:49:10,desktop,Organic Search,home
12180,243,2023-05-18 10:04:55,desktop,Paid Social,home
12181,1808,2022-08-29 02:50:07,desktop,Direct,home
12182,1790,2020-08-07 21:59:43,desktop,Ads,cart
12183,249,2024-03-13 17:12:43,tablet,Ads,home
12184,189,2022-06-21 15:53:26,desktop,Organic Search,search
12185,622,2020-11-22 16:26:18,desktop,Push Notification,product
12186,841,2020-01-01 23:54:17,desktop,Organic Search,search
12187,1328,2022-12-03 16:31:57,mobile,Organic Search,cart
12188,1107,2024-01-07 03:52:33,desktop,Push Notification,home
12189,318,2023-04-11 02:39:53,tablet,Direct,cart
12190,765,2021-04-20 18:31:53,desktop,Email,checkout
12191,1751,2023-11-30 10:25:03,tablet,Paid Social,cart
12192,754,2024-12-11 03:01:55,desktop,Direct,home
12193,549,2021-03-13 16:27:38,mobile,Push Notification,search
12194,1581,2024-05-31 10:03:46,desktop,Email,cart
12195,1024,2024-06-09 19:18:08,desktop,Push Notification,checkout
12196,1483,2022-05-02 20:42:00,mobile,Paid Social,home
12197,993,2020-07-07 08:23:53,desktop,Ads,checkout
12198,1144,2020-08-28 15:31:06,desktop,Email,cart
12199,971,2020-12-07 00:25:06,desktop,Direct,home
12200,510,2021-07-27 10:30:28,desktop,Push Notification,checkout
12201,1200,2020-05-17 20:28:03,tablet,Ads,cart
12202,1634,2022-04-21 17:10:10,tablet,Push Notification,search
12203,19,2020-03-11 21:29:41,tablet,Paid Social,cart
12204,212,2022-07-05 10:19:58,tablet,Direct,checkout
12205,1957,2022-03-15 17:08:29,tablet,Organic Search,cart
12206,1153,2023-08-09 20:16:14,tablet,Paid Social,search
12207,991,2020-09-16 00:59:57,tablet,Email,product
12208,803,2022-08-13 15:59:06,tablet,Direct,cart
12209,892,2024-07-22 11:58:20,mobile,Paid Social,search
12210,168,2022-01-24 04:22:51,mobile,Email,search
12211,635,2024-02-26 11:59:04,desktop,Ads,checkout
12212,1226,2021-12-01 17:18:35,mobile,Ads,home
12213,1034,2024-12-06 00:32:23,desktop,Direct,checkout
12214,767,2021-04-29 02:07:34,mobile,Direct,home
12215,595,2022-08-10 13:54:59,tablet,Organic Search,cart
12216,844,2024-05-07 07:08:31,desktop,Direct,search
12217,349,2022-02-24 00:19:20,mobile,Push Notification,search
12218,665,2022-06-12 08:25:31,mobile,Email,search
12219,1942,2023-10-02 21:49:08,mobile,Paid Social,home
12220,1267,2023-12-04 00:53:24,desktop,Ads,cart
12221,908,2023-10-10 23:01:15,tablet,Email,checkout
12222,17,2022-07-18 17:37:59,mobile,Push Notification,home
12223,793,2021-03-07 02:40:40,tablet,Push Notification,checkout
12224,166,2021-09-08 13:01:03,mobile,Paid Social,checkout
12225,1034,2020-06-10 15:09:53,tablet,Paid Social,home
12226,1596,2023-12-13 08:26:05,desktop,Paid Social,cart
12227,137,2022-04-26 21:52:38,tablet,Push Notification,cart
12228,937,2023-11-09 12:48:38,mobile,Direct,home
12229,698,2024-07-05 05:04:22,tablet,Paid Social,search
12230,1653,2023-01-09 22:09:54,desktop,Paid Social,cart
12231,959,2022-10-04 08:11:06,tablet,Direct,cart
12232,1619,2020-02-21 16:18:15,desktop,Email,checkout
12233,798,2024-11-29 04:22:49,tablet,Organic Search,search
12234,768,2023-01-09 14:02:06,tablet,Organic Search,product
12235,980,2022-09-04 03:41:35,mobile,Direct,product
12236,1356,2024-02-23 19:42:00,mobile,Organic Search,checkout
12237,516,2022-03-01 21:50:11,desktop,Paid Social,search
12238,190,2023-04-15 09:27:13,desktop,Organic Search,home
12239,588,2021-07-10 15:46:18,mobile,Direct,cart
12240,521,2021-11-17 23:03:24,tablet,Direct,checkout
12241,1082,2020-06-23 23:32:13,tablet,Ads,checkout
12242,8,2023-02-10 20:30:23,tablet,Organic Search,cart
12243,553,2023-04-10 14:19:51,mobile,Push Notification,product
12244,1598,2020-09-22 20:39:56,desktop,Ads,product
12245,954,2023-03-28 04:11:30,tablet,Email,cart
12246,1028,2024-04-24 09:35:18,mobile,Ads,cart
12247,275,2021-05-28 23:57:53,mobile,Email,home
12248,1063,2021-07-20 11:14:43,tablet,Push Notification,product
12249,1850,2020-04-17 11:31:45,tablet,Email,home
12250,1480,2020-03-13 23:47:50,desktop,Push Notification,checkout
12251,46,2023-10-11 20:25:17,mobile,Ads,cart
12252,320,2021-10-19 07:58:48,mobile,Email,home
12253,1276,2020-03-27 04:38:17,tablet,Ads,product
12254,1528,2021-09-17 20:53:22,mobile,Push Notification,home
12255,108,2024-11-21 14:38:43,mobile,Organic Search,home
12256,1425,2023-04-07 08:43:33,desktop,Push Notification,cart
12257,1481,2020-05-14 01:16:12,mobile,Push Notification,cart
12258,38,2020-10-26 15:55:33,tablet,Paid Social,cart
12259,327,2024-07-12 21:32:21,desktop,Push Notification,search
12260,634,2023-02-08 02:42:55,tablet,Direct,checkout
12261,1638,2024-01-27 10:22:29,desktop,Organic Search,cart
12262,1995,2023-05-04 11:24:13,mobile,Push Notification,cart
12263,337,2021-06-05 18:09:29,mobile,Email,product
12264,133,2021-02-20 18:56:11,mobile,Direct,product
12265,571,2022-01-16 12:53:54,desktop,Email,cart
12266,1600,2023-10-18 05:51:35,desktop,Ads,home
12267,362,2020-09-27 06:47:55,tablet,Organic Search,checkout
12268,364,2023-05-06 09:10:21,desktop,Email,home
12269,798,2022-01-23 18:53:38,mobile,Direct,cart
12270,216,2022-04-26 11:41:10,desktop,Direct,checkout
12271,727,2024-02-03 16:37:15,mobile,Direct,product
12272,125,2020-07-13 19:58:28,tablet,Ads,home
12273,1945,2023-10-28 13:42:58,tablet,Paid Social,cart
12274,918,2021-01-17 04:36:59,mobile,Ads,home
12275,932,2021-09-26 21:37:51,mobile,Paid Social,home
12276,1145,2024-06-07 18:55:26,mobile,Direct,checkout
12277,1924,2023-08-13 12:22:28,mobile,Organic Search,product
12278,180,2020-09-08 04:00:14,desktop,Direct,search
12279,641,2024-04-28 00:34:50,mobile,Organic Search,product
12280,593,2021-02-28 01:43:05,mobile,Direct,cart
12281,88,2020-06-29 12:09:38,desktop,Direct,checkout
12282,35,2021-08-06 03:56:19,tablet,Ads,cart
12283,369,2024-10-30 09:40:31,mobile,Organic Search,search
12284,771,2021-05-09 18:12:11,desktop,Ads,cart
12285,1987,2024-08-05 17:33:19,mobile,Email,search
12286,373,2022-07-23 19:09:11,tablet,Direct,home
12287,341,2020-08-30 07:13:51,desktop,Paid Social,home
12288,524,2022-03-10 14:33:50,desktop,Paid Social,product
12289,969,2023-02-11 21:36:40,tablet,Push Notification,checkout
12290,1526,2020-07-12 13:45:30,tablet,Ads,home
12291,166,2020-10-31 20:44:33,tablet,Organic Search,cart
12292,533,2020-05-14 14:58:55,desktop,Email,home
12293,177,2024-07-18 06:55:36,tablet,Push Notification,checkout
12294,437,2020-05-07 02:08:29,mobile,Paid Social,checkout
12295,109,2024-01-28 16:31:24,mobile,Paid Social,checkout
12296,641,2024-04-04 21:32:35,tablet,Paid Social,checkout
12297,1021,2020-03-04 12:42:09,tablet,Push Notification,checkout
12298,1915,2021-10-28 07:00:55,desktop,Direct,checkout
12299,1834,2020-02-15 11:46:09,mobile,Ads,product
12300,655,2024-06-02 10:36:40,desktop,Paid Social,home
12301,1541,2020-12-24 21:04:10,desktop,Paid Social,search
12302,1857,2020-02-14 14:01:46,mobile,Paid Social,home
12303,409,2023-01-23 23:50:59,tablet,Email,home
12304,1715,2023-04-10 02:30:56,desktop,Ads,search
12305,1124,2023-12-27 17:05:37,tablet,Email,checkout
12306,929,2021-03-15 00:05:39,mobile,Direct,cart
12307,1462,2022-07-27 22:33:40,desktop,Organic Search,cart
12308,1460,2023-03-03 01:05:53,tablet,Direct,cart
12309,242,2021-02-23 08:15:02,tablet,Ads,cart
12310,1665,2021-02-12 07:30:13,desktop,Paid Social,product
12311,1284,2020-03-20 03:54:38,desktop,Organic Search,search
12312,695,2023-07-26 17:11:07,mobile,Organic Search,product
12313,960,2023-05-30 17:01:59,desktop,Email,checkout
12314,1768,2023-10-16 05:01:42,desktop,Ads,search
12315,1535,2021-04-07 00:57:43,mobile,Paid Social,checkout
12316,1307,2020-10-23 18:21:17,tablet,Ads,cart
12317,1101,2021-10-13 20:08:48,desktop,Direct,product
12318,1432,2021-10-15 00:24:51,mobile,Paid Social,checkout
12319,1458,2024-01-21 20:14:33,desktop,Organic Search,home
12320,1043,2023-09-27 17:34:55,desktop,Direct,search
12321,1602,2020-08-19 18:47:04,mobile,Organic Search,cart
12322,1740,2023-08-28 23:21:59,desktop,Paid Social,search
12323,832,2024-03-17 10:31:53,desktop,Email,checkout
12324,420,2021-12-17 04:12:04,mobile,Paid Social,home
12325,829,2022-01-17 07:00:26,tablet,Direct,product
12326,1168,2021-02-26 03:14:11,desktop,Paid Social,checkout
12327,352,2020-02-28 19:06:47,tablet,Paid Social,home
12328,1194,2023-04-28 04:25:03,mobile,Organic Search,cart
12329,1238,2021-03-06 02:59:23,tablet,Organic Search,home
12330,1669,2021-09-18 12:41:02,tablet,Push Notification,checkout
12331,1246,2024-09-20 09:59:50,mobile,Direct,home
12332,841,2021-12-27 01:15:25,mobile,Paid Social,product
12333,1631,2020-03-02 03:30:55,mobile,Push Notification,cart
12334,1806,2024-07-13 19:13:26,mobile,Ads,checkout
12335,1232,2023-03-27 04:24:41,desktop,Direct,cart
12336,131,2023-12-26 10:51:13,desktop,Push Notification,search
12337,1564,2020-08-27 05:07:36,tablet,Organic Search,cart
12338,1576,2023-12-04 23:40:44,tablet,Paid Social,product
12339,1293,2024-04-10 09:21:12,desktop,Paid Social,home
12340,191,2022-09-28 11:13:07,desktop,Paid Social,product
12341,1230,2021-09-19 00:59:19,mobile,Push Notification,cart
12342,1247,2022-08-07 10:51:05,mobile,Ads,home
12343,277,2024-07-01 21:24:00,mobile,Ads,product
12344,178,2022-12-12 00:36:06,desktop,Push Notification,home
12345,1258,2023-08-13 06:53:00,mobile,Direct,search
12346,235,2024-06-06 05:05:30,tablet,Organic Search,home
12347,1376,2023-07-25 02:47:01,desktop,Email,search
12348,1919,2021-03-22 21:36:29,tablet,Push Notification,home
12349,1183,2021-07-27 16:01:30,mobile,Ads,product
12350,1730,2020-06-23 08:59:45,mobile,Direct,cart
12351,1818,2024-06-29 19:41:58,tablet,Push Notification,product
12352,1550,2024-10-10 11:43:53,desktop,Ads,cart
12353,1774,2022-02-28 12:46:37,desktop,Ads,checkout
12354,1204,2020-10-21 12:22:57,mobile,Organic Search,search
12355,1800,2023-11-08 03:13:21,desktop,Push Notification,product
12356,586,2023-05-02 17:49:09,desktop,Email,checkout
12357,24,2020-09-07 13:30:27,tablet,Push Notification,cart
12358,1732,2020-03-25 18:00:34,mobile,Direct,home
12359,262,2020-04-19 23:54:33,tablet,Email,cart
12360,525,2023-12-11 16:43:02,desktop,Paid Social,home
12361,874,2021-02-05 22:29:56,desktop,Paid Social,product
12362,1182,2023-01-12 02:43:59,mobile,Direct,cart
12363,968,2022-02-27 05:57:56,mobile,Push Notification,home
12364,1594,2024-04-01 08:11:07,mobile,Push Notification,cart
12365,388,2024-10-11 13:49:40,mobile,Email,cart
12366,1663,2022-10-03 07:04:41,desktop,Paid Social,cart
12367,1791,2021-03-20 09:38:25,tablet,Paid Social,home
12368,1717,2021-04-22 08:21:02,mobile,Organic Search,checkout
12369,260,2024-09-12 21:09:39,tablet,Email,checkout
12370,90,2022-10-20 03:18:45,tablet,Email,product
12371,654,2024-06-03 15:34:52,tablet,Ads,checkout
12372,746,2022-06-30 06:53:43,desktop,Email,cart
12373,1764,2020-06-18 19:29:53,desktop,Push Notification,cart
12374,178,2023-02-10 07:59:06,tablet,Direct,checkout
12375,1702,2022-09-08 23:58:01,desktop,Ads,search
12376,1141,2022-06-23 10:18:12,mobile,Direct,home
12377,1596,2021-12-10 10:21:01,tablet,Ads,search
12378,494,2020-05-21 05:53:03,mobile,Paid Social,search
12379,1814,2021-05-27 00:21:06,desktop,Push Notification,cart
12380,377,2020-06-07 22:11:42,tablet,Organic Search,search
12381,443,2024-05-27 11:58:43,tablet,Email,checkout
12382,146,2023-02-09 08:34:28,mobile,Paid Social,search
12383,1973,2023-06-02 10:05:15,tablet,Direct,cart
12384,1633,2021-01-19 12:34:39,tablet,Direct,cart
12385,1230,2021-08-12 18:31:58,mobile,Organic Search,checkout
12386,104,2022-02-09 04:06:15,desktop,Paid Social,product
12387,760,2022-01-27 13:27:23,desktop,Paid Social,checkout
12388,33,2020-02-01 08:38:14,mobile,Push Notification,cart
12389,112,2023-10-07 09:52:51,desktop,Email,cart
12390,1793,2022-04-30 11:52:37,mobile,Push Notification,search
12391,811,2022-08-04 06:42:03,desktop,Push Notification,cart
12392,692,2022-07-16 08:43:23,tablet,Organic Search,cart
12393,1993,2020-05-09 19:41:51,desktop,Organic Search,cart
12394,216,2020-11-18 04:54:34,desktop,Paid Social,cart
12395,637,2020-12-10 22:42:13,mobile,Email,product
12396,391,2020-11-08 12:16:20,tablet,Paid Social,cart
12397,1577,2020-08-19 01:11:24,tablet,Ads,product
12398,1946,2022-11-17 23:16:32,tablet,Direct,cart
12399,1499,2022-04-18 23:23:45,tablet,Paid Social,home
12400,1212,2023-10-21 03:40:20,desktop,Direct,cart
12401,345,2020-07-20 02:09:49,mobile,Direct,home
12402,858,2024-08-20 04:32:39,tablet,Organic Search,home
12403,1578,2023-04-02 03:55:52,tablet,Push Notification,cart
12404,792,2020-01-12 17:08:03,mobile,Direct,product
12405,577,2024-12-05 14:56:57,tablet,Email,product
12406,252,2021-06-20 08:09:57,mobile,Email,checkout
12407,1126,2023-05-15 08:02:11,mobile,Organic Search,home
12408,28,2020-06-20 21:08:31,mobile,Paid Social,cart
12409,997,2023-07-27 00:27:05,mobile,Direct,home
12410,1294,2023-05-21 18:57:17,desktop,Organic Search,search
12411,1905,2023-09-14 04:50:18,tablet,Email,search
12412,538,2021-02-25 13:53:51,desktop,Ads,home
12413,468,2022-05-24 05:21:13,desktop,Email,home
12414,1110,2022-10-02 17:43:14,mobile,Organic Search,home
12415,386,2022-04-02 15:06:25,tablet,Organic Search,search
12416,412,2023-10-20 17:05:38,desktop,Push Notification,home
12417,1639,2021-01-29 05:27:51,mobile,Organic Search,product
12418,132,2021-07-05 22:44:24,desktop,Direct,home
12419,1441,2021-07-19 11:12:38,desktop,Ads,checkout
12420,564,2024-12-27 23:48:54,desktop,Ads,product
12421,713,2021-01-09 01:13:34,mobile,Organic Search,product
12422,605,2020-01-21 14:22:16,mobile,Direct,cart
12423,1131,2023-03-20 21:48:53,tablet,Paid Social,cart
12424,792,2022-12-21 16:14:59,mobile,Organic Search,cart
12425,1513,2021-01-14 17:40:38,desktop,Email,search
12426,1281,2024-03-15 10:41:19,desktop,Direct,search
12427,854,2022-02-17 10:46:58,tablet,Ads,search
12428,16,2021-03-29 14:41:27,mobile,Email,cart
12429,762,2020-03-24 04:12:26,mobile,Paid Social,checkout
12430,1541,2020-01-17 11:07:24,mobile,Paid Social,checkout
12431,609,2023-02-13 04:09:16,mobile,Direct,checkout
12432,1608,2024-09-23 17:44:17,desktop,Ads,home
12433,1769,2024-11-01 22:56:32,desktop,Push Notification,search
12434,837,2020-07-21 02:24:11,mobile,Push Notification,home
12435,1022,2020-11-11 08:25:14,desktop,Ads,product
12436,997,2023-12-10 08:59:42,tablet,Ads,cart
12437,484,2022-07-15 23:49:06,desktop,Organic Search,product
12438,1599,2020-02-10 16:19:44,mobile,Ads,product
12439,454,2022-05-03 23:59:00,desktop,Ads,cart
12440,929,2020-09-08 04:55:35,tablet,Organic Search,cart
12441,1003,2024-02-01 18:06:45,desktop,Push Notification,search
12442,95,2021-12-23 12:32:40,desktop,Paid Social,product
12443,1545,2022-06-17 05:06:07,mobile,Ads,home
12444,681,2020-06-10 21:46:35,tablet,Email,home
12445,1450,2023-07-27 06:42:36,desktop,Email,home
12446,1810,2020-11-11 23:06:34,desktop,Ads,home
12447,1970,2023-01-09 06:38:47,desktop,Direct,home
12448,484,2022-06-17 09:30:32,tablet,Ads,checkout
12449,591,2021-12-16 20:11:10,tablet,Paid Social,search
12450,221,2024-08-15 06:00:18,tablet,Paid Social,checkout
12451,1624,2023-10-08 22:51:41,desktop,Email,checkout
12452,714,2022-09-18 05:35:54,desktop,Direct,product
12453,1106,2021-12-19 04:12:22,desktop,Paid Social,cart
12454,929,2021-02-21 23:18:06,mobile,Direct,home
12455,103,2023-05-29 06:00:49,desktop,Ads,product
12456,1992,2020-08-24 10:14:03,desktop,Paid Social,product
12457,893,2022-04-23 23:00:32,desktop,Organic Search,checkout
12458,735,2020-07-23 03:37:40,tablet,Ads,home
12459,119,2021-09-10 06:46:20,tablet,Organic Search,home
12460,639,2021-04-05 09:24:23,mobile,Email,search
12461,1532,2022-12-15 08:16:20,mobile,Paid Social,product
12462,935,2020-10-25 09:07:21,mobile,Push Notification,cart
12463,1540,2020-03-06 08:14:27,mobile,Email,search
12464,1690,2021-09-04 16:07:23,tablet,Organic Search,checkout
12465,351,2021-01-17 12:12:09,mobile,Organic Search,product
12466,1910,2022-06-18 12:55:01,tablet,Paid Social,cart
12467,1489,2021-09-08 23:41:11,desktop,Ads,checkout
12468,1546,2023-05-23 21:02:23,desktop,Ads,checkout
12469,706,2021-08-27 00:08:25,desktop,Ads,product
12470,1368,2020-11-09 21:35:31,desktop,Organic Search,home
12471,701,2023-01-06 16:17:09,mobile,Organic Search,product
12472,1332,2021-12-04 03:32:28,tablet,Paid Social,cart
12473,419,2023-06-30 00:23:45,desktop,Ads,search
12474,1074,2022-08-02 16:49:28,desktop,Paid Social,product
12475,677,2022-06-16 07:42:12,tablet,Ads,search
12476,439,2023-05-06 21:40:57,tablet,Direct,home
12477,1777,2024-03-25 23:24:26,desktop,Push Notification,product
12478,1165,2021-11-29 22:00:42,desktop,Paid Social,cart
12479,1663,2021-02-19 16:24:16,tablet,Ads,product
12480,176,2020-02-09 08:12:05,desktop,Paid Social,search
12481,1773,2021-11-18 04:30:04,mobile,Direct,cart
12482,1333,2020-03-10 18:15:45,tablet,Push Notification,home
12483,220,2024-12-07 04:17:44,tablet,Direct,search
12484,1317,2020-09-04 09:03:39,desktop,Push Notification,checkout
12485,699,2022-11-24 17:33:27,desktop,Push Notification,product
12486,55,2020-05-16 11:14:47,tablet,Ads,checkout
12487,1836,2023-12-12 16:12:23,tablet,Email,product
12488,514,2024-01-01 11:51:09,mobile,Direct,home
12489,987,2023-10-27 06:04:38,mobile,Direct,checkout
12490,81,2023-11-14 13:40:51,mobile,Organic Search,home
12491,327,2024-05-23 02:21:25,desktop,Ads,checkout
12492,1078,2022-03-22 01:49:01,tablet,Ads,cart
12493,1273,2021-09-11 22:08:33,desktop,Push Notification,search
12494,562,2020-03-09 13:01:19,tablet,Direct,checkout
12495,1158,2021-09-01 20:43:52,mobile,Ads,search
12496,1517,2022-04-15 03:45:27,desktop,Direct,search
12497,177,2024-08-13 23:14:23,tablet,Organic Search,home
12498,1096,2020-12-14 22:29:55,mobile,Direct,cart
12499,1357,2024-06-17 07:37:57,desktop,Ads,search
12500,926,2023-02-02 15:00:55,tablet,Ads,search
12501,1235,2023-04-05 00:43:01,desktop,Direct,search
12502,1721,2023-12-26 01:13:38,mobile,Organic Search,home
12503,521,2022-04-30 10:41:23,mobile,Email,search
12504,1469,2023-10-21 07:55:38,desktop,Direct,product
12505,918,2021-12-02 08:30:12,desktop,Organic Search,home
12506,1137,2022-06-01 21:47:27,mobile,Paid Social,cart
12507,1004,2021-01-21 18:50:03,tablet,Direct,home
12508,1394,2023-10-10 05:01:15,desktop,Push Notification,cart
12509,495,2024-02-04 02:14:10,desktop,Organic Search,cart
12510,817,2022-05-08 03:30:45,desktop,Paid Social,cart
12511,276,2022-06-20 03:25:40,desktop,Email,home
12512,1678,2021-12-01 06:40:46,desktop,Paid Social,cart
12513,968,2020-10-04 20:06:49,mobile,Ads,checkout
12514,710,2021-12-14 15:34:49,desktop,Email,product
12515,1936,2021-10-12 08:30:06,tablet,Push Notification,search
12516,1251,2020-04-18 03:54:24,tablet,Email,checkout
12517,1403,2023-11-05 14:54:21,mobile,Organic Search,checkout
12518,1848,2022-09-20 00:50:17,desktop,Ads,search
12519,1273,2021-02-19 17:23:56,desktop,Email,search
12520,463,2023-04-01 07:55:45,tablet,Direct,checkout
12521,399,2024-08-24 06:26:20,tablet,Direct,cart
12522,88,2021-09-30 20:25:27,desktop,Direct,search
12523,1701,2023-02-13 22:40:25,desktop,Paid Social,checkout
12524,209,2021-06-07 20:18:38,mobile,Paid Social,home
12525,1931,2024-01-01 13:56:17,desktop,Ads,home
12526,1816,2021-07-05 15:44:34,tablet,Organic Search,home
12527,1812,2022-11-01 16:38:38,tablet,Direct,cart
12528,632,2022-01-24 23:25:26,tablet,Direct,home
12529,242,2020-09-23 18:02:01,tablet,Ads,cart
12530,1631,2021-12-25 02:19:33,tablet,Paid Social,search
12531,103,2024-11-25 22:12:35,desktop,Push Notification,search
12532,1223,2024-08-05 18:31:29,tablet,Direct,cart
12533,475,2023-05-09 19:08:27,tablet,Push Notification,cart
12534,591,2020-09-18 11:30:40,desktop,Ads,home
12535,1147,2024-05-23 00:18:34,mobile,Push Notification,checkout
12536,1513,2021-01-11 05:41:46,mobile,Paid Social,home
12537,2000,2020-07-04 03:29:06,desktop,Paid Social,search
12538,1276,2021-04-06 20:15:34,tablet,Paid Social,search
12539,1878,2024-01-18 05:05:17,tablet,Ads,home
12540,1432,2020-07-28 00:16:47,tablet,Direct,cart
12541,1419,2021-11-22 02:56:24,desktop,Organic Search,search
12542,640,2021-02-16 18:03:33,mobile,Email,search
12543,1211,2024-10-25 12:03:59,tablet,Push Notification,search
12544,437,2021-11-13 09:42:35,tablet,Ads,search
12545,1530,2021-07-23 05:38:52,tablet,Ads,home
12546,532,2022-07-23 16:10:58,mobile,Push Notification,cart
12547,1594,2024-05-08 11:43:15,tablet,Email,cart
12548,1799,2020-03-29 02:13:59,tablet,Ads,cart
12549,52,2022-02-08 08:02:57,mobile,Push Notification,checkout
12550,629,2022-10-02 14:19:48,mobile,Paid Social,product
12551,683,2021-02-16 01:40:59,tablet,Email,cart
12552,500,2020-03-15 07:31:54,desktop,Email,home
12553,1616,2021-02-07 21:08:16,desktop,Push Notification,product
12554,1162,2021-07-28 02:43:15,desktop,Paid Social,cart
12555,626,2024-09-06 01:28:08,desktop,Organic Search,home
12556,1278,2020-12-22 09:26:49,desktop,Ads,home
12557,1423,2023-01-11 11:57:21,desktop,Direct,search
12558,1605,2021-06-03 23:04:05,mobile,Paid Social,home
12559,96,2024-04-07 09:38:03,tablet,Organic Search,product
12560,1068,2022-12-01 08:52:44,desktop,Organic Search,checkout
12561,1232,2022-11-08 17:28:24,tablet,Ads,product
12562,599,2020-07-30 19:09:12,tablet,Paid Social,product
12563,519,2023-02-07 02:18:18,mobile,Ads,product
12564,1324,2022-12-23 23:06:27,tablet,Direct,checkout
12565,1169,2022-02-28 02:58:32,tablet,Paid Social,search
12566,1458,2020-05-16 01:32:11,mobile,Push Notification,product
12567,1493,2023-06-29 06:09:29,mobile,Push Notification,home
12568,1359,2022-07-16 04:35:14,mobile,Ads,search
12569,1622,2022-07-22 14:16:50,desktop,Email,home
12570,1437,2020-02-20 08:29:03,tablet,Email,product
12571,420,2024-01-20 02:42:53,desktop,Email,home
12572,917,2021-10-03 04:53:32,tablet,Organic Search,home
12573,1564,2024-09-07 11:29:36,desktop,Email,product
12574,985,2024-12-12 19:35:50,desktop,Email,search
12575,865,2022-02-21 20:23:31,mobile,Direct,search
12576,248,2021-07-16 13:22:47,mobile,Ads,product
12577,1080,2024-04-16 01:10:46,tablet,Push Notification,checkout
12578,757,2024-05-03 17:32:53,desktop,Organic Search,search
12579,933,2020-08-21 21:34:31,tablet,Push Notification,home
12580,1385,2022-03-13 16:26:08,mobile,Paid Social,checkout
12581,1071,2023-02-27 16:56:06,tablet,Push Notification,home
12582,638,2020-02-02 02:55:50,mobile,Ads,checkout
12583,1257,2022-04-29 12:21:13,mobile,Push Notification,checkout
12584,332,2022-10-24 13:41:18,desktop,Direct,checkout
12585,1829,2021-12-31 22:23:35,desktop,Organic Search,search
12586,706,2023-09-05 05:32:36,mobile,Push Notification,product
12587,252,2023-07-04 02:33:33,mobile,Email,cart
12588,1689,2021-08-19 01:58:33,tablet,Direct,product
12589,734,2021-07-31 00:41:26,desktop,Push Notification,cart
12590,42,2023-05-02 21:52:58,mobile,Paid Social,cart
12591,1489,2024-05-30 06:54:31,desktop,Paid Social,search
12592,166,2021-04-03 21:22:36,mobile,Direct,search
12593,313,2023-02-22 01:34:15,tablet,Direct,search
12594,1872,2024-12-27 04:48:00,mobile,Ads,checkout
12595,1758,2021-02-18 11:12:45,desktop,Organic Search,checkout
12596,832,2021-01-27 18:54:41,tablet,Email,search
12597,265,2024-06-25 23:07:22,desktop,Email,checkout
12598,1519,2023-02-01 15:43:03,desktop,Ads,product
12599,1446,2020-11-01 14:13:15,desktop,Paid Social,product
12600,652,2024-01-14 19:45:32,tablet,Email,home
12601,522,2022-07-29 20:00:08,tablet,Push Notification,home
12602,231,2024-08-06 12:42:41,desktop,Paid Social,product
12603,750,2022-10-16 03:54:13,tablet,Organic Search,cart
12604,1934,2020-01-24 17:14:35,mobile,Paid Social,checkout
12605,816,2021-06-25 19:12:20,tablet,Ads,product
12606,750,2023-01-21 01:30:51,mobile,Direct,search
12607,777,2023-12-23 05:07:13,mobile,Paid Social,search
12608,574,2020-05-15 04:43:19,mobile,Direct,search
12609,186,2021-01-23 15:31:19,tablet,Email,checkout
12610,1662,2022-07-15 12:38:01,tablet,Ads,checkout
12611,1927,2020-10-06 02:39:11,tablet,Email,cart
12612,1713,2021-07-03 10:39:20,desktop,Direct,home
12613,1362,2024-11-29 11:31:27,tablet,Push Notification,search
12614,65,2021-04-05 17:23:17,tablet,Email,checkout
12615,755,2020-11-27 00:40:57,mobile,Direct,checkout
12616,1617,2021-09-04 13:53:57,desktop,Ads,product
12617,1411,2020-08-25 22:06:43,desktop,Email,search
12618,747,2022-03-18 17:39:04,tablet,Email,checkout
12619,426,2020-09-20 11:01:53,mobile,Direct,cart
12620,718,2024-05-18 09:44:34,tablet,Push Notification,home
12621,1361,2021-02-18 12:46:42,tablet,Paid Social,checkout
12622,1569,2020-09-25 08:27:30,desktop,Direct,product
12623,1884,2023-12-07 15:32:12,desktop,Organic Search,checkout
12624,1596,2020-04-19 23:21:16,mobile,Ads,product
12625,189,2022-04-26 09:24:00,desktop,Email,checkout
12626,612,2023-02-20 11:04:36,tablet,Email,product
12627,1267,2021-11-29 22:53:52,mobile,Direct,product
12628,833,2024-01-22 03:42:48,mobile,Organic Search,home
12629,1658,2020-08-23 00:31:50,mobile,Organic Search,home
12630,630,2023-07-26 22:46:23,mobile,Paid Social,checkout
12631,1842,2023-06-27 09:00:36,mobile,Organic Search,product
12632,640,2021-01-13 20:56:07,mobile,Direct,product
12633,1587,2024-10-31 09:04:29,tablet,Ads,cart
12634,1988,2022-05-02 23:05:43,mobile,Ads,product
12635,160,2022-03-01 14:14:41,tablet,Ads,search
12636,604,2020-05-27 22:18:16,tablet,Push Notification,product
12637,1605,2022-10-12 14:25:35,mobile,Email,search
12638,1688,2024-10-29 05:26:20,tablet,Paid Social,home
12639,923,2020-02-04 22:20:37,tablet,Push Notification,search
12640,1094,2023-11-18 18:12:04,desktop,Organic Search,search
12641,1650,2021-01-14 19:10:30,mobile,Push Notification,checkout
12642,1125,2021-10-30 15:31:51,mobile,Email,home
12643,1318,2023-04-30 02:35:02,mobile,Push Notification,cart
12644,1430,2024-10-19 19:44:18,mobile,Paid Social,search
12645,1505,2022-01-12 08:05:43,mobile,Ads,checkout
12646,133,2024-09-18 05:25:16,desktop,Ads,home
12647,88,2021-04-23 06:10:15,tablet,Push Notification,product
12648,1377,2022-03-08 20:15:54,mobile,Paid Social,checkout
12649,1363,2020-03-08 00:50:33,desktop,Direct,product
12650,1295,2023-02-26 12:06:17,mobile,Paid Social,product
12651,1133,2024-05-12 14:32:28,tablet,Paid Social,cart
12652,1981,2020-06-30 16:52:27,mobile,Email,home
12653,1654,2022-11-12 06:04:54,tablet,Email,home
12654,1321,2023-02-19 17:47:04,tablet,Direct,cart
12655,1423,2024-01-03 07:37:48,mobile,Organic Search,checkout
12656,1029,2022-12-08 07:00:48,mobile,Organic Search,cart
12657,1107,2021-09-08 13:12:29,desktop,Ads,cart
12658,964,2020-06-06 11:31:15,mobile,Organic Search,checkout
12659,563,2022-08-05 01:35:35,mobile,Paid Social,cart
12660,245,2024-02-22 01:42:20,desktop,Push Notification,home
12661,1983,2021-09-14 13:52:37,mobile,Email,home
12662,314,2024-02-09 01:07:16,mobile,Organic Search,home
12663,1436,2024-05-01 02:25:34,tablet,Paid Social,cart
12664,1219,2024-03-17 14:47:14,tablet,Ads,product
12665,563,2024-02-19 04:47:48,tablet,Direct,product
12666,1180,2022-02-17 21:07:53,desktop,Push Notification,cart
12667,1404,2024-08-30 17:33:24,desktop,Organic Search,cart
12668,566,2021-09-04 06:25:42,desktop,Email,checkout
12669,1368,2020-05-08 13:48:31,mobile,Direct,checkout
12670,822,2024-09-24 13:22:26,desktop,Ads,product
12671,1398,2022-10-20 08:00:42,tablet,Direct,search
12672,571,2024-04-18 21:47:39,mobile,Push Notification,home
12673,671,2022-03-16 16:21:00,desktop,Email,checkout
12674,1825,2024-03-24 11:23:37,desktop,Organic Search,home
12675,769,2024-08-27 13:03:20,tablet,Direct,checkout
12676,1642,2024-06-10 16:00:36,desktop,Push Notification,search
12677,830,2021-03-22 11:01:33,mobile,Direct,home
12678,1746,2021-08-01 23:48:06,tablet,Organic Search,checkout
12679,1609,2020-06-28 05:09:11,desktop,Paid Social,cart
12680,1988,2020-06-02 09:55:29,mobile,Ads,cart
12681,402,2022-06-21 03:11:08,tablet,Organic Search,search
12682,572,2020-03-01 07:12:49,mobile,Organic Search,search
12683,232,2020-09-09 12:58:36,tablet,Push Notification,search
12684,359,2023-03-09 23:18:17,desktop,Organic Search,home
12685,912,2023-02-18 18:18:56,tablet,Push Notification,cart
12686,801,2021-10-17 10:31:06,tablet,Direct,home
12687,357,2022-01-08 07:50:36,desktop,Organic Search,cart
12688,766,2022-11-21 11:48:01,desktop,Paid Social,cart
12689,550,2023-05-10 21:49:11,desktop,Paid Social,product
12690,1078,2023-06-17 16:13:17,tablet,Direct,checkout
12691,346,2020-08-10 05:25:49,tablet,Ads,checkout
12692,183,2024-04-20 15:57:53,tablet,Paid Social,checkout
12693,1292,2022-09-09 20:17:57,mobile,Ads,search
12694,1259,2021-04-28 15:07:51,mobile,Push Notification,product
12695,62,2020-06-26 18:51:00,mobile,Organic Search,product
12696,1452,2021-07-25 17:35:23,mobile,Push Notification,checkout
12697,1484,2022-05-20 10:14:36,mobile,Ads,search
12698,640,2023-10-30 14:13:41,tablet,Email,search
12699,1196,2023-12-01 13:15:33,desktop,Email,search
12700,1815,2021-10-06 00:47:44,desktop,Push Notification,search
12701,124,2021-10-16 04:46:25,mobile,Email,cart
12702,1073,2022-08-14 03:16:44,mobile,Email,product
12703,83,2021-02-24 02:41:50,tablet,Paid Social,checkout
12704,613,2021-01-18 17:09:09,tablet,Organic Search,checkout
12705,1485,2024-11-22 06:16:18,tablet,Push Notification,checkout
12706,582,2022-05-10 16:47:06,mobile,Ads,product
12707,544,2021-11-05 07:59:39,mobile,Paid Social,cart
12708,42,2021-07-11 23:28:34,tablet,Email,search
12709,695,2020-02-29 10:58:35,desktop,Email,home
12710,1780,2022-06-04 01:47:40,desktop,Email,cart
12711,898,2021-04-12 02:21:20,tablet,Direct,checkout
12712,1976,2020-06-24 17:06:18,tablet,Ads,checkout
12713,481,2024-06-05 05:01:02,mobile,Paid Social,home
12714,162,2020-12-26 06:00:57,mobile,Direct,search
12715,1461,2022-02-26 15:40:58,desktop,Organic Search,search
12716,1339,2023-11-27 06:17:11,tablet,Paid Social,search
12717,1418,2021-03-03 08:50:53,mobile,Direct,checkout
12718,931,2023-11-05 00:35:02,desktop,Email,cart
12719,776,2023-02-12 14:07:46,desktop,Ads,search
12720,1804,2021-01-18 22:04:23,desktop,Email,home
12721,1285,2023-09-26 13:09:08,desktop,Paid Social,search
12722,252,2024-10-07 09:07:13,desktop,Email,product
12723,1275,2022-12-31 16:53:45,desktop,Direct,search
12724,1013,2023-07-11 03:46:20,tablet,Ads,cart
12725,1508,2023-06-19 04:24:42,tablet,Push Notification,home
12726,216,2024-09-26 03:52:50,mobile,Email,product
12727,871,2022-01-29 20:44:44,mobile,Organic Search,product
12728,969,2022-10-20 12:58:07,mobile,Push Notification,search
12729,1628,2023-05-24 11:46:43,mobile,Organic Search,product
12730,1589,2021-12-08 18:15:19,mobile,Push Notification,product
12731,839,2022-04-16 12:06:45,tablet,Push Notification,checkout
12732,1404,2023-09-23 23:03:15,tablet,Direct,product
12733,1993,2022-06-11 02:21:53,mobile,Push Notification,search
12734,600,2024-07-14 07:22:32,desktop,Push Notification,cart
12735,141,2024-11-05 01:52:55,mobile,Email,cart
12736,927,2022-07-18 18:49:42,desktop,Push Notification,cart
12737,1026,2023-03-08 12:54:29,mobile,Push Notification,cart
12738,900,2020-09-29 07:19:10,tablet,Push Notification,search
12739,63,2020-12-12 22:26:53,mobile,Organic Search,search
12740,1253,2020-08-03 19:47:13,mobile,Direct,cart
12741,735,2022-01-28 20:46:40,tablet,Push Notification,home
12742,792,2020-09-14 04:37:17,tablet,Organic Search,cart
12743,1742,2021-08-26 17:19:09,desktop,Push Notification,checkout
12744,1584,2021-03-31 01:54:36,mobile,Push Notification,home
12745,1520,2023-11-18 09:56:30,tablet,Ads,home
12746,316,2024-04-17 10:02:04,desktop,Push Notification,home
12747,747,2021-10-25 00:15:05,tablet,Paid Social,cart
12748,1293,2020-12-02 01:15:07,tablet,Direct,checkout
12749,295,2020-12-19 00:25:26,tablet,Paid Social,checkout
12750,522,2020-02-11 16:36:04,desktop,Direct,checkout
12751,1728,2024-04-20 12:30:13,tablet,Push Notification,cart
12752,1981,2021-06-09 17:43:06,tablet,Organic Search,search
12753,1819,2023-03-25 08:10:22,tablet,Direct,search
12754,100,2020-11-04 16:06:40,tablet,Email,checkout
12755,382,2021-06-25 16:47:36,tablet,Paid Social,checkout
12756,862,2024-10-24 04:19:53,desktop,Direct,search
12757,1650,2024-02-19 00:47:29,desktop,Organic Search,search
12758,658,2024-03-28 15:14:36,desktop,Organic Search,search
12759,571,2021-12-22 23:25:30,mobile,Email,home
12760,1495,2020-05-22 11:14:31,desktop,Paid Social,home
12761,1148,2023-05-12 11:06:26,mobile,Email,checkout
12762,283,2024-06-18 00:20:03,tablet,Organic Search,product
12763,1596,2024-04-13 05:11:26,desktop,Organic Search,product
12764,313,2021-08-25 11:22:17,desktop,Direct,search
12765,1745,2022-09-07 19:40:44,mobile,Email,cart
12766,1965,2021-05-28 10:12:13,desktop,Direct,checkout
12767,1195,2020-07-26 05:09:44,desktop,Organic Search,cart
12768,1699,2024-09-09 05:59:19,desktop,Ads,cart
12769,552,2022-12-09 09:33:44,tablet,Push Notification,checkout
12770,1522,2023-07-13 23:37:21,desktop,Ads,search
12771,1123,2021-03-15 09:41:35,mobile,Direct,home
12772,259,2023-07-18 00:06:01,tablet,Email,checkout
12773,1591,2021-04-22 05:28:46,tablet,Direct,cart
12774,412,2021-05-20 09:27:22,mobile,Ads,checkout
12775,1869,2022-10-07 22:26:30,tablet,Email,search
12776,1156,2023-09-08 20:58:21,mobile,Push Notification,product
12777,1623,2023-10-24 02:20:50,tablet,Organic Search,home
12778,1976,2020-03-15 03:36:30,desktop,Direct,product
12779,1499,2021-06-12 06:53:43,mobile,Email,product
12780,60,2020-03-30 02:58:09,tablet,Ads,home
12781,1916,2023-08-04 04:27:37,tablet,Email,home
12782,472,2020-02-15 00:44:40,mobile,Email,search
12783,138,2024-05-16 06:40:22,desktop,Direct,home
12784,1762,2020-08-18 14:24:27,mobile,Organic Search,checkout
12785,1619,2020-12-02 12:52:18,tablet,Push Notification,search
12786,1572,2021-12-20 05:41:21,tablet,Push Notification,cart
12787,1515,2021-11-30 18:57:53,desktop,Paid Social,home
12788,836,2020-01-08 07:08:11,tablet,Push Notification,cart
12789,1992,2022-08-16 18:52:36,mobile,Push Notification,cart
12790,356,2023-07-12 19:25:24,desktop,Email,product
12791,209,2021-05-08 18:02:37,tablet,Paid Social,product
12792,1814,2023-03-12 23:45:38,mobile,Push Notification,checkout
12793,629,2021-03-26 12:45:56,mobile,Push Notification,home
12794,1496,2022-03-01 17:14:33,mobile,Organic Search,product
12795,968,2020-11-01 03:02:34,desktop,Push Notification,cart
12796,497,2021-05-30 12:36:55,tablet,Organic Search,home
12797,1118,2022-02-11 23:18:30,desktop,Ads,checkout
12798,791,2024-06-23 11:57:19,tablet,Organic Search,product
12799,935,2022-01-14 17:17:02,tablet,Push Notification,checkout
12800,54,2023-07-14 16:20:26,tablet,Push Notification,home
12801,1947,2021-09-26 03:30:37,desktop,Organic Search,home
12802,729,2022-04-03 13:22:46,desktop,Organic Search,home
12803,1699,2020-04-30 22:44:04,desktop,Ads,home
12804,1319,2024-03-15 13:05:00,tablet,Paid Social,checkout
12805,1165,2024-08-23 14:56:54,desktop,Push Notification,cart
12806,1630,2022-04-29 08:54:46,tablet,Organic Search,checkout
12807,1079,2022-10-19 14:48:22,mobile,Ads,home
12808,713,2020-07-29 20:11:21,tablet,Email,checkout
12809,609,2023-02-28 08:47:20,tablet,Ads,product
12810,1529,2024-02-10 23:21:20,tablet,Email,cart
12811,1598,2022-05-17 05:45:51,mobile,Paid Social,checkout
12812,1769,2022-08-29 16:40:24,desktop,Push Notification,product
12813,745,2022-07-10 01:11:18,mobile,Paid Social,search
12814,319,2023-08-16 00:40:55,tablet,Ads,cart
12815,1776,2023-12-10 01:16:08,desktop,Direct,home
12816,868,2020-08-02 01:15:24,tablet,Ads,product
12817,1096,2022-10-21 21:41:38,tablet,Ads,search
12818,1805,2022-08-12 22:59:08,desktop,Organic Search,product
12819,1229,2021-01-08 00:56:17,mobile,Paid Social,cart
12820,1848,2020-08-20 23:51:41,desktop,Push Notification,product
12821,1854,2020-08-31 18:47:40,desktop,Organic Search,cart
12822,847,2020-02-29 13:31:50,mobile,Push Notification,home
12823,45,2023-07-29 21:30:14,tablet,Paid Social,search
12824,1022,2021-12-13 20:49:51,tablet,Paid Social,cart
12825,867,2023-07-28 18:16:48,desktop,Organic Search,home
12826,1997,2021-10-18 22:45:36,desktop,Organic Search,product
12827,1373,2023-03-15 23:50:43,mobile,Paid Social,checkout
12828,1797,2022-02-14 10:27:12,tablet,Ads,home
12829,150,2022-09-16 20:56:53,mobile,Organic Search,cart
12830,1068,2023-05-15 06:36:14,mobile,Push Notification,home
12831,755,2024-08-24 02:13:48,mobile,Direct,search
12832,270,2023-11-22 05:23:22,desktop,Organic Search,cart
12833,24,2023-03-21 01:08:16,tablet,Organic Search,search
12834,638,2022-02-14 17:45:58,tablet,Paid Social,home
12835,1375,2024-12-18 19:58:13,mobile,Email,checkout
12836,225,2021-08-14 09:32:42,mobile,Push Notification,home
12837,1644,2020-11-06 03:21:57,tablet,Direct,home
12838,1659,2024-05-31 23:25:00,mobile,Ads,cart
12839,1673,2024-03-19 13:18:55,tablet,Organic Search,cart
12840,1462,2020-10-25 02:17:50,tablet,Organic Search,product
12841,344,2024-05-16 21:00:01,mobile,Organic Search,checkout
12842,96,2020-05-18 03:36:12,desktop,Paid Social,home
12843,594,2022-08-18 04:38:14,desktop,Email,product
12844,277,2022-03-05 11:01:52,desktop,Paid Social,checkout
12845,1587,2020-05-18 21:29:21,tablet,Push Notification,product
12846,160,2022-05-30 18:53:52,tablet,Ads,cart
12847,1597,2021-08-07 05:38:59,desktop,Paid Social,checkout
12848,1140,2023-09-26 02:06:37,mobile,Email,home
12849,231,2020-08-05 20:22:09,desktop,Email,product
12850,1926,2021-05-19 08:38:12,desktop,Direct,home
12851,1052,2020-08-03 16:05:41,mobile,Email,cart
12852,776,2024-05-05 03:47:07,tablet,Ads,cart
12853,274,2024-07-18 13:15:44,desktop,Paid Social,home
12854,1664,2024-12-03 01:47:57,mobile,Ads,search
12855,37,2023-05-14 04:30:36,desktop,Push Notification,search
12856,150,2021-12-17 11:23:02,desktop,Organic Search,product
12857,1859,2021-03-25 09:15:35,tablet,Push Notification,product
12858,1511,2021-10-30 18:57:15,tablet,Organic Search,checkout
12859,1006,2024-10-04 09:48:12,desktop,Push Notification,search
12860,1614,2021-02-27 01:28:34,mobile,Ads,checkout
12861,691,2023-04-09 11:28:53,tablet,Organic Search,product
12862,1232,2020-02-07 21:08:25,desktop,Push Notification,home
12863,1164,2023-04-25 11:57:35,desktop,Paid Social,checkout
12864,1837,2023-04-04 15:07:20,desktop,Email,product
12865,889,2020-02-24 01:44:56,desktop,Direct,cart
12866,894,2022-08-21 18:33:31,mobile,Paid Social,search
12867,236,2020-10-25 04:29:25,tablet,Push Notification,search
12868,107,2020-09-14 08:03:42,desktop,Push Notification,checkout
12869,1533,2023-12-23 10:25:52,desktop,Direct,product
12870,36,2022-07-06 09:39:48,desktop,Paid Social,product
12871,293,2024-09-24 21:41:58,tablet,Direct,search
12872,247,2022-07-17 14:29:14,tablet,Organic Search,checkout
12873,675,2022-12-27 15:29:46,mobile,Ads,checkout
12874,1746,2024-09-10 09:11:55,desktop,Paid Social,cart
12875,313,2021-08-01 20:18:16,tablet,Organic Search,home
12876,1337,2020-09-09 20:34:33,tablet,Organic Search,cart
12877,1308,2023-07-27 11:09:01,mobile,Organic Search,search
12878,790,2023-05-02 01:15:35,mobile,Push Notification,checkout
12879,865,2020-12-14 20:15:40,desktop,Paid Social,checkout
12880,1125,2021-07-03 02:53:35,desktop,Direct,home
12881,1655,2024-05-22 22:29:52,tablet,Direct,search
12882,1067,2020-11-21 16:19:50,desktop,Paid Social,checkout
12883,1677,2022-09-15 19:59:50,mobile,Email,cart
12884,1071,2020-06-25 16:30:17,tablet,Email,product
12885,876,2023-11-03 23:13:54,tablet,Organic Search,product
12886,698,2023-01-22 21:40:10,tablet,Paid Social,home
12887,1932,2020-10-22 09:48:19,mobile,Push Notification,home
12888,380,2020-04-09 10:58:41,mobile,Organic Search,product
12889,1685,2024-06-23 19:59:26,desktop,Paid Social,home
12890,396,2024-06-17 16:30:29,tablet,Ads,product
12891,1969,2021-03-16 17:03:34,mobile,Push Notification,cart
12892,4,2023-02-09 08:43:22,desktop,Ads,home
12893,1987,2024-08-19 18:56:26,mobile,Direct,home
12894,186,2021-05-18 01:45:22,tablet,Paid Social,cart
12895,633,2024-03-27 03:07:19,desktop,Direct,checkout
12896,435,2020-06-04 11:22:09,tablet,Push Notification,search
12897,611,2022-01-16 05:54:18,mobile,Organic Search,product
12898,815,2022-12-12 20:59:05,desktop,Push Notification,cart
12899,188,2024-01-06 20:26:26,tablet,Organic Search,home
12900,1148,2022-10-20 17:52:52,tablet,Organic Search,checkout
12901,1251,2022-12-17 00:05:22,desktop,Push Notification,cart
12902,579,2022-06-17 23:33:22,tablet,Email,search
12903,50,2020-12-18 19:42:50,mobile,Ads,checkout
12904,1317,2023-06-16 01:42:58,tablet,Paid Social,checkout
12905,1359,2020-12-01 11:26:27,desktop,Direct,checkout
12906,871,2023-08-27 06:37:39,mobile,Paid Social,cart
12907,562,2022-05-24 04:44:51,mobile,Direct,search
12908,545,2024-12-20 17:20:14,desktop,Push Notification,search
12909,1648,2021-02-18 00:32:07,desktop,Paid Social,product
12910,515,2022-09-06 06:48:52,desktop,Email,cart
12911,1179,2020-12-02 10:28:48,desktop,Paid Social,cart
12912,1168,2023-09-15 18:01:22,tablet,Organic Search,product
12913,1103,2024-09-05 21:40:52,desktop,Push Notification,home
12914,1410,2023-03-24 10:25:51,desktop,Organic Search,product
12915,634,2022-07-25 07:24:35,desktop,Email,search
12916,516,2024-07-11 13:35:53,tablet,Paid Social,search
12917,1281,2021-10-13 16:02:24,desktop,Push Notification,home
12918,1386,2021-09-11 22:57:38,mobile,Organic Search,home
12919,1273,2020-05-05 07:19:01,mobile,Email,home
12920,592,2021-06-05 16:17:36,mobile,Push Notification,checkout
12921,892,2021-07-23 11:30:50,tablet,Direct,home
12922,659,2024-12-15 23:21:06,mobile,Email,cart
12923,717,2023-01-22 17:00:08,desktop,Email,checkout
12924,1028,2020-09-30 23:50:03,desktop,Ads,search
12925,578,2020-10-23 22:06:54,mobile,Direct,product
12926,862,2021-01-21 18:32:28,mobile,Organic Search,product
12927,317,2023-12-22 08:12:43,tablet,Ads,checkout
12928,377,2023-11-15 17:56:08,mobile,Email,checkout
12929,1874,2021-07-03 21:37:06,tablet,Email,search
12930,581,2020-02-15 09:38:31,mobile,Ads,search
12931,411,2021-11-30 11:19:54,tablet,Organic Search,search
12932,909,2022-10-30 05:41:56,tablet,Push Notification,search
12933,1359,2023-07-30 18:28:20,mobile,Email,home
12934,275,2023-10-06 15:12:38,mobile,Push Notification,product
12935,59,2022-05-07 08:47:12,mobile,Direct,home
12936,151,2024-11-23 08:09:59,desktop,Ads,home
12937,1894,2021-01-11 02:55:27,tablet,Paid Social,cart
12938,963,2021-05-25 13:01:12,desktop,Push Notification,cart
12939,684,2021-09-03 00:05:18,tablet,Direct,cart
12940,1583,2023-07-07 00:54:55,tablet,Ads,home
12941,1988,2020-11-24 08:57:17,mobile,Organic Search,search
12942,947,2024-08-27 07:42:19,tablet,Ads,checkout
12943,548,2020-06-30 04:05:38,mobile,Organic Search,search
12944,1421,2022-06-01 07:00:28,mobile,Email,search
12945,404,2021-06-09 15:29:04,desktop,Ads,checkout
12946,1636,2021-09-11 16:50:22,desktop,Direct,home
12947,129,2021-05-26 20:54:50,desktop,Paid Social,home
12948,370,2022-03-30 05:35:10,tablet,Email,cart
12949,1230,2020-04-07 02:55:00,mobile,Email,checkout
12950,1659,2022-08-31 11:37:01,desktop,Paid Social,search
12951,976,2021-07-10 12:31:30,desktop,Ads,home
12952,1276,2023-02-25 01:51:44,desktop,Ads,product
12953,1543,2023-08-13 10:54:09,mobile,Ads,search
12954,1829,2024-09-30 08:36:40,mobile,Push Notification,search
12955,1412,2024-09-13 09:55:10,mobile,Push Notification,product
12956,328,2023-05-25 12:40:43,tablet,Direct,product
12957,1034,2022-01-26 21:05:38,tablet,Ads,product
12958,1422,2023-05-12 13:18:32,desktop,Direct,cart
12959,1672,2021-08-26 16:38:16,tablet,Ads,product
12960,1383,2020-05-10 16:15:03,desktop,Push Notification,home
12961,637,2023-08-19 18:06:05,tablet,Paid Social,search
12962,1421,2021-09-29 00:09:47,tablet,Push Notification,home
12963,788,2021-06-23 14:42:21,desktop,Direct,cart
12964,464,2021-03-29 07:18:45,desktop,Email,product
12965,612,2020-06-20 14:56:01,desktop,Paid Social,product
12966,685,2022-06-02 08:02:13,tablet,Ads,home
12967,1366,2020-05-12 23:59:04,mobile,Direct,product
12968,1108,2023-11-26 20:45:24,mobile,Ads,home
12969,413,2021-07-06 00:48:21,mobile,Paid Social,cart
12970,1030,2024-02-28 09:23:06,mobile,Direct,home
12971,47,2024-01-02 11:35:10,desktop,Organic Search,product
12972,1151,2022-01-02 17:23:04,tablet,Push Notification,search
12973,1205,2022-11-16 20:38:22,desktop,Ads,checkout
12974,421,2020-02-13 01:43:06,desktop,Organic Search,cart
12975,1839,2024-11-20 23:42:01,desktop,Organic Search,home
12976,936,2022-12-08 19:39:30,tablet,Paid Social,checkout
12977,1861,2023-10-13 02:49:05,tablet,Ads,checkout
12978,1528,2024-08-30 14:40:16,tablet,Ads,home
12979,317,2022-08-28 21:32:58,mobile,Paid Social,cart
12980,142,2022-06-14 11:45:08,mobile,Push Notification,cart
12981,159,2022-07-15 19:01:09,mobile,Ads,product
12982,1645,2023-09-02 03:48:12,tablet,Paid Social,cart
12983,154,2024-04-21 00:12:43,tablet,Direct,checkout
12984,684,2020-06-27 14:05:04,tablet,Push Notification,cart
12985,1974,2021-10-09 02:35:35,desktop,Direct,search
12986,259,2024-01-24 15:27:05,tablet,Email,cart
12987,354,2024-07-16 17:00:50,desktop,Push Notification,home
12988,1259,2024-11-09 01:43:00,tablet,Paid Social,search
12989,790,2022-03-28 04:11:01,desktop,Ads,checkout
12990,659,2021-02-22 18:28:52,desktop,Paid Social,search
12991,256,2020-04-30 17:13:35,desktop,Direct,product
12992,247,2023-01-25 06:15:44,mobile,Organic Search,cart
12993,1019,2022-07-02 01:52:44,desktop,Organic Search,home
12994,127,2020-01-25 00:46:20,desktop,Paid Social,cart
12995,1527,2023-01-22 01:02:16,mobile,Organic Search,product
12996,162,2024-11-01 21:57:44,mobile,Paid Social,home
12997,272,2020-04-19 06:26:28,tablet,Organic Search,cart
12998,1743,2022-09-12 03:01:32,desktop,Ads,checkout
12999,789,2024-07-29 07:49:54,desktop,Direct,cart
13000,975,2022-04-20 21:19:34,mobile,Ads,search
13001,2,2024-03-04 02:08:57,mobile,Direct,search
13002,1348,2024-09-08 23:54:53,desktop,Ads,search
13003,1500,2023-04-19 16:28:29,mobile,Organic Search,search
13004,1084,2021-05-15 05:19:03,mobile,Direct,cart
13005,205,2024-05-22 15:05:27,tablet,Email,checkout
13006,607,2020-07-22 20:10:14,tablet,Organic Search,cart
13007,1902,2022-05-31 04:03:45,mobile,Direct,product
13008,1628,2020-07-10 22:31:46,mobile,Push Notification,checkout
13009,1180,2022-11-21 05:47:55,desktop,Paid Social,product
13010,335,2020-12-06 03:00:37,desktop,Direct,search
13011,1787,2021-01-02 16:58:45,mobile,Ads,cart
13012,794,2021-06-11 17:36:24,mobile,Email,product
13013,909,2021-10-08 17:31:07,tablet,Push Notification,product
13014,891,2021-11-13 18:53:35,desktop,Paid Social,cart
13015,1754,2024-10-11 00:58:08,tablet,Push Notification,cart
13016,756,2021-07-30 18:13:57,desktop,Email,product
13017,1090,2022-03-21 09:05:47,tablet,Paid Social,home
13018,15,2023-01-18 07:32:43,tablet,Paid Social,cart
13019,876,2022-03-17 09:13:29,desktop,Organic Search,cart
13020,339,2020-04-30 01:07:31,mobile,Ads,cart
13021,372,2021-09-10 19:46:09,tablet,Organic Search,product
13022,1628,2024-09-06 22:13:21,desktop,Ads,checkout
13023,915,2020-03-11 06:46:42,tablet,Push Notification,product
13024,1702,2022-12-04 19:04:48,desktop,Direct,checkout
13025,182,2024-11-29 06:04:17,mobile,Paid Social,checkout
13026,1732,2022-01-13 06:14:58,mobile,Organic Search,product
13027,1225,2021-05-31 13:36:34,mobile,Ads,search
13028,1612,2024-02-21 01:27:50,mobile,Organic Search,cart
13029,1140,2021-03-16 06:36:33,mobile,Organic Search,home
13030,1275,2022-01-24 04:10:44,tablet,Push Notification,home
13031,1641,2021-11-24 16:19:50,mobile,Ads,checkout
13032,1520,2024-08-07 13:28:50,desktop,Paid Social,product
13033,1292,2020-07-10 22:52:01,tablet,Organic Search,product
13034,1792,2020-10-28 01:35:25,tablet,Ads,checkout
13035,708,2020-07-15 23:37:37,tablet,Ads,product
13036,1784,2023-06-19 13:12:17,desktop,Paid Social,checkout
13037,291,2024-06-16 21:21:00,desktop,Ads,cart
13038,1617,2023-01-13 05:10:19,mobile,Organic Search,home
13039,1974,2021-11-14 09:30:05,mobile,Push Notification,cart
13040,1260,2023-01-05 03:53:08,tablet,Email,search
13041,967,2020-01-11 17:24:57,tablet,Organic Search,home
13042,1996,2024-04-18 10:58:03,tablet,Organic Search,search
13043,338,2023-06-15 04:15:21,desktop,Paid Social,product
13044,779,2024-08-11 14:48:32,desktop,Ads,checkout
13045,480,2023-04-01 07:35:55,tablet,Paid Social,home
13046,1271,2021-12-24 21:45:35,tablet,Ads,checkout
13047,1091,2024-06-11 02:08:20,mobile,Push Notification,checkout
13048,697,2022-06-16 07:49:29,mobile,Paid Social,home
13049,1194,2020-01-06 16:06:10,tablet,Organic Search,search
13050,326,2020-04-23 21:10:31,tablet,Paid Social,cart
13051,1080,2021-11-17 11:06:26,tablet,Push Notification,cart
13052,60,2024-02-16 07:25:06,tablet,Organic Search,search
13053,1969,2020-07-22 12:23:03,mobile,Push Notification,checkout
13054,1719,2021-08-26 04:37:09,tablet,Push Notification,checkout
13055,1583,2024-12-17 08:27:52,desktop,Paid Social,cart
13056,583,2021-10-20 22:56:30,mobile,Paid Social,home
13057,403,2021-08-30 11:27:43,mobile,Direct,home
13058,1872,2023-03-09 12:37:18,desktop,Email,home
13059,1883,2024-09-09 03:50:22,mobile,Email,product
13060,277,2022-11-30 11:35:03,tablet,Direct,checkout
13061,573,2020-05-31 12:09:57,tablet,Organic Search,product
13062,208,2021-02-22 14:05:42,desktop,Push Notification,search
13063,563,2022-09-01 02:22:55,desktop,Email,product
13064,840,2020-06-15 17:04:38,desktop,Paid Social,home
13065,1124,2024-10-15 10:38:42,desktop,Organic Search,product
13066,1042,2024-12-16 06:07:22,desktop,Direct,search
13067,147,2023-10-25 15:45:28,mobile,Push Notification,home
13068,456,2020-03-16 02:21:04,tablet,Ads,home
13069,1230,2022-08-06 05:51:37,mobile,Organic Search,home
13070,458,2022-12-19 01:32:07,desktop,Ads,cart
13071,1194,2024-08-10 00:19:47,desktop,Paid Social,checkout
13072,732,2021-10-03 01:37:39,mobile,Email,search
13073,25,2023-08-26 05:30:31,tablet,Organic Search,checkout
13074,739,2022-08-13 22:07:54,mobile,Direct,search
13075,648,2023-10-20 08:57:52,tablet,Direct,product
13076,894,2021-05-08 02:32:48,desktop,Organic Search,checkout
13077,152,2024-12-31 18:32:34,tablet,Ads,product
13078,847,2021-04-23 19:16:27,tablet,Paid Social,home
13079,1155,2024-01-14 01:10:42,desktop,Direct,home
13080,548,2022-08-28 08:53:18,mobile,Organic Search,product
13081,1962,2022-04-04 15:24:37,mobile,Push Notification,checkout
13082,899,2020-04-06 07:42:26,desktop,Organic Search,home
13083,195,2024-10-15 19:33:48,desktop,Organic Search,cart
13084,1681,2022-10-25 07:21:15,mobile,Direct,search
13085,525,2024-01-19 11:20:38,desktop,Direct,cart
13086,1600,2023-10-28 09:33:27,desktop,Organic Search,product
13087,1156,2022-10-15 08:43:08,mobile,Ads,cart
13088,874,2020-03-21 17:21:24,mobile,Paid Social,home
13089,848,2024-05-15 07:52:49,tablet,Push Notification,cart
13090,536,2023-02-10 08:42:33,mobile,Ads,checkout
13091,435,2024-11-11 17:39:48,tablet,Organic Search,home
13092,181,2024-10-10 19:06:33,tablet,Push Notification,cart
13093,273,2020-05-28 22:31:48,desktop,Direct,home
13094,1517,2023-06-12 06:50:32,tablet,Ads,home
13095,763,2021-11-22 11:30:11,desktop,Email,checkout
13096,278,2024-10-18 09:54:02,mobile,Organic Search,cart
13097,487,2022-04-17 04:57:20,tablet,Email,cart
13098,248,2021-02-19 22:24:41,mobile,Push Notification,cart
13099,1024,2023-02-01 17:30:01,mobile,Direct,checkout
13100,1541,2024-06-21 06:32:59,desktop,Organic Search,home
13101,713,2024-03-02 12:12:56,desktop,Email,cart
13102,162,2024-05-18 02:30:32,mobile,Direct,home
13103,536,2020-02-17 05:19:18,tablet,Push Notification,home
13104,1618,2024-06-01 13:47:16,mobile,Paid Social,product
13105,1526,2021-01-11 10:03:59,tablet,Organic Search,search
13106,1342,2022-08-19 17:00:34,mobile,Paid Social,checkout
13107,22,2020-05-23 20:22:35,tablet,Email,home
13108,190,2020-01-07 18:14:35,mobile,Direct,home
13109,1977,2022-02-23 04:59:47,mobile,Email,checkout
13110,1352,2020-05-09 21:05:53,desktop,Organic Search,product
13111,1443,2021-01-10 01:34:19,desktop,Organic Search,home
13112,671,2022-05-20 20:24:20,mobile,Email,search
13113,177,2021-04-02 16:21:47,tablet,Email,search
13114,1287,2024-11-10 09:14:26,desktop,Push Notification,home
13115,1129,2022-08-21 10:34:34,desktop,Organic Search,search
13116,4,2020-01-15 20:40:15,tablet,Direct,cart
13117,1873,2023-03-18 03:46:52,desktop,Ads,cart
13118,91,2020-12-07 21:44:46,mobile,Ads,home
13119,1107,2024-01-08 13:02:21,desktop,Paid Social,product
13120,1588,2020-06-04 04:29:54,tablet,Paid Social,cart
13121,1465,2021-01-19 20:30:14,tablet,Ads,product
13122,1582,2022-05-30 11:47:01,tablet,Ads,cart
13123,641,2020-01-30 22:49:10,desktop,Push Notification,search
13124,172,2021-02-13 12:39:19,tablet,Ads,cart
13125,1411,2022-09-14 05:18:12,tablet,Paid Social,product
13126,363,2024-06-12 22:17:57,desktop,Push Notification,search
13127,82,2024-08-09 22:40:27,mobile,Paid Social,home
13128,427,2020-06-15 17:38:14,desktop,Direct,search
13129,623,2024-06-16 04:16:26,tablet,Organic Search,checkout
13130,543,2020-01-10 13:18:09,desktop,Paid Social,checkout
13131,1071,2022-02-02 16:53:34,desktop,Ads,cart
13132,1714,2022-04-11 06:27:27,tablet,Push Notification,product
13133,793,2022-12-25 11:34:01,mobile,Paid Social,product
13134,839,2023-04-14 04:48:36,mobile,Ads,home
13135,1061,2024-10-16 02:46:01,desktop,Paid Social,search
13136,1379,2022-01-11 02:29:19,tablet,Organic Search,home
13137,978,2020-07-27 02:20:26,desktop,Push Notification,checkout
13138,1090,2023-04-07 14:41:22,tablet,Paid Social,product
13139,1798,2024-09-20 11:05:00,tablet,Push Notification,cart
13140,819,2020-07-18 20:49:11,mobile,Direct,cart
13141,1055,2022-08-19 01:34:41,mobile,Organic Search,home
13142,821,2021-08-16 14:11:05,mobile,Organic Search,home
13143,1915,2020-04-12 11:08:34,mobile,Ads,cart
13144,784,2021-09-08 23:07:55,tablet,Push Notification,product
13145,1333,2020-03-20 19:47:38,mobile,Direct,product
13146,1982,2024-07-12 16:18:40,mobile,Email,home
13147,199,2022-12-16 23:12:40,tablet,Organic Search,checkout
13148,1313,2022-07-02 23:46:56,mobile,Email,home
13149,417,2022-01-14 15:12:16,tablet,Email,search
13150,134,2023-04-22 08:28:44,tablet,Organic Search,checkout
13151,516,2022-07-21 19:20:31,desktop,Email,home
13152,1881,2023-03-16 11:25:32,mobile,Push Notification,cart
13153,795,2024-05-05 19:52:37,desktop,Push Notification,cart
13154,809,2023-12-21 17:08:37,desktop,Push Notification,cart
13155,1916,2022-10-23 08:29:53,tablet,Paid Social,search
13156,984,2021-07-16 05:12:05,desktop,Paid Social,product
13157,952,2022-03-26 11:33:27,desktop,Paid Social,product
13158,1478,2024-07-13 08:45:38,mobile,Email,home
13159,719,2024-11-14 07:40:54,desktop,Organic Search,cart
13160,974,2023-02-23 08:43:29,mobile,Ads,cart
13161,803,2024-07-02 01:42:27,mobile,Paid Social,checkout
13162,456,2023-02-09 11:55:49,tablet,Ads,cart
13163,523,2020-04-13 08:05:39,tablet,Email,search
13164,945,2022-03-15 19:17:05,tablet,Ads,cart
13165,444,2022-07-30 13:51:38,tablet,Push Notification,checkout
13166,590,2024-01-15 15:00:50,tablet,Push Notification,home
13167,81,2020-06-21 03:52:50,mobile,Email,product
13168,1798,2024-03-20 10:05:36,mobile,Email,product
13169,513,2021-03-18 01:58:20,desktop,Ads,home
13170,971,2021-10-17 00:05:53,mobile,Ads,home
13171,1340,2024-04-21 09:43:47,desktop,Paid Social,product
13172,1566,2024-09-13 04:19:14,desktop,Organic Search,home
13173,1557,2020-10-27 06:55:16,tablet,Email,search
13174,652,2022-10-15 14:49:34,mobile,Email,home
13175,196,2021-08-14 06:58:15,desktop,Email,checkout
13176,1744,2021-04-19 20:53:03,desktop,Email,product
13177,535,2024-07-06 20:11:40,tablet,Organic Search,search
13178,1271,2020-01-13 14:12:03,mobile,Push Notification,home
13179,740,2022-07-21 14:04:25,desktop,Push Notification,checkout
13180,1770,2021-01-03 23:36:14,tablet,Email,cart
13181,3,2020-08-31 21:06:36,tablet,Paid Social,product
13182,394,2021-06-02 09:39:54,mobile,Push Notification,home
13183,699,2023-07-29 13:18:08,desktop,Ads,checkout
13184,221,2021-07-27 18:04:48,desktop,Email,search
13185,869,2020-05-29 02:07:01,desktop,Email,cart
13186,1479,2020-08-03 11:56:39,desktop,Direct,product
13187,958,2023-06-10 21:21:15,mobile,Push Notification,product
13188,1643,2020-02-06 06:02:11,tablet,Ads,cart
13189,892,2020-10-01 03:50:55,tablet,Email,home
13190,1820,2023-07-07 22:06:57,tablet,Direct,home
13191,191,2021-12-19 13:52:36,desktop,Email,home
13192,601,2020-12-29 18:14:49,mobile,Ads,search
13193,1462,2022-06-28 18:02:13,mobile,Email,checkout
13194,1606,2020-01-03 06:59:57,desktop,Ads,product
13195,688,2021-06-12 06:01:44,desktop,Email,home
13196,1506,2022-05-08 05:06:56,desktop,Paid Social,product
13197,1603,2021-07-05 13:06:31,mobile,Push Notification,home
13198,442,2021-12-09 11:03:29,mobile,Ads,product
13199,1253,2023-08-27 08:31:41,tablet,Paid Social,search
13200,1948,2022-04-16 11:11:54,tablet,Organic Search,checkout
13201,588,2023-05-30 19:36:15,mobile,Organic Search,checkout
13202,616,2020-08-08 11:45:50,mobile,Email,search
13203,1204,2023-05-13 14:08:55,tablet,Ads,product
13204,523,2024-10-04 02:51:18,mobile,Paid Social,home
13205,1121,2020-04-23 12:21:12,desktop,Push Notification,cart
13206,1876,2022-01-24 15:09:51,desktop,Paid Social,search
13207,629,2023-09-04 21:32:02,desktop,Organic Search,home
13208,1657,2022-04-26 00:13:43,desktop,Ads,checkout
13209,1526,2020-05-14 08:18:17,desktop,Organic Search,home
13210,1121,2022-03-29 02:15:15,tablet,Push Notification,search
13211,640,2022-04-28 16:20:45,desktop,Push Notification,product
13212,1909,2023-05-06 01:27:07,mobile,Direct,cart
13213,523,2020-03-25 14:29:49,desktop,Push Notification,product
13214,441,2020-05-18 23:36:20,tablet,Organic Search,home
13215,1240,2020-11-22 23:46:21,tablet,Paid Social,cart
13216,700,2023-06-17 06:22:24,tablet,Paid Social,home
13217,286,2022-03-23 18:06:55,tablet,Ads,product
13218,1361,2023-06-01 11:40:32,tablet,Push Notification,checkout
13219,1641,2024-03-23 08:40:22,desktop,Push Notification,search
13220,1778,2021-10-18 16:16:25,tablet,Direct,cart
13221,1887,2023-03-04 00:34:14,desktop,Paid Social,search
13222,1597,2020-06-25 04:51:27,desktop,Organic Search,checkout
13223,564,2024-04-10 12:56:18,tablet,Organic Search,search
13224,430,2023-06-11 04:00:50,desktop,Email,cart
13225,103,2022-01-05 22:57:21,tablet,Paid Social,checkout
13226,351,2020-11-27 17:06:05,mobile,Paid Social,home
13227,1598,2024-02-17 05:43:53,mobile,Ads,checkout
13228,1803,2024-09-26 09:55:34,mobile,Direct,checkout
13229,1593,2022-12-26 21:38:14,mobile,Organic Search,checkout
13230,1666,2022-09-15 01:54:29,mobile,Organic Search,home
13231,659,2021-10-18 20:12:42,tablet,Ads,cart
13232,830,2022-01-05 07:56:05,mobile,Push Notification,product
13233,1396,2022-05-20 07:28:26,mobile,Push Notification,search
13234,991,2024-03-17 17:54:28,desktop,Organic Search,cart
13235,422,2020-10-30 12:57:03,mobile,Paid Social,cart
13236,1011,2021-08-01 16:05:52,desktop,Organic Search,search
13237,1243,2023-12-20 22:27:57,mobile,Paid Social,cart
13238,1640,2023-11-19 03:11:11,tablet,Email,product
13239,392,2021-03-07 10:47:08,desktop,Paid Social,product
13240,834,2022-09-25 10:30:02,mobile,Direct,home
13241,1192,2022-08-26 02:44:48,mobile,Organic Search,search
13242,1140,2023-03-09 02:31:50,mobile,Ads,home
13243,375,2020-12-13 18:12:08,tablet,Paid Social,search
13244,1473,2022-09-02 15:38:02,mobile,Paid Social,home
13245,228,2022-04-30 11:07:23,tablet,Email,product
13246,947,2022-10-01 01:09:04,mobile,Organic Search,product
13247,1985,2020-03-07 08:58:31,desktop,Push Notification,cart
13248,174,2020-11-20 12:19:11,tablet,Push Notification,home
13249,1479,2022-03-31 16:20:15,desktop,Paid Social,product
13250,775,2024-03-26 02:23:26,desktop,Email,checkout
13251,1042,2022-12-08 12:53:42,desktop,Direct,cart
13252,1840,2022-07-08 22:59:13,mobile,Push Notification,product
13253,393,2023-08-16 12:36:04,tablet,Organic Search,product
13254,1639,2024-07-29 02:02:55,mobile,Direct,product
13255,1153,2020-11-24 01:44:51,mobile,Direct,checkout
13256,591,2022-07-23 12:58:53,tablet,Email,cart
13257,986,2023-08-29 18:21:26,desktop,Email,home
13258,235,2023-09-16 09:34:44,desktop,Direct,search
13259,1823,2022-11-28 13:47:37,desktop,Direct,search
13260,1089,2022-05-28 13:07:13,tablet,Direct,cart
13261,1883,2024-10-19 00:31:47,mobile,Organic Search,home
13262,1886,2021-09-25 10:54:28,desktop,Direct,cart
13263,1945,2020-10-04 18:42:40,mobile,Paid Social,home
13264,391,2023-09-06 17:39:47,tablet,Direct,checkout
13265,1182,2022-12-05 11:13:25,mobile,Push Notification,product
13266,8,2021-05-22 22:30:15,mobile,Ads,home
13267,336,2023-08-01 10:18:51,mobile,Paid Social,search
13268,712,2024-11-30 06:36:39,mobile,Direct,product
13269,261,2021-06-08 21:01:18,desktop,Push Notification,product
13270,938,2020-09-04 09:01:26,tablet,Ads,product
13271,1803,2022-10-24 10:19:55,desktop,Organic Search,checkout
13272,1335,2022-08-26 00:55:38,mobile,Email,product
13273,1218,2022-12-11 05:43:34,desktop,Push Notification,product
13274,729,2021-05-10 11:22:11,tablet,Email,checkout
13275,552,2024-05-13 09:24:29,mobile,Direct,checkout
13276,170,2022-07-17 08:42:45,desktop,Ads,cart
13277,76,2020-06-04 12:11:38,mobile,Ads,checkout
13278,32,2024-09-30 06:11:51,mobile,Direct,product
13279,1529,2024-04-02 08:47:09,tablet,Push Notification,search
13280,391,2020-08-16 09:01:30,mobile,Push Notification,search
13281,1304,2021-07-26 20:45:23,desktop,Paid Social,search
13282,1481,2024-11-14 15:58:38,tablet,Email,home
13283,1829,2024-02-01 15:09:08,tablet,Email,product
13284,1979,2021-03-05 09:39:47,mobile,Push Notification,search
13285,118,2021-10-16 14:36:29,mobile,Push Notification,search
13286,179,2024-01-04 17:12:19,tablet,Email,home
13287,925,2024-01-22 19:58:57,desktop,Email,search
13288,1886,2021-07-01 09:08:04,mobile,Push Notification,checkout
13289,1066,2022-12-11 22:48:28,desktop,Ads,home
13290,1779,2021-07-06 04:28:10,mobile,Ads,cart
13291,1485,2022-06-26 02:01:03,desktop,Paid Social,cart
13292,845,2022-06-08 16:03:09,tablet,Paid Social,search
13293,754,2020-10-07 00:22:12,tablet,Organic Search,home
13294,149,2024-10-14 06:10:25,desktop,Push Notification,product
13295,1917,2022-08-29 04:47:47,tablet,Push Notification,home
13296,1219,2022-12-24 20:49:31,desktop,Ads,search
13297,1054,2024-12-06 06:35:33,desktop,Email,home
13298,1737,2021-06-10 22:06:10,tablet,Ads,checkout
13299,251,2023-03-21 12:51:27,tablet,Organic Search,cart
13300,562,2022-01-27 09:23:23,mobile,Paid Social,checkout
13301,1632,2022-04-04 01:20:40,mobile,Direct,home
13302,918,2022-09-15 06:14:59,mobile,Email,home
13303,1830,2022-02-06 12:26:33,mobile,Direct,home
13304,298,2024-03-02 16:17:16,mobile,Ads,product
13305,1683,2021-09-26 08:49:23,mobile,Paid Social,checkout
13306,1571,2020-09-23 14:44:22,desktop,Organic Search,cart
13307,730,2020-11-15 01:25:12,mobile,Organic Search,checkout
13308,850,2024-04-08 12:13:06,mobile,Push Notification,search
13309,408,2021-08-02 18:44:13,desktop,Organic Search,search
13310,1773,2021-03-31 12:02:00,mobile,Organic Search,product
13311,541,2023-04-14 19:11:11,desktop,Paid Social,product
13312,1264,2020-08-11 18:03:20,desktop,Email,product
13313,1630,2023-12-03 10:50:42,mobile,Email,product
13314,1146,2020-01-14 02:12:23,tablet,Ads,search
13315,489,2023-08-17 01:48:28,mobile,Email,product
13316,95,2024-08-13 08:53:42,tablet,Direct,search
13317,1966,2020-06-30 00:47:24,mobile,Direct,search
13318,1665,2023-12-08 23:02:49,tablet,Ads,cart
13319,684,2020-07-06 10:59:04,desktop,Paid Social,checkout
13320,520,2022-08-30 22:44:29,desktop,Ads,home
13321,1102,2022-11-22 17:14:08,desktop,Ads,search
13322,984,2024-08-03 13:58:20,tablet,Email,cart
13323,1588,2023-01-04 19:45:51,tablet,Organic Search,search
13324,758,2023-08-13 09:57:20,desktop,Email,checkout
13325,458,2020-02-28 03:33:18,mobile,Push Notification,cart
13326,942,2022-03-26 21:17:44,desktop,Email,search
13327,1671,2022-01-03 03:54:22,desktop,Direct,checkout
13328,1280,2022-11-15 02:49:19,tablet,Push Notification,cart
13329,887,2024-11-02 10:13:47,mobile,Email,product
13330,898,2021-12-06 08:43:16,tablet,Paid Social,cart
13331,958,2021-12-07 04:50:15,tablet,Email,search
13332,1683,2021-08-12 09:41:57,desktop,Organic Search,checkout
13333,936,2022-10-19 11:15:05,desktop,Paid Social,search
13334,1383,2023-06-14 22:27:47,mobile,Email,home
13335,1160,2021-12-17 13:42:21,tablet,Paid Social,cart
13336,51,2023-01-20 18:37:46,tablet,Paid Social,home
13337,114,2021-10-20 18:02:05,tablet,Ads,home
13338,614,2020-01-31 07:19:51,tablet,Push Notification,cart
13339,1858,2023-12-23 19:46:02,mobile,Ads,product
13340,858,2023-11-02 21:03:14,desktop,Paid Social,search
13341,138,2023-03-27 14:37:00,tablet,Paid Social,product
13342,1452,2020-09-01 21:11:55,tablet,Ads,home
13343,955,2021-07-23 06:14:02,desktop,Direct,search
13344,226,2020-03-19 15:53:15,desktop,Organic Search,home
13345,251,2022-03-29 08:18:16,desktop,Direct,search
13346,1679,2022-01-18 10:05:03,tablet,Ads,checkout
13347,928,2021-09-21 09:10:54,desktop,Ads,search
13348,889,2020-06-02 09:51:52,desktop,Push Notification,home
13349,1826,2022-04-17 07:01:06,tablet,Email,home
13350,1487,2024-12-07 02:22:03,tablet,Organic Search,product
13351,1241,2020-04-14 10:10:05,tablet,Direct,cart
13352,1981,2023-01-23 07:55:04,mobile,Email,search
13353,1038,2024-04-05 17:22:21,mobile,Organic Search,product
13354,1015,2024-01-09 16:25:31,desktop,Direct,product
13355,1996,2023-07-25 21:15:46,mobile,Direct,search
13356,275,2021-09-29 18:53:06,tablet,Ads,cart
13357,1286,2022-02-13 01:27:04,tablet,Organic Search,cart
13358,1745,2023-06-20 18:23:24,desktop,Paid Social,product
13359,620,2023-06-16 19:32:37,tablet,Organic Search,home
13360,630,2020-01-10 13:01:31,tablet,Ads,product
13361,330,2020-05-13 04:23:02,tablet,Organic Search,cart
13362,711,2024-10-04 07:01:31,mobile,Push Notification,home
13363,1231,2022-01-16 14:53:36,tablet,Push Notification,cart
13364,1347,2023-05-18 22:40:09,mobile,Ads,search
13365,605,2024-12-28 15:58:04,mobile,Email,checkout
13366,1938,2021-11-24 08:22:55,mobile,Email,home
13367,931,2022-03-03 22:54:44,mobile,Ads,cart
13368,1942,2023-07-31 13:36:24,mobile,Push Notification,home
13369,363,2023-11-06 02:15:47,mobile,Organic Search,search
13370,287,2022-01-04 06:53:26,mobile,Organic Search,product
13371,758,2023-09-21 04:28:30,mobile,Email,checkout
13372,304,2021-09-06 14:59:48,desktop,Email,home
13373,738,2024-11-29 15:44:20,mobile,Email,search
13374,1051,2024-10-10 14:56:35,mobile,Paid Social,checkout
13375,1379,2023-08-12 09:39:03,desktop,Organic Search,search
13376,1605,2022-04-13 05:09:00,mobile,Direct,search
13377,1103,2021-09-19 20:29:52,tablet,Paid Social,product
13378,1935,2020-04-10 12:46:04,mobile,Organic Search,product
13379,376,2023-05-11 22:15:01,tablet,Push Notification,product
13380,940,2023-02-14 09:36:56,desktop,Paid Social,product
13381,10,2021-12-13 20:46:12,mobile,Ads,home
13382,1959,2021-06-11 02:48:23,desktop,Organic Search,search
13383,1548,2021-09-12 03:04:21,desktop,Organic Search,search
13384,1707,2020-05-03 13:48:16,mobile,Push Notification,cart
13385,89,2021-08-21 00:30:22,tablet,Direct,checkout
13386,467,2024-11-28 06:49:54,tablet,Direct,checkout
13387,693,2022-01-30 01:52:22,tablet,Email,checkout
13388,1015,2024-10-14 00:11:03,desktop,Organic Search,checkout
13389,1919,2024-07-07 06:52:48,mobile,Email,cart
13390,1539,2022-04-10 18:14:55,mobile,Paid Social,home
13391,1969,2020-11-15 21:38:05,tablet,Paid Social,home
13392,689,2023-01-17 20:53:58,desktop,Paid Social,product
13393,98,2020-11-06 20:46:30,desktop,Organic Search,home
13394,1748,2020-09-06 12:47:47,desktop,Direct,cart
13395,1465,2024-05-14 03:04:02,desktop,Direct,home
13396,804,2020-12-31 21:34:48,desktop,Organic Search,home
13397,1144,2020-09-06 16:13:03,desktop,Direct,checkout
13398,331,2023-02-07 00:14:00,desktop,Push Notification,checkout
13399,60,2024-10-02 05:01:43,tablet,Push Notification,checkout
13400,45,2021-12-17 07:36:53,tablet,Paid Social,checkout
13401,636,2022-01-02 15:23:59,desktop,Organic Search,cart
13402,61,2023-10-28 22:06:01,mobile,Ads,home
13403,578,2022-12-14 03:34:56,tablet,Organic Search,home
13404,433,2023-02-23 00:27:11,tablet,Direct,home
13405,614,2021-05-06 18:28:32,mobile,Organic Search,home
13406,961,2021-11-24 11:36:02,mobile,Paid Social,search
13407,1234,2021-09-19 03:17:50,mobile,Organic Search,home
13408,1972,2023-10-31 22:31:10,desktop,Email,checkout
13409,1025,2023-09-21 09:07:49,tablet,Ads,product
13410,19,2023-03-15 05:30:31,tablet,Organic Search,cart
13411,1869,2021-04-28 12:34:58,desktop,Push Notification,product
13412,1427,2024-10-14 02:09:56,desktop,Paid Social,product
13413,1079,2023-11-28 11:28:55,desktop,Direct,home
13414,1151,2022-10-19 12:38:58,mobile,Paid Social,checkout
13415,619,2020-11-01 22:11:15,desktop,Paid Social,checkout
13416,1179,2024-12-22 09:08:55,desktop,Organic Search,home
13417,1751,2020-01-15 23:25:24,tablet,Direct,home
13418,521,2022-10-10 12:04:20,desktop,Ads,search
13419,848,2022-04-30 10:07:45,tablet,Direct,checkout
13420,960,2023-03-06 13:55:57,desktop,Push Notification,checkout
13421,174,2021-11-25 13:55:34,mobile,Paid Social,home
13422,1311,2024-10-24 10:14:07,mobile,Email,search
13423,1951,2022-02-03 19:13:38,desktop,Direct,cart
13424,1087,2023-03-20 00:54:34,desktop,Push Notification,checkout
13425,1341,2021-05-03 09:36:54,mobile,Push Notification,product
13426,589,2021-01-07 18:56:35,mobile,Paid Social,home
13427,701,2020-10-28 02:47:42,mobile,Organic Search,cart
13428,714,2024-12-29 18:30:05,tablet,Direct,search
13429,566,2021-03-20 11:18:45,mobile,Ads,cart
13430,1021,2023-10-30 19:58:12,mobile,Push Notification,search
13431,103,2023-01-11 04:29:48,mobile,Direct,cart
13432,822,2021-02-15 03:13:13,tablet,Email,search
13433,1752,2021-09-24 00:00:30,desktop,Push Notification,checkout
13434,2000,2022-04-10 12:28:39,mobile,Direct,home
13435,1692,2020-07-07 07:18:48,desktop,Push Notification,search
13436,1264,2024-11-25 04:35:26,tablet,Push Notification,home
13437,1392,2023-02-26 02:30:12,tablet,Push Notification,cart
13438,809,2021-11-15 08:40:41,desktop,Direct,search
13439,689,2023-06-17 20:11:48,mobile,Organic Search,home
13440,1647,2023-07-18 00:13:58,mobile,Push Notification,cart
13441,1192,2024-07-16 21:19:15,desktop,Email,checkout
13442,394,2020-02-25 17:02:42,mobile,Organic Search,cart
13443,1932,2024-05-03 17:28:11,mobile,Ads,search
13444,1000,2020-09-24 19:01:22,tablet,Ads,home
13445,273,2020-02-20 05:42:01,desktop,Ads,home
13446,610,2021-04-20 07:35:08,tablet,Organic Search,cart
13447,52,2020-09-01 12:26:02,tablet,Organic Search,home
13448,32,2020-11-09 04:15:27,mobile,Push Notification,home
13449,1233,2024-04-11 07:07:21,desktop,Organic Search,product
13450,1676,2021-10-04 01:27:47,mobile,Email,cart
13451,462,2020-03-02 16:48:14,desktop,Direct,checkout
13452,711,2023-04-26 17:42:13,desktop,Organic Search,home
13453,1290,2022-08-05 21:00:52,tablet,Push Notification,checkout
13454,831,2021-06-26 04:52:53,mobile,Email,cart
13455,1309,2022-06-26 00:23:20,mobile,Ads,cart
13456,1984,2024-03-26 03:28:56,desktop,Email,cart
13457,835,2020-09-02 08:14:41,desktop,Ads,home
13458,812,2023-04-30 14:03:18,mobile,Direct,search
13459,7,2021-05-18 13:24:37,mobile,Push Notification,checkout
13460,965,2021-08-15 03:45:38,desktop,Direct,cart
13461,102,2021-06-19 06:22:20,desktop,Ads,product
13462,232,2024-11-02 13:07:57,mobile,Ads,cart
13463,1747,2021-08-18 16:23:38,mobile,Organic Search,cart
13464,1565,2024-09-03 20:46:06,tablet,Direct,checkout
13465,1273,2022-01-16 04:41:59,tablet,Direct,home
13466,1048,2021-01-23 01:37:30,tablet,Direct,checkout
13467,106,2024-11-05 02:40:40,desktop,Ads,search
13468,1641,2021-12-30 11:16:56,mobile,Ads,home
13469,369,2020-08-04 17:00:31,tablet,Paid Social,checkout
13470,840,2020-11-15 11:16:02,mobile,Organic Search,search
13471,1570,2024-12-01 17:03:39,tablet,Email,home
13472,1643,2022-09-29 02:48:34,desktop,Ads,checkout
13473,880,2022-06-19 01:51:18,tablet,Email,search
13474,456,2024-09-10 06:01:40,mobile,Organic Search,home
13475,1239,2021-10-31 10:12:33,tablet,Email,home
13476,1659,2021-06-19 14:20:22,desktop,Organic Search,search
13477,621,2020-03-13 14:52:20,desktop,Push Notification,product
13478,183,2020-02-08 01:46:20,mobile,Direct,home
13479,1546,2021-12-20 11:40:53,tablet,Organic Search,product
13480,1528,2023-01-23 17:51:02,tablet,Paid Social,cart
13481,1309,2021-08-12 08:44:32,mobile,Direct,checkout
13482,1826,2024-03-17 00:34:38,mobile,Email,product
13483,75,2021-03-04 17:15:36,tablet,Email,cart
13484,122,2020-06-18 16:41:14,mobile,Email,search
13485,1297,2024-07-19 16:05:34,mobile,Organic Search,checkout
13486,1668,2020-06-12 21:53:55,desktop,Organic Search,cart
13487,284,2023-02-25 10:04:27,desktop,Organic Search,product
13488,1179,2023-12-16 21:20:46,desktop,Paid Social,checkout
13489,380,2024-08-06 08:05:14,mobile,Paid Social,home
13490,1614,2023-11-03 14:32:20,mobile,Ads,checkout
13491,1973,2022-06-05 10:55:38,mobile,Ads,checkout
13492,1270,2024-09-03 02:17:48,tablet,Direct,home
13493,86,2022-03-26 20:37:53,desktop,Organic Search,home
13494,1861,2023-11-06 08:40:10,desktop,Push Notification,checkout
13495,1592,2022-09-05 19:49:41,desktop,Email,cart
13496,491,2021-02-09 16:31:24,mobile,Ads,checkout
13497,1708,2020-12-20 00:58:16,desktop,Ads,product
13498,433,2023-03-05 14:05:35,desktop,Direct,checkout
13499,1267,2022-10-15 16:57:53,desktop,Organic Search,cart
13500,1756,2020-05-14 16:06:12,desktop,Push Notification,cart
13501,402,2022-03-06 03:03:40,mobile,Direct,product
13502,716,2021-03-04 16:29:01,tablet,Ads,checkout
13503,1633,2022-08-31 22:37:13,mobile,Push Notification,checkout
13504,511,2020-06-15 10:25:55,mobile,Organic Search,product
13505,1192,2023-04-27 01:22:56,desktop,Push Notification,cart
13506,1478,2021-02-26 12:32:27,desktop,Direct,home
13507,469,2021-09-25 07:51:36,tablet,Email,product
13508,1705,2023-08-31 23:18:42,mobile,Direct,search
13509,1485,2020-05-20 13:41:14,desktop,Email,cart
13510,197,2021-11-29 05:25:41,desktop,Organic Search,cart
13511,1894,2023-11-09 14:57:18,desktop,Push Notification,search
13512,784,2023-05-14 14:27:23,tablet,Direct,search
13513,631,2022-02-10 21:33:39,desktop,Organic Search,cart
13514,830,2024-07-24 06:48:50,tablet,Email,home
13515,1053,2023-06-23 12:13:23,desktop,Ads,search
13516,1661,2022-11-10 03:07:24,mobile,Push Notification,product
13517,173,2022-07-25 12:17:05,desktop,Direct,search
13518,1324,2022-05-12 21:47:05,desktop,Email,home
13519,185,2022-10-17 17:25:50,mobile,Email,search
13520,821,2023-02-13 13:43:12,desktop,Paid Social,cart
13521,1394,2020-07-13 11:56:16,tablet,Direct,home
13522,434,2021-10-22 09:12:47,desktop,Ads,cart
13523,772,2023-07-14 00:25:30,tablet,Organic Search,search
13524,275,2022-08-25 19:49:08,tablet,Direct,search
13525,1634,2020-02-22 22:51:30,desktop,Ads,checkout
13526,876,2021-10-02 16:25:26,mobile,Email,checkout
13527,794,2020-03-16 03:30:36,tablet,Ads,cart
13528,874,2020-06-29 01:35:23,tablet,Paid Social,cart
13529,1860,2022-07-11 07:14:18,tablet,Push Notification,product
13530,1499,2024-01-05 01:52:20,desktop,Direct,product
13531,757,2020-11-15 21:47:59,mobile,Paid Social,product
13532,444,2022-10-07 17:03:00,mobile,Paid Social,home
13533,827,2021-07-25 17:35:55,desktop,Direct,checkout
13534,769,2020-01-16 01:08:49,mobile,Ads,checkout
13535,821,2023-10-05 01:06:48,desktop,Organic Search,home
13536,104,2023-06-11 19:13:17,tablet,Email,cart
13537,1745,2021-11-10 02:25:50,mobile,Email,cart
13538,623,2024-03-15 05:57:26,desktop,Ads,product
13539,680,2024-05-17 07:59:18,mobile,Direct,home
13540,1999,2020-11-28 22:24:51,mobile,Organic Search,home
13541,1089,2023-06-28 11:50:48,tablet,Paid Social,checkout
13542,197,2024-08-08 17:35:22,tablet,Push Notification,cart
13543,1016,2020-08-07 11:18:17,tablet,Push Notification,home
13544,190,2021-01-17 12:36:52,desktop,Organic Search,checkout
13545,232,2023-10-09 07:49:26,mobile,Direct,search
13546,48,2020-12-14 06:02:35,tablet,Ads,checkout
13547,37,2021-02-14 09:20:43,desktop,Ads,home
13548,1863,2021-03-19 18:07:56,tablet,Email,product
13549,1705,2024-09-30 04:12:32,tablet,Ads,checkout
13550,960,2023-04-24 09:30:42,tablet,Paid Social,search
13551,871,2020-05-13 13:54:26,mobile,Paid Social,home
13552,780,2024-08-27 10:43:51,mobile,Email,cart
13553,1729,2024-03-21 11:52:22,tablet,Organic Search,cart
13554,918,2023-09-12 00:02:04,tablet,Direct,checkout
13555,577,2024-10-30 01:34:20,mobile,Push Notification,home
13556,111,2024-03-13 05:55:01,mobile,Organic Search,cart
13557,281,2021-01-25 01:25:38,tablet,Direct,product
13558,1559,2024-10-22 02:57:35,tablet,Organic Search,home
13559,1564,2023-02-12 05:33:54,desktop,Direct,home
13560,232,2024-03-02 02:59:06,tablet,Direct,product
13561,928,2020-11-24 12:05:48,tablet,Organic Search,product
13562,1033,2023-02-28 05:44:45,desktop,Ads,checkout
13563,1877,2020-08-20 09:35:56,desktop,Ads,home
13564,1091,2023-08-25 19:54:18,mobile,Paid Social,product
13565,1446,2023-02-23 13:58:51,mobile,Push Notification,home
13566,893,2022-02-12 10:34:25,desktop,Email,search
13567,378,2024-12-18 08:20:05,desktop,Direct,search
13568,1890,2020-11-13 08:27:16,mobile,Ads,checkout
13569,1935,2024-09-10 22:05:18,desktop,Paid Social,cart
13570,1410,2022-07-02 20:25:08,desktop,Direct,product
13571,46,2022-02-18 13:47:37,tablet,Email,cart
13572,577,2022-04-03 03:47:10,desktop,Ads,search
13573,1613,2023-04-14 22:37:27,tablet,Ads,product
13574,761,2021-07-10 13:25:31,mobile,Push Notification,checkout
13575,1517,2023-11-12 22:37:23,tablet,Ads,checkout
13576,370,2022-11-07 23:04:20,tablet,Ads,home
13577,450,2022-06-19 17:16:28,desktop,Organic Search,search
13578,477,2021-06-24 08:47:46,tablet,Organic Search,cart
13579,395,2020-02-19 16:03:06,desktop,Email,search
13580,1734,2024-09-10 22:10:49,mobile,Email,checkout
13581,1512,2024-02-03 03:15:44,desktop,Direct,search
13582,78,2021-04-06 21:55:02,tablet,Ads,search
13583,1590,2021-06-03 14:47:53,desktop,Paid Social,product
13584,366,2023-01-21 13:47:39,mobile,Paid Social,search
13585,1166,2024-10-13 04:08:04,tablet,Direct,search
13586,1642,2023-08-26 14:54:44,mobile,Paid Social,home
13587,3,2024-12-20 02:02:17,tablet,Push Notification,checkout
13588,82,2020-04-10 17:19:01,desktop,Email,search
13589,1662,2023-02-28 13:18:33,desktop,Organic Search,cart
13590,1441,2024-01-04 03:21:33,mobile,Email,cart
13591,402,2024-12-30 08:09:25,desktop,Push Notification,search
13592,263,2022-04-19 06:48:03,tablet,Email,checkout
13593,301,2024-12-06 03:36:59,desktop,Paid Social,checkout
13594,623,2023-01-05 11:12:43,mobile,Organic Search,home
13595,1375,2020-07-30 04:37:53,desktop,Paid Social,product
13596,1283,2023-12-09 05:56:04,tablet,Organic Search,checkout
13597,1127,2024-06-30 20:38:53,tablet,Paid Social,home
13598,552,2024-09-19 12:08:07,desktop,Email,product
13599,554,2023-09-09 00:50:00,tablet,Push Notification,home
13600,471,2023-03-13 09:27:13,desktop,Organic Search,checkout
13601,458,2021-10-10 15:24:47,desktop,Email,product
13602,699,2024-04-18 02:02:41,mobile,Ads,product
13603,1150,2022-12-17 21:52:22,desktop,Organic Search,checkout
13604,1444,2024-06-04 13:34:56,mobile,Paid Social,cart
13605,1539,2021-10-08 17:37:54,tablet,Email,search
13606,885,2023-05-24 11:19:41,tablet,Push Notification,search
13607,542,2022-03-20 20:24:43,desktop,Push Notification,cart
13608,1012,2024-01-03 11:20:28,tablet,Push Notification,cart
13609,565,2022-08-23 10:47:45,desktop,Push Notification,home
13610,1542,2021-06-05 23:50:55,mobile,Organic Search,checkout
13611,875,2022-10-21 14:34:53,desktop,Paid Social,product
13612,922,2021-02-27 08:55:45,desktop,Direct,cart
13613,1658,2022-01-14 16:19:20,tablet,Ads,checkout
13614,1422,2024-04-24 12:20:56,tablet,Organic Search,cart
13615,994,2024-08-05 16:22:53,tablet,Email,home
13616,1982,2020-08-09 22:57:09,tablet,Push Notification,checkout
13617,916,2020-03-05 18:37:19,mobile,Organic Search,checkout
13618,574,2024-06-20 13:32:47,tablet,Push Notification,cart
13619,1095,2021-02-08 10:39:52,tablet,Email,search
13620,1548,2023-04-06 15:35:54,tablet,Push Notification,home
13621,45,2022-10-08 02:37:26,desktop,Organic Search,cart
13622,721,2020-09-21 22:02:19,tablet,Ads,home
13623,999,2021-12-09 21:52:20,mobile,Direct,product
13624,1680,2021-12-02 12:24:04,desktop,Paid Social,home
13625,1710,2021-03-11 04:39:30,tablet,Push Notification,search
13626,1928,2024-09-11 12:59:47,tablet,Email,product
13627,638,2023-08-06 17:20:28,mobile,Ads,checkout
13628,1751,2022-03-05 13:35:33,tablet,Ads,cart
13629,302,2024-08-10 05:50:27,mobile,Organic Search,checkout
13630,1958,2020-04-08 06:13:11,mobile,Ads,home
13631,493,2024-08-18 12:45:09,desktop,Paid Social,home
13632,1451,2024-12-29 22:19:06,mobile,Organic Search,search
13633,743,2021-11-30 20:29:50,tablet,Ads,cart
13634,1974,2022-10-02 06:15:59,tablet,Direct,search
13635,208,2024-04-19 02:56:26,desktop,Email,product
13636,1783,2023-09-28 16:55:59,tablet,Push Notification,product
13637,1056,2022-07-04 14:23:15,mobile,Push Notification,checkout
13638,1618,2022-12-01 18:54:52,desktop,Push Notification,home
13639,1228,2021-04-05 00:51:36,mobile,Paid Social,product
13640,399,2022-02-05 14:29:11,desktop,Organic Search,cart
13641,742,2023-07-11 09:27:05,tablet,Push Notification,cart
13642,517,2024-12-19 23:01:26,tablet,Push Notification,home
13643,766,2023-03-05 17:19:08,tablet,Email,checkout
13644,166,2021-01-01 03:30:36,tablet,Ads,checkout
13645,1519,2022-02-09 22:46:03,desktop,Ads,home
13646,76,2024-03-26 05:25:58,tablet,Direct,product
13647,1530,2021-05-26 21:21:29,desktop,Push Notification,cart
13648,1806,2021-03-13 12:17:40,mobile,Paid Social,home
13649,1491,2022-04-20 21:43:12,mobile,Ads,search
13650,525,2024-05-09 03:51:23,mobile,Paid Social,search
13651,1832,2021-01-28 07:55:21,desktop,Organic Search,cart
13652,321,2024-09-16 09:25:41,mobile,Paid Social,search
13653,1220,2021-02-26 02:14:30,tablet,Paid Social,search
13654,331,2024-12-24 12:01:59,tablet,Paid Social,cart
13655,784,2020-03-10 04:07:22,desktop,Push Notification,cart
13656,1435,2021-02-12 00:24:31,desktop,Direct,search
13657,708,2023-03-31 19:22:07,desktop,Push Notification,search
13658,1336,2020-05-16 11:48:47,tablet,Paid Social,search
13659,793,2023-10-04 08:07:34,tablet,Email,home
13660,837,2023-01-11 15:51:00,desktop,Email,search
13661,1997,2021-06-20 13:37:46,desktop,Ads,product
13662,633,2020-10-06 12:42:52,mobile,Email,cart
13663,661,2023-04-08 05:28:33,mobile,Ads,checkout
13664,1930,2023-02-16 15:30:47,desktop,Organic Search,product
13665,1621,2024-10-30 07:20:40,desktop,Organic Search,search
13666,1979,2021-02-04 20:19:42,tablet,Organic Search,product
13667,950,2022-12-23 21:27:42,tablet,Email,search
13668,932,2022-03-06 05:56:17,tablet,Paid Social,search
13669,252,2022-10-26 16:08:33,mobile,Paid Social,checkout
13670,339,2022-05-06 02:02:51,desktop,Paid Social,search
13671,1448,2021-03-17 16:04:37,mobile,Organic Search,home
13672,1991,2024-01-09 07:39:20,desktop,Ads,home
13673,705,2022-07-26 02:07:26,desktop,Ads,search
13674,1938,2021-08-05 22:25:32,mobile,Email,cart
13675,914,2024-08-21 23:00:16,mobile,Email,search
13676,713,2024-11-17 20:27:12,desktop,Direct,search
13677,716,2023-09-20 01:37:54,mobile,Email,checkout
13678,241,2022-06-01 17:58:21,mobile,Ads,product
13679,1340,2020-03-18 10:18:20,mobile,Ads,checkout
13680,628,2020-12-10 21:19:24,desktop,Organic Search,home
13681,1732,2024-04-30 03:43:55,mobile,Ads,search
13682,1176,2024-02-14 12:40:50,mobile,Organic Search,search
13683,1490,2021-02-21 03:01:29,mobile,Direct,product
13684,55,2023-07-21 10:02:47,mobile,Push Notification,cart
13685,522,2020-12-13 03:07:09,desktop,Organic Search,checkout
13686,1923,2024-07-31 16:00:12,tablet,Ads,checkout
13687,1154,2022-04-30 23:48:42,desktop,Email,cart
13688,1146,2020-06-06 21:30:37,desktop,Email,cart
13689,142,2024-02-19 17:04:43,desktop,Organic Search,cart
13690,1297,2020-05-10 10:08:26,desktop,Direct,search
13691,806,2022-12-23 04:35:50,desktop,Paid Social,checkout
13692,162,2020-03-11 02:46:36,tablet,Ads,product
13693,1181,2023-09-24 19:17:04,mobile,Ads,home
13694,440,2024-09-22 23:52:44,mobile,Paid Social,product
13695,1506,2024-09-12 15:31:45,mobile,Ads,product
13696,248,2022-09-15 05:07:58,desktop,Push Notification,search
13697,1921,2023-08-06 02:58:47,desktop,Paid Social,cart
13698,745,2022-11-24 16:24:50,desktop,Push Notification,cart
13699,907,2023-05-05 16:52:31,desktop,Paid Social,checkout
13700,1263,2023-01-06 08:17:25,desktop,Ads,checkout
13701,519,2020-12-19 21:03:36,tablet,Ads,checkout
13702,221,2021-09-04 18:00:09,mobile,Direct,cart
13703,1547,2024-07-21 11:15:27,desktop,Email,search
13704,586,2021-12-22 19:46:59,mobile,Push Notification,product
13705,1247,2024-09-26 20:01:14,tablet,Ads,home
13706,1811,2023-04-09 09:13:58,tablet,Organic Search,search
13707,1705,2020-07-12 23:38:36,mobile,Ads,search
13708,1293,2021-03-03 04:52:13,tablet,Paid Social,search
13709,1685,2021-07-09 09:13:32,mobile,Paid Social,home
13710,906,2020-09-26 09:26:49,desktop,Ads,search
13711,555,2020-05-19 09:20:15,tablet,Ads,checkout
13712,991,2021-06-17 07:28:21,desktop,Paid Social,home
13713,340,2020-12-15 01:14:45,tablet,Email,cart
13714,606,2024-12-01 19:44:19,mobile,Email,home
13715,1628,2021-05-03 17:41:57,mobile,Direct,home
13716,1501,2022-06-04 00:46:40,desktop,Paid Social,home
13717,1804,2020-04-20 21:31:51,desktop,Email,product
13718,457,2020-03-24 06:32:45,tablet,Email,product
13719,786,2021-11-30 10:02:26,desktop,Ads,cart
13720,814,2023-01-15 04:12:39,desktop,Paid Social,home
13721,347,2022-03-10 12:04:17,mobile,Paid Social,cart
13722,539,2022-08-09 22:00:29,desktop,Email,product
13723,1147,2021-05-12 14:49:19,mobile,Paid Social,cart
13724,638,2023-12-17 11:34:33,mobile,Email,cart
13725,331,2021-10-19 03:43:04,tablet,Ads,cart
13726,1640,2020-09-13 12:50:16,tablet,Push Notification,search
13727,1042,2021-03-23 18:46:49,desktop,Ads,cart
13728,319,2020-11-05 00:24:06,tablet,Organic Search,home
13729,1555,2021-09-01 19:45:49,desktop,Organic Search,product
13730,1819,2021-07-14 11:53:12,tablet,Paid Social,cart
13731,667,2023-12-14 05:26:33,tablet,Direct,home
13732,102,2020-03-02 17:56:24,desktop,Organic Search,search
13733,1303,2022-05-25 20:06:02,mobile,Organic Search,home
13734,1586,2024-09-11 23:58:52,tablet,Paid Social,cart
13735,1071,2020-03-19 03:12:39,desktop,Paid Social,product
13736,1932,2020-08-16 06:31:01,tablet,Push Notification,product
13737,1617,2024-04-06 16:00:56,desktop,Ads,cart
13738,1153,2024-11-22 09:30:38,desktop,Email,home
13739,1088,2021-06-03 22:23:20,tablet,Paid Social,cart
13740,180,2024-11-28 18:30:56,desktop,Push Notification,product
13741,1867,2021-03-22 16:13:12,desktop,Paid Social,cart
13742,1077,2020-11-01 03:54:52,tablet,Direct,cart
13743,536,2022-12-08 17:45:43,mobile,Organic Search,search
13744,1138,2021-11-04 01:50:26,desktop,Push Notification,search
13745,1450,2024-06-06 16:17:29,tablet,Direct,checkout
13746,1742,2021-01-01 11:37:25,tablet,Paid Social,checkout
13747,1065,2024-09-11 15:39:49,desktop,Email,cart
13748,311,2024-06-27 07:43:48,tablet,Push Notification,product
13749,382,2022-05-30 08:22:06,mobile,Paid Social,search
13750,504,2022-06-29 07:11:11,tablet,Ads,cart
13751,183,2022-12-16 00:41:48,desktop,Direct,checkout
13752,959,2022-12-29 17:20:36,desktop,Push Notification,product
13753,332,2023-04-08 23:21:30,mobile,Email,search
13754,1266,2023-03-29 03:27:40,mobile,Paid Social,product
13755,1838,2020-02-17 15:42:18,desktop,Direct,checkout
13756,1393,2022-04-20 15:03:14,tablet,Organic Search,search
13757,1550,2023-04-08 17:36:14,desktop,Push Notification,search
13758,1158,2023-08-19 16:17:48,tablet,Organic Search,search
13759,138,2023-05-19 21:48:45,tablet,Paid Social,search
13760,1154,2020-12-18 10:24:38,mobile,Push Notification,cart
13761,1799,2022-02-24 22:34:07,tablet,Email,cart
13762,896,2024-03-22 09:45:31,desktop,Direct,cart
13763,358,2024-03-08 07:03:55,tablet,Paid Social,product
13764,249,2022-06-12 22:59:48,tablet,Push Notification,search
13765,395,2021-08-13 22:34:17,desktop,Direct,checkout
13766,334,2021-12-20 14:01:06,mobile,Paid Social,product
13767,755,2020-05-25 06:53:56,mobile,Push Notification,home
13768,1114,2024-03-25 04:10:04,desktop,Paid Social,search
13769,1817,2024-05-02 16:17:12,mobile,Paid Social,search
13770,1320,2024-04-08 07:49:31,desktop,Paid Social,home
13771,946,2024-07-12 16:19:19,desktop,Push Notification,product
13772,238,2023-06-14 23:00:59,mobile,Paid Social,cart
13773,245,2023-11-18 14:38:14,tablet,Ads,search
13774,1146,2020-03-22 17:00:18,tablet,Email,product
13775,1713,2020-03-31 08:28:00,desktop,Push Notification,checkout
13776,1415,2023-11-02 05:10:47,tablet,Paid Social,cart
13777,234,2021-06-01 15:27:08,mobile,Ads,search
13778,425,2023-04-16 14:57:35,mobile,Direct,checkout
13779,396,2020-06-04 22:14:02,tablet,Direct,search
13780,877,2021-12-19 23:19:27,tablet,Organic Search,cart
13781,1002,2022-08-28 18:12:58,desktop,Email,home
13782,1441,2022-10-12 18:31:42,mobile,Push Notification,product
13783,870,2023-11-02 08:11:44,mobile,Push Notification,checkout
13784,745,2023-11-26 11:07:40,mobile,Ads,home
13785,1385,2022-06-04 13:04:14,tablet,Direct,cart
13786,122,2023-01-30 12:05:54,mobile,Organic Search,checkout
13787,627,2020-11-06 04:05:44,mobile,Direct,search
13788,425,2023-07-18 02:26:17,desktop,Email,checkout
13789,1496,2021-05-26 05:02:18,tablet,Direct,home
13790,1830,2022-04-14 10:20:21,mobile,Email,cart
13791,636,2022-12-28 08:13:22,desktop,Push Notification,home
13792,1849,2020-06-26 07:18:49,desktop,Organic Search,checkout
13793,1438,2024-11-09 21:21:46,mobile,Direct,cart
13794,516,2023-03-10 11:55:14,desktop,Ads,cart
13795,1262,2023-01-15 06:23:48,mobile,Ads,checkout
13796,928,2020-03-20 17:09:05,mobile,Paid Social,home
13797,685,2021-07-30 01:41:30,desktop,Push Notification,checkout
13798,768,2023-07-13 10:27:48,tablet,Email,search
13799,143,2021-02-01 14:05:16,mobile,Paid Social,checkout
13800,873,2023-03-09 08:30:50,desktop,Paid Social,product
13801,91,2022-04-21 21:54:20,tablet,Push Notification,search
13802,474,2020-09-09 20:49:03,mobile,Ads,search
13803,1786,2021-05-17 13:20:35,tablet,Organic Search,product
13804,343,2022-06-15 06:27:18,mobile,Push Notification,checkout
13805,1339,2022-05-08 18:23:20,mobile,Organic Search,search
13806,15,2023-04-09 08:45:03,desktop,Ads,product
13807,766,2021-03-14 06:54:21,desktop,Paid Social,home
13808,1889,2021-08-31 18:27:35,desktop,Paid Social,cart
13809,1153,2021-02-19 04:55:05,mobile,Email,home
13810,1650,2024-06-26 15:49:09,tablet,Direct,product
13811,1000,2021-03-01 02:15:19,mobile,Direct,cart
13812,1647,2022-06-07 22:40:35,desktop,Direct,home
13813,1424,2021-04-26 14:27:26,tablet,Direct,cart
13814,853,2020-12-11 16:30:35,desktop,Organic Search,cart
13815,223,2023-05-19 09:09:24,desktop,Organic Search,search
13816,982,2024-05-19 11:13:46,tablet,Email,search
13817,715,2021-11-12 06:31:29,desktop,Email,cart
13818,683,2022-11-11 08:32:28,tablet,Push Notification,cart
13819,1544,2020-07-09 05:22:27,tablet,Direct,checkout
13820,733,2020-08-08 21:38:56,tablet,Organic Search,cart
13821,1114,2020-12-26 02:09:24,tablet,Push Notification,product
13822,1762,2024-08-30 07:51:15,mobile,Organic Search,product
13823,1828,2023-12-10 08:02:47,mobile,Ads,cart
13824,713,2023-07-02 14:48:29,mobile,Paid Social,cart
13825,27,2023-04-25 07:38:14,mobile,Organic Search,product
13826,1349,2021-08-07 03:10:10,desktop,Paid Social,checkout
13827,744,2021-06-12 02:35:09,mobile,Organic Search,checkout
13828,1107,2024-07-30 21:21:12,mobile,Organic Search,checkout
13829,1073,2024-03-30 17:34:16,mobile,Push Notification,home
13830,1483,2024-03-15 07:56:37,desktop,Email,cart
13831,1019,2021-02-03 08:13:47,tablet,Push Notification,cart
13832,1988,2021-10-24 16:51:26,desktop,Ads,search
13833,1642,2020-05-07 03:08:10,tablet,Email,product
13834,758,2020-06-13 23:20:02,desktop,Ads,home
13835,53,2024-06-13 08:04:54,desktop,Paid Social,home
13836,719,2023-11-29 22:10:44,mobile,Direct,home
13837,764,2022-11-14 15:04:32,mobile,Organic Search,home
13838,707,2023-11-02 00:13:22,tablet,Email,product
13839,663,2024-01-23 14:15:01,tablet,Organic Search,product
13840,1215,2024-04-27 09:00:35,mobile,Push Notification,cart
13841,100,2021-04-28 12:08:23,tablet,Paid Social,cart
13842,1447,2023-03-08 20:30:14,tablet,Paid Social,search
13843,1750,2020-08-24 11:05:50,desktop,Email,checkout
13844,1441,2022-12-10 21:47:33,desktop,Organic Search,checkout
13845,1643,2024-08-23 10:01:56,mobile,Organic Search,search
13846,300,2021-05-09 18:12:31,mobile,Paid Social,cart
13847,1484,2021-05-28 12:28:45,mobile,Direct,checkout
13848,1350,2024-04-30 07:03:50,tablet,Push Notification,home
13849,1978,2020-01-28 21:44:44,desktop,Ads,home
13850,1498,2020-08-03 08:47:00,mobile,Direct,home
13851,1011,2022-03-06 00:32:29,mobile,Paid Social,search
13852,1127,2024-10-05 02:36:26,mobile,Email,checkout
13853,786,2023-01-09 10:08:16,desktop,Email,home
13854,301,2022-07-30 06:20:17,desktop,Paid Social,cart
13855,1015,2024-08-05 15:07:52,mobile,Paid Social,product
13856,326,2020-12-06 00:16:47,mobile,Ads,product
13857,1637,2024-02-05 12:34:57,tablet,Email,search
13858,488,2022-09-10 10:38:36,mobile,Paid Social,checkout
13859,670,2022-07-08 09:41:40,tablet,Push Notification,cart
13860,586,2021-12-16 09:28:14,mobile,Organic Search,cart
13861,410,2023-09-24 02:02:43,mobile,Ads,home
13862,12,2020-04-19 00:53:58,mobile,Ads,checkout
13863,1134,2020-04-10 07:38:54,mobile,Organic Search,product
13864,1568,2020-04-20 09:03:40,mobile,Paid Social,search
13865,170,2023-01-11 01:01:54,tablet,Organic Search,search
13866,404,2023-08-18 15:54:36,tablet,Paid Social,product
13867,1916,2023-07-24 20:01:04,mobile,Direct,search
13868,208,2022-12-27 23:02:11,tablet,Direct,product
13869,40,2021-05-05 01:01:29,desktop,Email,checkout
13870,546,2021-04-11 11:38:19,mobile,Push Notification,search
13871,462,2020-12-20 21:08:03,desktop,Organic Search,home
13872,697,2024-05-10 12:16:37,mobile,Direct,product
13873,1714,2021-07-02 01:06:44,mobile,Push Notification,search
13874,1282,2024-11-17 12:26:32,tablet,Ads,checkout
13875,1155,2022-01-20 21:09:40,mobile,Organic Search,search
13876,1792,2022-03-18 05:19:09,mobile,Paid Social,cart
13877,1600,2023-09-01 00:01:54,mobile,Organic Search,home
13878,1035,2024-08-05 17:46:10,mobile,Direct,product
13879,1052,2023-12-01 09:22:26,desktop,Paid Social,product
13880,907,2023-06-09 09:00:07,mobile,Push Notification,checkout
13881,62,2023-03-03 03:06:30,mobile,Direct,home
13882,1080,2022-04-03 11:07:08,desktop,Push Notification,home
13883,1204,2022-05-25 07:48:04,tablet,Paid Social,search
13884,1389,2022-01-25 16:28:02,mobile,Push Notification,home
13885,406,2020-12-28 06:57:59,desktop,Paid Social,search
13886,533,2021-08-15 04:14:00,tablet,Push Notification,checkout
13887,65,2021-07-12 16:43:50,desktop,Push Notification,home
13888,1942,2024-06-25 12:04:38,desktop,Organic Search,cart
13889,928,2020-05-27 13:55:03,tablet,Paid Social,product
13890,929,2021-10-25 10:41:26,desktop,Organic Search,checkout
13891,1400,2020-05-07 08:38:28,mobile,Paid Social,checkout
13892,763,2022-11-15 14:47:13,desktop,Ads,product
13893,296,2022-02-20 06:43:17,desktop,Direct,home
13894,1782,2024-06-20 20:00:07,tablet,Direct,cart
13895,1005,2022-02-20 09:49:00,tablet,Push Notification,search
13896,1405,2023-01-27 18:08:10,desktop,Direct,checkout
13897,817,2024-07-10 23:06:47,desktop,Direct,product
13898,1449,2020-03-16 07:02:48,desktop,Direct,search
13899,1996,2023-07-26 17:12:20,mobile,Email,product
13900,1203,2021-11-23 11:43:28,tablet,Push Notification,search
13901,1627,2023-04-19 11:38:15,mobile,Direct,home
13902,59,2021-12-03 14:52:38,tablet,Direct,cart
13903,1375,2024-11-10 14:51:06,tablet,Direct,home
13904,1643,2021-01-31 04:54:12,desktop,Push Notification,checkout
13905,1324,2022-11-22 21:06:46,desktop,Direct,search
13906,49,2023-09-25 12:01:45,desktop,Email,product
13907,541,2022-03-11 07:59:07,mobile,Direct,product
13908,877,2022-02-06 15:57:36,desktop,Ads,search
13909,1637,2022-05-20 23:18:09,mobile,Organic Search,search
13910,963,2020-03-17 20:46:11,tablet,Direct,search
13911,990,2021-01-02 08:00:09,desktop,Email,search
13912,1616,2021-08-05 11:33:10,desktop,Direct,product
13913,162,2024-03-13 15:55:10,desktop,Organic Search,cart
13914,137,2020-12-22 22:59:26,tablet,Push Notification,cart
13915,842,2023-09-17 05:37:42,tablet,Organic Search,product
13916,561,2024-08-03 10:32:54,tablet,Push Notification,home
13917,673,2022-04-19 22:51:57,mobile,Push Notification,search
13918,743,2022-04-22 13:17:14,mobile,Paid Social,checkout
13919,907,2020-02-19 03:19:11,tablet,Push Notification,product
13920,1494,2021-09-28 22:46:58,desktop,Push Notification,checkout
13921,1111,2022-06-26 04:47:54,tablet,Push Notification,cart
13922,413,2023-05-25 02:35:13,mobile,Email,home
13923,344,2023-02-28 13:04:16,mobile,Direct,home
13924,1877,2021-06-13 05:17:50,desktop,Ads,home
13925,1224,2023-06-24 20:57:11,tablet,Organic Search,checkout
13926,1639,2021-03-18 22:01:46,mobile,Direct,home
13927,1522,2022-09-02 06:46:51,tablet,Paid Social,home
13928,1322,2021-09-21 10:56:33,tablet,Email,cart
13929,248,2022-03-22 11:28:52,desktop,Ads,cart
13930,314,2021-12-08 07:30:48,mobile,Email,cart
13931,535,2021-09-15 15:56:56,desktop,Paid Social,home
13932,745,2024-05-27 00:17:20,mobile,Direct,product
13933,1117,2020-07-13 15:31:07,desktop,Ads,cart
13934,997,2021-07-12 07:24:01,mobile,Ads,product
13935,1922,2022-09-05 21:50:25,mobile,Ads,home
13936,478,2022-10-11 05:07:07,desktop,Organic Search,checkout
13937,1788,2021-12-31 21:32:11,desktop,Email,home
13938,1923,2024-03-25 14:13:34,mobile,Ads,cart
13939,714,2020-01-27 08:35:19,mobile,Push Notification,search
13940,552,2021-08-31 07:38:53,mobile,Paid Social,home
13941,633,2022-11-27 02:14:42,desktop,Email,search
13942,1001,2024-02-14 03:53:42,tablet,Paid Social,checkout
13943,1101,2020-04-25 08:13:38,desktop,Email,search
13944,1624,2021-02-17 21:47:14,mobile,Push Notification,cart
13945,492,2021-10-07 00:39:38,desktop,Ads,search
13946,1409,2024-05-13 14:24:17,tablet,Email,checkout
13947,1814,2022-02-04 01:02:14,mobile,Push Notification,home
13948,339,2020-05-28 23:16:45,tablet,Push Notification,search
13949,535,2020-01-18 14:50:28,tablet,Email,home
13950,1727,2023-12-04 07:42:18,tablet,Organic Search,search
13951,1413,2022-11-01 15:03:37,desktop,Email,checkout
13952,443,2020-12-06 19:56:49,desktop,Direct,checkout
13953,1345,2023-09-19 04:06:39,mobile,Organic Search,checkout
13954,1994,2022-12-02 13:34:25,desktop,Organic Search,home
13955,819,2020-08-06 19:32:24,mobile,Ads,checkout
13956,1010,2022-09-22 14:36:06,desktop,Paid Social,checkout
13957,536,2024-04-08 06:53:28,mobile,Email,checkout
13958,216,2022-02-08 23:34:02,desktop,Email,product
13959,874,2021-04-22 10:30:55,tablet,Ads,home
13960,916,2021-08-18 07:29:13,desktop,Email,product
13961,1819,2023-08-05 11:07:12,mobile,Organic Search,cart
13962,1024,2024-10-10 05:02:37,desktop,Email,home
13963,1257,2021-08-07 19:51:54,desktop,Ads,checkout
13964,513,2021-08-18 04:56:03,mobile,Email,search
13965,1863,2024-10-29 13:39:20,mobile,Organic Search,checkout
13966,1212,2024-05-24 12:35:05,desktop,Direct,cart
13967,168,2023-11-12 01:34:01,desktop,Direct,search
13968,483,2023-12-24 03:13:36,desktop,Push Notification,checkout
13969,1239,2020-01-24 12:24:53,desktop,Direct,cart
13970,1474,2020-12-26 04:53:23,mobile,Push Notification,search
13971,202,2024-09-03 09:22:37,tablet,Push Notification,product
13972,436,2020-09-24 23:42:22,mobile,Paid Social,home
13973,1999,2023-06-30 11:05:18,desktop,Ads,search
13974,572,2020-03-19 19:45:52,tablet,Paid Social,search
13975,1441,2020-08-13 21:36:06,desktop,Ads,checkout
13976,244,2023-12-14 00:41:14,mobile,Email,cart
13977,545,2023-02-23 23:22:50,desktop,Ads,home
13978,93,2023-08-30 09:24:58,tablet,Ads,cart
13979,1880,2024-03-16 05:35:05,desktop,Organic Search,checkout
13980,1029,2023-02-26 20:15:43,mobile,Organic Search,home
13981,303,2020-01-23 21:28:08,mobile,Email,search
13982,1180,2021-08-07 10:03:22,tablet,Email,checkout
13983,756,2022-06-05 17:12:06,tablet,Push Notification,home
13984,961,2023-08-25 11:44:19,desktop,Organic Search,product
13985,1406,2021-05-09 21:16:04,tablet,Ads,cart
13986,361,2020-03-05 10:40:31,tablet,Organic Search,checkout
13987,1231,2024-07-24 16:36:04,desktop,Direct,cart
13988,1964,2021-04-12 10:30:46,mobile,Ads,search
13989,783,2020-11-18 16:39:13,mobile,Organic Search,home
13990,1608,2021-09-09 09:49:07,mobile,Ads,checkout
13991,1402,2024-07-03 14:51:46,mobile,Paid Social,product
13992,1453,2023-09-03 15:22:21,mobile,Organic Search,product
13993,1150,2020-11-21 17:59:23,tablet,Paid Social,checkout
13994,590,2023-08-03 10:00:52,desktop,Paid Social,cart
13995,603,2023-01-17 13:41:16,tablet,Organic Search,search
13996,751,2022-12-06 15:36:29,mobile,Direct,home
13997,1567,2024-03-22 02:38:23,desktop,Paid Social,home
13998,1117,2022-05-05 16:14:31,tablet,Organic Search,product
13999,1453,2021-03-09 03:54:17,tablet,Push Notification,search
14000,806,2020-02-17 14:16:16,mobile,Paid Social,home
14001,687,2024-07-06 22:35:25,mobile,Push Notification,search
14002,963,2023-01-15 23:12:49,mobile,Organic Search,product
14003,1628,2024-06-26 10:50:49,desktop,Organic Search,product
14004,228,2024-12-10 08:22:28,tablet,Ads,product
14005,1344,2021-01-29 17:48:44,desktop,Paid Social,home
14006,1222,2023-01-07 14:23:22,tablet,Push Notification,cart
14007,1313,2022-12-20 17:24:38,desktop,Direct,search
14008,1401,2022-07-07 15:53:08,desktop,Email,search
14009,1192,2024-06-11 07:33:43,desktop,Ads,cart
14010,564,2020-02-23 19:32:43,tablet,Ads,cart
14011,1775,2022-12-13 18:21:49,desktop,Push Notification,cart
14012,477,2023-03-28 06:37:07,desktop,Push Notification,cart
14013,1189,2023-08-02 10:41:57,desktop,Ads,home
14014,1623,2021-12-10 17:06:44,desktop,Push Notification,cart
14015,1351,2024-05-10 10:58:09,desktop,Paid Social,home
14016,707,2020-10-29 03:37:47,tablet,Direct,product
14017,506,2022-03-22 04:53:49,desktop,Organic Search,checkout
14018,1357,2020-01-12 12:14:13,mobile,Ads,checkout
14019,1354,2024-12-15 12:11:24,mobile,Direct,cart
14020,1659,2024-06-25 01:19:43,mobile,Push Notification,product
14021,849,2021-01-25 05:12:26,desktop,Organic Search,cart
14022,15,2021-11-07 20:20:06,desktop,Paid Social,search
14023,23,2024-11-08 04:18:04,mobile,Ads,search
14024,198,2020-02-07 00:58:00,mobile,Direct,checkout
14025,674,2021-10-13 01:02:57,mobile,Push Notification,home
14026,622,2022-09-18 11:51:07,mobile,Ads,checkout
14027,1758,2023-08-20 20:28:55,desktop,Paid Social,product
14028,137,2022-03-08 10:58:11,desktop,Organic Search,product
14029,964,2022-04-13 15:31:03,desktop,Organic Search,search
14030,911,2021-07-22 02:57:20,tablet,Ads,search
14031,1949,2021-08-30 19:10:42,desktop,Organic Search,checkout
14032,1249,2024-10-07 13:06:19,mobile,Paid Social,product
14033,435,2021-02-13 08:36:28,mobile,Direct,product
14034,1144,2024-12-10 07:24:51,mobile,Email,search
14035,1829,2024-01-12 22:24:20,desktop,Ads,checkout
14036,536,2023-04-24 14:48:31,mobile,Email,checkout
14037,202,2020-05-29 12:45:05,mobile,Ads,home
14038,1679,2023-04-27 09:31:35,desktop,Ads,checkout
14039,754,2021-08-13 18:47:54,tablet,Ads,checkout
14040,978,2020-02-09 20:52:39,mobile,Organic Search,cart
14041,726,2023-03-05 15:38:42,tablet,Ads,product
14042,1351,2022-12-12 19:40:08,mobile,Direct,home
14043,71,2020-12-12 18:03:02,mobile,Ads,search
14044,937,2021-07-18 17:15:47,tablet,Paid Social,checkout
14045,1121,2022-04-20 18:38:08,desktop,Paid Social,home
14046,800,2022-01-10 14:25:15,mobile,Email,checkout
14047,687,2022-09-04 17:01:16,tablet,Ads,product
14048,1980,2024-12-18 14:01:15,desktop,Ads,cart
14049,1877,2022-08-06 14:54:17,mobile,Email,search
14050,1086,2023-05-25 15:43:51,desktop,Direct,checkout
14051,1509,2024-07-02 15:54:10,tablet,Paid Social,checkout
14052,159,2023-12-13 21:18:34,mobile,Direct,search
14053,1225,2020-01-16 19:00:51,tablet,Ads,search
14054,1445,2020-02-08 04:37:53,desktop,Organic Search,product
14055,1209,2024-08-09 14:08:05,desktop,Direct,product
14056,1605,2023-09-24 12:56:38,desktop,Push Notification,product
14057,25,2020-04-13 04:33:28,tablet,Email,product
14058,964,2024-11-21 06:12:36,desktop,Organic Search,checkout
14059,1781,2024-10-15 03:10:24,desktop,Email,search
14060,1664,2023-03-04 21:58:30,tablet,Push Notification,cart
14061,1575,2024-05-01 22:08:13,desktop,Direct,checkout
14062,232,2024-11-20 11:02:31,tablet,Direct,home
14063,1854,2021-07-17 11:46:09,mobile,Organic Search,checkout
14064,820,2023-02-26 04:26:46,tablet,Push Notification,product
14065,1118,2024-06-15 04:34:26,desktop,Email,search
14066,1902,2022-07-23 13:31:23,mobile,Direct,product
14067,894,2023-08-27 20:25:59,mobile,Push Notification,product
14068,839,2022-06-12 19:17:41,tablet,Push Notification,home
14069,1276,2021-07-06 02:27:20,desktop,Push Notification,cart
14070,300,2022-03-07 22:33:58,desktop,Organic Search,home
14071,1223,2022-11-22 15:11:21,mobile,Ads,search
14072,842,2024-03-26 01:10:14,desktop,Paid Social,checkout
14073,917,2024-11-19 07:50:01,mobile,Ads,home
14074,411,2023-11-25 16:25:14,tablet,Organic Search,search
14075,751,2023-05-12 10:36:57,tablet,Ads,product
14076,584,2020-07-26 17:44:20,mobile,Paid Social,product
14077,1,2021-03-13 12:32:28,tablet,Email,home
14078,1970,2023-04-02 09:02:42,desktop,Paid Social,product
14079,1671,2020-10-03 11:25:53,mobile,Push Notification,product
14080,1483,2022-02-28 12:19:49,desktop,Paid Social,search
14081,98,2022-05-22 16:55:22,tablet,Paid Social,search
14082,528,2020-01-22 07:13:59,tablet,Direct,cart
14083,844,2023-05-03 19:13:19,mobile,Email,product
14084,503,2024-11-28 02:07:28,mobile,Ads,cart
14085,735,2021-11-08 13:57:47,mobile,Ads,checkout
14086,1645,2022-11-26 09:59:30,tablet,Direct,product
14087,1403,2020-12-28 03:56:49,desktop,Email,cart
14088,370,2023-01-22 13:58:35,mobile,Push Notification,checkout
14089,1786,2022-09-03 05:00:47,desktop,Paid Social,cart
14090,1195,2023-04-11 00:25:04,mobile,Paid Social,cart
14091,1527,2024-09-12 01:05:38,tablet,Organic Search,home
14092,1898,2023-11-13 23:24:47,desktop,Email,search
14093,492,2021-03-18 15:48:09,desktop,Ads,search
14094,1987,2021-11-15 08:52:00,tablet,Organic Search,search
14095,1411,2021-05-18 11:09:37,desktop,Direct,cart
14096,1828,2023-11-03 14:16:21,desktop,Organic Search,checkout
14097,1006,2021-08-25 13:49:20,mobile,Direct,cart
14098,741,2023-08-27 04:40:22,mobile,Organic Search,checkout
14099,1243,2023-10-12 01:46:11,mobile,Push Notification,home
14100,1004,2021-03-20 17:16:14,tablet,Push Notification,home
14101,1098,2020-08-18 18:03:55,tablet,Email,checkout
14102,747,2023-12-05 02:07:44,tablet,Organic Search,product
14103,1633,2022-02-18 12:20:04,tablet,Push Notification,search
14104,1159,2020-03-08 08:49:24,tablet,Email,checkout
14105,1203,2021-11-01 11:05:03,tablet,Push Notification,product
14106,1725,2022-07-23 22:42:39,tablet,Push Notification,cart
14107,881,2020-03-17 18:23:14,mobile,Ads,cart
14108,103,2020-03-17 13:38:17,mobile,Email,search
14109,370,2021-06-19 09:33:50,tablet,Paid Social,search
14110,1274,2022-07-21 22:13:07,tablet,Paid Social,home
14111,359,2021-08-31 17:05:14,mobile,Organic Search,checkout
14112,5,2024-10-22 15:01:31,desktop,Push Notification,checkout
14113,1450,2022-03-02 10:39:20,tablet,Direct,home
14114,1294,2023-11-08 03:34:23,tablet,Direct,home
14115,971,2022-05-07 02:41:04,desktop,Direct,home
14116,231,2022-11-16 13:04:56,desktop,Push Notification,checkout
14117,1234,2022-04-30 00:46:30,mobile,Organic Search,product
14118,503,2021-05-03 02:14:04,desktop,Push Notification,search
14119,1961,2024-04-09 11:18:55,tablet,Email,search
14120,32,2024-11-25 10:36:08,desktop,Direct,search
14121,1945,2022-06-16 07:01:19,tablet,Push Notification,checkout
14122,1601,2021-10-10 20:47:48,mobile,Push Notification,product
14123,1843,2022-09-06 07:29:19,tablet,Direct,home
14124,1045,2024-01-23 08:11:56,desktop,Direct,home
14125,1857,2022-08-26 00:26:52,tablet,Ads,checkout
14126,608,2022-03-06 05:22:59,tablet,Paid Social,checkout
14127,578,2023-01-17 04:30:41,mobile,Ads,cart
14128,1988,2020-01-13 00:10:04,desktop,Direct,product
14129,1412,2022-09-06 15:13:39,mobile,Direct,cart
14130,1361,2022-12-15 23:45:32,mobile,Ads,cart
14131,1444,2024-11-21 22:41:25,desktop,Paid Social,search
14132,596,2020-06-09 16:25:56,tablet,Email,home
14133,1783,2020-12-22 23:01:38,tablet,Ads,checkout
14134,7,2022-08-02 19:29:02,desktop,Ads,home
14135,713,2022-06-25 18:45:01,desktop,Push Notification,checkout
14136,357,2024-09-20 21:02:00,mobile,Ads,home
14137,307,2020-02-08 10:01:47,mobile,Direct,search
14138,1058,2020-09-26 14:19:26,desktop,Direct,home
14139,1624,2022-04-15 01:51:52,desktop,Ads,checkout
14140,283,2021-02-17 17:37:03,tablet,Paid Social,search
14141,833,2024-07-03 05:02:24,desktop,Organic Search,search
14142,1880,2021-01-03 06:17:15,desktop,Direct,search
14143,1097,2022-06-22 20:45:03,desktop,Ads,home
14144,744,2022-03-13 04:50:40,desktop,Push Notification,checkout
14145,1603,2024-05-13 19:45:07,tablet,Organic Search,search
14146,1251,2024-06-30 08:29:46,mobile,Push Notification,checkout
14147,1683,2021-11-11 02:00:42,desktop,Direct,home
14148,1935,2021-07-22 00:57:55,desktop,Ads,home
14149,713,2022-05-08 14:48:30,mobile,Paid Social,checkout
14150,160,2020-07-14 10:35:09,mobile,Push Notification,search
14151,1946,2021-04-03 13:33:51,tablet,Organic Search,checkout
14152,534,2024-11-14 14:14:08,desktop,Email,search
14153,70,2024-05-26 10:03:06,mobile,Push Notification,checkout
14154,1301,2020-07-30 17:34:04,mobile,Direct,checkout
14155,53,2023-11-21 02:24:12,desktop,Push Notification,product
14156,1206,2020-01-30 23:34:30,mobile,Direct,checkout
14157,559,2024-01-10 22:04:20,tablet,Email,cart
14158,1651,2020-11-13 07:37:29,tablet,Email,search
14159,1709,2022-12-05 18:27:48,desktop,Paid Social,checkout
14160,1061,2021-10-01 15:14:15,mobile,Ads,cart
14161,1066,2023-06-05 10:18:08,mobile,Direct,home
14162,22,2023-01-25 15:51:43,mobile,Direct,home
14163,1954,2023-04-19 23:47:49,tablet,Paid Social,product
14164,1567,2024-01-18 21:04:05,desktop,Paid Social,checkout
14165,332,2024-08-03 18:35:00,mobile,Organic Search,product
14166,432,2023-12-13 15:18:39,tablet,Direct,product
14167,1120,2021-06-20 02:02:28,desktop,Push Notification,checkout
14168,316,2024-11-09 12:31:17,tablet,Ads,home
14169,17,2021-08-22 06:34:58,tablet,Ads,checkout
14170,1731,2020-12-17 18:56:30,desktop,Push Notification,product
14171,1144,2020-01-11 01:50:30,mobile,Email,search
14172,1358,2020-11-18 21:15:51,mobile,Ads,search
14173,263,2022-06-02 19:23:08,desktop,Email,cart
14174,613,2020-07-22 02:15:45,tablet,Paid Social,checkout
14175,251,2023-07-03 09:46:07,tablet,Push Notification,home
14176,608,2020-10-30 12:03:31,mobile,Email,checkout
14177,1195,2021-02-17 03:23:42,desktop,Push Notification,product
14178,796,2021-03-25 10:07:15,tablet,Paid Social,search
14179,1365,2020-05-11 11:53:46,desktop,Direct,search
14180,1802,2021-02-15 05:50:13,desktop,Organic Search,checkout
14181,648,2020-08-02 08:26:48,mobile,Organic Search,home
14182,339,2021-04-09 00:22:02,desktop,Ads,checkout
14183,1967,2023-05-06 15:52:07,desktop,Ads,checkout
14184,290,2023-02-10 23:58:01,tablet,Direct,checkout
14185,1865,2024-12-24 18:27:08,desktop,Push Notification,product
14186,1917,2022-04-07 20:36:04,desktop,Organic Search,cart
14187,1714,2021-09-24 06:25:04,desktop,Direct,checkout
14188,716,2020-11-03 08:16:01,desktop,Push Notification,cart
14189,1544,2021-07-09 13:59:27,mobile,Ads,home
14190,1930,2021-11-27 07:36:28,mobile,Email,checkout
14191,1049,2022-06-14 12:13:23,desktop,Push Notification,checkout
14192,27,2020-11-20 08:27:49,tablet,Ads,cart
14193,669,2022-12-17 14:38:41,mobile,Email,cart
14194,1293,2020-10-15 07:58:13,desktop,Organic Search,cart
14195,69,2023-04-02 03:58:09,desktop,Organic Search,cart
14196,1513,2024-04-21 07:10:55,mobile,Direct,cart
14197,1323,2020-03-30 21:19:34,desktop,Email,checkout
14198,1078,2024-01-03 04:40:48,tablet,Organic Search,cart
14199,1279,2022-07-10 19:03:38,desktop,Ads,search
14200,5,2020-08-12 13:32:25,mobile,Direct,cart
14201,1732,2022-05-22 10:54:51,desktop,Push Notification,cart
14202,458,2023-03-28 20:28:46,mobile,Organic Search,checkout
14203,867,2023-07-18 11:55:17,desktop,Push Notification,search
14204,1154,2023-08-24 19:51:59,mobile,Paid Social,search
14205,1736,2023-10-11 00:09:42,mobile,Paid Social,home
14206,484,2024-01-12 23:18:47,mobile,Push Notification,cart
14207,1447,2024-06-08 06:40:58,tablet,Ads,product
14208,1150,2020-11-09 02:57:24,tablet,Direct,home
14209,420,2024-06-14 11:46:19,desktop,Organic Search,cart
14210,1788,2021-10-30 16:18:08,desktop,Organic Search,product
14211,1295,2021-09-14 20:46:11,mobile,Ads,checkout
14212,1007,2022-12-15 22:24:47,desktop,Email,cart
14213,742,2021-02-16 00:24:47,desktop,Push Notification,home
14214,175,2023-09-17 17:55:32,desktop,Push Notification,product
14215,904,2023-05-15 07:59:37,tablet,Organic Search,product
14216,1267,2022-05-07 20:46:03,tablet,Email,search
14217,97,2021-06-22 20:06:17,mobile,Push Notification,checkout
14218,1721,2022-01-26 20:06:44,mobile,Ads,product
14219,770,2020-01-29 05:25:32,desktop,Direct,cart
14220,1523,2022-04-20 22:02:14,tablet,Push Notification,home
14221,1326,2024-07-31 15:35:43,tablet,Ads,search
14222,112,2020-01-11 16:05:46,mobile,Paid Social,search
14223,66,2020-04-21 19:24:40,mobile,Push Notification,product
14224,426,2023-11-23 22:12:39,tablet,Email,checkout
14225,694,2020-03-10 20:09:13,mobile,Push Notification,cart
14226,1980,2022-11-27 06:38:55,tablet,Paid Social,home
14227,1189,2023-05-12 23:01:53,tablet,Paid Social,home
14228,470,2022-12-03 13:27:26,tablet,Ads,search
14229,437,2020-08-06 13:26:40,desktop,Ads,home
14230,1113,2021-01-15 09:12:17,desktop,Push Notification,search
14231,1027,2020-09-21 11:42:55,desktop,Email,checkout
14232,1801,2022-05-26 15:24:39,desktop,Paid Social,checkout
14233,236,2024-07-26 05:31:16,mobile,Email,checkout
14234,313,2024-06-15 19:18:53,mobile,Paid Social,search
14235,1718,2021-05-26 08:47:31,mobile,Organic Search,product
14236,1168,2022-12-29 11:12:12,desktop,Direct,product
14237,1979,2021-10-29 17:54:06,mobile,Push Notification,search
14238,140,2020-03-13 10:52:13,mobile,Ads,search
14239,973,2021-10-30 15:09:32,tablet,Direct,search
14240,1321,2023-11-20 05:44:06,tablet,Email,product
14241,1692,2020-03-21 16:54:35,tablet,Organic Search,checkout
14242,1517,2020-10-09 01:09:50,mobile,Email,product
14243,199,2020-01-05 17:08:01,mobile,Push Notification,search
14244,910,2023-10-31 04:03:16,mobile,Paid Social,product
14245,326,2024-07-12 23:17:36,mobile,Paid Social,checkout
14246,525,2024-10-19 01:57:53,tablet,Paid Social,product
14247,1899,2021-07-31 20:37:13,mobile,Email,search
14248,58,2020-09-18 23:58:21,mobile,Paid Social,home
14249,1245,2024-08-12 03:53:27,desktop,Paid Social,home
14250,1607,2022-08-31 15:51:53,tablet,Ads,cart
14251,440,2021-11-12 04:40:04,mobile,Direct,product
14252,276,2021-06-02 14:53:58,mobile,Direct,home
14253,1095,2021-05-15 15:15:03,mobile,Push Notification,product
14254,1102,2024-04-24 09:36:13,mobile,Organic Search,home
14255,157,2024-01-22 02:37:44,desktop,Organic Search,product
14256,963,2024-09-22 09:39:58,mobile,Push Notification,product
14257,324,2022-07-19 17:10:45,mobile,Email,cart
14258,537,2021-04-20 04:21:22,desktop,Ads,cart
14259,936,2021-07-05 06:00:42,desktop,Email,home
14260,1132,2021-05-06 17:45:39,mobile,Organic Search,product
14261,1865,2020-04-08 11:53:48,tablet,Push Notification,checkout
14262,212,2020-08-25 15:34:02,desktop,Ads,cart
14263,413,2023-01-11 21:32:41,desktop,Paid Social,product
14264,520,2024-02-23 23:04:40,desktop,Paid Social,product
14265,84,2022-04-05 15:05:36,desktop,Email,search
14266,1967,2021-04-14 03:57:07,mobile,Organic Search,search
14267,1272,2021-08-25 02:12:10,tablet,Organic Search,product
14268,617,2020-05-07 05:41:16,desktop,Organic Search,product
14269,345,2022-01-18 02:19:50,tablet,Push Notification,checkout
14270,267,2020-06-17 17:40:12,desktop,Direct,home
14271,1462,2020-05-23 20:02:51,desktop,Email,search
14272,1699,2024-08-22 03:22:29,mobile,Push Notification,search
14273,341,2020-10-17 13:04:13,tablet,Organic Search,product
14274,745,2024-09-10 21:29:32,mobile,Ads,product
14275,1918,2022-11-27 14:45:42,mobile,Ads,search
14276,1177,2021-04-16 12:30:18,desktop,Email,product
14277,625,2022-12-05 22:00:34,desktop,Push Notification,home
14278,821,2022-01-07 18:32:17,desktop,Push Notification,checkout
14279,1990,2021-09-20 22:01:59,tablet,Push Notification,home
14280,1318,2021-02-28 13:45:21,tablet,Ads,search
14281,1752,2021-08-16 10:15:11,desktop,Push Notification,home
14282,1081,2020-06-17 08:45:29,mobile,Push Notification,home
14283,1026,2023-12-07 13:51:27,mobile,Push Notification,search
14284,1622,2021-03-07 13:21:51,mobile,Push Notification,product
14285,1253,2022-11-03 05:29:05,tablet,Paid Social,checkout
14286,1604,2023-11-20 23:26:21,desktop,Paid Social,home
14287,1034,2021-06-13 15:26:50,desktop,Paid Social,product
14288,1611,2023-07-19 10:38:38,desktop,Push Notification,search
14289,680,2020-10-15 22:45:29,mobile,Ads,cart
14290,866,2024-02-23 12:39:13,mobile,Direct,product
14291,784,2024-07-06 12:18:16,desktop,Direct,search
14292,1734,2020-03-11 09:51:41,desktop,Paid Social,home
14293,761,2024-02-09 05:08:40,tablet,Email,product
14294,758,2021-10-28 07:49:56,desktop,Direct,search
14295,1840,2023-03-02 04:20:24,mobile,Paid Social,search
14296,455,2024-10-10 06:56:22,tablet,Ads,home
14297,1406,2024-03-19 13:23:36,mobile,Direct,product
14298,1258,2024-02-27 23:20:55,mobile,Ads,checkout
14299,1433,2024-10-23 16:09:01,desktop,Paid Social,cart
14300,659,2021-12-12 06:04:26,mobile,Ads,checkout
14301,815,2021-07-20 04:03:05,tablet,Organic Search,checkout
14302,341,2020-09-01 15:33:00,mobile,Ads,product
14303,1651,2021-06-20 18:18:00,desktop,Organic Search,checkout
14304,1105,2023-06-24 11:22:45,desktop,Paid Social,checkout
14305,1678,2020-08-20 20:01:49,tablet,Organic Search,checkout
14306,1715,2021-08-15 11:52:48,desktop,Direct,checkout
14307,378,2024-08-03 15:58:03,mobile,Ads,checkout
14308,784,2021-02-06 20:40:53,tablet,Email,cart
14309,1334,2020-06-15 08:45:12,tablet,Paid Social,home
14310,1669,2024-10-18 13:47:41,mobile,Direct,search
14311,1160,2020-01-30 00:52:07,mobile,Push Notification,search
14312,452,2024-10-10 14:27:50,desktop,Organic Search,search
14313,4,2023-07-06 21:32:52,tablet,Direct,search
14314,470,2023-01-08 08:04:32,desktop,Paid Social,search
14315,1319,2022-04-27 08:26:51,tablet,Direct,checkout
14316,1109,2020-01-08 21:52:57,desktop,Paid Social,home
14317,973,2020-10-12 22:29:49,mobile,Email,search
14318,157,2023-10-02 02:49:08,desktop,Direct,home
14319,621,2020-05-18 13:36:15,tablet,Email,product
14320,6,2021-09-29 04:41:26,desktop,Direct,cart
14321,497,2022-06-09 02:04:39,mobile,Ads,checkout
14322,1349,2021-04-04 03:38:17,mobile,Direct,cart
14323,1214,2023-04-20 21:37:34,desktop,Push Notification,product
14324,122,2023-05-01 06:31:16,tablet,Organic Search,checkout
14325,1612,2022-07-31 23:38:22,mobile,Direct,product
14326,1196,2022-02-25 07:52:23,desktop,Paid Social,checkout
14327,421,2023-12-18 19:02:01,mobile,Organic Search,checkout
14328,1594,2024-02-19 20:01:37,desktop,Push Notification,search
14329,770,2022-05-31 00:51:42,desktop,Direct,product
14330,1356,2022-04-05 20:24:11,desktop,Ads,cart
14331,1237,2021-10-16 17:58:36,mobile,Direct,search
14332,516,2023-04-04 02:35:41,mobile,Push Notification,product
14333,920,2020-09-24 03:07:10,desktop,Paid Social,cart
14334,1216,2023-03-15 17:18:33,mobile,Organic Search,home
14335,1163,2020-04-11 01:47:29,mobile,Paid Social,home
14336,1948,2024-04-24 08:11:53,mobile,Paid Social,cart
14337,1604,2020-03-15 04:55:24,mobile,Paid Social,home
14338,1307,2024-02-19 20:45:46,tablet,Push Notification,checkout
14339,1408,2022-05-29 09:16:48,mobile,Direct,checkout
14340,167,2024-02-27 21:59:42,desktop,Ads,product
14341,836,2024-10-16 06:20:08,desktop,Paid Social,home
14342,1806,2022-12-16 23:42:10,mobile,Push Notification,home
14343,1601,2020-09-23 13:26:13,tablet,Push Notification,checkout
14344,1088,2022-11-03 17:59:13,mobile,Paid Social,search
14345,1382,2024-07-15 09:19:46,desktop,Ads,checkout
14346,424,2023-09-15 05:11:37,tablet,Ads,home
14347,1846,2022-04-25 00:21:34,desktop,Ads,checkout
14348,348,2022-02-18 15:57:22,tablet,Paid Social,home
14349,162,2021-05-29 20:13:33,tablet,Direct,search
14350,847,2023-11-14 23:30:25,tablet,Paid Social,checkout
14351,1337,2022-01-14 12:13:37,mobile,Paid Social,product
14352,1574,2020-09-04 15:52:55,tablet,Organic Search,home
14353,1185,2022-02-25 16:19:33,mobile,Email,home
14354,722,2023-07-21 18:42:35,desktop,Organic Search,search
14355,457,2024-09-16 07:00:00,desktop,Paid Social,product
14356,1304,2022-05-19 20:53:11,mobile,Direct,home
14357,23,2023-11-01 10:55:52,mobile,Organic Search,search
14358,83,2021-01-28 11:55:53,mobile,Ads,home
14359,168,2020-10-16 00:14:01,desktop,Organic Search,search
14360,551,2023-08-23 13:29:57,desktop,Paid Social,search
14361,474,2020-11-01 20:23:12,mobile,Organic Search,product
14362,1182,2023-09-06 13:55:19,desktop,Push Notification,home
14363,1851,2023-01-30 01:15:13,tablet,Paid Social,cart
14364,908,2021-02-02 07:20:09,desktop,Push Notification,checkout
14365,1833,2021-02-19 15:07:59,mobile,Paid Social,checkout
14366,122,2024-11-18 15:33:59,tablet,Push Notification,product
14367,1038,2022-03-17 05:26:58,mobile,Paid Social,cart
14368,418,2021-05-14 07:24:34,tablet,Paid Social,cart
14369,743,2023-07-09 21:33:51,desktop,Paid Social,search
14370,1864,2021-07-02 01:51:03,tablet,Organic Search,checkout
14371,779,2020-03-21 07:00:49,desktop,Paid Social,home
14372,917,2021-08-15 20:33:53,mobile,Push Notification,search
14373,72,2022-08-23 03:19:28,mobile,Email,search
14374,829,2023-12-27 14:27:55,tablet,Email,home
14375,1976,2023-12-03 23:34:07,tablet,Organic Search,product
14376,1392,2022-11-07 00:28:06,mobile,Paid Social,product
14377,1783,2022-06-19 10:39:09,desktop,Ads,checkout
14378,1474,2021-01-16 07:00:41,mobile,Organic Search,product
14379,1763,2023-04-05 20:55:40,mobile,Ads,product
14380,1989,2024-08-18 10:43:57,desktop,Push Notification,checkout
14381,558,2024-03-04 13:54:23,desktop,Push Notification,home
14382,1315,2023-05-20 22:17:35,desktop,Paid Social,product
14383,232,2023-06-08 02:29:51,tablet,Paid Social,cart
14384,513,2020-09-04 10:21:22,mobile,Organic Search,search
14385,1452,2024-06-05 16:42:22,mobile,Organic Search,product
14386,1897,2023-05-22 14:08:49,tablet,Email,cart
14387,1395,2024-05-04 14:30:20,tablet,Paid Social,search
14388,1736,2022-12-06 12:51:16,mobile,Email,cart
14389,117,2020-12-10 02:16:33,mobile,Email,checkout
14390,1970,2024-02-17 00:11:30,desktop,Email,checkout
14391,385,2021-01-04 12:08:50,mobile,Organic Search,checkout
14392,365,2021-10-12 06:32:23,tablet,Ads,product
14393,190,2022-08-02 19:50:30,tablet,Push Notification,cart
14394,566,2024-03-05 15:58:09,mobile,Paid Social,search
14395,637,2021-01-13 12:41:46,tablet,Direct,cart
14396,995,2022-03-06 00:16:07,desktop,Paid Social,search
14397,1713,2020-08-28 02:14:59,desktop,Push Notification,product
14398,294,2024-05-21 08:19:51,tablet,Push Notification,cart
14399,580,2023-09-27 01:35:11,desktop,Organic Search,product
14400,1941,2024-10-20 18:17:01,mobile,Email,cart
14401,656,2023-03-18 11:54:02,desktop,Ads,home
14402,1992,2020-06-13 16:50:15,tablet,Direct,search
14403,576,2023-10-12 09:03:32,mobile,Organic Search,checkout
14404,157,2022-09-22 11:49:50,tablet,Paid Social,cart
14405,463,2022-08-21 12:41:37,desktop,Email,cart
14406,407,2023-02-01 21:31:24,desktop,Direct,checkout
14407,861,2021-06-17 18:34:25,desktop,Direct,search
14408,1098,2020-12-03 22:09:43,tablet,Email,search
14409,1993,2024-02-29 12:03:18,desktop,Organic Search,search
14410,20,2020-01-07 19:45:52,desktop,Ads,product
14411,828,2022-04-27 05:52:51,mobile,Organic Search,cart
14412,1258,2022-03-11 22:26:57,desktop,Paid Social,product
14413,1853,2023-01-20 20:32:21,tablet,Ads,checkout
14414,1101,2024-06-30 11:50:27,tablet,Push Notification,checkout
14415,1667,2023-08-28 15:42:26,mobile,Direct,checkout
14416,160,2020-12-11 06:17:53,tablet,Push Notification,search
14417,1973,2022-04-08 04:25:05,tablet,Push Notification,search
14418,1950,2021-11-02 00:36:18,mobile,Direct,home
14419,1277,2020-02-05 07:40:45,desktop,Ads,home
14420,911,2024-02-13 17:07:33,tablet,Organic Search,product
14421,614,2023-09-16 07:26:07,desktop,Direct,checkout
14422,1119,2023-11-25 07:21:10,mobile,Paid Social,product
14423,1300,2023-08-05 15:53:22,mobile,Push Notification,home
14424,499,2023-10-03 23:25:58,desktop,Organic Search,search
14425,1428,2023-11-08 03:34:36,desktop,Ads,cart
14426,412,2022-08-21 23:24:57,tablet,Organic Search,search
14427,605,2023-05-20 19:42:36,tablet,Ads,product
14428,985,2022-09-09 08:14:24,mobile,Organic Search,home
14429,1329,2022-08-16 17:21:53,desktop,Paid Social,checkout
14430,1787,2024-12-22 14:21:03,mobile,Ads,product
14431,1575,2024-08-31 01:14:54,desktop,Push Notification,checkout
14432,646,2024-11-01 15:16:05,desktop,Paid Social,search
14433,1,2023-02-22 20:40:57,desktop,Paid Social,checkout
14434,934,2022-06-12 07:46:57,mobile,Direct,home
14435,396,2021-07-27 00:13:19,tablet,Organic Search,home
14436,880,2024-11-07 19:48:31,mobile,Direct,checkout
14437,1942,2020-05-29 04:54:26,desktop,Email,product
14438,1920,2021-06-01 02:21:43,desktop,Paid Social,product
14439,1001,2021-02-08 10:37:12,tablet,Paid Social,cart
14440,1920,2020-11-08 11:23:27,mobile,Push Notification,checkout
14441,192,2023-09-11 15:50:15,desktop,Organic Search,product
14442,1260,2021-09-04 15:03:08,mobile,Organic Search,search
14443,533,2022-06-10 04:13:25,mobile,Direct,search
14444,1672,2021-11-26 19:10:07,mobile,Ads,product
14445,693,2021-07-16 17:03:20,mobile,Organic Search,home
14446,533,2024-12-10 02:53:16,tablet,Direct,home
14447,150,2023-11-10 10:33:53,desktop,Organic Search,cart
14448,647,2021-07-31 21:55:13,desktop,Push Notification,home
14449,1430,2021-11-04 07:49:47,mobile,Organic Search,search
14450,134,2020-07-16 23:31:32,desktop,Push Notification,cart
14451,1709,2025-01-01 18:25:41,desktop,Push Notification,checkout
14452,97,2023-05-06 18:24:08,mobile,Ads,cart
14453,1531,2021-10-08 05:03:54,desktop,Email,cart
14454,878,2021-02-12 13:56:39,tablet,Ads,cart
14455,463,2022-12-21 21:36:32,desktop,Paid Social,product
14456,1361,2024-01-25 15:36:45,mobile,Push Notification,cart
14457,1877,2024-04-19 12:53:56,desktop,Ads,checkout
14458,71,2020-03-05 23:39:33,mobile,Email,cart
14459,1688,2022-09-08 06:53:10,mobile,Direct,search
14460,748,2022-01-14 12:35:05,desktop,Direct,search
14461,640,2023-11-18 16:53:44,desktop,Organic Search,product
14462,753,2023-12-07 00:20:44,desktop,Paid Social,home
14463,1686,2024-05-26 09:44:07,tablet,Paid Social,home
14464,1122,2020-12-09 02:04:58,tablet,Direct,cart
14465,457,2024-12-06 01:28:34,mobile,Email,checkout
14466,1781,2020-10-13 16:03:40,desktop,Direct,product
14467,903,2020-11-15 21:28:29,tablet,Paid Social,home
14468,1045,2022-10-25 21:00:23,desktop,Email,product
14469,1518,2021-08-24 01:19:00,desktop,Organic Search,checkout
14470,453,2022-10-26 12:57:20,mobile,Email,checkout
14471,570,2023-08-12 19:44:50,desktop,Direct,product
14472,1493,2021-10-09 09:23:54,mobile,Email,checkout
14473,1163,2023-02-01 09:31:16,tablet,Push Notification,search
14474,816,2023-12-30 13:45:16,tablet,Ads,home
14475,1977,2021-03-31 01:52:06,mobile,Direct,home
14476,212,2021-07-06 17:18:55,tablet,Ads,product
14477,1379,2023-06-06 12:22:53,desktop,Ads,cart
14478,434,2024-10-13 07:20:09,desktop,Push Notification,cart
14479,1361,2022-05-19 12:39:27,mobile,Email,cart
14480,143,2023-08-11 02:47:42,tablet,Direct,cart
14481,1199,2021-08-04 10:42:07,tablet,Email,search
14482,646,2022-03-22 02:27:57,desktop,Direct,checkout
14483,1564,2022-02-13 23:00:22,mobile,Organic Search,search
14484,142,2021-02-07 18:18:15,mobile,Email,checkout
14485,1590,2023-06-02 02:50:42,mobile,Push Notification,checkout
14486,283,2020-02-20 04:18:48,tablet,Push Notification,product
14487,1281,2020-05-30 12:59:11,desktop,Organic Search,checkout
14488,173,2023-07-14 18:35:15,tablet,Ads,cart
14489,387,2023-03-30 05:34:02,tablet,Direct,search
14490,1546,2022-05-01 23:00:30,tablet,Push Notification,product
14491,315,2020-11-08 22:01:53,desktop,Push Notification,product
14492,643,2021-05-04 20:14:03,tablet,Direct,checkout
14493,1226,2020-12-10 07:31:55,mobile,Organic Search,search
14494,143,2024-07-09 09:51:47,tablet,Organic Search,product
14495,1154,2021-09-08 19:51:54,desktop,Push Notification,cart
14496,473,2021-07-29 19:19:33,tablet,Email,home
14497,1373,2024-07-18 12:49:28,desktop,Ads,search
14498,1311,2020-10-28 23:01:09,desktop,Push Notification,search
14499,1906,2024-01-21 22:00:59,desktop,Push Notification,checkout
14500,608,2021-06-08 19:09:30,tablet,Ads,search
14501,1203,2021-02-18 14:01:05,desktop,Ads,cart
14502,764,2023-05-05 06:18:24,tablet,Ads,search
14503,524,2020-12-29 13:56:31,desktop,Paid Social,checkout
14504,309,2024-07-14 17:49:27,mobile,Email,product
14505,1105,2022-02-11 00:18:21,mobile,Direct,cart
14506,1699,2021-05-31 19:00:51,desktop,Paid Social,checkout
14507,1678,2020-01-22 16:42:30,mobile,Email,product
14508,1005,2024-10-02 09:21:25,desktop,Ads,checkout
14509,1536,2022-11-27 19:15:37,tablet,Paid Social,product
14510,1545,2022-01-21 18:06:45,desktop,Direct,checkout
14511,1854,2021-12-06 23:16:02,tablet,Organic Search,product
14512,1949,2022-02-12 21:34:00,tablet,Email,product
14513,1729,2022-12-30 16:26:10,mobile,Organic Search,checkout
14514,227,2021-09-02 10:36:33,desktop,Paid Social,checkout
14515,548,2024-06-28 11:44:47,mobile,Push Notification,home
14516,1725,2023-06-29 04:50:00,tablet,Push Notification,checkout
14517,1066,2024-09-11 06:17:53,tablet,Organic Search,home
14518,751,2021-08-18 15:05:54,tablet,Push Notification,product
14519,519,2022-10-26 19:41:43,desktop,Paid Social,home
14520,85,2023-08-18 06:27:34,tablet,Organic Search,cart
14521,278,2022-02-03 15:19:28,mobile,Push Notification,home
14522,873,2023-12-29 09:12:33,mobile,Direct,checkout
14523,695,2020-06-16 08:48:10,tablet,Push Notification,cart
14524,842,2021-04-02 08:26:38,tablet,Direct,product
14525,611,2024-03-01 16:16:23,desktop,Direct,checkout
14526,578,2020-02-03 03:23:59,mobile,Ads,home
14527,994,2023-05-01 04:25:00,desktop,Direct,product
14528,1725,2023-02-26 07:58:05,tablet,Email,home
14529,445,2021-03-24 20:53:08,mobile,Organic Search,cart
14530,1676,2024-12-30 20:18:07,tablet,Email,home
14531,1363,2022-06-13 20:37:55,mobile,Organic Search,product
14532,448,2020-12-07 00:37:15,tablet,Email,cart
14533,771,2020-08-26 13:19:05,tablet,Direct,search
14534,1288,2023-06-22 03:44:57,tablet,Organic Search,product
14535,443,2020-04-22 08:26:06,tablet,Direct,cart
14536,127,2022-09-09 06:59:00,mobile,Push Notification,product
14537,1065,2024-07-17 07:59:05,tablet,Ads,product
14538,1395,2024-06-02 13:03:56,mobile,Email,search
14539,1567,2022-05-26 05:27:59,desktop,Direct,home
14540,282,2022-01-01 20:40:23,tablet,Ads,product
14541,1782,2024-01-18 22:06:51,tablet,Direct,cart
14542,349,2024-09-29 06:07:49,tablet,Direct,product
14543,1019,2023-04-04 10:07:21,desktop,Direct,search
14544,900,2023-04-03 04:03:58,mobile,Email,checkout
14545,528,2020-11-24 00:03:31,tablet,Direct,search
14546,582,2022-12-30 01:51:05,tablet,Email,home
14547,902,2023-11-18 04:23:04,desktop,Ads,cart
14548,1692,2022-07-12 12:07:06,mobile,Organic Search,cart
14549,748,2021-03-28 09:13:21,mobile,Ads,cart
14550,1748,2023-02-17 11:33:23,tablet,Paid Social,search
14551,91,2022-03-18 15:07:27,tablet,Direct,home
14552,593,2021-08-26 12:18:02,desktop,Organic Search,home
14553,707,2024-07-05 18:25:21,desktop,Push Notification,product
14554,525,2023-10-12 05:51:13,mobile,Direct,cart
14555,31,2021-08-09 16:18:57,mobile,Ads,home
14556,517,2024-06-25 10:00:27,mobile,Paid Social,home
14557,1121,2023-11-29 06:49:28,mobile,Email,cart
14558,792,2024-06-28 21:48:40,mobile,Direct,home
14559,1065,2021-04-08 12:44:17,mobile,Ads,product
14560,36,2023-10-05 03:52:00,mobile,Push Notification,product
14561,279,2020-04-21 07:26:48,tablet,Push Notification,checkout
14562,1684,2020-11-11 17:05:01,mobile,Direct,product
14563,1245,2020-03-21 20:14:10,desktop,Organic Search,cart
14564,1011,2021-03-09 04:09:24,mobile,Direct,cart
14565,1643,2023-12-25 11:26:35,desktop,Organic Search,checkout
14566,1396,2021-01-05 05:53:10,desktop,Paid Social,search
14567,200,2023-01-06 01:02:57,tablet,Organic Search,search
14568,895,2023-07-10 22:18:04,tablet,Email,search
14569,365,2023-08-07 23:27:10,tablet,Organic Search,search
14570,1896,2020-10-13 00:17:29,mobile,Push Notification,search
14571,773,2020-09-19 14:43:46,tablet,Push Notification,cart
14572,1882,2024-08-07 05:32:44,mobile,Direct,search
14573,1081,2024-04-25 20:44:45,mobile,Ads,home
14574,308,2022-06-07 00:27:56,desktop,Direct,product
14575,724,2021-04-09 19:58:56,desktop,Organic Search,checkout
14576,848,2024-05-14 10:01:53,mobile,Direct,cart
14577,55,2024-01-17 07:38:43,desktop,Direct,search
14578,1183,2020-02-14 23:11:07,tablet,Paid Social,checkout
14579,1532,2024-02-10 23:41:56,tablet,Push Notification,cart
14580,988,2020-06-27 14:01:46,tablet,Direct,search
14581,79,2023-03-18 04:33:04,desktop,Paid Social,product
14582,1417,2021-01-05 04:43:46,mobile,Organic Search,search
14583,1324,2020-09-08 00:47:31,mobile,Email,home
14584,1485,2024-08-26 02:35:33,desktop,Paid Social,product
14585,1054,2023-02-19 07:05:01,desktop,Paid Social,cart
14586,993,2020-04-04 00:07:17,tablet,Email,cart
14587,1609,2023-04-06 18:07:06,mobile,Ads,cart
14588,511,2023-10-30 14:13:56,tablet,Email,search
14589,1354,2020-06-08 13:07:53,mobile,Push Notification,cart
14590,22,2020-07-24 14:06:57,tablet,Email,home
14591,934,2024-09-06 14:34:20,desktop,Ads,checkout
14592,1620,2023-12-21 05:36:13,tablet,Push Notification,cart
14593,248,2021-10-25 15:12:01,mobile,Paid Social,checkout
14594,400,2022-04-14 06:12:11,mobile,Organic Search,home
14595,733,2024-04-14 14:26:03,mobile,Push Notification,cart
14596,886,2022-10-27 13:09:43,desktop,Ads,search
14597,1717,2021-01-27 04:22:57,desktop,Email,product
14598,233,2022-02-10 14:00:01,tablet,Ads,product
14599,938,2020-08-15 10:21:34,mobile,Email,product
14600,518,2022-11-24 00:44:58,tablet,Organic Search,product
14601,1237,2024-09-01 03:31:05,desktop,Ads,cart
14602,375,2021-04-30 00:05:19,desktop,Organic Search,product
14603,1554,2023-01-07 00:22:02,mobile,Paid Social,cart
14604,236,2024-01-16 20:12:22,mobile,Ads,product
14605,110,2020-03-22 15:10:21,tablet,Paid Social,cart
14606,94,2021-11-10 14:00:22,mobile,Direct,search
14607,83,2020-06-24 11:55:42,desktop,Email,product
14608,524,2022-02-14 18:36:14,tablet,Paid Social,search
14609,1043,2023-03-11 06:27:18,tablet,Paid Social,search
14610,535,2021-10-16 14:40:47,mobile,Organic Search,search
14611,1913,2020-05-10 03:09:15,desktop,Organic Search,product
14612,1465,2021-09-23 10:04:34,desktop,Ads,checkout
14613,1260,2023-06-22 10:10:39,tablet,Push Notification,search
14614,85,2023-03-02 22:43:49,tablet,Push Notification,cart
14615,552,2020-09-26 11:28:38,desktop,Ads,home
14616,1907,2022-12-31 05:43:06,desktop,Direct,home
14617,883,2023-05-05 19:52:45,desktop,Ads,checkout
14618,787,2020-02-20 13:05:16,tablet,Email,search
14619,1781,2023-06-17 02:12:22,mobile,Ads,cart
14620,1016,2022-04-19 15:46:53,tablet,Ads,product
14621,67,2023-03-14 18:02:46,tablet,Paid Social,search
14622,192,2023-04-30 09:11:12,mobile,Ads,checkout
14623,1319,2021-04-28 18:12:09,mobile,Ads,cart
14624,1260,2021-10-06 00:20:29,tablet,Push Notification,search
14625,35,2022-05-27 20:25:14,tablet,Direct,home
14626,417,2021-05-20 11:56:17,tablet,Organic Search,product
14627,118,2023-05-07 07:10:10,desktop,Push Notification,product
14628,1574,2021-10-05 07:22:46,desktop,Organic Search,checkout
14629,1112,2020-11-18 08:39:50,mobile,Organic Search,cart
14630,576,2020-07-11 18:56:58,tablet,Direct,product
14631,538,2024-05-08 04:50:27,desktop,Email,home
14632,715,2023-06-07 18:14:40,desktop,Paid Social,search
14633,249,2022-11-20 09:40:21,desktop,Push Notification,checkout
14634,1311,2024-03-28 23:28:11,mobile,Ads,checkout
14635,1459,2023-09-27 15:26:22,desktop,Push Notification,checkout
14636,1451,2021-06-12 21:57:03,desktop,Organic Search,cart
14637,1840,2020-07-12 15:46:25,mobile,Ads,checkout
14638,1175,2024-03-18 04:24:12,desktop,Ads,checkout
14639,85,2022-01-14 07:56:13,desktop,Email,product
14640,1343,2022-06-17 16:16:53,mobile,Email,cart
14641,1114,2021-10-19 09:14:42,tablet,Email,search
14642,1213,2024-12-11 04:06:20,mobile,Paid Social,product
14643,695,2020-06-15 22:43:17,tablet,Paid Social,search
14644,1709,2020-02-26 07:06:25,tablet,Direct,cart
14645,297,2023-12-21 17:39:17,desktop,Organic Search,search
14646,73,2023-07-25 19:39:49,tablet,Email,cart
14647,787,2023-05-24 18:00:32,tablet,Push Notification,search
14648,86,2023-04-11 10:26:36,mobile,Push Notification,home
14649,1290,2024-03-29 02:09:17,desktop,Paid Social,search
14650,439,2023-01-24 17:31:46,mobile,Ads,product
14651,917,2022-01-18 06:25:00,desktop,Paid Social,product
14652,1703,2020-08-20 06:43:43,mobile,Push Notification,cart
14653,1376,2021-10-03 08:40:07,tablet,Direct,checkout
14654,1789,2021-04-22 14:51:24,desktop,Direct,search
14655,741,2023-02-02 19:07:16,tablet,Email,checkout
14656,324,2024-05-05 20:03:10,desktop,Push Notification,cart
14657,1093,2021-10-20 14:29:10,tablet,Ads,product
14658,1852,2020-09-28 01:14:06,tablet,Paid Social,search
14659,824,2022-03-03 12:41:14,mobile,Organic Search,home
14660,579,2022-08-29 08:51:26,desktop,Paid Social,checkout
14661,1376,2021-07-27 11:31:02,tablet,Email,checkout
14662,1025,2023-04-22 21:41:23,tablet,Paid Social,cart
14663,1676,2021-09-08 04:14:40,desktop,Push Notification,product
14664,1974,2022-12-10 11:52:17,desktop,Direct,home
14665,1224,2022-04-19 19:38:30,desktop,Ads,product
14666,1971,2020-07-24 13:36:33,desktop,Paid Social,search
14667,145,2022-09-14 14:16:55,tablet,Push Notification,home
14668,210,2024-05-14 16:21:26,mobile,Direct,checkout
14669,1019,2020-07-03 23:32:49,mobile,Organic Search,home
14670,359,2022-10-15 22:40:39,mobile,Push Notification,checkout
14671,135,2023-09-26 09:04:27,desktop,Paid Social,home
14672,263,2024-04-20 02:43:17,tablet,Paid Social,product
14673,24,2022-11-10 07:25:04,tablet,Paid Social,home
14674,807,2024-09-26 21:32:28,mobile,Email,checkout
14675,377,2024-06-16 21:39:35,desktop,Organic Search,checkout
14676,605,2020-12-24 01:05:01,desktop,Paid Social,checkout
14677,687,2022-03-02 10:33:04,tablet,Email,checkout
14678,403,2024-07-17 12:58:21,desktop,Push Notification,cart
14679,1631,2024-08-30 08:42:44,mobile,Organic Search,search
14680,576,2021-10-15 05:18:58,desktop,Ads,cart
14681,34,2021-09-21 18:26:29,mobile,Paid Social,home
14682,1194,2023-10-01 07:47:55,desktop,Direct,product
14683,979,2022-01-31 10:44:35,mobile,Email,home
14684,1812,2023-07-23 17:03:18,tablet,Email,cart
14685,1310,2022-08-30 08:41:08,tablet,Direct,cart
14686,331,2021-09-30 15:30:30,tablet,Email,product
14687,1804,2023-05-02 04:44:39,mobile,Organic Search,home
14688,1455,2024-03-29 19:18:58,tablet,Organic Search,product
14689,1903,2021-06-15 20:57:59,desktop,Organic Search,search
14690,1983,2024-07-12 08:05:02,mobile,Ads,product
14691,1846,2022-02-17 23:11:50,tablet,Ads,home
14692,347,2020-07-20 05:18:30,mobile,Email,checkout
14693,1736,2021-02-16 14:12:35,tablet,Email,home
14694,1964,2020-12-09 02:33:11,desktop,Ads,product
14695,1547,2021-10-05 09:42:41,mobile,Direct,home
14696,1911,2024-06-09 21:19:11,mobile,Paid Social,product
14697,1106,2023-03-06 10:48:41,mobile,Ads,checkout
14698,1904,2022-09-02 10:15:22,tablet,Push Notification,product
14699,550,2023-07-17 15:34:58,mobile,Organic Search,product
14700,259,2021-11-11 00:55:34,tablet,Email,search
14701,923,2021-09-03 18:33:36,tablet,Push Notification,cart
14702,1649,2020-01-25 09:15:39,desktop,Push Notification,search
14703,1654,2020-06-20 09:16:57,desktop,Email,home
14704,1594,2021-10-24 03:26:23,mobile,Email,cart
14705,653,2024-06-24 20:20:51,desktop,Organic Search,home
14706,1828,2021-08-06 16:17:19,desktop,Email,cart
14707,483,2020-08-16 06:21:47,desktop,Email,search
14708,1364,2022-03-01 07:50:05,mobile,Organic Search,home
14709,1594,2020-01-27 00:57:48,tablet,Organic Search,cart
14710,1996,2023-11-23 04:25:37,desktop,Organic Search,cart
14711,1127,2022-11-07 09:48:43,desktop,Direct,search
14712,1664,2020-10-11 01:55:02,mobile,Paid Social,product
14713,265,2024-12-17 13:50:53,tablet,Ads,product
14714,103,2021-06-24 13:39:48,mobile,Push Notification,product
14715,1800,2020-07-17 22:52:39,desktop,Email,home
14716,369,2020-07-13 10:04:05,mobile,Push Notification,checkout
14717,515,2024-09-25 01:57:57,desktop,Ads,home
14718,1207,2022-12-16 02:35:15,desktop,Email,search
14719,1851,2022-01-22 05:49:32,tablet,Direct,home
14720,668,2022-05-27 02:34:22,mobile,Paid Social,checkout
14721,34,2022-09-27 07:11:37,mobile,Direct,home
14722,1405,2020-10-24 13:28:13,desktop,Email,home
14723,24,2024-01-31 21:12:14,desktop,Direct,home
14724,170,2022-01-11 10:09:24,desktop,Organic Search,checkout
14725,917,2023-01-25 00:27:17,tablet,Organic Search,search
14726,1461,2020-10-18 23:01:16,mobile,Organic Search,home
14727,1597,2024-01-23 04:30:49,mobile,Push Notification,checkout
14728,365,2022-12-17 21:46:25,tablet,Ads,cart
14729,283,2023-11-17 20:15:33,mobile,Organic Search,cart
14730,1704,2024-08-26 05:54:25,desktop,Organic Search,search
14731,1717,2023-03-16 08:29:21,desktop,Direct,checkout
14732,39,2022-06-14 06:36:22,tablet,Paid Social,home
14733,1447,2020-07-15 00:02:43,desktop,Direct,search
14734,322,2022-08-03 21:00:09,tablet,Organic Search,checkout
14735,946,2022-11-23 13:53:56,tablet,Paid Social,cart
14736,1798,2021-05-19 09:15:43,tablet,Paid Social,product
14737,1989,2020-01-02 19:37:46,mobile,Paid Social,product
14738,1729,2022-03-09 15:17:26,desktop,Push Notification,cart
14739,1556,2023-05-09 22:53:19,desktop,Direct,product
14740,214,2020-11-24 08:40:22,tablet,Direct,product
14741,1173,2020-07-11 07:34:37,tablet,Email,cart
14742,845,2024-03-30 17:20:28,desktop,Direct,home
14743,426,2021-12-22 14:57:47,desktop,Email,cart
14744,231,2020-04-13 22:24:07,tablet,Direct,search
14745,13,2023-02-05 07:09:53,desktop,Ads,checkout
14746,1718,2023-05-20 00:46:07,desktop,Push Notification,cart
14747,1755,2024-08-28 11:54:18,desktop,Email,cart
14748,385,2024-02-01 09:13:49,tablet,Direct,search
14749,795,2024-11-21 06:49:32,tablet,Push Notification,home
14750,1259,2021-11-06 20:30:09,tablet,Direct,checkout
14751,1903,2024-10-28 23:38:46,mobile,Organic Search,search
14752,771,2020-11-12 21:02:25,desktop,Ads,checkout
14753,1667,2021-11-25 15:43:58,mobile,Organic Search,search
14754,605,2020-12-15 03:43:49,mobile,Direct,home
14755,937,2022-12-20 18:59:41,desktop,Paid Social,home
14756,449,2020-09-18 19:11:20,mobile,Organic Search,product
14757,1973,2021-11-08 03:27:14,desktop,Direct,cart
14758,139,2021-01-15 20:49:40,tablet,Ads,product
14759,1166,2024-12-14 15:16:33,tablet,Ads,home
14760,344,2020-12-01 01:15:12,mobile,Ads,search
14761,1283,2021-09-01 08:56:26,mobile,Organic Search,product
14762,695,2022-10-08 14:59:17,mobile,Organic Search,search
14763,521,2023-03-13 15:09:35,tablet,Ads,home
14764,716,2023-01-27 05:40:58,tablet,Paid Social,search
14765,1621,2022-10-28 21:43:23,tablet,Paid Social,checkout
14766,644,2022-06-28 18:47:22,tablet,Direct,home
14767,784,2023-12-20 06:58:40,desktop,Organic Search,home
14768,1906,2023-03-23 18:09:46,tablet,Direct,search
14769,627,2021-07-29 13:21:32,desktop,Push Notification,cart
14770,723,2021-06-15 21:33:53,desktop,Paid Social,cart
14771,499,2024-10-26 14:26:57,mobile,Ads,search
14772,640,2023-05-27 18:07:39,tablet,Paid Social,cart
14773,660,2021-10-28 18:10:45,desktop,Ads,search
14774,1413,2021-03-15 21:33:00,mobile,Email,home
14775,931,2021-01-16 07:35:10,mobile,Organic Search,search
14776,917,2022-09-01 02:55:05,desktop,Organic Search,checkout
14777,1650,2024-09-25 14:01:54,tablet,Push Notification,checkout
14778,1371,2020-04-29 05:45:48,desktop,Email,cart
14779,1932,2024-01-12 11:29:53,tablet,Email,product
14780,1411,2022-10-31 06:54:44,mobile,Paid Social,cart
14781,1375,2022-03-18 20:56:50,tablet,Push Notification,search
14782,636,2023-02-15 13:24:32,mobile,Email,home
14783,936,2021-06-19 06:43:44,tablet,Direct,search
14784,172,2022-12-14 23:43:08,desktop,Push Notification,cart
14785,1670,2022-05-07 02:08:38,tablet,Organic Search,cart
14786,1928,2022-12-08 23:34:23,mobile,Ads,search
14787,870,2021-02-23 23:35:45,desktop,Ads,product
14788,953,2020-04-17 21:37:50,desktop,Email,cart
14789,1346,2023-02-16 18:20:04,tablet,Organic Search,product
14790,446,2022-03-02 08:26:02,tablet,Paid Social,search
14791,920,2020-09-15 08:24:37,tablet,Paid Social,home
14792,623,2022-06-02 01:39:29,tablet,Ads,cart
14793,1938,2023-12-17 18:22:05,mobile,Organic Search,home
14794,122,2020-01-11 00:45:32,desktop,Ads,checkout
14795,1583,2020-01-31 19:40:35,tablet,Paid Social,product
14796,500,2023-07-06 16:02:42,mobile,Ads,home
14797,1562,2020-01-14 11:05:22,mobile,Paid Social,product
14798,1727,2022-06-01 10:59:56,mobile,Organic Search,cart
14799,578,2023-02-19 12:45:00,mobile,Direct,cart
14800,1613,2023-03-09 02:32:35,desktop,Push Notification,checkout
14801,1554,2024-06-08 10:04:20,desktop,Paid Social,search
14802,536,2020-05-18 10:53:16,tablet,Email,product
14803,288,2022-03-17 16:37:53,desktop,Ads,product
14804,1670,2021-05-11 04:03:36,mobile,Organic Search,home
14805,1156,2021-09-02 17:29:23,desktop,Paid Social,checkout
14806,39,2021-06-27 16:22:05,tablet,Ads,checkout
14807,1312,2021-07-28 05:11:25,desktop,Ads,checkout
14808,300,2020-02-28 07:11:11,desktop,Push Notification,product
14809,1457,2023-01-19 00:22:17,mobile,Direct,cart
14810,777,2022-03-04 17:21:03,desktop,Organic Search,search
14811,991,2023-08-13 01:52:43,tablet,Push Notification,search
14812,805,2022-09-11 08:32:36,mobile,Organic Search,product
14813,389,2021-08-23 12:34:32,tablet,Direct,checkout
14814,481,2020-11-09 12:01:21,desktop,Direct,home
14815,640,2022-10-24 06:04:41,tablet,Email,search
14816,1906,2021-01-18 07:43:00,desktop,Paid Social,search
14817,1443,2020-03-21 00:45:53,tablet,Organic Search,search
14818,1681,2024-08-27 23:17:13,mobile,Paid Social,product
14819,1500,2022-09-22 18:56:05,desktop,Organic Search,search
14820,991,2022-11-25 06:55:50,tablet,Push Notification,cart
14821,1467,2021-07-11 19:58:08,mobile,Direct,cart
14822,1563,2020-05-16 19:57:26,tablet,Push Notification,search
14823,136,2022-08-27 23:28:52,mobile,Push Notification,cart
14824,112,2023-05-06 05:36:47,desktop,Ads,cart
14825,1431,2020-10-30 22:17:33,mobile,Direct,home
14826,1931,2022-01-04 23:35:53,tablet,Push Notification,search
14827,1689,2022-05-22 13:30:29,desktop,Direct,cart
14828,1121,2021-04-21 09:17:21,desktop,Paid Social,product
14829,131,2020-02-23 05:06:20,mobile,Push Notification,home
14830,728,2021-05-12 02:27:50,tablet,Push Notification,cart
14831,1911,2024-03-09 17:04:11,desktop,Ads,product
14832,1471,2021-07-29 20:53:06,desktop,Email,cart
14833,1977,2024-04-20 13:13:29,tablet,Push Notification,checkout
14834,1365,2023-12-22 03:33:42,desktop,Paid Social,product
14835,759,2022-07-23 14:37:42,mobile,Organic Search,search
14836,1316,2020-11-07 11:56:57,mobile,Paid Social,cart
14837,261,2022-05-21 15:22:30,desktop,Ads,search
14838,631,2023-09-18 21:12:20,tablet,Email,product
14839,167,2023-11-21 15:00:50,desktop,Organic Search,checkout
14840,958,2021-12-22 21:01:54,mobile,Email,search
14841,1119,2024-03-28 17:01:12,tablet,Organic Search,search
14842,177,2023-08-10 16:43:26,desktop,Direct,cart
14843,231,2021-03-29 19:43:57,tablet,Push Notification,product
14844,1216,2020-11-30 13:03:46,desktop,Direct,product
14845,717,2021-08-08 03:06:17,tablet,Push Notification,product
14846,1212,2021-11-03 12:58:37,desktop,Push Notification,cart
14847,778,2022-05-09 02:06:03,tablet,Paid Social,home
14848,1997,2022-07-27 12:46:21,mobile,Ads,cart
14849,28,2023-08-04 07:21:44,desktop,Direct,search
14850,1207,2020-04-27 23:54:45,mobile,Push Notification,product
14851,1239,2021-03-12 15:04:49,mobile,Organic Search,search
14852,1011,2021-07-11 10:49:48,tablet,Direct,home
14853,615,2023-07-20 19:42:24,tablet,Direct,cart
14854,1417,2021-09-19 05:12:00,desktop,Email,search
14855,1694,2022-05-15 09:35:23,mobile,Paid Social,checkout
14856,1067,2021-12-01 11:16:43,desktop,Direct,checkout
14857,419,2023-09-21 16:47:14,tablet,Paid Social,cart
14858,1351,2024-04-09 14:49:38,mobile,Email,home
14859,1095,2022-11-30 18:11:39,tablet,Push Notification,checkout
14860,1314,2023-06-04 02:40:32,tablet,Email,product
14861,832,2022-04-11 16:43:56,mobile,Organic Search,checkout
14862,1346,2021-11-28 09:32:01,desktop,Ads,home
14863,1410,2020-08-09 17:10:22,desktop,Organic Search,home
14864,367,2022-10-30 08:04:48,desktop,Push Notification,checkout
14865,52,2021-11-27 09:00:54,tablet,Ads,search
14866,1621,2023-11-17 21:38:41,tablet,Ads,search
14867,456,2021-07-17 19:18:36,mobile,Direct,home
14868,451,2020-01-18 15:54:21,tablet,Push Notification,checkout
14869,1160,2024-11-03 00:17:12,tablet,Organic Search,cart
14870,1340,2024-06-18 07:07:29,desktop,Paid Social,checkout
14871,1475,2022-11-10 10:02:20,tablet,Email,cart
14872,671,2024-01-07 02:45:54,mobile,Email,product
14873,1002,2020-07-04 22:59:17,desktop,Push Notification,search
14874,1074,2022-06-05 02:48:29,desktop,Email,checkout
14875,525,2023-10-02 00:06:46,tablet,Push Notification,search
14876,1909,2020-10-05 12:22:46,desktop,Ads,product
14877,1957,2020-01-09 03:47:48,tablet,Direct,home
14878,572,2022-03-27 10:30:23,mobile,Organic Search,cart
14879,984,2022-11-08 22:34:52,tablet,Organic Search,cart
14880,277,2021-02-23 16:20:25,tablet,Direct,cart
14881,1415,2022-08-14 16:11:26,desktop,Push Notification,home
14882,58,2023-05-09 09:48:03,tablet,Email,cart
14883,955,2023-11-09 12:32:37,tablet,Push Notification,search
14884,1653,2021-02-13 08:46:46,tablet,Ads,search
14885,1981,2024-07-30 18:26:43,mobile,Direct,home
14886,749,2021-12-31 23:41:57,desktop,Organic Search,checkout
14887,1750,2022-04-11 00:47:04,desktop,Paid Social,search
14888,289,2020-05-30 13:04:28,tablet,Ads,search
14889,1876,2024-12-13 21:16:36,mobile,Email,product
14890,1181,2020-11-29 03:37:08,desktop,Paid Social,checkout
14891,29,2024-04-28 05:00:52,tablet,Push Notification,cart
14892,1824,2022-12-12 13:01:36,desktop,Push Notification,search
14893,223,2020-05-13 00:02:39,mobile,Organic Search,product
14894,957,2024-09-19 20:03:00,mobile,Paid Social,product
14895,1903,2021-06-16 05:02:14,mobile,Push Notification,cart
14896,632,2024-10-29 01:39:36,desktop,Ads,product
14897,1847,2020-07-08 10:48:13,tablet,Direct,cart
14898,1593,2020-08-10 03:49:52,tablet,Paid Social,cart
14899,1177,2022-08-26 05:35:29,desktop,Push Notification,search
14900,1316,2020-10-14 23:15:38,mobile,Organic Search,cart
14901,91,2023-07-14 23:59:49,desktop,Organic Search,home
14902,652,2022-06-21 18:55:47,desktop,Push Notification,cart
14903,1221,2020-11-08 14:58:52,desktop,Ads,home
14904,1032,2020-01-22 02:10:20,tablet,Ads,cart
14905,1560,2024-05-11 22:42:38,tablet,Paid Social,checkout
14906,848,2021-07-29 12:45:39,desktop,Direct,home
14907,1425,2021-10-27 03:47:29,desktop,Push Notification,checkout
14908,68,2022-06-03 12:42:09,mobile,Paid Social,product
14909,1395,2021-08-02 17:39:18,tablet,Push Notification,home
14910,1682,2020-09-11 23:50:19,mobile,Paid Social,checkout
14911,1989,2024-10-23 01:09:15,mobile,Paid Social,checkout
14912,1875,2021-04-28 02:22:33,tablet,Push Notification,search
14913,1778,2022-03-28 00:58:59,desktop,Organic Search,home
14914,1288,2024-04-15 08:10:18,mobile,Organic Search,search
14915,922,2024-02-08 20:34:52,desktop,Paid Social,cart
14916,1688,2024-10-19 00:23:44,desktop,Direct,search
14917,442,2021-12-06 22:32:17,mobile,Ads,cart
14918,1194,2024-05-14 17:31:28,tablet,Ads,cart
14919,41,2023-03-28 08:53:19,mobile,Organic Search,search
14920,677,2022-02-09 00:10:17,tablet,Ads,cart
14921,82,2024-10-09 05:19:52,tablet,Paid Social,home
14922,429,2023-03-18 09:43:09,tablet,Push Notification,home
14923,880,2021-05-20 18:51:58,desktop,Ads,cart
14924,20,2024-03-18 02:51:24,tablet,Push Notification,search
14925,192,2022-05-10 14:06:18,desktop,Paid Social,search
14926,1140,2022-08-11 17:01:05,tablet,Direct,home
14927,1779,2022-08-26 17:32:27,tablet,Ads,product
14928,165,2021-09-24 21:30:45,mobile,Paid Social,home
14929,477,2020-09-30 11:16:09,tablet,Ads,checkout
14930,1235,2021-08-23 22:58:53,tablet,Push Notification,cart
14931,209,2024-05-24 14:08:07,tablet,Push Notification,checkout
14932,1747,2020-01-03 19:50:50,mobile,Email,product
14933,607,2021-05-18 08:58:50,tablet,Email,checkout
14934,1510,2022-02-20 01:25:58,tablet,Paid Social,cart
14935,1619,2021-07-14 14:19:17,tablet,Email,checkout
14936,696,2021-12-12 21:24:11,desktop,Ads,product
14937,276,2022-11-12 10:37:42,mobile,Push Notification,checkout
14938,1062,2024-06-09 04:47:30,tablet,Direct,product
14939,28,2023-05-20 01:23:24,mobile,Push Notification,cart
14940,1365,2023-09-22 07:54:43,desktop,Email,search
14941,952,2022-05-11 15:36:51,desktop,Ads,home
14942,1925,2023-04-18 13:22:27,mobile,Paid Social,cart
14943,1998,2020-05-14 13:16:29,tablet,Push Notification,search
14944,770,2023-08-12 14:43:20,mobile,Ads,product
14945,1339,2023-11-10 08:56:03,desktop,Ads,cart
14946,1274,2020-10-19 20:28:38,mobile,Organic Search,cart
14947,499,2020-09-27 01:53:08,mobile,Push Notification,cart
14948,1453,2024-02-17 03:45:31,desktop,Organic Search,checkout
14949,1419,2024-12-25 20:36:44,desktop,Direct,cart
14950,1051,2022-05-05 21:10:23,desktop,Email,checkout
14951,1422,2023-06-26 22:04:33,tablet,Direct,cart
14952,1137,2020-01-22 04:09:18,desktop,Paid Social,cart
14953,815,2024-12-10 00:52:07,desktop,Organic Search,home
14954,999,2022-03-11 04:59:03,mobile,Paid Social,search
14955,752,2021-06-27 07:50:05,mobile,Email,checkout
14956,251,2021-04-05 03:02:47,desktop,Push Notification,cart
14957,792,2020-08-17 19:28:31,mobile,Email,home
14958,1971,2021-08-01 12:03:50,tablet,Paid Social,product
14959,459,2021-01-20 19:43:14,desktop,Direct,product
14960,729,2024-05-19 10:48:45,mobile,Direct,search
14961,154,2020-01-31 06:27:02,mobile,Organic Search,cart
14962,203,2024-01-06 20:56:23,tablet,Paid Social,checkout
14963,1653,2024-10-01 07:43:47,tablet,Organic Search,checkout
14964,1363,2021-10-22 04:47:57,desktop,Push Notification,product
14965,1752,2024-02-03 21:44:25,tablet,Push Notification,cart
14966,575,2021-05-16 17:13:53,mobile,Email,checkout
14967,1488,2024-01-11 20:26:41,mobile,Paid Social,search
14968,732,2020-10-05 00:39:54,tablet,Push Notification,checkout
14969,152,2024-12-01 15:23:09,desktop,Organic Search,cart
14970,301,2021-01-15 09:45:39,desktop,Direct,cart
14971,1430,2022-01-13 20:56:38,tablet,Ads,search
14972,1336,2020-12-05 02:46:10,desktop,Organic Search,search
14973,1118,2021-06-24 18:33:33,mobile,Direct,search
14974,153,2021-07-14 15:06:43,tablet,Email,product
14975,543,2021-12-26 19:26:49,desktop,Direct,cart
14976,1182,2022-02-28 15:53:02,mobile,Email,cart
14977,1383,2023-11-15 17:26:18,mobile,Ads,search
14978,889,2024-11-22 01:50:06,desktop,Email,cart
14979,3,2023-12-14 06:28:21,tablet,Organic Search,home
14980,601,2021-02-23 20:43:36,mobile,Organic Search,search
14981,1041,2024-03-15 18:46:46,desktop,Organic Search,product
14982,773,2023-03-26 06:44:46,desktop,Push Notification,home
14983,1003,2024-04-19 08:46:33,tablet,Paid Social,checkout
14984,1434,2021-08-12 09:33:18,mobile,Push Notification,product
14985,1558,2022-03-08 01:34:52,tablet,Direct,home
14986,1168,2022-06-08 18:55:33,desktop,Ads,search
14987,629,2022-03-12 06:03:09,desktop,Direct,product
14988,1806,2022-04-29 15:40:04,tablet,Push Notification,product
14989,1441,2024-04-16 18:13:17,desktop,Push Notification,checkout
14990,685,2023-07-24 22:58:42,tablet,Organic Search,cart
14991,793,2020-08-30 06:26:46,mobile,Push Notification,home
14992,740,2021-06-26 07:59:47,mobile,Direct,cart
14993,1254,2022-03-02 11:36:51,desktop,Organic Search,home
14994,2000,2022-12-31 16:58:55,tablet,Ads,cart
14995,1180,2020-12-20 12:02:40,tablet,Direct,home
14996,660,2024-05-24 02:25:48,tablet,Ads,home
14997,1776,2021-10-23 07:10:13,tablet,Direct,checkout
14998,1933,2024-05-11 14:28:40,tablet,Organic Search,cart
14999,109,2022-06-16 09:09:43,desktop,Paid Social,checkout
15000,1921,2024-02-26 20:39:50,tablet,Ads,checkout
